sample_index,Fe,Zn,B,Cu,S,Mn
0,372.78522,6.7493176,0.452801,2.196302,21.511654,84.195274
1,470.45703,11.0535965,0.6389036,-1.912317,16.478138,72.2833
2,391.01984,5.6669965,0.4995704,1.2381653,3.244526,74.08105
3,381.73804,6.342221,0.46798345,1.3554908,9.057934,82.15126
4,381.87427,6.1648946,0.4685891,1.3251858,7.790962,80.5661
5,383.2569,5.4050603,0.51823,1.4493158,6.239954,72.61443
6,451.81598,9.214182,0.4646771,-1.3777652,-8.530895,74.99029
7,417.7575,7.4773293,0.4358617,0.16052222,-8.397339,79.36336
8,388.48584,6.9451327,0.4800544,1.008178,0.109695435,83.30755
9,462.4066,12.119364,0.47088915,-2.2248785,52.49566,138.56674
10,471.68436,12.286405,0.6641792,-1.9074128,39.754738,99.13403
11,384.1647,5.6931257,0.5009254,1.3420061,4.9875355,75.88519
12,376.9807,7.1616325,0.46877983,2.3807116,26.284988,80.22386
13,393.75232,6.276464,0.47951847,1.017858,0.8032799,77.70201
14,386.62274,8.566089,0.4687194,0.67717385,-0.9872532,94.3979
15,390.0846,6.1152077,0.4767516,1.1243551,5.152416,77.97363
16,437.10196,12.5923,0.61572105,-1.1748397,15.339272,108.709595
17,389.10352,6.6872497,0.47240356,1.0851921,4.3314743,82.21863
18,380.18558,5.6627192,0.50464666,1.426954,5.792902,76.30039
19,454.0606,12.59767,0.63450736,-1.5271928,21.906082,103.50711
20,372.6952,6.2293863,0.50146997,1.4882635,6.5590286,82.706825
21,376.19604,6.0084763,0.47222596,1.5093784,11.635575,81.02878
22,436.53406,12.635958,0.6136004,-1.1560028,16.136913,110.593254
23,376.2862,7.209606,0.46580902,1.448415,8.568773,89.59834
24,393.45807,8.197809,0.45895034,0.6844388,1.8733368,91.31861
25,383.58856,7.3373146,0.4638431,1.2349286,7.6174793,88.9703
26,410.90436,10.55106,0.4705792,-0.24392962,-1.1163845,100.22905
27,370.26746,7.9064264,0.42314717,1.4817233,16.70213,95.65975
28,384.12903,5.450758,0.51053077,1.4080422,5.927702,73.26194
29,387.92383,6.2861657,0.47829497,1.1571592,4.953083,79.83286
30,505.74136,11.114056,0.7261088,-2.5240772,39.20185,56.597046
31,390.35098,6.119727,0.51217157,1.2317802,0.10383797,77.14531
32,356.02216,5.413831,0.48725265,1.8951391,15.667574,78.23996
33,376.60843,5.376953,0.52599096,1.5770837,8.270304,73.30384
34,414.60797,12.567091,0.62681925,-0.73339367,16.62799,117.125206
35,657.89294,9.508738,0.7933488,-5.411252,105.149734,13.442696
36,384.2515,8.317089,0.45063165,0.9134201,6.6758156,94.949814
37,390.82764,6.237159,0.49361187,1.1137131,1.0165749,78.25236
38,392.06604,7.227206,0.47063664,0.84692025,-1.7430363,84.29758
39,373.71457,5.260648,0.5845863,1.8112726,10.01259,66.26503
40,562.67084,10.957281,0.7222015,-3.5514853,70.61,49.022488
41,371.63434,6.3734837,0.493688,1.5598739,8.099184,84.25759
42,453.21466,12.915665,0.5941243,-1.4656103,21.141962,114.35028
43,366.91003,5.408684,0.48831624,1.6514041,11.763944,76.853546
44,399.21857,7.820112,0.46108404,0.4966669,-5.4428215,86.10705
45,379.64938,6.0542946,0.479607,1.4203814,9.4263115,80.571266
46,400.20642,10.7605,0.50123286,-0.07735133,0.03169632,104.136185
47,436.31406,12.664112,0.6000589,-1.1335921,14.057166,111.127754
48,502.7197,11.8637295,0.6127039,-2.6499884,53.767242,99.37284
49,411.84384,8.854372,0.45374408,-0.08534074,-7.9816856,88.07313
50,588.46985,7.70483,0.6456914,-3.4380052,38.1259,-8.120468
51,396.1488,5.923683,0.4849101,1.0643064,1.0851917,74.78524
52,369.81805,7.884539,0.42348748,1.55528,17.600096,95.33092
53,378.22595,8.317783,0.44265327,1.051326,9.335579,96.602165
54,434.10077,4.591844,0.5070294,1.1402222,-0.50224495,30.379208
55,371.19775,5.283617,0.550859,1.7223587,10.027084,71.72069
56,366.5006,6.710311,0.45664436,2.0523438,18.473572,87.05721
57,375.60083,7.815283,0.46461657,1.310683,7.1209106,93.628426
58,386.54425,6.0438857,0.491528,1.211149,3.238449,78.06412
59,469.299,11.198862,0.48922223,-2.6771615,64.989914,135.15318
60,472.23004,11.173828,0.49658695,-2.7297447,66.312485,131.77698
61,367.35632,6.0671935,0.46326116,1.7879468,15.664379,83.10358
62,384.99188,5.510256,0.48960102,1.3220032,5.4288673,74.04201
63,378.79254,7.5558662,0.4646811,1.2595314,5.7358036,91.07698
64,373.75232,5.886512,0.4699843,1.5555646,12.648132,80.56626
65,387.82114,7.3675294,0.46416503,1.0829856,5.2415123,87.78094
66,380.57825,6.2145143,0.49276996,1.2959037,4.2896233,80.703804
67,452.11145,11.892561,0.6007776,-1.5013349,10.541868,93.393845
68,396.3125,7.08282,0.45762256,0.82564676,1.2569714,82.84497
69,440.0838,12.821305,0.60066354,-1.214289,17.314846,113.8891
70,403.33234,6.2370825,0.47761193,0.8690274,-1.4836845,75.02817
71,373.71814,6.8586054,0.48043898,1.5036719,7.4971924,87.2604
72,383.16943,5.6732016,0.5008361,1.3626071,5.3737164,75.92651
73,376.96378,7.646041,0.46034586,1.337077,8.36972,92.488785
74,377.50293,6.8360558,0.45803788,1.4786785,11.541042,86.96308
75,355.10614,5.281063,0.51809514,1.901367,14.077492,75.48822
76,369.94534,7.086319,0.45753834,1.7177465,13.477635,90.08319
77,379.86896,5.7198257,0.505242,1.4222664,5.78747,76.96503
78,402.24817,5.854679,0.48642692,0.9821905,0.45014954,72.79255
79,373.68115,7.2793546,0.4661037,1.5167563,9.428682,90.64133
80,412.644,9.3608265,0.46160778,-0.22050357,-5.6939125,90.88866
81,579.43335,10.106247,0.7898456,-3.8012636,80.556366,21.399765
82,459.46655,12.114056,0.4742921,-2.1526577,51.972534,138.80696
83,371.59003,7.2862854,0.42633185,1.8001661,19.670055,90.77815
84,368.0111,5.566735,0.5201882,1.701959,9.791468,77.03189
85,357.49524,5.420184,0.5172699,1.8663648,12.679296,76.88929
86,588.5634,7.646202,0.69398314,-3.4620082,45.755615,-11.416206
87,382.2036,6.3453293,0.48886245,1.2361238,3.1065273,81.023796
88,382.94745,5.5564723,0.51177824,1.4088892,5.668598,74.633736
89,443.41125,12.685755,0.61285263,-1.2911711,17.696823,109.803154
90,396.068,5.684202,0.49369618,1.1386787,2.1318474,73.090546
91,376.6814,6.230153,0.49718302,1.3881962,5.3280373,81.765465
92,365.1817,5.6745944,0.50916034,1.7435914,10.761055,79.04797
93,367.95218,6.687428,0.45765147,2.1640096,19.607433,85.38769
94,365.73322,5.789422,0.44551694,1.7200253,16.906748,81.42888
95,512.6969,11.719379,0.5742173,-3.0954792,63.92542,101.68735
96,368.964,6.710764,0.45693648,2.1556633,19.886986,85.4766
97,450.79553,11.0064125,0.43170348,-2.6505902,61.05933,158.56229
98,456.99158,13.039131,0.5745457,-1.6670463,32.88098,122.993324
99,391.59833,6.6527767,0.46169356,1.0103552,4.0661793,81.32354
100,395.10242,6.5315905,0.46486917,0.91479087,2.0668182,79.271454
101,383.26587,5.4821086,0.5130995,1.4241908,5.7808647,73.60931
102,381.44287,5.2343063,0.5773866,1.7042937,8.434996,65.22993
103,394.25952,5.4958043,0.5119707,1.2570796,3.0967636,71.58606
104,471.8158,11.305793,0.5026312,-2.6298344,64.080536,130.64024
105,417.19684,7.960079,0.43650198,0.04777217,-7.9211273,82.22229
106,421.24118,9.488962,0.45177126,-0.49450994,-8.298492,88.65661
107,378.08316,6.578553,0.46541858,1.4991317,11.4506,84.92103
108,365.2395,5.399777,0.5453554,1.7965853,11.000329,74.556854
109,391.39075,5.5206904,0.5035765,1.2726715,3.7030907,72.55211
110,466.05948,11.809586,0.45163932,-2.4756005,56.646442,143.13391
111,374.20978,7.2941904,0.45886037,1.5251954,11.085739,90.803314
112,369.58826,5.8499947,0.50597715,1.6178174,8.357578,80.31636
113,425.8908,5.352261,0.526906,1.0354619,-3.093893,59.503456
114,410.8855,5.6871333,0.48581558,0.90651023,-1.362114,69.26439
115,404.30194,5.6888003,0.4895999,1.0074003,0.041664124,70.94892
116,382.40924,6.3038516,0.49041578,1.2453185,3.7033672,80.81644
117,364.16852,6.6569204,0.46266785,2.0262313,17.339455,87.305115
118,440.23962,12.654776,0.60142475,-1.2028913,15.563105,110.94998
119,381.55566,5.9465904,0.48650894,1.3378211,6.249157,78.84954
120,382.01215,6.2813883,0.4729908,1.3781825,9.491398,81.66494
121,452.52094,11.064738,0.44406757,-2.6039999,61.670494,153.35667
122,446.83347,10.281099,0.44047788,-2.935167,65.70205,167.09149
123,401.19165,5.6557627,0.49893436,1.0874293,0.86875534,71.51872
124,372.9063,7.271943,0.45462734,2.2692246,30.505526,82.87089
125,418.73593,10.500564,0.48331705,-0.5757122,-4.849739,96.21717
126,368.93494,7.0867233,0.44805393,1.7866867,15.760318,90.254036
127,373.39655,7.124446,0.444817,2.1128325,20.051737,86.715744
128,368.97375,7.564588,0.45415214,1.6757102,13.727514,93.37029
129,404.17096,8.55427,0.4538861,0.19563794,-6.2657394,88.786064
130,378.81372,5.22686,0.577261,1.7460042,8.904694,65.006065
131,391.76813,5.8027244,0.49284646,1.172049,3.2847118,75.14708
132,391.34662,5.595259,0.5056825,1.2623612,3.4006615,73.29357
133,422.20172,5.6003118,0.49831975,0.90735817,-4.4074116,64.94571
134,393.9242,7.263689,0.45814463,0.91944516,3.780424,85.44156
135,507.42352,10.97127,0.749514,-2.5026171,45.27246,55.165577
136,387.02213,5.720391,0.49822086,1.2842433,4.279005,75.52641
137,367.56616,6.983878,0.45155147,1.9321026,16.96497,89.126724
138,659.19257,9.235747,0.83121675,-5.2846975,103.23425,-4.0698853
139,365.19635,5.398752,0.54550695,1.7974435,11.015647,74.53955
140,388.99823,7.622385,0.46329036,0.9676564,3.7378597,88.97009
141,382.5946,9.6077175,0.47209355,0.5825722,3.1812973,101.95897
142,424.87463,5.199551,0.5371437,1.1098034,-1.5092449,57.328636
143,352.3003,5.5979614,0.5321813,2.0126128,14.064593,78.846886
144,377.42654,7.401677,0.46483237,1.39874,8.685175,90.729805
145,372.0672,7.1844635,0.4620384,1.6060458,11.117954,90.34149
146,378.38394,5.9643717,0.5009384,1.3960925,5.4394608,79.440094
147,396.1172,5.644136,0.49181777,1.1372534,2.5554008,72.82031
148,408.78125,7.584014,0.43691576,0.36954165,-3.5243282,82.63273
149,451.26807,12.307087,0.61231524,-1.4503906,14.979735,100.409195
150,426.0204,6.2842765,0.46395838,0.60530615,-7.6918106,69.63965
151,365.37616,7.421937,0.5018854,2.5359466,29.748825,79.73826
152,374.0127,5.7335176,0.49646243,1.5320694,8.346109,78.60984
153,377.63306,5.520913,0.56831384,1.663547,6.3549137,72.02554
154,444.84384,6.251599,0.4474505,0.301661,-10.920303,65.207375
155,374.95892,8.494786,0.44052762,1.0779495,10.321035,98.456955
156,371.33472,6.7061653,0.4792914,2.374228,22.445724,80.256714
157,415.40204,8.988949,0.44404215,-0.068557024,-5.1316833,88.90271
158,386.98608,6.799658,0.48117307,1.0697811,1.0871353,82.72784
159,377.80927,5.911973,0.5026327,1.4174805,5.6754,79.15843
160,405.2082,5.643627,0.49061432,1.0062357,0.13087273,70.43059
161,366.92163,5.212081,0.55808616,1.810452,11.7841625,70.50038
162,381.2489,5.7634525,0.5027284,1.3844064,5.353224,77.12006
163,406.64545,5.713024,0.4884354,0.9531511,-0.058685303,70.60189
164,384.039,7.357363,0.47940728,1.0259954,0.64879036,87.17115
165,442.48914,12.648863,0.62463164,-1.2949123,18.181515,107.72136
166,449.1682,10.777338,0.5459734,-1.4628246,0.4032383,87.15617
167,375.11725,6.105146,0.44531935,1.5128789,14.054691,82.059784
168,460.37564,12.439903,0.5367004,-1.991216,47.62719,127.07675
169,472.19897,11.093737,0.42929783,-3.091306,65.02899,156.1423
170,383.6103,5.537404,0.50304997,1.383553,5.7417984,74.484795
171,387.30096,6.6219883,0.46068135,1.1744486,7.250757,82.70757
172,474.33667,11.0897455,0.4316285,-3.131821,65.65269,155.29063
173,386.16254,5.8218904,0.4974866,1.2765051,4.180355,76.56354
174,395.34326,5.8810973,0.49116516,1.1006159,1.5570602,74.711105
175,457.55182,12.172773,0.4826658,-2.0781586,51.095894,137.45795
176,364.11688,5.6243243,0.45231044,1.7329258,16.621487,80.22301
177,385.7962,5.9371605,0.501283,1.2675802,3.319336,77.40693
178,376.31747,5.8436413,0.4751347,1.4829687,11.064492,79.63059
179,381.72165,5.410186,0.51603675,1.4682504,6.6127815,73.0115
180,396.83835,10.539696,0.48969993,0.054041386,0.028627396,103.54165
181,388.33484,6.408276,0.48532102,1.1042974,1.2575188,79.91799
182,491.97388,11.4144,0.4812793,-3.0551326,66.80336,130.5711
183,361.4197,7.344589,0.5152431,2.6349497,26.964472,77.29398
184,367.85358,6.234647,0.50140303,1.6612563,9.306021,84.01149
185,389.5913,5.7166862,0.49332228,1.2314242,3.6801395,74.92706
186,392.3053,6.4801784,0.46827325,0.9981898,3.2820835,79.80321
187,404.4541,7.4078846,0.4513117,0.53031826,-2.116003,82.62275
188,453.24594,12.618148,0.63321775,-1.4933465,22.907017,105.982315
189,375.15778,6.402838,0.45795134,1.5894299,13.7589655,84.36036
190,383.85812,6.16127,0.47851142,1.2811668,6.9777946,80.12041
191,374.9641,8.095905,0.43358427,1.1960717,12.11612,96.16612
192,373.4314,6.2230315,0.49591893,1.5096287,7.6089725,82.79043
193,471.02063,9.771926,0.45729342,-3.6721923,75.383804,170.98758
194,454.96808,9.087567,0.4536163,-1.4097612,-9.6463585,73.432625
195,466.8014,10.551619,0.45945522,-3.1247566,70.724594,150.44077
196,376.3244,5.544316,0.52253705,1.5491133,7.3753185,75.39083
197,449.13974,13.069307,0.5830579,-1.3935828,22.74737,119.22204
198,386.94525,7.033306,0.45595825,1.1595573,7.158964,85.96722
199,382.97577,5.6366286,0.51519465,1.4052166,4.8961678,75.27224
200,373.22168,5.940228,0.48023632,1.5722264,11.469474,81.078735
201,371.01474,7.711216,0.41925913,1.6191878,19.170513,93.858475
202,380.6172,5.4055715,0.5195653,1.4944886,7.0665455,73.13431
203,447.0089,6.941291,0.43568015,-0.0014331341,-12.905117,70.687874
204,597.2266,8.95377,0.7259105,-3.7595375,48.96369,-2.8153763
205,387.38562,6.7569036,0.4682347,1.1506546,5.7634087,83.411705
206,537.1028,11.018171,0.734362,-3.1117814,67.93051,55.937016
207,488.9121,11.562822,0.4956425,-2.888943,64.12884,127.019424
208,508.47696,11.565207,0.6792904,-2.7125003,58.777313,82.17833
209,372.17148,7.091133,0.43822664,1.991979,19.783712,88.17955
210,441.43134,10.566658,0.43821743,-2.682257,62.67689,163.83173
211,382.94257,7.5190945,0.45925468,1.2148676,8.1618,90.48053
212,451.30316,11.462872,0.4428109,-2.353482,57.22413,150.4457
213,386.9536,6.3062825,0.4904492,1.1552423,1.8228016,79.638695
214,429.4143,9.423611,0.455596,-0.81951475,-10.779377,85.08687
215,371.7796,5.8950887,0.47232065,1.6151818,13.147516,81.01691
216,375.38602,6.9445047,0.43162692,2.054315,21.88792,86.0425
217,367.3224,6.95107,0.45203647,1.9113784,16.57631,89.152435
218,372.87146,6.7579136,0.46978363,2.3265214,21.913391,81.457146
219,374.67285,8.413532,0.4407108,1.1163789,10.875982,98.04494
220,377.9132,5.5051947,0.5169533,1.5167936,7.3015823,74.88197
221,454.51227,11.679228,0.45406482,-2.273352,55.77314,145.89308
222,456.97165,13.074303,0.5662993,-1.6323535,31.215929,123.82222
223,372.7284,7.594574,0.45567352,1.490667,11.067007,93.14938
224,453.82782,9.34276,0.504684,-1.5012372,-2.8197556,72.705605
225,386.10913,5.6257854,0.497992,1.31814,4.7587986,74.83988
226,642.98224,8.826479,0.8593051,-4.8797626,98.52344,-14.863838
227,454.65686,8.860882,0.4246899,-1.2290332,-13.7268715,75.133026
228,378.42023,7.7971616,0.47068262,1.20128,4.858837,92.50884
229,370.4524,6.941967,0.46485245,1.7129762,12.725683,88.98848
230,384.75394,5.5769134,0.50831246,1.3721124,5.000597,74.458824
231,387.1659,6.176399,0.46912345,1.1566285,4.6678963,79.10028
232,396.83914,6.914641,0.45733315,0.81581914,-0.4827366,81.14691
233,383.09534,5.7067785,0.5080919,1.373327,4.7209873,76.08292
234,371.0995,7.7733655,0.42162257,1.7036393,19.652708,93.63157
235,384.89105,7.593108,0.46445444,1.1458092,6.924778,90.30887
236,380.5443,6.21396,0.49281523,1.2967726,4.2970085,80.70871
237,367.8953,7.5891376,0.44553366,1.8008538,15.814235,92.92703
238,371.2412,7.75587,0.4473745,1.4722446,11.812974,94.500275
239,376.8518,5.4861817,0.48831293,1.4561592,7.930437,75.64796
240,456.6636,11.331619,0.4483709,-2.5360343,60.041927,148.70683
241,371.45135,7.680013,0.41989493,1.629396,19.296373,93.55943
242,372.85312,8.169388,0.45384336,1.3088034,10.308748,96.54856
243,450.09814,12.936729,0.55421394,-1.4434664,30.784071,127.19214
244,433.4761,12.903753,0.6054412,-1.0962627,23.385035,121.27458
245,378.18625,5.5445647,0.5090138,1.4891828,6.950159,75.43531
246,369.0279,7.446971,0.43687415,1.7932975,17.514614,92.14636
247,373.3139,6.7811584,0.47083429,2.3259382,22.101673,81.58406
248,373.45255,7.7501526,0.4624103,1.4043857,8.507883,93.756516
249,452.34503,10.895861,0.43624902,-2.7339036,62.74041,158.23032
250,378.08597,7.323655,0.43250766,2.143203,29.084625,84.45659
251,392.0323,6.465311,0.47975037,1.0148754,0.19486618,79.33449
252,369.95206,5.451333,0.52106595,1.6767874,9.907141,75.4862
253,368.26917,5.4171877,0.4941883,1.6314954,10.612661,76.40121
254,376.357,7.096504,0.4677533,2.370715,25.988222,80.39563
255,418.18622,9.5413685,0.46397537,-0.4719062,-7.2546577,89.62867
256,385.1125,6.608073,0.48694867,1.1403358,1.8911228,81.9483
257,381.4563,6.2309766,0.474862,1.3713061,9.068064,81.41522
258,388.08392,6.294068,0.49049777,1.1392951,1.534132,79.28398
259,389.30255,5.0271783,0.57849836,1.6733403,8.719679,59.488945
260,381.383,5.220834,0.57494885,1.71118,8.377995,64.68806
261,373.8409,7.5728326,0.41471162,1.7261794,21.266571,91.95337
262,382.64868,6.029464,0.47272107,1.3213329,8.689278,79.43546
263,397.0705,5.191696,0.56438386,1.5060253,5.015074,62.264618
264,386.826,5.5180483,0.5034857,1.3397264,4.841524,73.496666
265,377.651,5.404047,0.5235128,1.552127,7.7802296,73.48249
266,376.7085,6.2914276,0.47508132,1.5380279,11.427693,83.09393
267,373.72034,7.3848495,0.45159155,1.5091026,11.732775,91.684975
268,387.20776,5.782112,0.49909377,1.2707056,3.8553085,75.96677
269,472.2174,11.9896145,0.43655968,-2.5537965,55.27398,144.30844
270,485.08786,10.229424,0.4531165,-3.7266538,76.13421,159.66223
271,627.3634,9.581017,0.79676145,-4.6785574,91.544586,2.3573456
272,380.29578,5.1636467,0.584683,1.7647169,9.403526,62.85801
273,371.76422,5.5304785,0.51779854,1.6294823,8.694967,76.014755
274,403.97876,7.952164,0.44940248,0.4337325,-2.1846561,86.41855
275,421.61096,5.0891104,0.5225153,1.050647,-0.015853882,60.251396
276,379.808,7.531777,0.46672323,1.2302679,5.246662,90.57658
277,463.9914,12.310986,0.4913555,-2.155844,50.506454,133.3162
278,412.44147,10.002569,0.4616672,-0.2852497,-4.290968,95.332054
279,459.91876,10.560871,0.4309427,-3.101539,66.010826,165.35245
280,453.94876,12.499878,0.5116868,-1.8672726,46.338013,132.81644
281,400.5127,5.2945685,0.5532652,1.3974967,2.8792362,64.45339
282,386.99207,5.569506,0.4963816,1.3055959,4.878399,74.16165
283,399.7428,5.2319756,0.55735695,1.4373498,3.7932167,63.27281
284,401.13818,6.5202546,0.47553062,0.84107804,-2.229185,77.365234
285,414.69278,8.292553,0.44569218,0.03277278,-7.642746,84.62623
286,401.04803,6.932025,0.47009504,0.7337687,-3.8105335,80.24658
287,360.56488,5.7216344,0.4827351,1.9047214,16.065807,81.14248
288,367.03436,6.759094,0.45434058,1.979233,17.839872,87.777885
289,370.88626,7.374503,0.42548326,1.6867868,18.512383,91.95348
290,451.70306,12.963551,0.600788,-1.4458463,23.06057,115.68729
291,450.2313,12.61834,0.61984134,-1.4285591,19.1864,106.455505
292,500.69986,9.88323,0.84737027,-2.2924364,65.45593,34.781338
293,373.19653,5.716442,0.5002675,1.5565791,8.490416,78.56486
294,388.3896,6.537071,0.4674857,1.1068698,4.827633,81.393585
295,433.08835,5.7809706,0.48181966,0.68583584,-6.723873,63.929672
296,370.3342,6.6202555,0.4892559,1.6002619,8.462564,86.29519
297,461.40857,11.51301,0.44471273,-2.5083258,58.28782,147.85806
298,489.11404,11.403637,0.7386383,-2.2039187,49.834396,73.108246
299,451.55908,12.094393,0.6093805,-1.4813182,12.662833,95.81909
300,402.77954,8.653427,0.4546341,0.20272136,-5.9640427,89.734505
301,362.78854,5.653466,0.4488034,1.7675714,17.428692,80.7977
302,492.3207,7.4805965,0.4681189,-1.6486399,3.4501953,48.02886
303,367.55017,6.9787025,0.45417815,2.018874,17.889528,88.5533
304,391.7973,6.6012206,0.46248278,0.9926132,3.473652,80.779175
305,346.58698,5.3822937,0.50501955,2.0680165,17.24599,77.82919
306,385.06403,6.3936195,0.47595385,1.2498058,6.8977165,81.52052
307,358.1543,5.4057403,0.55042326,1.9142259,12.715182,74.95529
308,456.0958,12.324446,0.4921127,-1.9873221,49.17653,135.6396
309,412.92493,5.7219715,0.4829824,0.85650086,-1.6576176,69.01167
310,386.75934,5.720233,0.49865198,1.2901969,4.2907124,75.571365
311,370.2468,6.3450217,0.49940795,1.5730735,7.9092617,84.22717
312,408.63696,7.525124,0.4414524,0.40140748,-2.9578266,82.39794
313,391.729,7.542096,0.4644386,0.77896225,-2.0189571,86.35295
314,355.184,5.2813225,0.51788473,1.8997698,14.065881,75.497665
315,411.1711,5.6591597,0.50803316,1.0521511,-2.6028156,68.122246
316,377.3608,7.1782007,0.43587124,2.1834793,28.215574,83.50547
317,463.88715,12.660619,0.6386696,-1.8042405,37.142548,108.165955
318,353.31598,5.4538097,0.53662586,1.980736,14.133227,76.90781
319,374.22467,7.6793475,0.44678646,1.3940072,11.332908,93.663635
320,355.24945,5.30557,0.5133351,1.89662,14.139812,75.97998
321,378.00018,6.61442,0.46374232,1.500996,11.777392,85.221176
322,463.3494,10.248693,0.4511352,-3.2683842,71.18051,161.0921
323,376.9871,8.358195,0.43856385,1.0562707,10.437082,97.27925
324,443.1617,11.779772,0.5932857,-1.3342752,7.315956,95.03299
325,397.90918,5.5296555,0.4999401,1.1626446,2.3238487,71.28697
326,370.3371,6.014908,0.49577713,1.6237407,9.435961,81.85817
327,394.43872,6.514115,0.46886832,0.9433236,2.4487457,79.39677
328,364.93796,8.197102,0.45988888,1.5248361,11.211999,97.67182
329,501.79797,9.704897,0.5024822,-4.0116243,87.77518,139.67448
330,473.83276,11.979162,0.44232422,-2.5901291,55.910614,142.77649
331,372.45496,6.2028627,0.50159544,1.5042983,6.954529,82.628746
332,468.79645,9.906975,0.5698798,-1.8573272,5.6589603,68.09168
333,384.4016,7.285683,0.4644196,1.2278433,7.919363,88.46119
334,379.1145,6.5094595,0.4918968,1.2970846,4.1524696,82.906975
335,384.67404,6.8955746,0.463103,1.2621921,8.18297,85.58109
336,373.06366,7.0373135,0.48723766,2.447319,25.203072,79.08216
337,419.7721,9.399204,0.45297045,-0.5060892,-9.964138,88.099556
338,384.54626,5.4274397,0.5077815,1.3966014,6.036703,73.03994
339,596.68115,9.790487,0.7877416,-4.131735,86.460785,15.257042
340,373.71887,5.2162275,0.54911447,1.6847019,9.896147,70.68546
341,376.051,7.0346403,0.48294583,2.4233792,24.295254,79.300865
342,387.8144,6.176752,0.47755733,1.1755881,5.497385,79.08646
343,378.64838,5.3868294,0.5416151,1.5775013,7.3379498,72.479866
344,371.3568,7.658124,0.45322865,1.5216916,11.922573,93.8346
345,456.9818,5.723009,0.46178076,0.40980506,-11.151863,56.965286
346,394.84564,5.6913576,0.49752346,1.1730675,2.0820122,73.35423
347,406.37994,11.527912,0.51507926,-0.16982818,7.475889,111.25177
348,381.7132,6.1443934,0.49868274,1.2858882,3.887516,79.92521
349,368.31897,5.2609935,0.5257227,1.7049491,10.272705,73.1254
350,379.00226,6.498926,0.4926743,1.2993158,4.1164036,82.846214
351,388.16577,5.911754,0.49751973,1.2243897,3.063818,76.70354
352,461.6926,12.817087,0.5454759,-1.8455746,39.118694,126.124756
353,359.00977,5.6335106,0.52940464,1.886706,12.154723,78.72891
354,378.21976,7.2887735,0.47255486,1.3138278,5.4410706,89.14144
355,367.8025,5.276916,0.5437437,1.7533358,10.898615,72.743965
356,394.05154,7.0134945,0.45774937,0.9288609,3.4753284,83.38215
357,369.8664,7.9574385,0.42755163,1.4808866,16.279594,96.02454
358,413.86795,6.9903564,0.45739564,0.45239758,-7.2035103,77.75185
359,396.8575,5.2860546,0.55783564,1.4556713,3.8636398,64.86829
360,389.7432,5.882484,0.495087,1.1996039,2.9142685,76.134056
361,371.61212,8.211739,0.43290356,1.2821385,13.257814,97.368645
362,406.87195,9.97197,0.4696841,-0.258708,-6.1455,95.65268
363,354.06598,5.426678,0.47271055,1.9533892,17.80768,79.09685
364,385.67368,7.7309656,0.4627236,1.0721349,6.0089855,90.8766
365,386.12158,6.52171,0.4844256,1.1251959,1.5808182,81.14075
366,407.37247,9.10758,0.45514488,-0.10500574,-8.604145,90.428154
367,374.15662,8.250232,0.43589416,1.176615,11.897405,97.2057
368,440.84918,9.977028,0.44701043,-2.9251812,66.155945,170.7024
369,376.0211,6.442296,0.4917969,1.3981482,5.726742,83.42791
370,375.7978,8.186903,0.43842474,1.1433743,11.10916,96.49759
371,386.71365,5.779316,0.4876895,1.246867,4.8348236,76.15821
372,394.44186,5.808179,0.49188167,1.1269779,2.2259579,74.44859
373,384.97742,7.4124393,0.46157572,1.1826038,7.559929,89.20571
374,368.22632,6.9860487,0.45308933,2.041651,18.30561,88.2822
375,401.6234,6.257054,0.47294134,0.88513625,-1.6285362,75.5257
376,379.81564,5.467969,0.5171844,1.4928157,6.8197403,74.019226
377,432.79422,13.081697,0.59822774,-1.1374238,26.502842,125.11614
378,518.88873,7.740183,0.5681003,-2.249418,18.186523,29.882805
379,373.60568,6.7838006,0.46713597,2.3208694,22.140265,81.51599
380,447.06543,9.8630295,0.56484836,-1.4428189,4.1443615,75.98092
381,458.88214,11.499155,0.4473133,-2.4988658,58.73479,147.27592
382,365.92578,5.799733,0.44534025,1.7224622,17.09203,81.4954
383,375.7541,5.568936,0.50195324,1.5143034,7.291233,76.23261
384,384.2323,6.6875486,0.46308693,1.2885023,8.7931595,84.1634
385,461.79343,10.674138,0.4292783,-3.085046,65.566956,163.94406
386,372.78925,8.382052,0.43517986,1.2008144,12.413116,98.222534
387,360.92914,5.8713045,0.4671691,1.9432113,17.437225,82.60547
388,422.37592,7.626358,0.4428002,0.0752759,-10.2115555,79.50294
389,387.3727,5.714606,0.49765053,1.27918,4.171419,75.38961
390,371.02588,7.0834517,0.46265274,2.3207889,29.048588,81.834496
391,387.2812,5.7854376,0.49892536,1.2681249,3.8338242,75.97861
392,373.23303,7.4638557,0.4170814,1.7505186,20.83007,91.45772
393,393.3894,5.546582,0.5042384,1.2373184,3.2261677,72.42187
394,389.15845,5.564747,0.50412416,1.2977165,4.0036774,73.462524
395,375.52747,6.830164,0.4459112,2.1872616,22.492138,83.950584
396,452.0291,11.274023,0.43958473,-2.5008223,59.391144,152.69897
397,382.46637,5.391615,0.5158095,1.4570078,6.608673,72.7182
398,405.1444,5.612817,0.49363774,1.0277501,0.14081001,70.199814
399,484.51318,10.168017,0.59923077,-2.1723125,11.244724,61.805115
400,483.51907,12.314814,0.60241765,-2.2594264,45.978848,108.90109
401,378.81186,5.3562202,0.52092254,1.5295668,7.7997456,72.87878
402,408.15472,5.2726717,0.5462326,1.2946178,1.3550758,62.711655
403,400.9289,7.7189646,0.4530915,0.6054145,0.27124977,86.22685
404,354.9086,5.518217,0.53495914,1.9566333,13.47553,77.65701
405,441.29904,10.552089,0.43912175,-2.6859214,62.877457,163.64043
406,382.85913,6.5517607,0.46574524,1.3166502,8.436747,83.42264
407,368.154,7.21981,0.4538118,1.8363917,15.71003,90.90671
408,388.00714,6.7589827,0.465279,1.1427783,6.044565,83.368774
409,359.47742,5.335962,0.491836,1.806807,14.308744,76.8604
410,379.1881,7.190653,0.46790147,2.3819299,25.219698,80.05114
411,394.42932,7.6865377,0.46047315,0.781873,1.4789085,87.71122
412,356.8224,6.818199,0.51155853,2.5460734,25.22896,78.575264
413,378.80133,5.5212164,0.48807272,1.421342,7.313574,75.556046
414,394.4026,7.2692366,0.44585332,0.8718747,4.625246,85.672104
415,417.86487,5.9157686,0.4902773,0.8809004,-4.9707317,68.64642
416,378.09625,6.2662506,0.49445665,1.3508115,4.9102154,81.66649
417,423.69305,5.812907,0.4915485,0.83155596,-5.251032,66.41597
418,370.1218,7.217123,0.44199443,1.8479533,17.917929,90.41202
419,462.3318,12.394263,0.65629226,-1.6863225,26.926605,97.92941
420,388.695,7.6893606,0.46130642,0.98599136,4.924982,89.76592
421,456.8397,12.173903,0.4797985,-2.0716665,50.985767,138.28194
422,460.11627,10.088081,0.45961717,-3.2479413,72.50751,159.71138
423,375.6394,6.2849174,0.496388,1.4194087,6.0539703,82.4667
424,380.82993,6.0547295,0.50032747,1.3231102,4.1456814,79.47683
425,562.77466,10.386506,0.75349605,-3.6235287,81.66552,41.25849
426,447.2151,11.188902,0.60492903,-1.4867618,7.33259,83.86459
427,391.9242,5.8364344,0.49910954,1.1849605,2.2662697,75.18168
428,389.9696,5.57873,0.5001304,1.2685012,3.9646492,73.51665
429,372.44012,6.7762585,0.466856,2.2834015,21.302258,82.79275
430,584.68616,10.60491,0.72923917,-4.1270323,85.38724,40.851257
431,389.88702,6.4653735,0.4674312,1.0756241,4.710726,80.49663
432,387.1573,6.536661,0.47303504,1.162217,5.606882,81.834435
433,451.4923,8.509546,0.41331425,-0.9413173,-15.019451,76.010895
434,391.9923,7.2818837,0.46565804,0.9274565,2.5150776,85.50584
435,380.60785,10.0079565,0.45137733,0.6696236,10.248274,106.8852
436,390.47113,6.642148,0.48153135,1.0203856,0.26159477,80.79711
437,378.0935,7.162215,0.41930562,1.9994354,25.333616,86.634445
438,381.52014,5.6120844,0.50219506,1.4047564,5.842451,75.6284
439,371.27505,6.7161255,0.45834947,2.2194467,20.947464,84.022804
440,356.5368,5.591516,0.5316447,1.9299562,12.820531,78.43717
441,366.1798,7.1260366,0.46119964,1.990194,16.588919,89.81373
442,403.12354,6.964342,0.47067463,0.6849419,-4.405298,80.08441
443,404.8911,10.375796,0.47824553,-0.16747141,-2.6527138,99.75221
444,369.46643,5.406199,0.5442565,1.7271211,9.735685,73.99051
445,391.4022,6.9120245,0.46387506,1.0042523,3.800682,83.25722
446,376.21884,6.876958,0.44850558,2.212555,22.856197,83.559
447,412.34473,5.9284797,0.47843143,0.81408226,-2.5018673,70.62445
448,490.6667,10.033643,0.4601475,-3.9221213,79.35957,159.87817
449,388.1466,7.7125826,0.4575231,0.99854517,5.471199,90.19191
450,399.0357,5.2545505,0.5604779,1.4592322,3.8493652,63.118015
451,479.29645,11.482158,0.55810684,-2.5438602,62.343628,114.50731
452,391.9394,6.907538,0.47758487,0.9369744,-1.1076069,82.13194
453,444.99896,10.003567,0.5283785,-1.3964605,-1.9473209,79.85205
454,363.3258,5.6300716,0.5142216,1.786125,11.275097,78.635376
455,403.74927,6.789101,0.4574626,0.65216434,-1.6757088,78.57823
456,444.6966,10.571312,0.48694012,-1.2926002,-7.275837,87.81399
457,368.67474,6.93839,0.44889814,1.989117,18.372528,88.34413
458,430.04175,8.788221,0.43634978,-0.549711,-12.423546,83.04575
459,375.87402,8.420779,0.43811625,1.0628318,10.241095,97.83534
460,386.5587,6.600836,0.4825807,1.1044443,1.41675,81.543205
461,368.6103,5.5355997,0.4786445,1.6089467,11.62069,78.00543
462,364.9297,7.326234,0.51387393,2.6062665,26.69588,77.396065
463,369.6573,5.7880282,0.47314286,1.6606406,13.89923,80.475494
464,393.2774,5.4187512,0.5127132,1.288769,3.7482243,70.950516
465,401.10764,7.3304634,0.45595366,0.62340474,-1.5734367,82.90244
466,401.46198,5.481716,0.50590676,1.1414689,1.5996189,69.88298
467,412.59595,8.555049,0.4541595,-0.04255891,-8.961102,86.71572
468,383.7857,6.4037423,0.44800732,1.2490736,9.834496,82.19401
469,457.84094,12.513927,0.64301664,-1.5887153,24.782753,102.44508
470,396.10522,5.644137,0.49183065,1.1375153,2.5578766,72.82344
471,367.65732,6.680976,0.46527404,2.2124095,19.722075,84.76228
472,365.5572,5.6107473,0.5188695,1.7461321,10.33746,77.89186
473,398.68463,5.71291,0.52715206,1.255396,-0.23216057,71.045334
474,411.3302,5.691956,0.48413122,0.88617253,-1.2364388,69.20675
475,464.6848,10.659382,0.43263504,-3.1402862,66.60747,162.5979
476,388.60645,7.55892,0.46600172,1.0161122,4.672573,88.81333
477,378.90326,6.550662,0.48874605,1.30345,4.4217777,83.31411
478,368.27655,6.955969,0.45874926,2.1073442,18.6251,87.50971
479,386.60837,7.920985,0.45921564,0.97416484,5.169636,91.787704
480,411.0844,8.732529,0.4476843,0.09608102,-3.9652443,88.88977
481,378.32556,6.5379863,0.45760784,1.4732122,12.004791,84.590614
482,378.6239,5.98637,0.47233856,1.432242,10.431726,80.250626
483,362.85992,7.2634077,0.50339055,2.5500133,28.078875,79.27366
484,371.26105,5.7672534,0.4678569,1.5645654,11.95169,79.86532
485,388.3083,8.986863,0.46865487,0.5583477,-0.009199142,96.59133
486,384.1584,5.3915586,0.5174923,1.4343739,6.1225433,72.34009
487,477.1903,11.960461,0.4489398,-2.6534436,56.742645,140.66681
488,400.53522,5.614384,0.49434027,1.0914044,1.277914,71.41044
489,436.69943,8.759188,0.43915316,-0.7214072,-11.794029,80.99629
490,386.30432,6.6282206,0.46082973,1.2059759,7.4688168,83.029305
491,382.8764,5.202234,0.58112466,1.7121668,8.445219,63.656246
492,421.61526,9.22441,0.43360755,-0.3990183,-8.986885,87.4693
493,393.52246,7.8327103,0.4569536,0.77812564,2.2070293,89.1109
494,375.58713,6.044735,0.49171916,1.4883034,8.098122,81.131836
495,413.58307,8.206168,0.44288662,0.07500887,-9.026115,84.35728
496,391.11115,5.679286,0.49432674,1.2110158,3.7691689,74.3154
497,459.07452,7.25386,0.41178676,-0.35859323,-14.9369545,70.71037
498,438.9025,12.856205,0.6062162,-1.2009451,18.614372,114.95618
499,370.86633,7.996212,0.41605157,1.6470416,19.8508,94.976456
500,393.25006,6.558918,0.46440214,0.9605826,3.0936832,80.071434
501,370.9979,7.0724583,0.4636956,1.6593801,11.605174,89.76693
502,430.53485,12.301247,0.61526525,-1.0702496,12.338167,105.35588
503,384.1848,5.3528566,0.5125233,1.43599,5.9550724,71.743675
504,379.16284,5.4794736,0.51690805,1.5010611,6.9335613,74.27579
505,389.25745,5.362231,0.5179106,1.364885,5.1780586,71.09422
506,391.43408,5.847376,0.4993059,1.1906464,2.318283,75.37862
507,402.7921,5.2538,0.5533521,1.3799496,2.8171825,63.35473
508,470.34222,12.888638,0.6075111,-1.7992074,26.42132,109.361015
509,534.7612,9.405708,0.5106083,-4.848239,96.84218,139.29128
510,378.87012,5.403768,0.5149665,1.5089179,7.628723,73.64426
511,373.49213,5.6734977,0.5066095,1.5591892,7.8637867,77.78821
512,450.45422,12.206427,0.6086955,-1.4522445,13.385705,98.38284
513,400.9283,6.810697,0.47153276,0.76615715,-3.2827015,79.396065
514,376.21323,6.410518,0.49581748,1.3766284,5.1180897,82.99344
515,370.73364,7.448058,0.42437637,1.6878664,18.539654,92.33517
516,598.395,7.659583,0.67508054,-3.5983007,43.912193,-15.486755
517,382.73975,6.1014833,0.4764484,1.2800902,5.4297714,79.696465
518,472.08612,11.280967,0.5142268,-2.6264722,64.959946,126.653305
519,362.70978,7.2058897,0.48569888,2.3730123,31.13668,82.5044
520,382.36063,6.438648,0.49187565,1.2193755,2.639557,81.51599
521,378.436,5.944196,0.5015466,1.3992808,5.4761333,79.2721
522,415.38684,7.8956823,0.44578764,0.14128709,-9.30648,82.58383
523,381.39136,6.189867,0.47092727,1.3554817,8.891209,81.042114
524,375.9983,6.0571413,0.46500373,1.5055618,12.039984,81.425064
525,489.89392,11.948629,0.696556,-2.24666,44.311638,83.171486
526,623.74005,9.879803,0.7778799,-4.610573,87.450226,8.476402
527,395.85986,5.7583604,0.492045,1.1139177,2.2248516,73.75461
528,452.7696,12.613359,0.6252379,-1.4759862,21.605106,106.70055
529,373.91925,7.2477193,0.4499663,2.251895,30.09421,82.87712
530,418.41364,6.4220963,0.45949674,0.5353739,-5.879547,72.26459
531,384.72766,5.147431,0.58622086,1.723628,8.855684,61.683716
532,377.36865,6.1855125,0.49411342,1.3807203,5.4417706,81.35711
533,377.70007,7.303684,0.4156164,1.9201623,24.030863,88.15653
534,522.6837,11.205233,0.68224406,-3.0478008,68.622665,74.26041
535,431.61176,12.724924,0.626243,-1.0913076,17.295721,111.85503
536,457.56262,12.075556,0.635797,-1.6142709,17.975689,92.08825
537,377.55157,6.5509453,0.4638914,1.5094091,11.679685,84.84467
538,393.2831,5.738717,0.495244,1.1728688,2.579113,74.19603
539,362.28687,7.4387584,0.5125357,2.6152997,28.403885,78.34671
540,372.3845,5.671583,0.5057476,1.5887362,8.705309,78.143166
541,379.27792,6.4789157,0.46086404,1.4649906,12.00947,83.907715
542,366.43207,6.7046638,0.45685333,2.0556788,18.490698,87.00932
543,474.95337,12.252771,0.6722986,-1.9245145,35.932022,93.85169
544,381.80103,6.4496126,0.46985784,1.3647673,9.077036,82.98385
545,416.60248,11.077957,0.50129807,-0.47184062,-0.13481331,102.3073
546,361.11902,5.8862333,0.4662386,1.9364665,17.413776,82.72947
547,403.38165,6.1587696,0.48075655,0.89627457,-1.324234,74.53523
548,694.0706,8.794564,0.8788321,-5.8048124,102.82016,-32.684723
549,378.7489,8.320547,0.4643407,1.0570779,5.8157463,95.93815
550,413.41956,8.541364,0.44718042,0.047160387,-5.7950783,86.73884
551,385.8948,5.5484357,0.5014988,1.3348392,5.4633904,74.25296
552,397.78928,6.0450277,0.48402253,1.0100634,0.47018242,75.22739
553,452.49197,10.438349,0.44409236,-2.9793193,67.04283,161.46219
554,390.18524,6.363933,0.48913887,1.0921285,0.78909874,79.21959
555,444.25867,12.2317295,0.5852885,-1.2913713,9.621944,102.196884
556,441.41855,12.574903,0.6240497,-1.2700009,17.513979,107.028625
557,381.29123,6.5011725,0.46819112,1.3811591,9.264662,83.50701
558,411.2061,7.273446,0.4567694,0.39845824,-7.05867,80.075584
559,457.87912,11.43648,0.45169216,-2.489992,59.215496,146.8601
560,372.72998,6.8053017,0.4784862,2.389998,23.497534,79.91
561,384.49933,5.667366,0.4976538,1.3343898,5.022539,75.59009
562,391.38074,6.6254373,0.46324196,1.0129744,3.9591007,81.14506
563,455.65427,12.27513,0.4825791,-2.0054376,49.645237,137.75534
564,386.89108,7.519843,0.45745388,1.0900029,6.4048386,89.349594
565,453.663,11.54373,0.61316377,-1.5703099,10.724947,86.56617
566,464.62207,10.288595,0.5463151,-1.8108704,1.0138817,75.44965
567,381.14716,6.511736,0.49264744,1.2370313,2.9872189,82.2766
568,407.2935,7.8782854,0.45255208,0.32198358,-5.992569,84.390755
569,374.93695,7.529046,0.45606512,1.4327983,10.189539,92.28201
570,412.05457,6.725675,0.46333468,0.5770588,-5.699402,76.17888
571,376.7079,7.7344604,0.4609373,1.314212,8.123983,93.06757
572,374.68277,7.0441236,0.47922447,2.4205408,25.247147,79.44539
573,368.50854,7.3593264,0.45589858,1.7450631,14.21072,92.0685
574,452.75146,12.515467,0.62704825,-1.4825575,20.052828,103.53308
575,385.85733,6.511557,0.46036217,1.2204267,8.033506,82.312775
576,370.02283,7.0642996,0.44024935,1.9254943,18.625538,89.06489
577,388.89255,5.32458,0.5246553,1.4015588,5.330084,70.43993
578,406.39606,8.199535,0.44959417,0.33969426,-2.2156029,87.400734
579,453.05945,12.734053,0.58190167,-1.4375308,16.803967,111.05401
580,381.77435,7.278038,0.46012068,1.295188,8.729736,89.09657
581,370.84003,7.4470587,0.42709392,1.7254695,18.843494,92.20517
582,392.19037,6.384742,0.48027128,1.0280948,0.46627808,78.79339
583,499.55927,12.202314,0.66015387,-2.3958662,33.46936,82.62573
584,444.86365,5.1713405,0.5173336,0.8662102,-5.667759,51.46646
585,352.21683,5.4261622,0.55669373,2.0142715,14.156212,75.29992
586,381.6524,6.5868483,0.48620707,1.2273442,3.2570572,82.79472
587,377.48102,5.912704,0.5018978,1.4254488,5.825386,79.25642
588,431.41626,12.9230385,0.6010033,-1.0533457,23.336311,122.54799
589,386.90332,6.2587404,0.47022697,1.1843082,6.5014,79.94381
590,439.04773,12.742804,0.6044438,-1.190048,16.776289,112.7214
591,379.229,5.4316134,0.5351049,1.54897,6.9564686,73.124275
592,388.35803,6.326331,0.49150717,1.1328496,1.3666344,79.422615
593,360.9084,5.5164433,0.5288104,1.8472552,11.819322,77.157326
594,370.29062,7.9737315,0.42825824,1.4125843,15.304031,96.268906
595,397.5436,6.832601,0.4755555,0.8350464,-2.3810997,80.359116
596,372.13458,8.244192,0.43263105,1.2542037,13.146144,97.511246
597,447.0374,12.77158,0.61575854,-1.3615887,20.304697,111.27472
598,386.89044,7.0201015,0.46739998,1.1468778,5.5942307,85.44661
599,685.9399,9.566401,0.8129066,-5.896552,108.46767,-1.5239868
600,374.5846,5.347457,0.5002136,1.5327263,8.8638115,74.36913
601,464.59506,10.22488,0.4416482,-3.3348258,69.67411,168.19528
602,433.04065,5.938231,0.47153333,0.61975396,-7.4998436,65.25665
603,386.5998,6.6251793,0.46888393,1.1871637,6.557705,82.7681
604,382.4259,6.058331,0.49560985,1.2952662,4.417675,79.21529
605,456.9015,12.100866,0.61687094,-1.5929782,14.467703,93.566666
606,368.337,6.9632196,0.45841354,2.104322,18.616955,87.5668
607,395.0221,6.7059383,0.46296924,0.89330983,1.7726612,80.42544
608,422.33344,10.586767,0.4855814,-0.6581278,-4.5741615,95.993286
609,485.48117,11.195444,0.46294212,-3.1179988,68.08968,139.99619
610,376.83994,5.4921474,0.48808149,1.4554855,7.9153786,75.70881
611,350.15228,6.4392285,0.5131812,2.5330327,23.648886,78.19493
612,382.3113,6.4367576,0.49196374,1.220678,2.651394,81.516075
613,385.84293,6.3636894,0.46605578,1.217012,7.3529377,81.07855
614,376.33215,5.5292764,0.51344335,1.5327483,7.446697,75.45444
615,387.83453,5.665555,0.50267947,1.2885238,4.3176556,74.87157
616,380.57806,8.957132,0.4699245,0.7784442,3.5288181,98.90524
617,366.72922,6.863783,0.45987898,1.8919325,15.467846,88.84793
618,458.24603,12.653725,0.5971696,-1.560972,18.013704,106.91711
619,385.5952,6.701709,0.46585444,1.2464266,7.889927,83.83785
620,386.69452,5.8913174,0.498905,1.2581651,3.4016666,76.887375
621,350.4292,5.512126,0.54043293,2.034775,14.524454,77.56891
622,445.5746,12.014168,0.5841234,-1.3356493,8.083059,98.45756
623,601.15466,8.744313,0.7811575,-3.71222,60.913677,-12.677948
624,381.77155,6.1458397,0.49863067,1.2844793,3.870142,79.92054
625,430.10208,8.622962,0.4399144,-0.49678922,-11.533268,82.503204
626,364.79883,5.5623407,0.5203271,1.7597802,10.486376,77.321815
627,376.1065,6.4711447,0.49118778,1.384313,5.275978,83.48471
628,373.14294,6.3143473,0.49513978,1.5118732,7.5265446,83.46665
629,478.9097,11.236184,0.65636533,-2.0728638,21.077568,70.02923
630,460.21616,12.382223,0.52968085,-2.0131204,48.537254,128.02054
631,558.29895,10.161344,0.784128,-3.3229635,60.92913,21.824013
632,493.62833,12.294044,0.62361765,-2.3863828,44.944473,100.54761
633,497.38107,11.777777,0.6648348,-2.525318,54.276573,89.68359
634,372.40436,6.3194027,0.4952296,1.5228078,7.426256,83.61181
635,443.30786,12.845711,0.6044357,-1.285943,18.378414,113.30437
636,445.07333,12.842749,0.60414624,-1.5017879,36.398087,122.410675
637,373.06805,5.493965,0.51494694,1.603126,8.760313,75.64246
638,346.29407,5.6223507,0.5313435,2.128896,15.932865,79.56371
639,391.07874,6.326106,0.48721772,1.0768743,1.0739937,78.74399
640,371.8764,8.060273,0.42851654,1.3028569,13.972353,96.56619
641,380.6455,6.0573125,0.49714994,1.3210987,4.3245544,79.565796
642,377.17087,8.557525,0.44283485,1.0030183,9.166243,98.290054
643,370.08658,7.203461,0.4451146,1.976559,18.551702,89.405075
644,484.07666,11.9395275,0.6921586,-2.0988166,36.515095,82.71487
645,395.9529,5.1223483,0.56456757,1.5296357,5.984379,61.549934
646,448.3109,12.699867,0.6179624,-1.3874099,20.122116,109.52357
647,378.14758,6.591343,0.48741546,1.3143274,4.3777885,83.749016
648,449.99164,12.656475,0.5924479,-1.6496046,40.729275,122.13068
649,384.97366,6.6564693,0.45936945,1.2515056,8.590979,83.73748
650,380.80823,5.6938434,0.5036535,1.4084172,5.2954483,76.425255
651,372.41833,7.609678,0.45736167,1.4894527,10.688138,93.24681
652,537.3429,10.914334,0.6592845,-3.495465,79.046875,72.390884
653,382.0039,6.454309,0.48891515,1.2362701,3.4748688,81.86053
654,385.77158,6.0154867,0.4973888,1.2459029,3.516056,78.06932
655,421.18463,5.0903163,0.5432842,1.1980137,0.27044106,56.45112
656,396.2146,6.1611423,0.48782116,1.0261327,0.25782204,76.409966
657,519.15326,9.109251,0.6675869,-2.5729172,28.52479,32.332275
658,386.47247,5.7435474,0.49842897,1.2889878,4.216631,75.835724
659,370.14743,5.5886893,0.52479374,1.6667054,9.105497,76.82352
660,490.87418,11.78463,0.6397521,-2.5109656,56.366936,97.06413
661,384.24777,5.495694,0.515816,1.408701,5.5242996,73.572586
662,405.32288,5.688598,0.49813032,1.0208895,-0.13617706,70.699936
663,451.10092,12.353243,0.5979854,-1.4364321,13.09115,101.91621
664,360.90503,7.154501,0.48753953,2.3503335,31.376715,83.06621
665,364.13556,5.9915133,0.47083774,1.8712633,16.197784,83.07381
666,412.5662,5.816044,0.48059216,0.83886445,-2.0774345,69.75073
667,419.39932,7.020772,0.44530204,0.2951405,-8.828892,76.23616
668,382.1266,5.7052474,0.50437176,1.3811374,5.3143234,76.39162
669,450.1856,11.203218,0.43925688,-2.5050962,59.725327,153.7147
670,382.20395,5.0943437,0.59013057,1.7813014,9.994116,60.37695
671,397.77615,7.1318946,0.45761818,0.7904171,1.3558598,82.93928
672,387.74933,7.3591228,0.46271577,1.0946325,5.693741,87.862274
673,586.5387,8.894545,0.6794441,-3.612808,38.857113,3.0537949
674,456.41443,12.775947,0.5992817,-1.5294621,19.506397,109.83792
675,405.59155,5.596315,0.49329075,1.0183653,0.3002472,70.00781
676,391.41602,5.139392,0.56679416,1.5882155,6.7860737,62.266083
677,350.75922,5.4130216,0.50146,1.9950533,16.068047,77.995346
678,439.59094,13.092995,0.585513,-1.2892973,28.654932,125.85811
679,392.26013,6.66274,0.4590793,0.99896586,4.634344,81.35449
680,385.4214,7.260969,0.46084818,1.181056,6.9746666,87.92219
681,412.3544,5.25877,0.54201466,1.2302227,0.57308006,61.97915
682,440.7575,10.105276,0.5379008,-1.328383,-0.96957016,80.88601
683,387.3678,5.8281994,0.49787208,1.255476,3.7995052,76.3199
684,371.80762,7.6183553,0.45587504,1.5108691,11.295667,93.47199
685,377.1999,6.308967,0.46989945,1.5180418,11.514845,83.096924
686,380.64648,6.077283,0.49435842,1.3156369,4.4025726,79.729225
687,371.03036,7.6222982,0.456663,1.5352466,11.42595,93.579605
688,435.013,11.404328,0.5342357,-1.0375388,0.6287403,98.98213
689,415.3623,9.165453,0.43555284,-0.12008262,-5.0504227,90.02578
690,389.03232,5.7159405,0.52873766,1.3704516,1.8300476,73.487595
691,365.8773,5.3123384,0.52886605,1.7565315,11.416069,74.367355
692,370.24506,7.933469,0.4259217,1.5451369,17.431416,95.53834
693,385.7832,5.5546775,0.4998162,1.3354732,5.306755,74.28111
694,383.97644,6.092035,0.48729876,1.2584846,4.685583,79.211494
695,392.88306,9.812893,0.46519282,0.3437307,3.403946,101.02821
696,386.9046,5.6410317,0.49655488,1.2996882,4.439993,74.79799
697,423.7213,5.248037,0.53189147,1.1040174,-2.0028114,58.314034
698,372.42447,5.5287366,0.51252854,1.6058085,8.780941,76.21724
699,456.84772,11.912823,0.45996097,-2.1996262,53.652267,143.2538
700,379.6676,5.6862674,0.4777988,1.3691394,7.721792,77.05905
701,404.3296,5.608836,0.49355316,1.0333471,0.5634804,70.43274
702,409.21295,6.112056,0.47585106,0.80141556,-2.2564697,72.64317
703,461.85278,10.869919,0.42499864,-2.992317,63.95641,162.05249
704,438.7505,10.248089,0.44201458,-2.7673895,64.03487,167.74911
705,374.98407,6.2970185,0.49376243,1.4367008,6.1714916,82.72467
706,361.28036,5.8839726,0.4665147,1.9331348,17.41569,82.69908
707,438.29114,11.929276,0.586688,-1.2140853,6.5642853,98.87618
708,378.24603,7.0926285,0.43756473,2.1825652,26.708199,83.60272
709,426.59195,7.8441353,0.43717456,-0.055557013,-11.483555,79.88994
710,382.2317,5.99592,0.49656284,1.3160028,4.9149914,78.87389
711,371.8326,5.717709,0.47565776,1.5914898,12.765484,79.402016
712,373.28406,6.175056,0.47627056,1.6248868,12.520949,82.9804
713,422.66254,5.396269,0.5093782,0.9839021,-3.2479076,62.395874
714,368.47604,7.202984,0.44907433,1.8466911,16.493782,90.6424
715,373.70227,5.216072,0.5491098,1.684916,9.901295,70.686134
716,449.394,13.110109,0.58073366,-1.4075813,24.135868,120.59105
717,394.7362,6.607705,0.4634847,0.9115908,1.9467182,79.85497
718,382.813,6.475414,0.46385527,1.3174877,8.756958,82.88336
719,401.10364,5.8211517,0.49123728,1.0232016,0.66762733,72.80677
720,439.38455,13.031851,0.6010598,-1.3212919,30.533886,124.325584
721,379.85254,6.469538,0.4594188,1.4278854,11.154436,83.674324
722,380.0453,6.2165103,0.4956347,1.3029968,4.029333,80.783936
723,470.9876,10.757177,0.4624896,-3.0889733,70.08947,145.79346
724,380.93317,6.452465,0.48930228,1.2535317,3.4470406,82.05818
725,466.84467,11.021318,0.4217527,-3.04199,63.93899,160.05582
726,396.00073,5.1441293,0.5673121,1.5421263,5.8477306,61.213223
727,369.4923,6.967495,0.47943345,1.6434467,9.28146,88.96483
728,377.80273,7.3909225,0.4649052,1.3644834,7.5466423,90.4372
729,441.8753,4.734979,0.519149,1.0815537,-2.2726498,30.849064
730,375.3587,7.1413507,0.46944362,2.381433,26.77915,80.36734
731,377.78555,5.3085613,0.5698743,1.7125347,8.2649975,67.76514
732,364.79105,6.8139706,0.4761583,2.369969,27.4372,81.55195
733,452.48718,7.904792,0.40880537,-0.6148112,-15.246243,74.476
734,457.2826,11.022572,0.43693385,-2.7640846,62.86815,155.55707
735,359.1813,7.413618,0.5167402,2.6127777,29.11432,79.20514
736,613.8209,10.084742,0.6526203,-5.2846575,106.23703,59.90284
737,383.14166,6.409789,0.47089964,1.325686,8.652922,82.306465
738,370.08923,5.450818,0.52693844,1.6841183,9.64472,75.118546
739,390.38336,5.339408,0.5269338,1.3808713,5.006693,70.34444
740,459.24933,12.632081,0.642974,-1.617048,26.356276,104.29039
741,396.18408,6.160921,0.48783886,1.0267191,0.26399422,76.416145
742,453.46838,12.656208,0.5801735,-1.4400833,15.82417,109.63114
743,380.56976,6.054493,0.4972924,1.3233519,4.346895,79.563194
744,383.01782,6.24692,0.47034845,1.3138956,8.392517,81.04155
745,405.90887,6.78826,0.4669288,0.67061734,-4.595806,78.06381
746,374.91782,8.597973,0.43784076,1.0522199,10.80996,99.218216
747,378.3659,5.6304874,0.5093707,1.4733444,6.6217747,76.36207
748,401.9157,6.520854,0.46831557,0.8020513,-2.485632,77.06614
749,475.39194,12.106864,0.45004392,-2.5481656,54.634354,140.0977
750,367.0113,6.9307647,0.4553439,1.9478327,16.854275,88.89637
751,451.55243,11.977509,0.59975916,-1.4841669,10.729713,94.74976
752,402.86115,5.335852,0.52145946,1.2076497,2.1495914,67.7426
753,383.71024,7.073773,0.4629598,1.267314,8.008436,87.09138
754,379.2208,6.4112177,0.48982933,1.3110107,4.5310135,82.32398
755,384.5651,6.8098035,0.4819931,1.1202241,1.4092541,83.36478
756,376.89935,7.0902457,0.4468444,2.19584,21.911171,84.46547
757,386.96994,5.5098033,0.51231414,1.3577926,4.816271,73.27572
758,371.3151,7.328815,0.46176895,1.6013573,11.195432,91.43765
759,371.88504,5.759901,0.50632215,1.5818417,8.137802,79.033966
760,369.75836,7.159813,0.4578994,1.7065763,13.055365,90.55513
761,447.36435,11.67014,0.47325036,-2.0663364,54.470726,144.39099
762,372.5309,5.4915094,0.48372036,1.5287743,9.854982,76.72567
763,439.492,4.871382,0.5304693,1.1568587,-1.513586,33.379704
764,392.03064,7.0099697,0.44871417,0.98441577,5.8904095,84.500404
765,389.7636,6.854391,0.47044703,1.0157138,2.0558796,82.76255
766,375.35446,7.0902243,0.4562384,1.5422902,12.924435,89.42292
767,367.67603,6.017124,0.4657852,1.7717144,15.445469,82.679214
768,389.31277,7.025544,0.46167257,1.0803205,5.323147,84.95529
769,369.85632,7.166174,0.4579175,1.7002345,12.985144,90.58232
770,470.98718,12.292524,0.45746514,-2.3532379,51.56151,138.38359
771,390.11026,6.8206058,0.45985827,1.0653701,5.3878345,83.24926
772,376.88562,7.8326454,0.46018398,1.2817245,7.846302,93.606094
773,377.41138,5.552539,0.5082165,1.499592,7.1679077,75.71085
774,383.28815,6.623344,0.4867829,1.1771346,2.2760792,82.4968
775,386.9834,7.690367,0.4565361,1.0406997,6.2431583,90.45647
776,360.30368,5.298911,0.5097331,1.8023722,12.922733,75.59414
777,418.46335,11.334896,0.51670694,-0.5100126,3.2122192,104.93406
778,388.3203,6.323865,0.4916246,1.1341989,1.3777065,79.41639
779,381.5722,5.794132,0.4752201,1.3197658,6.951929,77.57608
780,371.63586,8.158972,0.44896722,1.3432466,11.033192,96.734695
781,407.08234,9.750668,0.44847965,-0.03293109,-2.1461658,96.049225
782,377.90204,6.965493,0.44946498,2.2457917,23.782513,82.7574
783,372.77112,7.4471827,0.41698644,1.7211885,20.669645,91.65613
784,654.75696,7.935566,0.7841257,-4.544669,64.822815,-44.273056
785,421.5869,9.696213,0.45933902,-0.5781696,-8.115475,89.49323
786,390.3487,5.163696,0.57639265,1.6261808,7.258644,61.99958
787,365.97247,7.374058,0.4656522,1.8229804,13.814739,92.084785
788,401.64667,6.6436176,0.47837973,0.81083596,-2.4240131,78.147446
789,370.9485,5.5551925,0.5168074,1.6399267,8.877207,76.50039
790,406.60168,5.5911875,0.49218693,1.005922,-0.015872955,69.68277
791,372.70978,7.1417723,0.43038756,1.9257517,20.11781,88.80393
792,372.4641,5.915564,0.47133502,1.5938412,12.790564,81.02696
793,371.11627,8.356808,0.45324656,1.2731359,9.538378,97.90222
794,373.148,7.6218424,0.45814174,1.4562869,10.106327,93.169525
795,492.97122,8.558795,0.49980956,-2.0239294,1.6922741,51.587826
796,382.05463,5.7349925,0.5009736,1.3704078,5.7226677,76.7872
797,381.12445,5.47231,0.5142945,1.464068,6.436146,73.89567
798,374.7174,6.0034556,0.5040109,1.4677004,6.1832714,80.56855
799,378.4483,5.425746,0.4889347,1.4312372,7.75515,74.74276
800,371.0654,7.696377,0.4191978,1.6452608,19.394537,93.62985
801,358.802,5.474621,0.52503705,1.8718421,12.623102,77.205925
802,353.4584,5.6697164,0.51569366,2.0172806,15.021514,80.33363
803,386.5498,6.0357695,0.4991266,1.233608,2.4236794,77.852486
804,474.12012,12.210827,0.4558227,-2.4684956,53.25706,138.47922
805,376.0736,6.8995047,0.45019084,2.2156057,22.57545,83.70446
806,377.79474,6.3402967,0.4928961,1.35065,4.8625584,82.19351
807,555.3146,9.918572,0.7046403,-3.2900012,39.976665,26.022655
808,395.73547,6.727354,0.4601063,0.87577164,2.210249,80.51384
809,361.92664,5.896317,0.46734455,1.9165466,17.133293,82.69679
810,370.86285,7.3183947,0.46284434,1.6106759,10.999715,91.41318
811,379.38898,5.571336,0.51666087,1.4781071,6.494007,75.34879
812,391.8897,5.772826,0.5287356,1.3263357,1.1543427,73.41051
813,369.20807,5.7327504,0.51385105,1.6515324,8.961987,78.99746
814,394.20007,5.943287,0.4756459,1.0624157,2.1149197,75.374245
815,396.65057,5.41848,0.50339586,1.2138903,3.0842266,70.45194
816,384.5783,6.810177,0.48199135,1.1198665,1.4047127,83.36359
817,376.81512,6.9210434,0.44962078,2.225282,22.984547,83.35415
818,391.1524,5.9909534,0.48760438,1.1373875,2.2956219,76.55948
819,355.6178,5.3722343,0.5077057,1.8982217,14.297383,76.99318
820,440.91663,12.068302,0.60103166,-1.2743747,9.612394,98.630905
821,379.1999,5.74343,0.47374704,1.36665,7.957859,77.71747
822,460.18945,12.721025,0.55144775,-1.7841384,38.85282,125.7323
823,385.16022,8.0172415,0.4567944,0.98044944,5.371912,92.77024
824,407.4665,6.7136345,0.47196516,0.6914563,-4.473978,77.23344
825,389.10208,5.6104794,0.50403327,1.286374,3.97056,73.97085
826,379.94794,6.374303,0.46623373,1.4433123,11.148002,82.95244
827,426.55905,12.66143,0.59041107,-1.1616957,37.625523,130.44505
828,380.25238,6.33009,0.49444905,1.2787272,3.4225006,81.381096
829,393.5209,5.2558494,0.5577065,1.4945354,4.8462524,65.334915
830,471.3839,8.016662,0.40852818,-1.2313321,-12.651295,67.60274
831,475.6273,11.952375,0.4405294,-2.6471174,56.544796,142.9194
832,381.7802,5.4639964,0.5307771,1.4937924,6.112734,73.18501
833,387.28357,6.747937,0.46347192,1.1747458,6.96455,83.65952
834,601.05835,7.994204,0.6914319,-3.624304,45.653236,-16.216805
835,369.51517,5.624665,0.5084144,1.6439788,9.270849,77.91702
836,431.09558,8.125782,0.429137,-0.25741768,-12.752911,80.23353
837,385.9594,5.446036,0.518101,1.3987786,5.388624,72.64044
838,369.97717,8.166946,0.43324634,1.3761638,14.314019,97.266556
839,376.38278,5.9198556,0.5051402,1.4465889,5.872862,79.51427
840,458.42493,12.435892,0.5858842,-1.5537002,13.684041,102.8598
841,413.85504,10.587223,0.5010537,-0.5618043,-4.567322,97.57731
842,383.14102,6.4515224,0.47023246,1.3196776,8.606518,82.62432
843,394.47153,7.196007,0.45750117,0.8978487,3.0640755,84.61419
844,387.93704,5.3575544,0.51811063,1.3883632,5.4095097,71.21214
845,456.2604,12.52416,0.66463053,-1.5948665,27.961126,100.29726
846,376.8299,6.5976453,0.4635788,1.5440625,12.466609,85.36521
847,367.95154,7.240014,0.46970627,2.3239803,31.081438,82.64672
848,380.35626,6.5602736,0.45871052,1.4062092,10.678295,84.22541
849,428.43964,10.243793,0.47636074,-0.86279035,-7.375553,90.7039
850,538.2017,9.716738,0.5300245,-4.5838575,96.272934,121.16526
851,500.22647,9.4207115,0.65289026,-2.3271883,22.994843,43.53647
852,373.58673,5.1188664,0.5877383,1.8650448,11.280174,62.446968
853,373.41058,5.298028,0.5809109,1.8057582,9.53149,66.80517
854,372.1659,5.579994,0.5019797,1.5800207,8.715523,77.23525
855,396.51434,8.04052,0.45043492,0.6082536,-0.9166126,89.09929
856,448.74432,7.722287,0.4209569,-0.5106535,-13.675636,73.44189
857,508.3727,11.864359,0.648678,-2.7524478,55.408966,89.37378
858,490.986,9.174486,0.5899013,-2.1544201,12.528308,51.182587
859,366.31732,5.4747634,0.52620137,1.7478722,10.560864,76.02532
860,379.49335,7.4687357,0.41572762,1.97904,25.166702,87.94283
861,368.20935,5.5338426,0.47895938,1.6134896,11.533313,78.035805
862,376.87778,5.568624,0.50507027,1.5006047,7.39052,76.1335
863,496.9088,9.367475,0.55187917,-2.2918694,6.320648,51.698635
864,397.048,6.628458,0.4629379,0.85282946,1.564806,79.35685
865,387.4525,7.548423,0.45936966,1.0653524,5.9106445,89.32228
866,375.86307,5.9154415,0.4966512,1.4644713,6.6073074,79.70725
867,378.54962,6.35498,0.4566688,1.4496722,11.878728,83.14035
868,383.40802,5.594067,0.5066999,1.3876908,5.252449,74.92936
869,376.36237,6.895665,0.44660142,2.1971395,22.733345,83.8758
870,463.6217,10.900475,0.42606407,-3.0050032,64.12381,161.1325
871,389.8828,6.425982,0.4869259,1.0769972,1.0508041,79.661865
872,367.19086,5.8474593,0.47409543,1.732544,14.305643,81.360756
873,383.70914,6.8227463,0.4805897,1.1392388,1.9866676,83.77962
874,370.813,5.492566,0.51865876,1.653846,9.351315,75.816536
875,365.6078,7.477073,0.5083689,2.5893993,28.790323,78.526566
876,422.00006,5.1812277,0.554757,1.2431402,0.1295929,55.177853
877,386.07687,5.889284,0.49736324,1.2653968,3.690939,77.04675
878,408.1902,6.3854594,0.46309605,0.7077255,-3.214281,74.474075
879,362.84454,7.262258,0.5033941,2.5498905,28.073523,79.27568
880,378.2074,7.1666946,0.42085293,2.055116,26.130674,85.770004
881,376.3313,7.427083,0.4132246,1.8319172,22.869356,89.875305
882,493.6511,11.848226,0.6582537,-2.4748313,53.76229,92.46448
883,454.3004,11.647089,0.6130309,-1.5821278,10.987564,87.263794
884,371.7304,5.408765,0.52652454,1.6563551,9.337429,74.38231
885,399.018,6.961003,0.47178143,0.77623796,-3.5008774,80.910675
886,383.80194,5.4724073,0.5141542,1.4185979,5.7005863,73.38316
887,404.75076,6.9180746,0.45381147,0.6026014,-2.191824,79.16008
888,650.7335,9.320715,0.8193366,-5.199544,103.75778,4.4267197
889,370.29364,7.979783,0.43322918,1.4151152,14.497843,96.21517
890,397.5927,5.8197536,0.4896417,1.0733607,1.3576336,73.713264
891,388.57828,6.669237,0.45796603,1.1228237,6.6806583,82.684586
892,491.71848,11.596209,0.631082,-2.6076329,60.711758,97.42728
893,386.47507,6.726782,0.46223313,1.195508,7.097603,83.712685
894,382.65753,6.716091,0.48344278,1.1782622,2.355219,83.31852
895,456.97046,12.463705,0.51076555,-1.9474804,47.364037,132.0473
896,388.12866,5.31312,0.57344234,1.60366,6.111868,65.60475
897,383.124,5.7072883,0.5080476,1.372623,4.713518,76.082405
898,483.40182,12.407246,0.6016981,-2.2366512,44.273087,109.01361
899,400.5119,5.723343,0.48833933,1.0442902,1.1756496,72.2827
900,395.93744,5.6607895,0.49791855,1.1575508,2.217331,72.91131
901,573.0212,10.398312,0.70270157,-4.137109,91.7112,52.608948
902,363.38126,7.3498144,0.50127864,2.5266302,29.608759,80.06256
903,469.38422,10.582256,0.43362975,-3.286669,68.242966,163.31464
904,545.2899,10.760242,0.658039,-3.7088954,83.72386,69.663895
905,362.3745,5.5558443,0.52012914,1.8051084,11.428454,77.73699
906,392.97516,6.6521378,0.48038334,0.96734345,-0.46438217,80.278076
907,391.63763,7.630024,0.46429175,0.87122786,2.2955055,88.084236
908,446.63504,11.014054,0.43881395,-2.528642,60.431114,156.67244
909,379.9632,6.2196345,0.49875286,1.3028109,3.794735,80.80312
910,386.93457,6.4186425,0.48176256,1.1314976,2.2435684,80.39936
911,411.92242,5.346504,0.53660965,1.2163978,-0.39959908,62.864532
912,407.72943,5.2267594,0.5532719,1.3352528,2.1091652,61.59822
913,436.32928,12.6824,0.61425257,-1.1537254,16.750017,111.50819
914,376.14398,7.094499,0.4453186,2.176874,21.465914,84.97594
915,405.5391,5.4729257,0.5019679,1.0739787,0.7942486,68.89192
916,372.52344,7.560453,0.45704585,1.5024905,10.849843,92.90219
917,398.42447,7.035104,0.45747837,0.78656363,1.3548336,82.06982
918,413.3289,6.820627,0.4644425,0.5524466,-6.1771545,76.79518
919,397.4124,7.997497,0.45369095,0.60270965,-0.013465881,88.76165
920,368.12286,5.352728,0.52412397,1.7103525,10.695502,74.65496
921,414.3728,9.086516,0.44939196,-0.27023768,-9.900291,88.29011
922,388.60126,6.2861423,0.46932745,1.1215342,5.2160416,79.600945
923,639.7379,8.816881,0.861259,-4.813593,97.7827,-15.474457
924,438.3985,12.893396,0.6216704,-1.2168305,20.527866,114.36224
925,382.1803,6.2678013,0.4751941,1.3571417,8.83634,81.5056
926,532.3867,11.069807,0.68403894,-3.2418535,72.40639,69.59796
927,567.5665,9.102091,0.6980328,-3.3388197,39.89447,13.902908
928,411.6207,6.663285,0.4635264,0.6023979,-5.5061913,75.72438
929,370.82526,7.4447546,0.42477253,1.713691,18.79634,92.19998
930,456.64743,12.356844,0.50454414,-1.9801071,48.944977,132.96356
931,413.36588,8.429203,0.45310795,0.025247812,-8.341301,85.49452
932,366.72595,7.2680798,0.47582522,2.327084,31.565727,83.0223
933,510.49234,11.491722,0.7089932,-2.6637003,57.148758,73.69191
934,382.5905,6.131795,0.45416373,1.2969831,10.189312,80.34873
935,390.18597,5.170087,0.5431951,1.4585953,6.190113,67.45515
936,613.1763,10.167187,0.7476236,-4.5684137,91.7928,30.061531
937,472.8437,11.665887,0.4307152,-2.7714622,59.25919,148.08795
938,369.35672,5.9821095,0.47552767,1.6887507,13.2838545,82.11059
939,394.96927,8.067417,0.45608947,0.6691568,1.4381466,90.09155
940,387.1619,6.8353157,0.4470371,1.137029,8.308266,84.66465
941,382.33087,5.8228803,0.5053073,1.3559119,4.7276363,77.36875
942,543.4346,9.6136265,0.51616246,-4.87037,97.11983,132.23352
943,360.6038,5.6678,0.44660264,1.8299494,18.297585,81.31695
944,471.8661,7.566469,0.39417073,-0.86116433,-14.653427,68.25905
945,370.62564,7.7387266,0.4231593,1.5415097,17.493227,94.52185
946,398.0293,5.8185544,0.48922193,1.0652355,1.3129368,73.59962
947,387.77087,6.436797,0.4656911,1.1477406,6.179592,80.996735
948,373.0115,7.519473,0.4165477,1.7096868,20.753937,92.01478
949,368.8088,7.172846,0.4458988,1.8172917,16.58496,90.587074
950,373.9621,5.2525873,0.5273615,1.6307855,8.908644,71.88463
951,369.9956,6.661809,0.46331644,2.2370303,20.735504,83.743095
952,372.45447,6.72178,0.47017407,2.3355055,22.207531,81.060234
953,374.90363,5.9140105,0.4710094,1.5195725,11.803965,80.518776
954,400.936,7.9052906,0.4482257,0.57403326,0.8099575,87.596596
955,455.7232,12.470418,0.52930546,-1.9007823,46.850536,129.62143
956,363.0737,7.170309,0.47992793,2.3311758,31.369373,83.080284
957,405.93814,7.474837,0.46468607,0.46780682,-6.2405434,82.76838
958,384.3754,5.99269,0.48262897,1.2877767,6.9406548,78.69084
959,365.9923,7.3804817,0.46556517,1.8199301,13.789373,92.127525
960,393.81122,6.569399,0.4642524,0.93930864,2.6250496,79.92273
961,369.5388,6.8728037,0.4669201,1.7418218,12.79621,88.66055
962,580.9147,10.142694,0.7865253,-3.780907,76.26813,19.71254
963,388.21753,6.8249187,0.464922,1.1233208,5.6171207,83.727005
964,379.7837,7.138893,0.4382212,2.1880548,24.485727,83.95854
965,358.80292,5.617949,0.4454561,1.863842,19.000404,81.23102
966,513.15173,10.031557,0.48090968,-4.246624,86.01519,146.51015
967,460.69138,12.080356,0.64043486,-1.6643841,19.741161,91.63255
968,468.82135,10.8119755,0.43219405,-3.1511834,66.47482,159.92584
969,463.9295,12.998669,0.58973855,-1.707165,28.772501,116.53791
970,369.34766,7.320591,0.46136862,1.6576864,11.625875,91.665375
971,363.09418,6.0249553,0.465008,1.9161608,17.112804,83.530205
972,380.19263,5.9242516,0.48529866,1.3990008,8.499535,79.311935
973,370.10028,7.255842,0.43345279,1.822437,18.401855,90.77576
974,392.50055,6.06799,0.48298192,1.0882494,3.923874,76.895905
975,366.87323,6.859926,0.4589146,2.0924716,18.305927,87.410805
976,370.45932,8.396079,0.41594437,1.4434725,18.779697,98.355385
977,371.88235,7.2675123,0.47607142,2.4124105,28.85424,80.7833
978,472.05273,11.7614975,0.43014252,-2.692578,58.011406,147.27403
979,393.62527,7.7159595,0.45918015,0.80943346,2.5168667,88.35486
980,356.34515,7.378083,0.5199154,2.6271393,29.002048,79.28759
981,373.77448,5.5871854,0.51945317,1.5858734,7.832018,76.30496
982,453.83328,11.298828,0.4326692,-2.5552528,59.28174,154.05945
983,517.69836,9.901785,0.5193826,-4.1072493,90.50539,123.59281
984,377.3016,7.229128,0.466209,1.4110248,8.041889,89.46843
985,378.53946,7.9768553,0.45481956,1.1984158,8.185329,94.2745
986,404.9057,7.009488,0.46672174,0.61677384,-4.476406,79.82789
987,528.67896,9.984392,0.49946082,-4.449458,90.39287,135.87817
988,433.59033,11.803528,0.615723,-1.1605847,9.564024,96.5232
989,394.7924,5.9092903,0.49123785,1.1019453,1.6815834,75.06656
990,400.0771,6.637014,0.46220392,0.77856517,-0.12853241,78.514275
991,389.81833,6.444282,0.48394713,1.0669901,0.80412483,79.777054
992,392.762,6.9569683,0.47058344,0.9235282,0.5637493,82.45322
993,385.3417,6.638081,0.4484005,1.2045003,9.004446,83.595375
994,440.368,9.951187,0.45978445,-1.1209619,-9.740116,84.961334
995,393.7788,5.7558064,0.49452424,1.1570827,2.5262814,74.238304
996,464.26306,11.173318,0.42261612,-2.882819,62.01621,158.01578
997,385.00244,8.327859,0.4620904,0.863026,3.3050632,94.25144
998,482.99203,10.659247,0.4622296,-3.3675349,72.94296,146.22023
999,371.80228,8.385827,0.44106427,1.2474253,12.446279,98.328674
1000,462.63043,9.103933,0.4644149,-1.5986111,-7.7763824,69.74696
1001,385.9666,6.3375683,0.47617665,1.210528,5.9880695,80.78273
1002,363.2313,6.5245605,0.4674463,2.172997,18.932339,85.433136
1003,463.7063,12.919895,0.5986745,-1.6626008,24.906244,112.796715
1004,381.27222,5.60767,0.5000994,1.4033351,6.16527,75.737015
1005,496.1086,11.634069,0.513759,-2.9589593,64.5167,119.2242
1006,369.7131,7.770638,0.45648196,1.5402983,11.280825,94.62747
1007,377.03564,5.5202923,0.51258713,1.5185841,7.444439,75.33874
1008,397.7164,5.0693393,0.54329747,1.3864161,5.37298,64.33072
1009,369.88388,7.082898,0.4575357,1.7214209,13.51432,90.069275
1010,375.14706,6.4232926,0.49216157,1.4243193,6.017185,83.54595
1011,433.7627,12.509678,0.59780324,-1.0791037,12.313827,109.53423
1012,402.87604,5.7431955,0.4882934,1.0103362,0.20983505,71.71068
1013,366.94513,6.886615,0.456477,1.9255254,16.550415,88.83266
1014,367.10754,6.902749,0.45912328,1.8732805,15.282861,89.09406
1015,450.09418,13.044863,0.58304834,-1.4065433,22.04807,118.27571
1016,384.32196,6.0703454,0.4962792,1.2540545,3.4347763,78.77568
1017,390.51935,5.3987107,0.5093162,1.3187841,4.6760845,71.450676
1018,374.2901,6.38307,0.49698266,1.4294769,5.780205,83.32449
1019,433.1496,12.797001,0.6046356,-1.0796287,16.393911,114.81769
1020,453.68527,12.012426,0.6073921,-1.5292399,12.527234,94.15471
1021,382.963,6.0766807,0.49570963,1.2737125,3.8119144,79.155426
1022,391.49234,6.670563,0.4779408,0.9919739,-0.06476402,80.69076
1023,372.73438,6.911088,0.44300732,2.0813167,20.458132,86.377945
1024,382.99835,6.1032634,0.47403207,1.3112657,8.11278,79.91406
1025,492.3941,11.444958,0.48962027,-3.0418174,66.92404,127.27575
1026,383.62323,6.1277213,0.49801183,1.2584509,3.1253357,79.29299
1027,481.81827,10.074009,0.5776411,-2.122277,8.179909,65.889114
1028,447.84344,11.279736,0.4354875,-2.4156406,58.28246,154.47424
1029,390.5746,6.695454,0.46577522,1.0493959,4.6841316,81.998055
1030,368.27814,5.711621,0.4514291,1.6485686,15.667671,80.199615
1031,378.4163,7.289326,0.45672455,1.4025016,10.970767,90.11332
1032,482.78174,10.749691,0.46174836,-3.3111947,71.9144,145.30132
1033,389.19763,6.9669538,0.48320934,0.98894024,-0.3783512,83.241806
1034,373.62555,5.4548416,0.48992008,1.5188354,8.849735,75.95261
1035,377.13165,5.495982,0.51141036,1.5181167,7.363117,74.99274
1036,366.9009,6.917036,0.46021533,1.8971026,15.664339,89.13674
1037,381.60657,6.2674904,0.49398682,1.2593526,3.2011967,80.67947
1038,397.83655,5.820677,0.4887859,1.0643605,1.4275513,73.67374
1039,389.58673,6.1521645,0.472461,1.1149796,5.062601,78.35361
1040,387.07806,5.742084,0.4936786,1.2685647,4.266817,75.71013
1041,381.79044,6.105617,0.47296086,1.348701,9.042681,80.31943
1042,393.5298,6.911669,0.45884523,0.90723014,1.0916195,82.175156
1043,393.88855,7.523352,0.46044898,0.85834396,2.938736,87.08714
1044,398.70303,5.721556,0.49074733,1.080247,1.50033,72.717766
1045,373.2663,6.7725677,0.4690005,2.3121283,22.05206,81.88972
1046,384.541,5.8491983,0.49248055,1.2946997,5.304756,77.29793
1047,415.8654,9.2913,0.43725702,-0.18172503,-5.6076736,90.4407
1048,387.7564,7.635965,0.46255141,1.0151769,4.6260395,89.54609
1049,358.4967,5.491118,0.5342387,1.8932507,12.57047,77.01
1050,408.02853,7.313958,0.44949362,0.4350946,-3.626154,80.921875
1051,369.47906,6.871421,0.46693984,1.7440784,12.816809,88.66081
1052,383.86237,6.6347446,0.4551124,1.2759782,9.156279,83.88181
1053,369.40576,6.178973,0.47263083,1.7492738,14.362669,83.677475
1054,398.44287,5.604365,0.49812105,1.1336845,1.850193,71.825264
1055,370.0574,7.21678,0.44955623,1.6996946,14.518527,91.164154
1056,382.1466,5.7044444,0.50438607,1.3809488,5.312502,76.38005
1057,358.45895,7.14557,0.5116379,2.5948997,26.825445,78.47154
1058,376.54492,7.0623355,0.43829435,2.1963181,27.482351,83.25032
1059,370.99527,6.064145,0.46961203,1.6767049,13.88809,82.54775
1060,391.36426,8.710269,0.44922903,0.60007095,3.053152,94.998344
1061,457.23486,11.826205,0.4538572,-2.2675135,54.777977,144.60776
1062,392.06384,5.6436257,0.49695435,1.219693,3.1274338,73.667435
1063,390.2132,6.7997017,0.45612517,1.0685747,6.2191353,83.28004
1064,386.2438,6.066348,0.49507985,1.2225441,2.8099098,78.25214
1065,377.29688,5.450325,0.5313885,1.5662766,7.4674644,73.826096
1066,378.61426,7.1304483,0.47982296,1.2447314,3.1768436,87.264656
1067,373.0174,6.876199,0.48251718,2.4116526,24.024048,79.60823
1068,460.72418,12.4150095,0.48743132,-2.0620768,48.776093,134.88525
1069,389.0747,6.6273866,0.44860974,1.0912112,7.4688015,82.446205
1070,382.37415,5.6219435,0.5001116,1.3833925,5.681164,75.59373
1071,422.6869,7.9860845,0.433539,-0.048200607,-11.078854,81.021164
1072,607.34784,9.670499,0.7857825,-4.3173456,89.07248,14.646027
1073,375.182,5.9874916,0.5001994,1.4647864,6.3228283,80.40514
1074,441.89294,11.842073,0.58048713,-1.2857623,5.6088257,97.1425
1075,387.12317,7.1144238,0.47090667,1.1005892,4.459629,85.759735
1076,370.93948,7.331276,0.4517222,1.6136391,12.802069,91.786285
1077,379.5373,5.393478,0.51983535,1.5128257,7.321808,73.14908
1078,388.26685,10.052027,0.4740993,0.385046,3.0507298,103.43968
1079,483.80078,11.466523,0.5826893,-2.5915606,62.994293,108.00605
1080,379.14905,5.942415,0.5027617,1.3821592,5.0113163,79.038025
1081,377.2933,6.3449926,0.4637427,1.5091012,11.844132,83.32717
1082,396.16562,6.514456,0.4661261,0.89461756,1.6972294,78.86345
1083,373.65057,5.9652343,0.5020647,1.5059057,6.982544,80.6062
1084,456.23776,11.757475,0.44734314,-2.2982514,55.25372,146.48822
1085,375.12585,5.455538,0.5402136,1.6201053,7.8052807,73.87408
1086,385.63873,5.3721657,0.51694375,1.4155946,5.855797,71.84016
1087,482.98865,11.727885,0.5946338,-2.499553,58.555607,107.314384
1088,361.46884,6.555552,0.504671,2.4600925,23.29816,79.12169
1089,692.2152,9.040685,0.8550828,-5.958825,109.57416,-19.178238
1090,387.88528,5.6674123,0.502566,1.2869946,4.3054714,74.87791
1091,452.51593,10.590206,0.43582043,-2.9102128,64.75754,163.35384
1092,646.1152,9.222298,0.8245526,-4.9200935,92.586426,-13.636505
1093,395.0902,5.6499496,0.49311185,1.161588,2.428234,73.037895
1094,430.32617,10.004448,0.4488991,-0.7942865,-8.878624,89.14282
1095,384.77655,5.608804,0.4867276,1.302138,5.319603,74.997734
1096,451.2294,11.519844,0.4728259,-2.2091286,56.820477,143.68675
1097,360.40027,5.6157846,0.4496036,1.8228507,17.918758,80.85828
1098,473.20865,9.76273,0.4576716,-3.7288902,76.24432,170.18448
1099,379.51813,7.4270935,0.41472858,1.992086,26.47921,87.5003
1100,383.89926,5.519146,0.5058135,1.3898778,5.6826096,74.15916
1101,489.73767,7.591075,0.3939035,-1.3813119,-12.0668335,60.034317
1102,442.32248,12.7288,0.5994545,-1.2493126,15.965599,111.34953
1103,391.34433,5.5207415,0.5036162,1.2735459,3.7118816,72.56133
1104,373.46527,5.5478725,0.47894344,1.5056125,10.00732,77.14038
1105,449.78207,12.432631,0.6167985,-1.413029,16.7256,103.218994
1106,385.06937,6.527849,0.46215048,1.2555288,8.515348,82.69487
1107,374.39386,9.358502,0.43345708,0.95092165,12.840644,104.2491
1108,399.5324,5.282362,0.54870415,1.3898193,3.044197,65.12459
1109,382.32654,7.42415,0.4653755,1.2682846,8.472738,89.941086
1110,383.2211,5.3354864,0.53904665,1.5123143,6.596857,71.22868
1111,375.8239,6.4253683,0.46136585,1.5538899,12.393519,84.27549
1112,385.94513,6.359072,0.48181316,1.1765933,3.3171158,80.42801
1113,452.94476,11.079514,0.44115433,-2.6230347,61.589756,153.95387
1114,355.5751,5.512294,0.5335288,1.9443457,13.386904,77.606926
1115,381.2281,5.903662,0.4813935,1.3711219,8.569729,78.87656
1116,533.4026,8.839727,0.6701195,-2.7311099,31.591608,24.084442
1117,374.7331,5.2515635,0.5814538,1.7931406,9.755318,66.16561
1118,456.44727,11.240737,0.44041336,-2.6261876,60.944275,151.72086
1119,384.32858,5.381219,0.5668266,1.6152046,5.967243,68.02069
1120,604.4839,9.995615,0.7790197,-4.1945057,79.048874,10.690277
1121,355.80316,5.725996,0.5078512,1.9796138,14.761527,80.920074
1122,436.09683,5.1274657,0.5278666,0.99725354,-3.3795109,53.089836
1123,367.53333,6.715216,0.4620726,2.1791015,19.441916,85.44815
1124,435.58624,12.911501,0.6147043,-1.1580997,25.04225,120.26424
1125,379.05817,6.2487373,0.4756097,1.4480948,9.867338,82.16487
1126,395.80096,5.693911,0.49560615,1.1527513,1.8237934,73.14209
1127,473.5412,10.727104,0.46273863,-3.154435,70.89921,145.75728
1128,403.2257,7.354971,0.4574026,0.5555017,-4.3748264,82.33354
1129,402.60803,7.205885,0.44623166,0.63591135,0.23050117,82.27118
1130,374.54095,6.7048697,0.45049936,1.6168144,14.955069,86.92139
1131,385.42902,5.667619,0.48551592,1.2809817,5.1138954,75.40115
1132,541.61536,9.59659,0.68428123,-3.037422,33.462025,29.063057
1133,551.72876,10.68239,0.76102257,-3.3743632,75.47069,43.21022
1134,369.03738,6.735812,0.4550278,2.1316454,19.746256,85.88449
1135,374.3338,6.3824615,0.49435857,1.4656736,6.7577133,83.56831
1136,368.49063,7.579874,0.45948857,1.6598433,12.819673,93.53649
1137,423.93073,5.2549586,0.52910733,1.0776048,-2.1136837,58.917282
1138,370.57367,7.7284107,0.4227566,1.6651026,18.964817,93.81473
1139,395.33432,5.799018,0.49290514,1.1182635,2.0548515,74.15613
1140,465.86768,12.989147,0.5865705,-1.7470305,29.316977,116.56103
1141,387.5135,5.2855053,0.579096,1.6382339,6.7632236,64.47615
1142,465.93402,12.362444,0.59948945,-1.722441,16.133297,98.560715
1143,393.61435,5.606377,0.5024844,1.2201762,2.808813,72.88714
1144,381.5016,6.4078517,0.48894337,1.2488549,3.3751488,81.62466
1145,382.323,6.316771,0.4705118,1.3527037,9.147863,81.83212
1146,448.54413,7.368046,0.41759667,-0.27402997,-15.070702,72.51906
1147,451.20734,13.121923,0.58367985,-1.4509919,24.86459,120.13965
1148,459.06924,11.039249,0.5725962,-1.6564014,5.120842,85.04899
1149,483.4091,9.336524,0.57718325,-2.039305,9.539494,54.672535
1150,367.98828,7.0139494,0.45291618,2.0173883,18.023525,88.650955
1151,448.86652,12.98,0.5835589,-1.3743892,20.313831,116.942375
1152,380.5083,6.2368703,0.472099,1.4071307,9.795734,81.696014
1153,369.98196,5.852707,0.50708866,1.6081638,8.183527,80.25351
1154,371.9043,7.3331013,0.4561938,1.5939486,12.1970825,91.53535
1155,383.55823,6.1795073,0.48972884,1.232416,3.15596,79.66198
1156,372.31512,5.360166,0.5229269,1.6390259,9.375326,73.89433
1157,451.52368,12.79825,0.5860623,-1.6451609,38.316128,123.0036
1158,447.45468,11.110899,0.43663216,-2.5060804,59.835815,155.87283
1159,369.62756,5.390082,0.48652375,1.5908594,10.96783,76.238365
1160,384.0027,5.3862185,0.52537096,1.4621555,6.029377,71.984
1161,388.63852,8.271732,0.4624387,0.79194045,3.3235874,93.14113
1162,369.1036,5.49069,0.5364711,1.7127645,9.556904,75.39651
1163,397.2445,6.1684885,0.48130274,0.9895246,0.16334343,76.15963
1164,450.33936,13.100225,0.56194365,-1.483926,29.78706,126.097305
1165,457.38385,10.524402,0.45021927,-2.99874,68.02803,156.85938
1166,370.72552,7.2415175,0.4651906,2.3337665,30.199863,82.01993
1167,461.1679,10.686407,0.42948923,-3.0645225,65.39664,163.66914
1168,381.91556,6.5081997,0.48865652,1.2236314,2.8700085,82.11068
1169,400.70483,7.2345834,0.4525315,0.71150386,1.1384792,83.10213
1170,405.46194,9.900051,0.45827973,-0.046804905,-2.1093693,97.14139
1171,408.6206,8.416632,0.44496235,0.22001743,-3.6984062,87.909904
1172,452.04156,11.045017,0.43911406,-2.6339438,61.647415,155.08322
1173,438.45926,12.244942,0.5954119,-1.1958911,10.067839,103.123055
1174,384.5985,5.427784,0.5076916,1.3953929,6.024683,73.037155
1175,407.544,8.215155,0.44569737,0.32132673,-1.9200954,87.28969
1176,393.2444,7.146003,0.45882592,0.9605855,4.299597,84.79432
1177,434.28815,12.444309,0.6132356,-1.3754478,41.94397,123.407074
1178,385.26196,6.5879383,0.48778224,1.1397521,1.7364426,81.75893
1179,355.65167,5.508244,0.532479,1.937056,13.161177,77.512375
1180,403.32312,6.242208,0.4775301,0.8675041,-1.5011292,75.059814
1181,371.66696,6.3745832,0.4936409,1.5589496,8.090021,84.25793
1182,384.8321,5.993839,0.472566,1.2377629,5.8772984,78.36155
1183,475.91046,12.123329,0.6934142,-1.9725187,37.747192,88.04061
1184,373.91992,7.216569,0.44877312,2.2431402,29.924078,82.904564
1185,451.76675,12.248205,0.62231654,-1.4734976,16.231585,98.46307
1186,383.9632,6.6774635,0.46790072,1.277656,7.793379,83.99644
1187,380.15125,5.3438025,0.5317546,1.5367604,7.3335686,72.08885
1188,401.32196,5.3086543,0.55619603,1.3984377,2.745222,64.11582
1189,380.42737,6.4760113,0.4902366,1.2665395,3.734188,82.36164
1190,479.41513,12.000149,0.6263239,-2.03136,19.758608,85.10466
1191,372.20258,6.086073,0.4422101,1.592143,15.364878,82.525635
1192,393.90308,6.861737,0.46115795,0.9347125,3.1347256,82.16641
1193,484.27142,10.760655,0.44638303,-3.446191,71.581345,152.28743
1194,385.35425,5.637331,0.54917264,1.4855576,3.5471802,73.03911
1195,383.26428,7.2911506,0.47396326,1.0985984,2.1250153,87.25156
1196,376.28558,6.4483237,0.4593872,1.5356119,12.424991,84.3629
1197,373.4776,6.901506,0.48274517,2.414192,24.086111,79.559204
1198,384.00848,6.791807,0.46443927,1.2783116,8.079716,84.935074
1199,384.33112,6.3208804,0.46830037,1.2887336,8.619076,81.30409
1200,392.5915,6.8077307,0.4730341,0.9448041,-0.32688713,81.379005
1201,373.1,7.037936,0.48712736,2.446971,25.204893,79.085594
1202,399.23886,8.000365,0.45273215,0.554338,-0.54354477,88.22916
1203,372.29266,6.383711,0.49517947,1.5235839,7.4126606,84.07113
1204,384.61285,7.2162356,0.45833468,1.2409241,9.063433,88.155365
1205,456.17572,12.49213,0.5064884,-1.9257023,46.906483,132.93974
1206,397.64246,5.8208914,0.4895653,1.0719385,1.3458252,73.70778
1207,364.58557,5.5254717,0.52575797,1.7792985,10.937254,76.89172
1208,380.05167,6.23716,0.4917824,1.308591,4.534626,81.01589
1209,401.51016,6.8786864,0.4666668,0.72538435,-3.3313007,79.62612
1210,372.27072,7.4983387,0.4167377,1.6919056,20.173037,92.144
1211,371.56326,7.3897877,0.47820482,2.4157455,30.022867,81.03493
1212,456.28058,11.761174,0.45329413,-2.2713668,55.178467,145.27196
1213,353.93542,5.639643,0.53561985,1.9858575,13.362384,79.06591
1214,376.6488,6.4182796,0.49264422,1.3841373,5.6211567,83.099174
1215,369.01794,6.966954,0.48790175,2.4412513,26.018875,79.84662
1216,383.31415,7.4104958,0.46222576,1.2352645,8.346262,89.65897
1217,477.61356,10.213791,0.47275183,-3.4628599,77.176834,147.02371
1218,466.67743,11.22072,0.42706144,-2.895799,62.433655,155.69388
1219,378.88568,8.219753,0.44407874,1.0724651,9.148886,95.85524
1220,505.06226,11.654735,0.5874011,-2.8451812,60.831635,103.08982
1221,367.53778,6.1426535,0.4639937,1.8049452,15.853439,83.68734
1222,435.60086,6.0637302,0.4673767,0.5693848,-8.669735,65.56026
1223,427.36316,5.242152,0.52834874,1.0441412,-2.65654,57.73465
1224,390.29608,7.5101843,0.46017945,0.99915206,5.387766,88.32447
1225,371.14737,5.598296,0.47886652,1.556743,10.582707,78.1197
1226,388.65097,5.7601643,0.49893537,1.2520726,3.5515919,75.43964
1227,370.85333,5.3239403,0.58412355,1.8336575,10.034559,67.74811
1228,374.76712,5.7192388,0.5500392,1.6214057,5.31073,75.93799
1229,443.42676,12.692522,0.6007658,-1.2694108,15.916436,110.425575
1230,463.50696,11.736554,0.44383767,-2.4781349,56.90393,145.75742
1231,383.8856,7.612404,0.46039253,1.1699771,7.667139,90.82474
1232,641.4821,9.708584,0.7890245,-4.9499464,93.404785,2.8261871
1233,381.13638,6.034231,0.4734657,1.3628492,9.262686,79.94291
1234,412.4704,7.405717,0.44293806,0.29410768,-5.5471153,80.268906
1235,397.13922,7.9234505,0.452623,0.6867119,2.6735,88.993256
1236,408.21967,5.745894,0.48418874,0.924222,-1.063631,70.33237
1237,394.65863,6.098792,0.48109317,1.0445924,0.7292061,76.33358
1238,382.35645,6.113825,0.48503864,1.3038329,5.6836643,79.91999
1239,364.1659,7.411421,0.50943696,2.5957603,28.133593,78.365906
1240,451.00125,13.08819,0.5606897,-1.5099823,30.603361,126.39261
1241,368.99585,6.7316422,0.45525587,2.1340375,19.754047,85.84563
1242,393.4715,5.7580347,0.5080869,1.2054168,2.0315628,74.1026
1243,367.656,6.936942,0.46218324,1.8377268,14.613605,89.36002
1244,361.05414,6.6066527,0.4781538,2.0874357,16.532673,87.09603
1245,382.1969,6.171543,0.49530554,1.2675285,3.562317,79.96371
1246,394.44696,5.5307946,0.54439104,1.3859934,2.117527,69.747215
1247,478.9353,12.087599,0.63169575,-2.0055277,22.164629,87.81623
1248,389.7177,8.203136,0.45796788,0.78546524,3.4948254,92.56919
1249,379.14166,5.8360653,0.4750523,1.3721656,7.766594,78.57269
1250,457.30457,11.169839,0.5443094,-2.3148463,63.82673,123.771194
1251,389.74408,6.004431,0.48364192,1.1499336,3.8439999,77.100655
1252,369.08948,7.066877,0.4496052,1.7996,15.958294,90.0537
1253,382.70667,5.586963,0.50575876,1.3984735,5.422571,74.9978
1254,471.04895,10.224642,0.45959312,-3.3988526,74.1214,155.96732
1255,375.87766,5.9222836,0.49559778,1.4596087,6.4119835,79.73746
1256,383.94534,5.7991233,0.502375,1.3316548,4.4918365,76.81833
1257,381.47766,5.6528788,0.47793806,1.3334718,7.0243855,76.30109
1258,492.13333,8.889811,0.53980196,-2.1126459,6.3239,52.059826
1259,383.64517,7.5765944,0.45856425,1.1762742,7.498413,90.631195
1260,385.4605,5.863156,0.4916441,1.2689254,4.4240475,77.08199
1261,368.9479,5.4153438,0.52962005,1.7094128,10.019691,74.800446
1262,350.70203,5.5545363,0.5373631,2.0366764,14.451416,78.21126
1263,396.58948,7.8250303,0.46220946,0.67632115,0.4278221,87.87845
1264,354.6937,5.461362,0.5565151,1.9769437,13.374889,75.65149
1265,386.8236,6.31003,0.47050107,1.1886133,6.521595,80.370964
1266,382.37183,6.1941395,0.46846575,1.3285079,8.949127,80.81015
1267,355.6454,5.5928845,0.5329418,1.9487584,13.094047,78.49498
1268,370.35132,6.8968134,0.441357,2.010185,19.337723,87.49675
1269,382.1822,6.5609045,0.46725595,1.3527002,9.064228,83.719
1270,462.70575,11.421108,0.44509697,-2.5910718,59.539627,148.38832
1271,413.0051,5.3189173,0.5362171,1.198284,-0.30163765,62.62141
1272,368.19983,5.4974666,0.5278323,1.7162242,10.038597,75.96364
1273,396.93573,7.283325,0.4467042,0.80207646,3.3559284,84.9357
1274,372.37756,6.411525,0.49291644,1.5302161,7.6504,84.30536
1275,463.95367,10.156403,0.43950775,-3.381325,69.861885,170.5046
1276,385.5725,7.291382,0.45988998,1.1720237,7.02034,88.13595
1277,369.55847,8.0186405,0.4289644,1.475433,16.018578,96.36845
1278,385.9892,7.7391405,0.45992187,1.0569204,5.887787,90.86734
1279,408.1872,7.059559,0.4496437,0.4853897,-3.7715778,79.178345
1280,370.82214,5.49097,0.51916707,1.6544026,9.409197,75.815155
1281,394.9605,7.8463697,0.4566558,0.73222184,1.6623955,88.73987
1282,378.71805,5.598919,0.5046278,1.4618196,6.640957,76.04427
1283,380.84827,5.792025,0.4977696,1.3759618,5.5129166,77.5045
1284,425.44354,9.404316,0.4692128,-0.7629845,-8.636639,85.87808
1285,443.28177,12.309603,0.58597314,-1.2635615,10.225437,103.93234
1286,361.64276,5.2669854,0.55502945,1.8710034,12.60726,72.26474
1287,363.36963,7.327302,0.50396,2.548395,28.762781,79.462456
1288,393.66443,5.5532093,0.50486934,1.2348175,3.0880203,72.39888
1289,407.70508,5.1653557,0.5490916,1.336834,2.4401016,61.013855
1290,417.34552,6.689949,0.4586106,0.40927482,-4.765587,74.56506
1291,373.9889,6.382739,0.49202326,1.4831753,7.038437,83.70405
1292,413.2072,9.775207,0.45409355,-0.1652906,-2.4256706,94.54558
1293,372.28088,6.383677,0.4951994,1.5239401,7.4146748,84.07343
1294,374.17825,5.5236254,0.52128696,1.592371,8.161697,75.51379
1295,411.09937,5.687478,0.4848869,0.9037769,-1.5124474,69.19755
1296,433.3473,8.309645,0.4314234,-0.41068983,-12.34388,80.67628
1297,433.53284,12.938873,0.5985933,-1.1539469,28.731869,125.67273
1298,386.1444,7.5799356,0.4628373,1.1017454,6.213026,89.84681
1299,387.80023,7.4294844,0.46607125,1.0689034,4.9683075,88.12359
1300,392.69037,5.2677307,0.5609535,1.5132868,5.04928,65.361725
1301,371.1579,8.336916,0.43504348,1.2761759,13.255916,98.154274
1302,412.37463,8.539385,0.44528073,0.10339618,-4.2654305,87.47399
1303,395.82162,5.9222527,0.4711303,1.0214444,1.7969055,74.757645
1304,467.2434,10.7368965,0.45493937,-3.0608394,68.95033,150.26811
1305,425.11523,5.997754,0.48460078,0.76854515,-6.151272,67.56221
1306,419.81128,4.754525,0.5265087,1.361135,3.2223988,35.078526
1307,405.49197,9.960087,0.48436,-0.2814765,-5.5061855,95.62165
1308,390.66296,6.580491,0.46731853,1.030374,3.6858883,80.956726
1309,377.86346,5.582698,0.50687575,1.4843428,6.9599,76.0081
1310,373.0046,6.3774676,0.49346358,1.4983727,6.9876347,83.83692
1311,360.79315,7.405921,0.51232505,2.6038578,28.711422,78.898796
1312,398.68146,7.272975,0.46288994,0.69945574,-2.6098232,82.96512
1313,489.54953,9.636466,0.6683442,-2.1780784,24.45883,48.824055
1314,385.58728,5.880411,0.48869523,1.2569128,4.266264,77.15884
1315,417.32434,5.277735,0.5364283,1.1732475,-0.8832264,60.447697
1316,389.14374,7.20455,0.45537788,1.0894588,6.876301,86.734505
1317,489.19775,11.573879,0.6245897,-2.5472043,59.989597,99.929665
1318,374.0844,7.1282263,0.46958274,2.377777,27.238462,80.60509
1319,483.96866,10.506071,0.62541837,-2.1541603,16.08862,64.830734
1320,403.25616,6.0697002,0.46932465,0.87997997,-0.9848175,73.840805
1321,378.52887,6.1813493,0.49395433,1.375836,5.622532,81.11148
1322,362.2674,6.568207,0.48263705,2.2662847,18.56379,84.41428
1323,435.65808,11.793915,0.57057583,-1.0567896,7.0593643,102.649445
1324,378.8936,6.74553,0.4605956,1.4486096,11.048673,85.966896
1325,387.8647,6.4783883,0.46536008,1.144658,6.1931057,81.28053
1326,484.74615,6.8052464,0.3845645,-0.68135905,-19.472012,61.52452
1327,384.0526,6.6082487,0.46341723,1.2524189,7.263342,83.38967
1328,465.12152,12.729187,0.5753156,-1.8608305,38.513817,120.458565
1329,377.23456,8.576869,0.44404665,0.9966595,8.778494,98.33815
1330,388.3007,6.5364485,0.47316903,1.1276424,5.0728855,81.46754
1331,375.45407,8.638414,0.44870093,1.0350859,9.0450115,99.03404
1332,372.20325,7.1879406,0.46467024,1.587831,10.347456,90.27689
1333,364.16736,6.0631504,0.46240345,1.8937981,17.105812,83.6663
1334,377.1845,5.84114,0.5046466,1.4476647,6.2141724,78.72044
1335,408.2696,8.206633,0.4550156,0.20039248,-7.975376,85.92862
1336,367.55408,6.7164364,0.46191922,2.177869,19.439562,85.46872
1337,397.2818,8.0622225,0.4587705,0.60081244,0.15266228,89.17246
1338,374.9895,7.981061,0.40953645,1.6873271,22.657806,94.00508
1339,635.5659,9.326942,0.8151512,-4.7453938,90.23926,-9.689827
1340,359.54315,6.5278335,0.48138273,2.1642604,17.266396,86.06411
1341,389.21906,7.3841105,0.46577424,1.0140867,3.9512005,87.24944
1342,371.72278,5.5294895,0.51790446,1.6306725,8.710396,76.00467
1343,355.675,5.491701,0.53670835,1.9431256,13.327756,77.21259
1344,373.71204,5.906854,0.47404233,1.5503563,11.909028,80.71476
1345,482.8923,11.812119,0.70151776,-2.0846913,36.26526,79.654
1346,452.8128,12.687986,0.58297944,-1.4331591,16.192116,110.00486
1347,382.9002,7.5386496,0.46025482,1.2138449,8.0376,90.595505
1348,383.23926,8.48222,0.4469107,0.8823998,7.2631817,96.27772
1349,393.32916,5.1172185,0.54511666,1.4366554,5.938307,65.80524
1350,378.7529,7.5543146,0.46467566,1.2612892,5.752226,91.07815
1351,475.33276,10.990285,0.49725455,-2.8688347,69.4072,130.30817
1352,369.10144,7.4385386,0.44878173,1.6959473,14.483401,92.66724
1353,381.39258,5.4117155,0.5184017,1.4791316,6.676388,73.01788
1354,392.6089,8.565158,0.4548472,0.58889854,1.5493832,93.60252
1355,392.0558,6.887151,0.46322376,0.98724926,3.680746,82.89654
1356,511.43265,11.047049,0.7541258,-2.5525143,48.999683,56.267597
1357,373.61725,6.7841763,0.46692738,2.319355,22.131796,81.55465
1358,411.86267,9.719231,0.46168402,-0.3312707,-7.245903,92.61504
1359,453.48764,12.4415865,0.49291,-1.8811758,47.16137,135.9295
1360,506.39673,11.41087,0.7140611,-2.5208905,54.21109,74.14374
1361,467.4563,11.665394,0.7027072,-1.8246434,29.774569,78.28827
1362,463.64008,13.009052,0.5878663,-1.706198,28.969992,117.09203
1363,419.4086,5.642517,0.48303398,0.81402695,-2.927864,66.86902
1364,383.4461,7.373812,0.46279374,1.2393732,8.157072,89.34312
1365,436.60095,12.423147,0.60304236,-1.150204,12.344963,106.84943
1366,376.65845,5.722256,0.5098156,1.4878287,6.5087833,77.5726
1367,377.80365,6.447336,0.49041605,1.3407357,4.7728844,82.88005
1368,384.29327,5.6158447,0.55063987,1.5068989,3.8821945,72.96655
1369,392.2074,5.5688725,0.5031851,1.2505519,3.2935848,72.86128
1370,389.26404,6.502898,0.46939486,1.0929996,4.7120075,80.94038
1371,396.49417,5.4838824,0.5037948,1.206191,2.73287,71.11677
1372,460.48822,12.006779,0.61363417,-1.6629531,14.485424,91.838005
1373,386.72665,5.7838573,0.5005769,1.2827942,3.9962997,76.0875
1374,400.73154,7.7120953,0.45135865,0.57438016,-1.0755253,85.87886
1375,462.07715,10.571814,0.45445463,-3.0476096,69.21036,153.20071
1376,404.7541,8.227474,0.4524601,0.25809908,-6.899189,86.809235
1377,365.6352,5.49444,0.5293412,1.7664998,10.779251,76.29364
1378,388.77673,6.140145,0.49539316,1.1632764,2.3605518,78.18551
1379,399.615,6.8309774,0.4721642,0.7899487,-3.0711784,79.83749
1380,386.4747,7.4333344,0.46372136,1.1327728,6.569439,88.84737
1381,378.36804,5.8608723,0.47418737,1.4014338,8.640648,79.06985
1382,607.3015,8.962783,0.72406846,-3.9298909,49.05114,-7.6940536
1383,460.10568,12.883877,0.609249,-1.6124933,23.18191,110.42555
1384,465.7494,12.708774,0.5901034,-1.8311889,36.786804,117.38258
1385,436.9704,11.463309,0.6039425,-1.2654612,6.373186,91.27814
1386,370.5324,5.5348973,0.48022768,1.5715892,10.93044,77.613235
1387,529.17914,11.565975,0.6109536,-3.290643,66.48142,89.319916
1388,482.34323,11.702787,0.62601966,-2.4006875,57.171722,102.49068
1389,382.49905,6.7621746,0.46489018,1.3336538,8.946573,85.133835
1390,469.70508,12.334752,0.6572802,-1.798558,32.20398,98.22337
1391,379.7591,6.452883,0.45992056,1.4421424,11.782679,83.59678
1392,381.2587,5.7617855,0.50273526,1.3844863,5.3588257,77.103294
1393,484.36093,12.002605,0.68515027,-2.1393769,43.814693,88.851685
1394,382.25714,7.455077,0.4635085,1.2548443,8.235008,90.159744
1395,376.48416,7.50144,0.47084326,1.3333832,5.568409,91.05134
1396,446.3755,10.877619,0.43928963,-2.60795,61.73404,158.0588
1397,368.85065,6.671433,0.46986595,2.2591093,20.354212,83.70128
1398,679.1521,9.074869,0.85121083,-5.6418734,105.06409,-18.367393
1399,373.79932,7.1389275,0.42425147,1.8710124,21.22789,89.0108
1400,447.3806,10.649969,0.4351085,-2.7690003,63.17018,163.1041
1401,652.0422,9.585227,0.799359,-5.120981,95.84277,-1.4072876
1402,429.22162,12.137707,0.5951121,-1.0254614,7.966463,103.77886
1403,474.18082,12.023661,0.49094808,-2.4248679,54.904587,131.61226
1404,459.09332,12.470044,0.5236006,-1.9713814,47.230644,129.5418
1405,369.14966,7.073598,0.44385943,1.8923322,17.798725,89.52739
1406,365.61026,6.868554,0.46397358,1.9190533,15.266744,88.99331
1407,386.98056,7.323167,0.4731108,0.9500383,-0.662714,86.16065
1408,392.1618,5.9818926,0.49325952,1.1385175,1.7870216,76.188354
1409,420.91885,9.625485,0.45834112,-0.6052494,-9.675266,88.78321
1410,441.10852,12.616453,0.5424016,-1.4640701,40.853188,132.65561
1411,432.3227,12.533258,0.6098878,-1.0837421,13.092417,108.75087
1412,376.37238,5.4674697,0.5191157,1.5549746,7.747074,74.54948
1413,388.2178,6.8249173,0.4649222,1.1233203,5.6171665,83.72699
1414,379.453,6.5073233,0.4877759,1.2901357,4.136997,82.85749
1415,387.30774,6.231152,0.49443156,1.1711533,2.3737202,79.116974
1416,379.1546,7.330386,0.4205832,2.053393,26.897957,86.28578
1417,380.70062,5.7653837,0.50989175,1.406676,4.9570103,77.07505
1418,377.2533,6.922224,0.4512764,2.2528412,23.627787,82.64714
1419,367.04712,6.5294657,0.47369528,2.285785,20.627392,82.79816
1420,391.16296,5.5957465,0.50011843,1.2516661,3.4866047,73.38013
1421,375.89307,6.859001,0.45533922,2.2843285,23.769297,81.86147
1422,354.40933,5.4719687,0.5346665,1.9615855,13.7863245,77.18147
1423,463.30386,11.633553,0.6229044,-1.7563612,14.075343,83.15913
1424,458.34705,12.159428,0.5471078,-1.9945266,50.735714,125.29451
1425,353.1313,5.4427557,0.4957187,1.9562938,15.678876,78.3998
1426,411.46802,7.366864,0.4454013,0.34891725,-7.374214,80.35124
1427,403.28503,7.9529457,0.45101798,0.47810197,-1.3365631,86.812485
1428,372.51678,5.43965,0.58324623,1.7838826,8.781099,70.030464
1429,469.2652,10.159851,0.44499877,-3.4757774,71.73056,167.76547
1430,388.0036,6.3975296,0.46638003,1.1396427,5.9608707,80.62854
1431,376.2204,5.384094,0.5232681,1.5757529,8.256367,73.51291
1432,405.28467,6.451812,0.47202703,0.7808986,-3.1436157,75.825096
1433,505.62567,10.431153,0.47281998,-3.9080675,80.81636,141.5883
1434,370.45297,7.1763234,0.4807889,1.5590861,7.7787533,90.032715
1435,401.12573,6.5162215,0.4755809,0.84235,-2.2108994,77.344795
1436,460.22406,10.940155,0.44919175,-2.8334324,65.25337,151.13138
1437,390.7275,5.8357134,0.48710293,1.171112,3.273466,75.593575
1438,435.92706,12.180783,0.5812321,-1.1294332,7.6158695,103.40843
1439,430.94888,9.150364,0.4337006,-0.6867037,-12.717403,83.90513
1440,381.3474,7.4313293,0.45689735,1.2761899,9.161898,90.358345
1441,382.6444,6.1068892,0.49683672,1.2746481,3.647335,79.422585
1442,405.24432,5.1612782,0.55692613,1.3957963,3.390295,60.740395
1443,366.57578,7.151762,0.46158484,1.9242631,15.671468,90.37741
1444,371.41595,5.6270733,0.5119446,1.611799,8.399488,77.38538
1445,512.3793,8.487936,0.5779811,-2.3553126,15.147682,38.69853
1446,577.5227,10.187134,0.75992054,-3.8851664,85.12628,34.26798
1447,376.65283,7.0402946,0.4439845,2.1640446,22.115004,84.92595
1448,369.4299,7.370615,0.49008322,2.4898849,29.01927,79.89698
1449,382.2962,7.0134,0.46017283,1.3238784,9.422356,87.190475
1450,476.09293,11.773257,0.4764505,-2.6228588,58.690853,135.2864
1451,391.704,5.832857,0.4942922,1.174095,2.6116142,75.28771
1452,606.03125,8.959366,0.7245429,-3.8991234,48.485474,-8.152725
1453,409.25903,5.2800717,0.5419147,1.2602187,0.97527695,63.08326
1454,381.86554,6.0207767,0.47994405,1.312108,6.207857,79.37372
1455,365.714,5.3792787,0.5319481,1.7688907,11.078127,74.91578
1456,451.8883,10.225817,0.5147505,-1.5246127,-3.5446682,82.312386
1457,358.96176,7.091937,0.48835522,2.333285,31.430073,83.45406
1458,381.83228,6.8342915,0.46126768,1.3541484,9.725433,85.94451
1459,455.71692,10.11892,0.43824401,-3.1994193,67.69858,171.98024
1460,384.22845,5.6205115,0.4971901,1.3434502,5.3615303,75.25061
1461,401.6568,5.211416,0.57347137,1.4894018,4.554348,60.477234
1462,487.11792,11.935286,0.6600451,-2.3615482,52.42834,94.21412
1463,373.02234,7.60852,0.456986,1.4756284,10.625623,93.141136
1464,375.91232,5.7412477,0.5034648,1.4944637,6.9149075,78.05208
1465,384.41138,5.5360575,0.5171911,1.4060041,5.1267033,73.86893
1466,631.7644,6.9064226,0.7041373,-3.9486458,54.01001,-42.735092
1467,372.60013,8.080149,0.43376905,1.2764868,12.791494,96.478386
1468,385.96405,5.551506,0.51623666,1.3767688,4.736639,73.818275
1469,393.0117,5.9150887,0.49186236,1.1304212,2.3338013,75.60045
1470,387.87225,7.201619,0.47875834,0.9629997,-0.42935944,85.21149
1471,379.1931,7.7557697,0.46203068,1.2377585,6.93437,92.536224
1472,419.23407,7.2741256,0.4493828,0.23649287,-8.865768,78.19498
1473,369.00818,5.487717,0.53690267,1.7155485,9.5929165,75.35356
1474,647.4842,9.295967,0.8221784,-5.0737715,101.105865,0.15895844
1475,379.50418,6.2967167,0.49431625,1.3030862,4.0408154,81.41363
1476,457.12573,12.349865,0.49467745,-2.0069368,49.17634,134.70847
1477,461.74622,8.096659,0.39745608,-0.9333887,-16.825142,72.05791
1478,493.0157,11.500341,0.6560867,-2.3308594,24.269514,69.99635
1479,513.4888,11.258562,0.709958,-2.7865984,64.160866,71.97596
1480,378.91614,5.621377,0.5129826,1.4735684,6.3378124,76.00996
1481,390.05566,7.8456454,0.46044126,0.8179977,0.4434147,89.476364
1482,373.9972,5.565597,0.5209044,1.5883132,7.8601837,75.97146
1483,403.74924,6.7891006,0.45746306,0.6521641,-1.6757183,78.57824
1484,417.0002,7.5021024,0.45341313,0.23754406,-8.740616,80.395515
1485,383.60614,6.4254155,0.48820212,1.1923797,2.3575172,81.14676
1486,386.13934,5.379838,0.5189773,1.4117798,5.7197857,71.79846
1487,439.38858,11.974548,0.5905349,-1.2312198,7.6830654,99.061195
1488,377.51154,6.3229966,0.49447063,1.3522735,4.685564,82.103264
1489,440.76642,9.971197,0.44702172,-2.9302227,66.254364,170.7009
1490,551.20215,11.086929,0.696156,-3.5111725,73.49951,60.149963
1491,356.66376,6.817408,0.5116441,2.5473535,25.224743,78.565735
1492,385.96954,5.525356,0.51949644,1.389754,4.8797665,73.44527
1493,384.50198,5.4371223,0.56312,1.581238,5.3603764,69.70206
1494,401.31226,6.5199347,0.48038578,0.8602091,-2.2613697,77.34775
1495,464.88513,12.828751,0.6252736,-1.7203138,27.186188,107.83492
1496,457.8719,10.065327,0.45829356,-3.215227,71.744576,161.64713
1497,668.2998,9.098987,0.8458814,-5.406453,102.736084,-14.382317
1498,389.3944,7.3630743,0.46259633,1.0548164,4.9741726,87.36795
1499,383.31323,6.667206,0.48846442,1.1713359,2.1932087,82.75361
1500,352.59253,5.3722706,0.50382864,1.9519061,15.401515,77.32778
1501,457.58105,9.945023,0.5750519,-1.6472433,5.7023582,71.95709
1502,448.8164,7.6085663,0.41580155,-0.37848043,-14.721245,74.16802
1503,377.00723,6.463689,0.49083564,1.3539325,4.7965565,83.143555
1504,350.4889,5.6371455,0.53173566,2.052916,14.662274,79.52189
1505,381.3664,7.7901225,0.46798953,1.0956968,3.257906,91.57183
1506,371.04675,7.598259,0.41939554,1.6403304,18.9861,93.1747
1507,470.7272,12.936228,0.6023438,-1.8187587,28.195522,111.38495
1508,400.15454,6.7348757,0.4765844,0.81343853,-2.7532253,79.10136
1509,480.90378,9.981909,0.57024604,-2.084142,6.1046753,62.25834
1510,397.8589,8.683323,0.45503354,0.4269998,-0.42993736,92.671646
1511,374.3689,5.4078856,0.5387528,1.6359901,8.335575,73.44903
1512,378.25824,6.3613305,0.49077743,1.3370748,4.717499,82.21763
1513,450.00067,10.475018,0.4402554,-2.8993013,65.31116,163.63312
1514,370.80148,5.3670835,0.5441903,1.7062619,9.658627,73.424446
1515,370.76733,7.0244255,0.49376816,2.466814,25.516123,79.0922
1516,382.52057,6.7712684,0.4659031,1.3303066,8.694262,85.18112
1517,367.93982,6.649848,0.45948938,2.1876404,19.854403,84.8652
1518,376.96494,7.2704096,0.41431043,1.9002514,23.348892,88.30571
1519,365.98138,7.4587154,0.5065904,2.5765698,28.841557,78.73747
1520,379.80304,5.183256,0.56557727,1.68824,8.841146,66.255646
1521,471.23352,11.735188,0.43165222,-2.6824872,58.152107,147.28644
1522,373.6474,5.939491,0.470581,1.5709369,12.651322,81.000145
1523,407.81326,6.9334874,0.46567094,0.5956664,-5.487499,78.832535
1524,388.80066,5.652826,0.5015,1.2830175,3.5713177,74.34708
1525,378.31384,7.230215,0.4187399,1.979918,24.879774,87.16601
1526,522.26953,8.895498,0.6778209,-2.5681608,31.636694,29.794647
1527,391.40002,5.933137,0.48644632,1.1430837,2.2107449,76.06174
1528,350.9001,5.6074963,0.5407038,2.0387375,14.1294155,78.674324
1529,489.3588,11.559711,0.61365056,-2.6242616,61.956596,100.637
1530,378.09674,7.1869397,0.4207901,1.9947144,24.318817,86.95032
1531,370.9142,7.630187,0.42099997,1.5844202,18.150543,93.643295
1532,376.42337,5.9203095,0.50509936,1.4456164,5.863676,79.50944
1533,372.70215,5.4263015,0.4911321,1.5403272,9.307041,75.83853
1534,374.9433,7.551919,0.4143576,1.7955885,21.864841,91.116066
1535,452.5257,12.0575485,0.60988945,-1.5091312,12.856787,94.7601
1536,373.3435,6.7824383,0.47085533,2.3264742,22.113773,81.56871
1537,355.79858,7.250923,0.5161317,2.5531368,29.794798,80.705215
1538,453.8274,13.027271,0.6151846,-1.5390928,28.049273,115.618126
1539,477.91415,12.145966,0.46397796,-2.5516136,54.62194,136.24573
1540,363.20404,5.890545,0.43802938,1.8040714,18.545351,82.77915
1541,403.91986,5.1665487,0.5548661,1.4062148,3.4816341,61.15388
1542,375.7346,6.9026604,0.45836574,2.3067114,24.757944,81.49342
1543,407.71893,5.2595706,0.5480729,1.3189157,1.5068874,62.090954
1544,382.6637,6.3499384,0.48834732,1.2297345,3.3015919,80.99765
1545,489.74802,10.218978,0.48707694,-3.5877864,80.61423,137.08052
1546,369.59222,8.151743,0.42664462,1.4439884,16.13972,97.08175
1547,385.70782,6.7992063,0.4680552,1.2073346,6.6150303,84.28462
1548,375.19635,4.998228,0.59040165,1.8916421,12.373042,58.92801
1549,378.30695,7.3037233,0.41636637,1.9459008,24.567375,87.80136
1550,431.48865,8.061121,0.4339807,-0.25056815,-11.8076515,79.96151
1551,370.17844,5.769934,0.48106143,1.641593,12.767501,80.173
1552,407.24045,6.7468386,0.46791148,0.6618974,-4.544159,77.45158
1553,418.99792,5.4171023,0.5124592,1.032692,-2.7531395,63.37778
1554,357.72565,5.4539347,0.49920794,1.8585835,13.8769865,77.988556
1555,378.4372,6.3621125,0.49540964,1.3267606,4.4933453,82.12433
1556,472.2447,11.04489,0.6454525,-1.9486291,17.881107,70.799
1557,379.15985,6.3447895,0.49829593,1.3028007,3.8606453,81.76215
1558,456.92413,12.971226,0.59917545,-1.5464242,23.009768,114.01955
1559,408.83972,8.934097,0.45010382,0.030613184,-6.2350655,89.89006
1560,379.17682,6.2033067,0.46492404,1.4313303,10.790971,81.75369
1561,367.9165,8.581221,0.44633374,1.3112077,11.391379,99.69487
1562,355.31854,5.572446,0.5297438,1.9533176,13.430127,78.47822
1563,429.21405,10.236433,0.5037561,-1.0069001,-6.1772575,88.87173
1564,361.63605,6.4816766,0.47202358,2.17508,18.556307,85.3983
1565,386.9162,6.3679876,0.48833424,1.1386456,1.9008427,80.04588
1566,370.95218,6.949095,0.4409327,2.000244,19.465998,87.70884
1567,456.71274,10.2706785,0.52635926,-1.6586382,-2.4234562,78.2891
1568,452.52908,10.97423,0.44018003,-2.6779397,62.46695,155.38733
1569,374.86804,8.472218,0.4405527,1.0914373,10.572069,98.35101
1570,370.60605,6.329152,0.49901605,1.561489,7.74325,84.02395
1571,433.03467,9.238763,0.44174355,-0.76331973,-11.241844,83.63723
1572,393.09937,5.47814,0.50872254,1.2726232,3.36726,71.65495
1573,363.5285,5.3341436,0.49266195,1.7222953,12.946853,76.35866
1574,372.5318,8.001669,0.4749339,1.3393266,7.082239,95.29306
1575,385.01868,6.608684,0.46577567,1.2579064,7.970272,83.24251
1576,479.4099,10.185837,0.47270834,-3.515722,77.80813,147.26663
1577,437.77164,12.8971615,0.61749816,-1.2051823,26.311386,119.68674
1578,371.50452,6.0813613,0.44165346,1.6128954,15.724944,82.63732
1579,401.3741,5.497953,0.50170106,1.1252306,1.6226826,70.14479
1580,390.01392,7.740758,0.4695962,0.7431073,-2.706768,87.92615
1581,370.8144,7.655479,0.45861375,1.5295633,11.11469,93.78225
1582,347.81036,5.238043,0.5225551,2.0164845,16.088547,75.06366
1583,402.5175,6.703022,0.47084674,0.76270866,-3.4259605,78.254395
1584,387.27347,7.427973,0.463139,1.0983524,5.802593,88.47654
1585,454.65125,9.115482,0.45558333,-1.4110553,-9.430531,73.53385
1586,388.19373,6.5832157,0.4480962,1.112792,7.6725273,82.32217
1587,375.583,5.9444113,0.45304537,1.4854279,13.019546,80.58597
1588,406.9613,5.162123,0.55302954,1.3588682,2.8171215,60.852592
1589,390.8219,5.8639107,0.5184988,1.2901956,0.6745205,74.677055
1590,450.20837,12.344707,0.53297573,-1.7876852,47.1679,130.63474
1591,375.45844,7.5240183,0.4128186,1.7835839,22.379078,90.943245
1592,368.49274,6.8052063,0.4637207,2.1898756,19.409693,85.509056
1593,406.92017,6.149294,0.48123282,0.8422413,-1.6949844,73.54519
1594,385.85,6.6514554,0.46875763,1.2048562,6.590664,83.139206
1595,468.9449,11.205399,0.42835963,-2.9547403,63.23031,155.29312
1596,369.75897,6.7769446,0.46492934,2.2195826,20.037674,84.65268
1597,370.35626,6.1996956,0.4981832,1.6030885,8.861765,83.30455
1598,395.3931,5.291591,0.56991124,1.5208688,4.7128735,63.80842
1599,471.35986,11.64316,0.42915127,-2.7521122,59.060783,149.00664
1600,367.35812,8.251816,0.44043905,1.4744277,13.719481,97.68082
1601,484.75552,11.899389,0.6919912,-2.1497176,45.356613,87.10068
1602,531.5498,6.939676,0.5146208,-2.2868679,16.22303,23.266548
1603,392.07526,6.476797,0.4847836,1.0279833,0.105358124,79.446205
1604,382.45676,6.5600247,0.48647708,1.2053641,2.7388248,82.33976
1605,387.37503,7.0107307,0.4710261,1.0765293,3.591545,84.73596
1606,467.8338,10.334408,0.440924,-3.3460567,69.83087,165.62868
1607,349.54736,5.5388556,0.5396291,2.0528555,14.708781,77.97963
1608,448.9569,10.180805,0.44332966,-3.0331805,67.204575,167.51984
1609,388.0842,6.384305,0.46602774,1.1357859,5.961441,80.50015
1610,384.1692,5.8231697,0.4986135,1.3116207,4.6844006,77.038925
1611,459.64307,13.030621,0.57849514,-1.7169187,32.97707,121.50481
1612,390.61542,5.5842586,0.5421477,1.4119006,2.5287113,71.47748
1613,454.51135,11.42635,0.44619587,-2.4443233,58.543583,148.99847
1614,406.69925,5.494845,0.54063797,1.2467664,0.11498451,66.22739
1615,373.6377,8.184296,0.4356559,1.2192104,12.537526,96.922806
1616,458.3791,10.86143,0.5383371,-1.6738365,-1.1547604,83.707634
1617,386.76508,5.5098844,0.5171889,1.37518,4.7891808,73.18807
1618,384.4898,6.1738873,0.4863571,1.2376823,4.166897,79.5948
1619,381.33386,8.09136,0.4574367,1.0653338,6.2344875,94.140076
1620,395.18707,5.7532926,0.4910756,1.1223836,2.4488811,73.89178
1621,436.20184,12.2163925,0.58482593,-1.1354473,8.42524,103.83845
1622,429.02325,5.2791176,0.52238214,1.0060388,-3.4615784,57.894966
1623,389.509,6.294574,0.48979238,1.1167881,1.0006657,78.924286
1624,377.57266,5.621234,0.4987002,1.468025,7.08342,76.63388
1625,369.75784,5.5081005,0.52750283,1.6862346,9.360386,75.760956
1626,382.6471,9.351942,0.4513497,0.6892452,7.0393295,101.63035
1627,389.9676,6.857737,0.46418926,1.0624506,4.778597,83.4052
1628,385.3369,7.767538,0.45964816,1.0625271,5.818577,91.16782
1629,367.07043,5.5322223,0.4721601,1.6545413,13.369503,78.43129
1630,386.9453,6.3365464,0.48494437,1.1368747,1.9901962,79.81646
1631,393.2287,9.506803,0.4586921,0.35603833,1.5086727,98.69941
1632,371.4093,5.484099,0.5147954,1.6322552,9.174782,75.7698
1633,385.45355,5.863245,0.4916469,1.2690456,4.425062,77.08426
1634,374.78256,7.3473053,0.41419744,1.8006563,21.8439,90.11059
1635,417.01013,4.9720693,0.57321256,1.4239465,4.1102962,50.348965
1636,375.5456,7.8115044,0.46457684,1.3137132,7.1505375,93.62117
1637,381.71814,6.1445875,0.49517027,1.2814921,3.842142,79.907364
1638,471.31378,12.902191,0.60599077,-1.8205931,27.398365,109.944244
1639,652.08746,9.08988,0.8419243,-4.9806776,93.66113,-18.784813
1640,370.13275,7.9786863,0.4318929,1.4235933,14.885523,96.24534
1641,384.0213,7.3879986,0.4558786,1.195341,8.067234,89.36883
1642,371.30325,6.30897,0.4575787,1.7296226,15.754603,84.4523
1643,388.50073,5.3155293,0.5718894,1.596708,5.903536,65.55847
1644,379.01654,6.590656,0.4582155,1.4564154,11.885551,84.82698
1645,371.4389,5.835333,0.47431007,1.6189208,13.059008,80.51553
1646,369.31046,5.3449144,0.5005204,1.6263115,10.274418,75.20896
1647,414.98584,10.18745,0.46011025,-0.34531617,-3.9951725,96.04864
1648,547.8291,10.437416,0.77924484,-3.1378996,63.990993,34.818752
1649,521.204,11.056876,0.74928963,-2.7208765,50.22246,53.701813
1650,388.12,7.2590375,0.46772635,1.0742266,4.563843,86.68464
1651,372.052,8.269485,0.43954954,1.2519765,11.818273,97.52498
1652,395.0473,5.8464847,0.4878021,1.1060905,1.5347309,74.50667
1653,372.6996,7.4965744,0.46263877,1.5079507,9.868324,92.27261
1654,369.97015,5.451991,0.5210798,1.6765462,9.899128,75.48843
1655,390.78522,6.9216356,0.47862545,0.95899534,-0.51460266,82.55118
1656,439.46118,11.2100725,0.60708356,-1.3374529,6.712887,86.474915
1657,386.79327,6.5848703,0.47743142,1.15321,4.8207054,82.11454
1658,393.7506,6.205365,0.4706996,1.0077931,2.047945,77.35541
1659,392.14893,8.013908,0.46541882,0.77129185,2.4051838,90.544586
1660,380.86047,6.4502378,0.48937094,1.2555448,3.4723644,82.062584
1661,415.7011,8.520172,0.43568036,-0.03455329,-7.929859,85.703575
1662,384.21558,5.724292,0.4921064,1.3132402,5.2649612,76.20242
1663,382.06036,6.416576,0.45934972,1.3466612,10.236063,82.70317
1664,405.51416,5.187291,0.553378,1.3689389,2.8732014,61.585365
1665,371.03864,5.582275,0.517194,1.6376336,8.862886,76.83753
1666,454.3634,11.458811,0.61142325,-1.5925052,10.161692,85.34309
1667,350.07654,5.552321,0.5386175,2.0458474,14.560731,78.16011
1668,372.01343,7.2204695,0.46238786,1.5960975,10.843559,90.59393
1669,369.62842,7.244114,0.4563228,1.717387,13.867137,91.2176
1670,370.92398,5.468229,0.5254679,1.6650159,9.382917,75.281235
1671,401.1675,6.2478848,0.47186744,0.8790591,-1.0573311,75.546585
1672,469.203,12.648941,0.5647529,-2.0419643,43.009056,120.44978
1673,370.503,6.925672,0.44275615,2.0152812,19.34499,87.59474
1674,355.31964,5.306803,0.51315546,1.8954332,14.128836,75.99802
1675,382.63483,6.6728096,0.46468732,1.3336153,9.0154,84.42235
1676,385.06024,6.2222424,0.47593755,1.2530671,6.9132366,80.25363
1677,385.48657,5.5528903,0.50610375,1.3608074,4.8915577,74.06571
1678,385.48712,6.0134525,0.4978389,1.2530295,3.5567741,78.12347
1679,385.31232,5.786286,0.5014382,1.3073287,4.2979774,76.43087
1680,371.74423,6.3600054,0.45388782,1.7006798,15.446017,84.78583
1681,392.35898,7.5899324,0.4567307,0.8976052,3.6987839,88.102005
1682,383.4552,6.25954,0.49142084,1.2225922,2.9565907,80.19787
1683,373.65826,7.6241302,0.45591158,1.4434593,10.348574,93.16476
1684,361.37482,5.354351,0.53602517,1.8414035,12.257216,75.01713
1685,385.0882,7.030403,0.4592674,1.242005,8.501762,86.579155
1686,380.6777,6.4194055,0.46018013,1.386944,10.336393,83.058014
1687,364.7381,6.645414,0.49445894,2.4298446,24.262375,79.798325
1688,476.66534,11.971953,0.6989192,-1.9904916,34.757698,82.684204
1689,371.3361,6.706077,0.4792652,2.3741474,22.447823,80.25766
1690,398.2083,7.8911037,0.443708,0.62826264,1.9438114,88.38326
1691,452.94965,12.988905,0.5456022,-1.6067617,34.266735,128.44354
1692,380.64618,6.117606,0.477424,1.3780506,8.638369,80.72376
1693,571.7858,10.784675,0.71202856,-3.947981,82.94156,49.330944
1694,453.9328,12.6304455,0.6283313,-1.4991639,22.828918,106.89252
1695,384.6242,7.5189686,0.4708158,1.0177972,1.3465691,88.405525
1696,388.67844,5.9291553,0.48231038,1.1754621,3.8699265,76.76768
1697,354.12265,5.5468626,0.5346528,1.9761332,13.704343,78.05238
1698,396.49408,5.992483,0.47745627,1.020573,1.2342396,75.15935
1699,453.8979,12.810666,0.5844904,-1.4622476,18.217342,112.27863
1700,367.6359,6.679684,0.46531892,2.2125661,19.720707,84.75983
1701,374.73303,5.5443993,0.5092052,1.5532535,8.090935,76.13214
1702,380.367,6.2629614,0.4697177,1.3898741,9.321823,81.8853
1703,386.75027,7.529111,0.46110225,1.0923388,5.9931297,89.350395
1704,385.36148,6.584923,0.48449707,1.1333547,1.6050777,81.70647
1705,383.90887,6.5875196,0.48712653,1.168798,2.218361,82.117935
1706,380.95386,7.464899,0.46959555,1.2157124,4.9526997,89.74908
1707,403.04114,6.7569427,0.47039056,0.7372042,-3.6593895,78.5209
1708,372.2185,6.1604195,0.49873143,1.5212466,7.2457848,82.43331
1709,389.29834,6.4392056,0.46988952,1.0966861,4.8154335,80.51034
1710,397.82153,5.284286,0.5648457,1.4847624,4.0038223,63.2731
1711,425.5644,5.2354984,0.5291397,1.0684962,-2.289484,58.094673
1712,386.48962,7.6459804,0.46148863,1.0676819,5.7836323,90.132065
1713,370.92517,7.264511,0.4625432,2.3049893,30.769241,82.55679
1714,367.7412,5.311106,0.5840045,1.8736182,10.807224,67.99963
1715,414.347,5.604018,0.49744818,0.9357147,-1.6315975,67.90204
1716,376.4179,5.532974,0.5187087,1.5438128,7.3830223,75.30535
1717,411.15942,8.981651,0.46186873,-0.19058776,-8.612286,88.89711
1718,366.54126,7.147633,0.4616705,1.9262788,15.686134,90.351006
1719,354.2081,5.546784,0.534539,1.9745847,13.687544,78.05192
1720,384.8649,7.195834,0.47847986,1.0462296,0.6867981,85.93149
1721,451.17236,12.586853,0.6151053,-1.433923,18.838951,106.66798
1722,409.2337,10.132121,0.47944504,-0.3603406,-5.5938644,95.90787
1723,519.3243,10.63304,0.7389608,-2.746277,42.430004,43.28725
1724,404.98572,5.2058496,0.5604086,1.4075165,3.2001972,60.881462
1725,453.28516,13.030628,0.54947877,-1.6004622,33.351036,127.751236
1726,372.60028,5.8850155,0.5065915,1.5428883,7.4059315,80.06337
1727,376.16113,6.0748615,0.49619204,1.4225644,5.89406,80.86696
1728,398.3501,7.5182123,0.45322526,0.72643006,1.3341866,85.736755
1729,380.97363,5.215,0.5676527,1.6814716,8.349466,66.06466
1730,374.95834,7.244496,0.451724,2.274407,29.411379,82.41436
1731,464.84753,12.98171,0.5928453,-1.7225082,28.810616,115.6033
1732,399.10507,7.03236,0.47217563,0.7480798,-3.3826923,81.414314
1733,402.93115,6.727763,0.46919495,0.7366189,-2.9203205,78.288055
1734,372.65497,6.8012857,0.48207965,2.3960981,23.214104,79.86146
1735,382.01126,6.627877,0.4872407,1.2081794,2.7644348,82.879234
1736,387.1433,6.433612,0.48636296,1.120254,1.7702732,80.37661
1737,379.7338,5.422323,0.5170553,1.5000353,7.134735,73.52779
1738,380.67917,6.1519923,0.4676079,1.3565593,8.339533,80.79858
1739,426.11374,9.602476,0.45032883,-0.65954566,-9.1549225,87.6129
1740,439.91672,10.044155,0.446992,-2.8733137,65.71324,169.31161
1741,396.5597,7.478816,0.44867885,0.7523898,-0.07106018,85.49302
1742,375.1969,6.2056794,0.44349793,1.5255766,14.640813,82.889114
1743,364.7306,5.3485265,0.5259901,1.7716222,11.643298,75.06242
1744,393.8457,5.9950953,0.48630807,1.0865297,1.6591492,75.90864
1745,385.38727,5.5099244,0.5033587,1.3583815,5.4708652,73.84552
1746,388.9986,5.7991095,0.49917394,1.2395669,3.1797466,75.634865
1747,374.86285,6.336687,0.4598319,1.5825188,13.251373,83.867874
1748,617.7521,8.8897915,0.7398755,-4.0777283,54.234383,-13.67453
1749,459.41803,10.457497,0.44254276,-3.119767,68.24585,161.28627
1750,445.34454,12.827326,0.6261535,-1.3619688,28.542606,116.282364
1751,379.64728,7.4163313,0.45632884,1.3296075,9.925951,90.67942
1752,374.09717,8.925392,0.46318033,0.9784335,5.991087,100.48433
1753,443.10834,12.972479,0.6344711,-1.3523529,27.417936,115.58859
1754,401.06152,8.9792795,0.453136,0.26541328,-2.1466923,93.201065
1755,355.466,5.6381106,0.5305488,1.955301,13.140439,79.12942
1756,373.8017,8.281837,0.4367158,1.1803733,11.916608,97.45602
1757,389.99182,6.3961697,0.46983278,1.0778096,4.584841,79.990906
1758,466.0816,12.461336,0.6107995,-1.7345207,18.904219,99.422134
1759,379.33704,5.699887,0.5034261,1.4333915,6.127043,76.93514
1760,467.91083,12.740788,0.6149039,-1.7545178,24.069216,105.87732
1761,387.48773,6.898438,0.46503156,1.1437795,5.7898407,84.483315
1762,392.2194,4.633418,0.5189782,1.7073066,10.945386,41.320873
1763,404.85236,5.670466,0.4914259,1.0004932,0.33191872,70.74013
1764,456.3733,12.469709,0.50511336,-1.9397051,47.31827,133.04927
1765,369.63672,7.215088,0.45009866,1.7061968,14.311676,91.19171
1766,458.0976,10.2766075,0.43611407,-3.184941,67.44495,169.11212
1767,375.5002,5.556798,0.5017588,1.5202582,8.004419,76.426254
1768,386.58588,7.247508,0.4793871,0.98566365,-0.10775757,85.82331
1769,361.3424,5.8600383,0.46772206,1.9214752,17.145756,82.47348
1770,538.9873,10.963864,0.5745627,-3.8361948,82.34491,91.53408
1771,379.35876,7.2904506,0.45587507,1.364815,10.404846,89.891136
1772,372.9768,5.2608767,0.5332713,1.6554058,9.671679,72.335106
1773,407.5216,5.341673,0.54305315,1.287466,0.68281364,63.591125
1774,427.86505,8.002121,0.43292126,-0.13694692,-12.128498,80.33239
1775,401.69403,8.1200075,0.45090052,0.4440465,-1.9255981,88.09742
1776,376.74493,7.224001,0.4391095,2.1940682,28.994793,83.44703
1777,378.49408,7.2383103,0.47173092,1.3538164,6.7438145,89.000534
1778,401.12283,5.2800164,0.5516398,1.387092,2.8445454,64.28218
1779,377.1842,5.7563815,0.49877352,1.4577904,6.5435333,77.9526
1780,370.92426,5.9207163,0.44765893,1.6137247,15.117663,81.41387
1781,397.46857,9.958737,0.4732471,0.12801313,-0.15579796,99.680756
1782,404.48355,4.3921666,0.4880603,1.4419597,6.5855236,33.784817
1783,397.23474,7.092423,0.47021675,0.7625222,-3.1688023,82.174675
1784,470.56805,11.855005,0.4662262,-2.4862087,56.499,138.86057
1785,402.80048,5.253624,0.5533713,1.3799908,2.8180027,63.347942
1786,374.4203,6.3948054,0.46734747,1.6201253,13.14057,84.3996
1787,371.3364,8.008657,0.42790622,1.35335,14.726852,96.35878
1788,369.78583,7.0113316,0.4405,1.9310622,18.474346,88.782295
1789,470.66498,12.121321,0.45074227,-2.4314106,53.575493,140.93251
1790,401.98663,7.5844336,0.44940764,0.55857205,-1.5346737,84.59561
1791,377.1924,5.841421,0.5046278,1.4474288,6.2124386,78.72148
1792,383.2981,6.623243,0.4867985,1.1769325,2.2703247,82.49275
1793,377.5844,5.576625,0.5037641,1.484502,7.241461,76.128716
1794,384.0601,6.438835,0.4644917,1.2840538,8.574148,82.271835
1795,406.61914,5.5096917,0.5562502,1.3285484,0.14175987,64.10587
1796,569.61914,8.49013,0.662717,-3.2305763,35.87604,5.5026245
1797,451.80048,13.127716,0.57462156,-1.4782078,26.879074,122.44048
1798,383.5229,5.6763353,0.50206447,1.3629968,4.6998005,75.70324
1799,402.1761,8.737539,0.4460768,0.3405099,-0.3543625,92.03084
1800,353.3407,5.4539156,0.53652,1.9802525,14.130208,76.91551
1801,381.48004,7.457692,0.46594244,1.2783288,8.353352,90.32823
1802,383.63425,6.9134064,0.46363777,1.2915627,8.481937,85.977295
1803,395.2923,5.8085437,0.5191806,1.2522104,-0.038698196,73.03882
1804,369.2721,5.343157,0.5007323,1.6278365,10.291445,75.18805
1805,368.6808,5.3959026,0.526764,1.7070565,10.188841,74.77688
1806,491.6225,11.634485,0.6282407,-2.6105268,60.334896,98.12509
1807,363.32446,7.395788,0.5050981,2.5362341,29.983202,80.017685
1808,379.71762,6.294874,0.4910497,1.3054535,4.353218,81.4269
1809,457.18146,11.441505,0.619194,-1.645344,11.935933,83.44782
1810,377.48938,5.146302,0.5823828,1.7913877,10.045931,63.36409
1811,377.9818,6.2300396,0.4992158,1.3597656,5.144573,81.47405
1812,371.30078,7.3969526,0.45431077,1.5910231,12.1724415,92.09773
1813,395.03714,6.505677,0.4752875,0.9397696,-0.3919754,78.81278
1814,415.93243,7.929242,0.4449543,0.12709594,-9.927227,82.813095
1815,379.98926,8.516579,0.44577336,0.94951653,8.1283455,97.31099
1816,455.35852,12.840897,0.600438,-1.5128844,20.559633,111.530235
1817,362.10623,5.539132,0.5189462,1.8058543,11.544978,77.64134
1818,455.22437,12.103922,0.47020397,-2.0751016,51.333298,140.93774
1819,402.021,6.009987,0.4747869,0.9233973,-0.1942501,73.823944
1820,379.1963,5.5448475,0.5157316,1.4868803,6.6959743,75.086494
1821,396.38882,7.102503,0.4566474,0.8187666,1.1386127,82.95557
1822,449.38873,13.032959,0.54663897,-1.4807985,31.724579,128.86273
1823,377.38202,7.7046423,0.45597607,1.3034914,8.600719,92.86918
1824,421.235,7.406237,0.4443415,0.1728549,-10.237251,78.673615
1825,470.33484,12.931837,0.5960587,-1.8181841,29.072752,112.92359
1826,360.4023,5.542336,0.5187433,1.8365471,12.02838,77.91722
1827,417.33075,5.362289,0.5230504,1.0925515,-1.726181,62.858814
1828,407.4435,6.441432,0.4672543,0.7212491,-3.1024513,75.127625
1829,443.79968,9.914015,0.44994083,-3.0211031,67.75302,170.3896
1830,361.54437,5.5586724,0.529457,1.8390497,11.516442,77.513275
1831,355.71613,5.617284,0.5289493,1.9467387,13.113333,78.92536
1832,386.28107,6.3865633,0.47676396,1.2093767,6.2502403,81.08927
1833,387.50845,6.8503246,0.46486506,1.1524317,6.1645565,84.20436
1834,385.2023,7.3391867,0.4606222,1.1832782,7.329191,88.619446
1835,373.56293,7.1432095,0.46873033,1.5592606,10.002409,89.66731
1836,469.8275,9.993775,0.4515439,-3.5451963,73.20412,168.95264
1837,361.6914,5.733657,0.5078349,1.8096154,11.586648,80.1128
1838,364.6734,5.7604647,0.47174627,1.7880251,15.424826,81.137085
1839,398.96362,5.649534,0.48899898,1.0567842,3.4504204,72.22279
1840,410.2213,7.022576,0.46050617,0.50666213,-6.4425735,78.82201
1841,379.02405,5.342476,0.5407047,1.5777391,7.524412,71.886604
1842,441.2213,12.892017,0.60335433,-1.2452867,18.85853,115.03713
1843,481.43988,7.924799,0.46778315,-1.5791414,0.06050682,54.450706
1844,379.73248,5.588648,0.5012806,1.4361542,6.420782,75.79402
1845,374.59232,7.5625095,0.46661627,1.4133962,7.8626156,92.25778
1846,372.46875,6.8115807,0.47177252,2.3665922,24.49156,80.41119
1847,453.67844,11.687023,0.6165105,-1.5663941,11.76403,87.752
1848,406.2146,6.774168,0.46730918,0.6726084,-4.639673,77.88595
1849,355.36972,6.603862,0.50672174,2.4931102,24.729134,79.41615
1850,394.6213,5.790699,0.49336442,1.1323357,2.2130108,74.27504
1851,438.35092,12.870884,0.61523104,-1.2058964,19.1943,114.237076
1852,379.21613,6.095416,0.49655542,1.3465194,4.8396893,80.228745
1853,378.76953,5.5220356,0.4880409,1.4217683,7.3186417,75.57042
1854,453.61008,12.84869,0.59858125,-1.4770896,20.295828,112.34256
1855,373.21527,5.358518,0.5280559,1.6375643,9.227295,73.55533
1856,568.8727,10.773615,0.6287023,-4.2484455,89.13547,72.28666
1857,376.11456,5.8392596,0.50315344,1.46907,6.479479,78.9253
1858,370.40924,7.753625,0.42270666,1.5394182,17.324755,94.62348
1859,462.77118,9.5723715,0.5344534,-1.7216537,1.219202,69.18555
1860,455.2776,11.212722,0.43688485,-2.6096547,60.458435,153.76556
1861,385.30505,6.0674167,0.47578898,1.2510109,7.3185387,78.993675
1862,383.91107,7.451564,0.46540788,1.2094721,7.458826,89.66602
1863,453.1636,8.522944,0.41301686,-0.98959994,-15.032204,75.47412
1864,457.12262,9.8326645,0.4442781,-3.3750865,70.06188,175.95612
1865,581.5762,10.122292,0.6884538,-4.469512,98.93854,54.669975
1866,369.14633,7.0218873,0.4433815,1.8628497,17.547115,89.42941
1867,427.33386,8.581152,0.42779496,-0.37472057,-12.276901,82.416885
1868,370.69696,6.215595,0.45717233,1.7147818,15.434597,83.82684
1869,380.83826,6.32412,0.46712598,1.3913307,9.768307,82.26324
1870,400.91293,5.233369,0.5602418,1.4343334,3.7101707,62.73666
1871,382.37988,5.575124,0.5188819,1.4304774,5.4774647,74.71081
1872,373.99255,7.495405,0.41383854,1.7359928,21.349388,91.45966
1873,382.99,5.6863947,0.49663958,1.3547995,5.5854645,76.12135
1874,468.67276,9.566574,0.46098226,-3.7125695,76.304504,173.43355
1875,399.37988,6.6125607,0.4635979,0.80274296,0.3954277,78.56966
1876,451.40506,12.116547,0.6091779,-1.4708521,13.052969,96.814514
1877,379.5539,6.4795756,0.489744,1.2910144,4.0758495,82.615875
1878,515.2229,10.134665,0.4874293,-4.1704636,86.0092,139.92558
1879,539.0995,9.792717,0.5233365,-4.6075363,95.40645,123.80535
1880,376.04965,7.9259458,0.4642328,1.282282,7.5525646,94.25781
1881,457.76947,12.189674,0.49058542,-2.073961,51.101322,135.70639
1882,486.25534,11.954698,0.6566163,-2.3609993,52.624115,95.20947
1883,374.10724,7.211088,0.47317284,1.467031,7.1502037,89.67017
1884,377.266,7.497851,0.41456532,1.8910723,23.409332,89.50764
1885,405.28094,6.9837904,0.45729014,0.5785942,-2.5661106,79.500404
1886,392.51044,5.6865654,0.50005895,1.2130101,2.7748756,73.89504
1887,381.26672,5.427239,0.5631833,1.63269,6.1223965,69.75315
