sample_index,Fe,Zn,B,Cu,S,Mn
0,154.54019,5.5894237,1.111234,2.3260133,22.73991,86.26386
1,308.68253,6.9128113,0.608133,2.806358,21.02597,60.24736
2,234.00345,7.082795,1.1446736,3.0336185,29.476833,93.515335
3,208.93916,2.7765794,0.7377457,2.3304882,28.772106,80.45788
4,209.22287,4.8337216,0.7795074,2.1718044,13.271188,113.48932
5,200.19965,5.6014657,0.85960233,2.9610198,25.418663,90.87046
6,217.81714,3.7855852,0.73208034,2.503755,37.465878,99.64084
7,183.23389,4.4980273,0.8236993,2.0602586,13.471526,99.99811
8,194.9817,2.7915723,0.62600386,2.3811808,32.232994,97.77819
9,163.57475,4.0218887,1.0283427,2.5435705,11.267869,66.67599
10,260.57413,6.7534237,0.75192004,2.3542514,13.847027,75.79277
11,216.24303,4.1458797,0.7017405,2.6502733,34.402336,97.68818
12,159.3294,5.8526473,1.1099112,2.3999374,25.58103,90.1092
13,205.92554,3.0919957,0.66224194,2.43522,33.57083,106.775986
14,194.73663,4.8771887,1.2123106,2.7598186,22.934143,98.725464
15,215.6038,5.968214,0.8344922,3.1918623,31.062328,101.828316
16,296.86136,6.835805,0.66160035,2.578669,25.033958,65.73406
17,193.50021,5.8519993,0.84736913,3.104191,28.134119,98.91882
18,208.04407,2.8496337,0.7511042,2.5192614,30.226793,80.08511
19,273.98297,5.562017,0.8548396,2.676869,14.039525,62.166023
20,207.31554,3.292148,0.650975,2.4923255,33.21745,101.756874
21,208.1341,7.3635006,0.82398176,3.148228,24.161991,89.18413
22,350.7555,7.2565184,0.6559842,2.863301,20.985191,59.069717
23,168.00867,6.050357,1.0648941,2.4460914,24.167473,87.05446
24,203.57321,4.1458435,0.718053,2.5423543,39.447468,101.31177
25,201.77429,3.0170746,0.6265167,2.4550133,36.676132,97.19792
26,189.92834,4.589907,0.86281866,2.1013348,14.022986,102.5324
27,174.3404,5.958663,1.1377406,2.4769058,23.158415,97.23688
28,208.54556,6.6106887,0.82100564,3.048429,24.53719,83.925735
29,194.33624,5.461093,0.8303335,3.0928617,31.404915,103.33774
30,352.89795,7.251481,0.65592337,2.8643672,21.24412,58.8826
31,207.64723,3.3197775,0.66708463,2.4673939,34.13377,109.097206
32,226.7716,4.666869,0.9069866,2.3935184,25.048573,77.70408
33,207.95456,7.9864254,0.8941483,3.2384114,23.209776,90.45223
34,262.03802,6.7809114,0.76246643,2.3755617,14.433888,77.07962
35,264.10205,7.095122,0.72694975,2.3818552,22.25695,76.46266
36,166.25809,6.023472,1.1047733,2.4340882,24.066391,92.326965
37,210.62822,4.0058384,0.688843,2.6345398,32.68224,107.225586
38,206.24007,2.5299535,0.6470738,2.4351354,35.014053,97.58195
39,197.21219,4.3374133,0.85307145,2.7438805,28.8835,90.439865
40,170.39935,4.1534743,1.03756,2.4815176,11.362111,70.31407
41,218.58536,3.936197,0.7851755,2.5590003,36.06559,105.20716
42,341.51312,7.2737913,0.6477064,2.8343196,20.619484,60.442802
43,202.65558,4.675606,0.7066897,2.1501064,13.666999,103.47455
44,201.64717,3.0765276,0.6547875,2.4351745,34.510296,103.34694
45,198.13562,5.6443863,0.8083858,3.1318207,34.40376,106.64307
46,182.83734,5.198135,1.1585952,2.621054,22.58371,96.12262
47,344.89252,7.281662,0.64973915,2.8406453,20.839285,60.13369
48,270.0763,7.0761743,0.75729936,2.4430304,14.960219,76.72471
49,229.1282,6.369445,1.0700116,2.791866,31.552412,100.36931
50,212.46005,3.2066698,0.66374576,2.4487152,27.800255,98.96521
51,200.37161,3.1183233,0.6697542,2.5265296,34.05101,97.19516
52,163.06628,5.639852,1.1257942,2.4105191,22.470036,89.09628
53,187.54869,5.557855,1.0979412,2.5322459,22.281466,91.57368
54,212.31345,4.2692666,0.7617091,2.7220814,28.492395,84.008965
55,203.20244,4.109344,0.76283693,3.029049,39.513084,111.88803
56,168.77376,5.5710764,1.1221592,2.493768,23.052166,91.41166
57,169.19147,5.962818,1.0991741,2.4977498,24.16848,89.0887
58,212.07417,3.8702881,0.7097324,2.6457808,36.567215,99.12461
59,265.80908,6.9416065,0.7686421,2.417305,15.761779,77.383995
60,262.8755,6.7733965,0.76348007,2.3778415,14.660575,76.96977
61,228.41237,7.052824,1.1302943,2.9829469,27.580656,104.638596
62,204.79887,4.572246,0.7345646,2.1937501,11.426702,91.41902
63,172.92134,4.4217086,1.1433331,2.3929536,20.002613,93.71895
64,205.96722,7.0014896,0.878965,3.1156232,23.592,86.62177
65,207.34763,3.582233,0.6927166,2.678558,36.390667,99.280136
66,201.96841,3.2896056,0.6448469,2.5143037,41.47358,101.983635
67,303.11795,6.542447,0.65781903,2.7481441,19.789549,58.533737
68,254.58633,3.733338,0.73852646,3.2637787,35.800026,79.50787
69,294.67505,7.015971,0.66381115,2.541534,25.025124,68.53968
70,223.48566,2.6720004,0.6382959,2.304093,26.635042,79.688225
71,170.86592,5.6663175,1.1326606,2.4263415,20.984524,92.23663
72,206.93608,3.1010213,0.65497226,2.2953699,31.376797,96.633316
73,169.18353,4.406245,1.1322588,2.3645558,20.737694,91.2001
74,203.18532,3.685484,0.7510708,2.7334468,36.361336,101.44031
75,189.83069,4.173742,0.78917766,2.0055797,14.275616,98.4114
76,167.68024,5.970379,1.102021,2.4476924,22.68307,87.94851
77,261.13446,4.922494,0.9607459,2.7142925,34.04528,73.27999
78,208.43642,3.352923,0.72078997,2.4299357,29.342909,76.610916
79,163.94781,5.991255,1.1013179,2.4710982,24.678907,88.9557
80,218.17928,4.4074183,0.7665176,2.6921213,37.32007,102.61809
81,274.5259,5.7945504,0.7416252,2.6420922,17.147144,58.376602
82,170.24028,4.2615647,0.96746814,2.5157335,11.533137,67.1637
83,159.40799,4.86939,1.122148,2.2999892,19.92463,84.84075
84,201.51532,4.2598305,0.7716837,2.8705,35.1557,99.68637
85,256.57642,4.877439,0.9566961,2.3229153,12.671769,118.24503
86,232.2115,3.9584398,0.6988554,2.686845,25.870066,108.56694
87,210.0733,3.5822778,0.67723835,2.613233,32.981075,100.96678
88,232.16348,4.9771495,0.9042755,2.8101988,36.3977,102.711
89,271.16077,6.486464,0.7339417,2.5235085,19.865036,66.56773
90,230.3865,3.4112935,0.6606408,2.5819936,26.419987,80.913994
91,206.21889,3.4459186,0.6758701,2.4917223,41.393154,98.56455
92,257.8543,5.8531327,1.0274929,2.9181213,32.270885,84.960915
93,167.01538,5.656258,1.1120105,2.4748006,23.143345,90.04532
94,211.30399,4.9963665,0.83657974,2.2554357,13.972049,111.12057
95,267.28836,6.9607983,0.76665115,2.422539,15.538225,77.33543
96,167.84956,5.7678914,1.1109301,2.4455345,22.154106,88.018135
97,161.62177,3.953063,1.0040576,2.505668,11.372401,66.72499
98,309.12454,6.733959,0.6383342,2.7784443,20.267624,58.869568
99,226.96498,4.340843,0.8964038,2.361496,34.149956,69.991684
100,225.505,4.3738017,0.64890075,2.5017407,23.468843,79.195244
101,209.0096,3.4796143,0.7762432,2.6465025,29.30438,81.87788
102,206.40327,3.482828,0.7767805,2.6047256,29.80729,84.905235
103,202.00517,5.3951225,0.8351432,3.124023,34.4115,109.38526
104,263.59778,6.804108,0.75628906,2.378387,14.25254,76.7326
105,213.8278,3.0663683,0.7121769,2.4765553,29.861752,82.02816
106,240.78978,5.809455,0.9784838,2.5867515,26.696404,84.413025
107,212.96631,3.8755176,0.663558,2.6028626,35.125572,97.03871
108,213.6838,5.8477035,0.7945923,3.0805855,34.115,110.62988
109,246.04428,5.5076475,1.0062524,2.8810065,31.049519,81.575424
110,165.47139,4.0687165,0.98593676,2.504598,10.906976,66.430954
111,162.44867,4.5541034,1.0582256,2.3299186,24.908947,90.56009
112,206.96785,2.8329842,0.6622542,2.3431027,33.35321,96.063774
113,205.88081,5.6381564,0.8106331,3.0522335,36.338356,107.89432
114,226.45695,3.1264184,0.66368973,2.4695005,25.918388,78.27134
115,213.28249,5.363689,0.7858253,2.8818665,25.997076,80.68657
116,208.34503,3.4387293,0.66757345,2.623337,33.85024,100.63244
117,168.71562,5.9109955,1.1251533,2.4341629,22.037447,90.456474
118,306.66132,6.6944127,0.6382923,2.7715802,20.26408,58.906906
119,248.46024,5.8139486,0.98060817,2.81703,27.769669,92.05342
120,229.47949,5.6474686,1.0773854,2.4785924,36.162724,91.41647
121,198.09915,4.349368,0.9787602,2.5555308,11.4195175,65.28209
122,165.21442,3.9983828,1.0205593,2.5148153,11.8416,67.47215
123,230.00847,5.1689386,0.89910924,2.7978182,35.287006,94.133026
124,172.8294,5.6951356,1.1140339,2.5030832,24.246292,92.49331
125,211.14401,3.3868456,0.6869105,2.6123602,32.882065,104.4667
126,164.4365,6.0903425,1.0740292,2.4329147,24.498741,87.34183
127,169.6804,5.395462,1.1344297,2.480426,22.787489,92.23491
128,166.02199,5.846458,1.1184615,2.420451,22.569223,88.91011
129,165.37851,5.8405952,1.0481788,2.423593,25.616121,87.835495
130,225.88689,2.8839207,0.6577072,2.4278598,26.397446,76.78908
131,238.85735,6.5494666,1.049894,2.9749215,32.436157,98.370964
132,238.54118,6.21953,1.1169344,2.886446,32.26584,85.301346
133,210.31131,2.331902,0.7030295,2.3682938,29.212978,76.71636
134,215.75584,3.9223917,0.6935948,2.6730835,41.924164,101.03434
135,172.00829,4.1113224,0.97869927,2.4880888,10.706439,63.728973
136,222.55707,4.8891993,0.7457552,2.6459959,32.669342,101.21026
137,160.07584,5.8888216,1.0939057,2.3970387,23.597395,88.83305
138,257.871,6.7063413,0.75299907,2.3367698,13.791066,75.12099
139,204.25955,4.9876113,0.7883459,3.1395774,37.718876,112.98937
140,198.635,2.5658548,0.60869634,2.1605122,29.18057,89.82486
141,190.74486,4.7048607,1.1586212,2.7153761,24.092236,95.25129
142,202.73747,3.9095628,0.8235823,2.7304688,28.47945,85.15898
143,247.94156,6.372366,1.0156595,2.9024062,29.65808,91.123024
144,167.8218,5.879521,1.0720882,2.3704278,23.610851,93.65756
145,162.44496,5.3240876,1.1121866,2.354899,20.96976,85.39919
146,209.9605,3.8876286,0.714507,2.6922972,36.56343,98.281944
147,214.0861,3.0103273,0.7670749,2.4771025,27.991056,91.22593
148,208.61963,4.7958717,0.68014926,2.2233543,12.605621,129.26038
149,268.35257,6.954017,0.7623956,2.4221902,15.08299,77.21901
150,206.99857,3.4301348,0.7911353,2.6375966,28.983015,80.56145
151,188.00244,4.625507,1.1687201,2.6650162,23.984756,96.86722
152,202.17485,5.1570687,0.85237974,3.0608938,34.33302,107.662994
153,207.79965,3.8999739,0.7421118,2.7422874,36.69132,100.58888
154,204.2759,3.2292933,0.7024585,2.6000817,37.894154,100.40621
155,167.15027,4.4558663,1.1352981,2.3567338,20.39633,90.29492
156,188.51366,4.8704047,1.139932,2.6094255,21.344995,98.410736
157,226.78188,4.662715,0.8473012,2.7501023,37.44696,102.01839
158,213.25937,3.7999215,0.66485345,2.5836456,36.767925,96.7078
159,229.28802,4.9671016,0.8703952,2.6746426,34.50718,94.07617
160,201.03108,4.9812956,0.8507437,2.9005127,26.080025,88.04357
161,207.56459,5.814577,0.84870154,3.1263309,33.131786,110.607864
162,259.2207,5.1489463,0.91591704,2.6976163,29.03543,83.09405
163,206.6107,4.03412,0.82801473,2.7029035,28.32416,82.577614
164,210.09023,3.2259417,0.6348815,2.5151417,38.31531,102.364235
165,298.34448,7.045497,0.6565615,2.5464294,25.58643,69.010994
166,226.6228,4.4820747,0.8547611,2.7608953,37.14994,102.9164
167,198.47212,4.4395986,0.7983444,2.061368,13.225126,107.83992
168,160.78197,3.9247534,1.0162848,2.4999204,11.550754,67.17814
169,269.45407,6.365968,0.75428337,2.5418441,18.473858,66.25471
170,223.28131,2.7284346,0.66078633,2.3989434,26.321407,75.30459
171,257.46814,6.3994584,1.0157743,3.0095203,30.57884,88.5503
172,204.13606,4.419776,0.97278166,2.5604782,11.428037,65.111374
173,206.83585,3.2710686,0.672935,2.4240391,33.208458,110.46936
174,211.4906,4.0976815,0.6838389,2.6670928,33.245407,98.713615
175,242.37648,6.429982,0.7926398,2.4182997,16.394571,71.89629
176,182.36801,4.241758,0.75191736,2.001433,13.691657,102.369644
177,200.29092,5.261583,0.8389227,3.0772903,34.19377,107.6251
178,223.66815,4.1959543,0.69477487,2.7144094,27.375792,80.68282
179,209.94423,3.070205,0.7359971,2.503952,30.077816,82.94355
180,168.2515,5.7553654,1.0764232,2.4277549,24.806705,95.545334
181,213.64824,3.6964386,0.69190645,2.4846613,32.614357,112.91771
182,263.79175,6.815317,0.7478116,2.3692079,13.831739,75.91828
183,192.67082,4.860286,1.2105587,2.739102,23.103546,98.05791
184,242.72252,4.5689926,0.9170323,2.7929351,31.126347,139.45036
185,250.26904,5.344546,0.93274844,2.6837678,28.202547,90.6772
186,236.39288,5.98048,0.9916226,2.856082,34.2387,94.70991
187,209.2221,3.7304146,0.842169,2.6920407,30.485468,97.4854
188,266.78973,6.8861227,0.75928,2.4042604,14.7116375,77.12614
189,232.24564,7.6144814,0.8531304,3.1748486,28.934158,101.59293
190,224.88132,6.9398317,1.1902115,2.948545,30.963194,93.30061
191,159.69191,5.3536744,1.1070507,2.4044514,24.088495,88.00044
192,214.83868,3.9115467,0.7964033,2.6170855,35.660286,113.146454
193,163.11713,4.075289,1.0090969,2.5202384,10.624636,67.18307
194,205.85234,2.729287,0.6003314,2.394464,33.909515,101.935684
195,161.70197,3.9342785,1.0118542,2.5042546,11.54752,67.084305
196,224.31798,4.8237543,0.91717917,2.819019,31.792263,96.659904
197,298.93073,7.0002193,0.6526761,2.548717,26.15807,68.70528
198,203.61862,3.3050284,0.6654223,2.5850797,34.842484,96.41343
199,210.53001,5.4628706,0.86759585,3.0069041,29.564304,93.700424
200,243.72562,6.5506616,1.0979135,2.9302645,36.291878,81.91119
201,161.86389,5.9566793,1.0977383,2.4205842,24.995518,89.73054
202,202.58408,4.4617004,0.8247432,2.9156082,35.041286,103.58167
203,206.98444,3.303434,0.79820913,2.645935,34.111732,97.446465
204,222.72643,3.1376808,0.6853872,2.4745948,25.877157,82.47859
205,255.94977,6.6120563,1.0455134,3.0752134,30.635378,89.01342
206,357.99442,7.7781982,0.68540055,3.1638637,27.289335,72.30766
207,267.73785,6.9512186,0.7663695,2.4222913,15.485778,77.30186
208,267.5349,7.0126476,0.7648835,2.426304,15.649309,77.25189
209,165.38556,5.7933383,1.1199632,2.4172232,22.524221,88.8062
210,167.16748,4.1272306,0.9808311,2.5046067,11.049002,66.6881
211,204.75923,3.2862563,0.63154966,2.4839213,44.125694,103.345345
212,161.13718,3.9549887,1.0031507,2.5043824,11.275654,66.5748
213,202.24852,3.4157329,0.69033015,2.6234581,35.092247,96.75657
214,218.56345,3.6760135,0.76637864,2.6365976,34.618023,112.18943
215,205.88908,7.1112614,0.8723188,3.1239605,23.509283,85.94704
216,165.56839,5.836779,1.1149849,2.4258413,22.658182,88.55354
217,167.84663,5.966858,1.1058701,2.4310338,21.839321,87.819084
218,176.70662,5.536599,1.1104758,2.578241,23.644705,92.702774
219,166.24007,4.8932056,1.1221762,2.3756313,21.308958,89.65403
220,211.339,6.80161,0.7842801,3.1210918,27.991793,83.25705
221,168.17218,4.273603,0.96277153,2.5072048,11.418478,67.14751
222,312.23553,7.114467,0.753212,3.104669,21.071087,64.6514
223,165.18903,5.737566,1.1097829,2.4703162,23.154766,91.260574
224,235.0431,5.4316154,0.97511333,2.592424,28.421543,91.1304
225,231.98979,4.7267203,0.85491586,2.7410228,36.486595,99.82297
226,267.25803,6.9535418,0.7669303,2.4216597,15.541365,77.336205
227,220.07909,3.562267,0.6585673,2.6280177,29.704214,100.911026
228,163.76765,4.6991024,1.1236371,2.353339,21.206142,88.30273
229,159.74054,5.4574585,1.1039004,2.3304944,20.354422,86.773056
230,260.73334,5.7346106,0.9704508,2.9047604,31.86457,82.91037
231,180.85165,4.3367724,0.79096997,2.0378923,14.146812,99.61402
232,202.78326,4.2457533,0.7909624,2.0341609,11.498896,110.822586
233,216.9112,3.9076219,0.84452677,2.7864754,33.998623,100.144646
234,161.53394,5.8894477,1.0904449,2.3964155,22.984901,88.23983
235,219.80852,3.8259292,0.6101233,2.6541142,45.527573,103.7594
236,207.51865,3.4892914,0.63355476,2.5581598,42.866135,100.25285
237,183.82777,4.5761604,1.1956455,2.8381612,28.583038,92.2447
238,169.4565,5.822893,1.1427081,2.4272072,22.515945,94.11021
239,223.03358,4.336733,0.74914604,2.4221869,11.844166,102.85305
240,173.57962,4.1006885,1.0076028,2.5264888,11.675637,66.63629
241,236.94267,4.9098744,1.2543749,2.96591,32.01322,119.51381
242,199.28027,4.7648163,1.2130303,2.8031335,22.658058,97.334236
243,264.54266,6.826069,0.7632074,2.3918533,14.747074,77.25343
244,264.9379,6.8288946,0.7567977,2.3863313,14.413373,76.839745
245,202.94615,5.725826,0.84996736,2.9816165,24.94753,89.45059
246,166.67133,5.9822545,1.0977192,2.4548557,22.954992,87.86324
247,153.82938,5.668564,1.1040088,2.3381937,23.294,87.97451
248,163.94931,5.806035,1.0872413,2.4222882,23.565308,90.38586
249,174.38086,4.143361,0.9629611,2.4747605,10.701942,62.91267
250,166.13495,5.8816147,1.1243213,2.4636955,25.00661,91.2083
251,203.70955,2.8614912,0.68227655,2.515058,34.36804,106.08525
252,210.86919,8.51182,0.89198345,3.296422,23.983963,94.23987
253,201.86182,4.6929584,0.7277236,2.1398392,13.650688,109.96416
254,165.02948,6.0245595,1.0902214,2.4649749,23.531305,88.248055
255,224.83508,4.261165,0.80278146,2.520855,31.766403,91.3157
256,207.07552,3.4971895,0.64689726,2.5733306,36.726658,100.59196
257,238.14119,6.3525634,1.1170592,2.9212403,31.604036,87.09723
258,195.57289,4.6982574,0.82429534,2.920991,31.167252,96.713585
259,209.65656,3.634275,0.77624273,2.6163104,28.23512,76.016464
260,214.21675,5.2843804,0.7812743,2.8785985,26.323193,84.392845
261,156.04184,5.781832,1.1014929,2.3698714,24.040794,88.77692
262,238.703,5.6455894,0.99980557,2.8779986,30.819859,79.46449
263,210.09377,5.2310877,0.80874336,2.8696797,26.062534,79.96195
264,208.52054,6.529636,0.82239664,3.0383618,24.6055,83.36861
265,228.87964,8.601152,0.8730037,3.3077073,27.13504,99.83708
266,217.25775,3.6481683,0.7662451,2.664608,38.115425,101.57198
267,177.4916,5.3031178,1.1331782,2.470682,23.211847,98.90962
268,199.47717,3.0561824,0.62224215,2.298782,31.194777,91.18078
269,162.61417,4.049038,1.0053601,2.5162508,10.695819,66.634415
270,164.38869,4.0252223,1.0044547,2.5217888,11.006463,66.39186
271,336.42307,6.847425,0.71180713,2.8223095,19.136477,59.480145
272,233.1483,4.2581754,0.7097466,2.8657155,31.28108,75.035095
273,208.03455,2.9989328,0.7594873,2.353946,29.19167,82.791374
274,210.96951,2.490196,0.695951,2.365931,28.672216,79.09619
275,200.4895,4.4628787,0.79141355,2.9875572,36.000595,109.297745
276,165.10425,6.0546346,1.0898945,2.4308238,24.270607,89.84384
277,164.01013,4.02748,1.0091381,2.525487,10.980668,66.50566
278,188.67174,3.427711,1.1593474,2.4670074,21.279758,96.92632
279,164.12206,4.0117235,1.0254946,2.5417652,11.33433,66.54022
280,163.00558,4.0386705,1.0128938,2.5269628,10.863873,66.643524
281,197.33536,4.958991,0.83080715,2.1591587,11.486095,102.00258
282,192.94505,2.475028,0.6884198,2.454553,34.234177,94.13196
283,210.84564,4.977133,0.7587407,2.3397982,16.09144,91.70259
284,209.59137,3.3003142,0.6735347,2.4782043,29.464176,102.02271
285,203.20647,3.9270525,0.74430513,2.7788458,35.747684,98.63238
286,224.10515,3.2602506,0.6426227,2.603621,29.351742,108.726364
287,233.57816,6.0798907,1.1206685,2.8517232,32.145874,83.1449
288,167.82053,5.8230543,1.1099738,2.4351575,21.563467,87.39642
289,166.35258,5.74901,1.103142,2.492302,23.299921,91.239784
290,287.12292,6.8095083,0.67804736,2.5400517,24.13731,67.14892
291,266.37418,6.8823023,0.76163447,2.4053547,14.82031,77.25185
292,185.47974,5.2093396,0.9847146,2.4238217,12.363539,73.68267
293,236.5461,6.194636,1.074914,2.9491808,30.024206,85.74073
294,217.41487,3.9555469,0.7417493,2.6938303,28.45808,79.31346
295,232.34305,3.400505,0.6547651,2.5625112,26.514824,80.62343
296,164.2028,4.604545,1.1113021,2.341573,21.887259,88.34814
297,169.63681,4.1666427,1.0387105,2.4913428,11.683279,70.02114
298,324.52664,7.136898,0.64225256,2.7805562,20.185768,62.273514
299,265.85388,6.855851,0.75715846,2.3943655,14.505989,76.97258
300,195.4417,3.488202,1.1544838,2.493462,21.01456,101.50362
301,187.26114,4.214694,0.76831985,2.054877,14.981781,99.40845
302,216.42065,3.6586704,0.72726774,2.6013696,38.9348,98.610504
303,168.64629,5.85425,1.1007302,2.4697452,22.777464,88.25138
304,248.92398,4.410619,0.9062927,2.663894,32.16156,77.26305
305,195.31422,3.9583619,0.8608698,1.9674399,11.574674,104.6964
306,231.22472,6.790224,1.0944095,2.9165058,33.46151,102.95852
307,206.68549,5.0006747,0.77722406,2.9731452,37.424267,110.37291
308,254.12386,5.176838,0.90085053,2.6324785,12.799142,63.135567
309,211.41779,3.387759,0.75531644,2.5818639,28.612202,75.1604
310,203.28209,2.7925298,0.751978,2.4510362,30.675287,83.34374
311,232.17026,4.317074,0.87947994,2.6886628,30.300522,135.98297
312,249.58403,4.342897,0.9276037,2.3446753,25.157732,88.79855
313,169.77002,4.2666,0.9770002,2.2343984,26.554075,91.55697
314,192.6162,4.449334,0.8637139,1.9896008,13.323475,95.312675
315,218.08432,2.8871818,0.6857667,2.4605777,27.577293,73.69466
316,170.91138,5.2158422,1.1321015,2.4505951,22.2747,94.11505
317,341.50452,6.9178886,0.70139366,2.8404062,19.69439,59.26517
318,231.02574,6.599037,1.0813335,2.8993385,27.244873,100.95068
319,170.01598,5.2184434,1.1366862,2.4105058,20.712679,92.58702
320,202.37485,4.6346984,0.70366925,2.133183,14.0028,103.046585
321,193.2606,2.594947,0.6575063,2.444065,35.18611,95.94421
322,168.87303,4.247959,0.9587731,2.5090992,11.469861,66.92606
323,166.66838,4.990944,1.1250136,2.3831015,21.126764,89.86047
324,351.28925,7.2769957,0.6530125,2.859782,21.131674,59.17205
325,252.25175,5.751186,1.0428238,2.872145,32.98012,81.14753
326,244.96875,6.677541,1.0787295,3.0764127,29.053793,99.12554
327,232.23576,4.910453,0.8822758,2.7642977,36.505936,101.18344
328,165.64212,5.2856574,1.1105993,2.3942587,22.522556,93.53978
329,163.71101,4.0642734,0.9950619,2.5076056,10.800541,66.54004
330,158.31404,4.1617727,0.94007045,2.465848,10.629879,66.86068
331,214.28102,4.0540833,0.86661303,2.6129217,32.82202,125.16557
332,211.92862,4.2162905,0.7182298,2.6642811,33.00154,110.89714
333,223.13124,3.9568777,0.6442293,2.6665444,47.79087,106.62937
334,239.00427,4.683804,0.81411344,2.76748,34.84542,126.73097
335,214.3389,4.9391913,0.75979483,2.8800085,33.055485,108.38566
336,161.5358,5.5341744,1.1314479,2.3945422,22.752598,90.00128
337,186.10785,3.4614758,1.1592283,2.4521105,21.078106,96.4696
338,237.2434,5.6126585,1.0427996,2.7005372,32.27631,75.005585
339,268.0465,6.944413,0.75679463,2.4167793,14.691993,76.89898
340,203.78647,5.207962,0.87497103,2.9950953,30.422071,98.57839
341,178.00024,5.554033,1.1599635,2.5051703,26.923016,100.13807
342,206.12944,6.932067,0.8526672,3.1886258,25.822851,98.04997
343,202.4292,4.1722665,0.81031716,2.8533185,35.266193,102.374435
344,163.47469,5.7418838,1.0305451,2.3787615,24.563297,89.97874
345,212.45334,4.750315,0.851431,2.9073172,36.881573,106.60088
346,216.63176,4.753248,0.7427503,2.3874273,18.746513,90.969025
347,185.48514,4.9107714,1.1771648,2.5989006,22.2924,97.97593
348,210.65863,4.4623995,0.7920811,2.494365,35.282055,98.21012
349,205.47002,4.589327,0.7412333,2.1192737,14.527063,104.56733
350,211.37689,3.495451,0.6798818,2.4698527,33.38209,110.06587
351,202.2657,3.3260577,0.70442724,2.5316615,36.127533,97.56507
352,330.37872,6.686562,0.72995317,2.8143668,18.458725,59.669483
353,211.14616,4.910746,0.82152015,2.7789013,35.480164,107.30078
354,187.0671,5.519103,1.0949621,2.5331717,22.78141,90.91894
355,206.12529,8.771914,0.86752653,3.3079,22.509851,88.244385
356,245.88544,5.1819034,0.8145846,2.7483082,26.791006,86.630806
357,164.62523,5.552615,1.1227524,2.421003,21.9595,88.957184
358,224.72128,2.6633086,0.6101933,2.2936895,26.439022,79.698715
359,217.82892,4.2969594,0.71172476,2.5444443,32.88363,100.85428
360,222.91203,4.176512,0.6683753,2.6683764,38.55562,106.22839
361,168.08107,6.0433755,1.0846298,2.444073,22.843658,89.16074
362,201.2272,4.74244,0.68258214,2.1712747,13.194153,111.88849
363,196.2428,4.115162,0.8726418,1.9975657,12.032924,111.34617
364,216.6597,3.891465,0.717898,2.5893295,34.989075,100.9662
365,203.3426,4.542328,0.77562034,2.9109783,35.488094,101.36204
366,238.96875,4.337784,0.9237682,2.2950425,23.641567,95.523445
367,164.46616,5.878187,1.0664768,2.4140735,25.118395,88.585785
368,164.12381,4.011045,1.0345247,2.5471475,11.515157,66.58229
369,215.79123,4.0058885,0.71765715,2.7294877,45.96811,106.10762
370,168.17055,4.662361,1.1218617,2.3656752,21.133064,90.548775
371,258.7693,5.508831,0.9442568,2.7868168,29.905361,84.40804
372,209.67793,3.26889,0.6651052,2.4675858,34.604733,104.79999
373,205.79225,3.1390421,0.63089454,2.470519,35.97366,99.96626
374,164.00128,5.7140937,1.1211255,2.3975914,23.07521,90.52832
375,180.22662,4.405125,0.79081976,2.0176256,13.057747,100.973625
376,206.62112,5.2782726,0.85554713,2.8883867,25.938007,84.01043
377,312.77173,6.801393,0.636571,2.7910063,20.3198,58.881233
378,212.13858,3.367239,0.7331846,2.5048141,34.471104,93.81027
379,163.53035,5.689294,1.1266606,2.4045131,22.578331,89.20444
380,220.19649,3.6482384,0.7483843,2.478607,32.502575,92.47254
381,161.51053,3.9371872,1.0205231,2.5019255,11.633912,67.32664
382,224.44406,4.029768,0.7898293,2.1822612,11.562921,118.28645
383,193.14676,4.6075115,0.81439614,2.1455615,11.808927,103.3738
384,254.28098,6.6376505,1.0383279,3.0672772,31.128633,89.31364
385,162.9801,4.038807,1.0043303,2.517105,10.840996,66.446915
386,164.49776,5.793764,1.0724882,2.414703,23.778624,90.79027
387,238.48853,6.4144373,1.0419837,2.884631,27.953403,96.10033
388,265.2929,6.8049726,0.9922582,3.1403406,32.387753,82.119156
389,218.75769,4.0236044,0.79002434,2.5876222,31.31051,91.440445
390,193.19705,4.7560616,1.1445718,2.7001703,22.760906,96.70737
391,219.73378,4.5524774,0.83720905,2.4725113,30.968025,94.61701
392,164.61362,5.771616,1.1208668,2.4150374,22.641155,88.87189
393,236.2251,6.0084343,1.052101,2.9237185,29.44506,87.97584
394,199.86914,4.604396,0.84906733,2.7742116,28.663979,89.556076
395,163.86086,5.4896445,1.1248171,2.4172587,22.09213,89.38616
396,169.01836,4.1842904,0.97666085,2.5094097,11.265273,66.95752
397,206.69148,3.8799129,0.8220671,2.6579785,28.540699,81.17381
398,246.24753,6.519186,1.010588,2.8444796,33.813744,86.68517
399,208.54729,3.2616658,0.64561003,2.5714848,35.07046,99.398575
400,265.26053,6.8333216,0.75543344,2.3864236,14.375432,76.74605
401,202.05673,3.4574943,0.7989822,2.5366232,30.303413,84.70903
402,235.0765,3.8265252,0.7599783,2.7872882,30.640461,83.1318
403,221.16365,3.631991,0.6811332,2.577738,28.874573,78.94145
404,224.75027,6.613224,1.1083591,2.8705778,26.87306,103.73431
405,161.42624,3.9289782,1.0164552,2.5012124,11.632019,67.305176
406,217.39851,2.955038,0.6988267,2.4032865,29.924444,79.19368
407,170.66222,5.280229,1.1059818,2.4563658,21.994556,94.38701
408,251.63199,5.916176,0.979772,2.8409615,28.875647,89.17585
409,214.03452,4.679683,0.8653168,2.2683868,20.543884,87.47954
410,193.17479,4.8798738,1.1975486,2.7418249,23.492336,100.6574
411,210.7524,4.033995,0.69483227,2.699028,34.476578,104.40069
412,195.18314,4.7734985,1.1474661,2.7460852,23.1413,95.983246
413,205.57698,4.7353096,0.8132604,2.1913962,12.886058,107.49887
414,186.36284,4.3255105,0.8156983,1.9738876,10.079174,106.249466
415,208.13667,3.1689553,0.6441134,2.5362916,32.84979,96.30752
416,200.84802,3.403716,0.6889554,2.4824328,36.53379,99.79797
417,208.28773,2.7970119,0.6434834,2.387146,28.864796,90.96283
418,342.55753,4.593708,1.3246393,3.4815836,24.513227,116.370834
419,267.02408,6.9000473,0.7524781,2.4013364,14.339194,76.69163
420,204.39902,3.3334956,0.6923737,2.497555,35.36486,100.29448
421,161.4821,3.9360738,1.0107623,2.5031788,11.55892,67.09675
422,169.74321,4.252345,0.96410257,2.5133247,11.497264,67.0925
423,215.15273,3.6544542,0.6945162,2.4906712,42.630646,113.6351
424,210.96332,3.53624,0.70458084,2.5839622,35.587196,103.349945
425,268.36984,7.1598163,0.75878525,2.4358835,15.607831,77.112564
426,334.34323,6.7255707,0.72258157,2.8254712,18.8107,59.19506
427,258.29163,5.097312,0.9646039,2.7295291,32.506077,78.37681
428,230.25116,4.832309,0.85699344,2.6362987,33.810326,92.22867
429,170.26947,5.8101635,1.0908991,2.537094,26.196278,92.15722
430,289.33487,6.768064,0.6756955,2.5549357,24.230688,66.21437
431,227.87494,3.2892513,0.66829157,2.4953396,25.440367,79.763664
432,197.88058,3.2343993,0.805038,2.5098026,30.168516,86.52696
433,216.4783,3.586843,0.7645697,2.6488316,33.499622,113.194016
434,208.09703,3.7978349,0.7717832,2.6816857,35.811775,98.417114
435,192.20879,4.882252,1.1692291,2.6672013,21.907288,97.99871
436,207.64757,5.263473,0.7844401,3.0298495,33.690556,106.04983
437,155.19781,5.6842804,1.1174616,2.3616707,24.569761,90.02678
438,233.20985,3.4279823,0.6568197,2.534783,26.600786,80.66054
439,154.1452,5.6962233,1.1048367,2.3485324,23.609745,88.5577
440,228.25418,6.814869,1.1108072,2.9153821,27.546425,102.6601
441,162.05556,5.917509,1.0323541,2.393113,25.72858,87.62745
442,208.07043,3.243331,0.66172355,2.5476804,33.300434,102.65322
443,190.28754,4.2763386,0.74060357,1.9704578,13.387102,105.191765
444,235.35382,6.672803,1.1093509,2.977899,31.403488,91.35806
445,215.86633,4.2061715,0.7134134,2.6468935,34.221046,98.21038
446,163.57901,5.8345704,1.1047889,2.4279785,23.438381,89.65472
447,210.85452,2.7291186,0.69267726,2.3328862,26.733185,81.1492
448,171.72803,4.1059647,0.95106816,2.508927,11.54872,66.25777
449,205.66203,3.0839224,0.6833354,2.4765651,34.364212,99.68554
450,217.70255,3.7843106,0.7126851,2.6788316,26.931396,85.6135
451,266.17972,6.8740644,0.7621546,2.4042451,14.843646,77.27705
452,195.9049,2.8368397,0.6718842,2.4353113,36.398712,103.940186
453,205.20183,3.3801575,0.6592039,2.5523412,34.046104,104.366745
454,250.73103,5.038072,1.0087445,2.6803973,34.040916,75.05014
455,214.02722,2.6932757,0.6859971,2.303712,26.294897,84.0289
456,229.84227,4.715805,0.8414392,2.5518765,12.643825,105.699455
457,163.74135,4.339556,1.0188695,2.2944148,26.757711,96.268845
458,214.5268,3.870779,0.6247409,2.6462393,38.47193,99.30309
459,169.57191,3.9412491,1.1475323,2.356629,20.009445,91.27309
460,214.85916,2.4675102,0.66044194,2.5577552,36.195427,100.63341
461,197.5851,4.299924,0.7250922,1.9922649,12.991802,108.02075
462,171.52734,5.3227577,1.1391976,2.4890823,22.701244,92.968864
463,209.16183,6.8497086,0.88514775,3.0994923,24.91573,89.80561
464,222.6959,3.135024,0.7584747,2.6238265,32.15714,90.4261
465,198.94652,5.2972574,0.8617614,2.924672,25.821566,90.53241
466,261.37613,6.8409076,0.99128383,3.1111064,33.14894,82.0334
467,237.53284,4.750562,0.68346393,2.8712401,46.832687,105.492935
468,189.47568,4.4953766,0.7522441,2.0764525,12.508706,99.23898
469,261.79425,6.7654977,0.75611866,2.364352,14.135335,76.33014
470,243.87923,5.4552655,0.9447078,2.7695622,31.454231,78.55891
471,164.03992,5.706365,1.126014,2.4054782,22.534678,89.17644
472,217.25298,4.8892207,0.75412047,2.726763,31.48857,113.54166
473,208.20676,3.1119404,0.64218885,2.51948,33.773407,99.811905
474,209.21553,2.2644298,0.7028066,2.328953,28.228024,74.24407
475,165.83675,4.031868,1.0416763,2.5512586,11.812311,66.55311
476,205.37837,3.3895319,0.672332,2.5642788,34.804832,101.800896
477,204.88754,3.342778,0.63268656,2.5136838,47.196625,102.66703
478,168.74948,5.097878,1.0259548,2.4235327,28.945757,96.692825
479,210.94363,3.3245444,0.69689953,2.5980024,32.79229,105.47651
480,223.88899,2.7621965,0.6593127,2.4054732,26.402134,75.57061
481,215.0989,2.4353037,0.67963123,2.375887,27.91799,72.33288
482,196.24658,3.9690967,0.84448487,2.6810985,29.631456,89.99239
483,169.76302,5.548597,1.1148646,2.4900043,23.084852,90.68432
484,194.10379,4.217492,0.77865314,1.9946859,12.719663,104.839775
485,189.66501,4.6697087,1.178165,2.6281629,23.078386,100.23792
486,203.83925,3.3755748,0.6543009,2.5705276,29.46898,74.73028
487,162.25519,4.0421925,1.0117928,2.5235696,10.789391,66.553764
488,236.84715,4.234315,0.6752991,2.8141816,30.576252,74.43398
489,221.50804,2.7557404,0.6630486,2.4175415,26.74666,74.63335
490,227.356,4.401908,0.84687775,2.7500286,36.774227,102.09496
491,211.15767,6.202525,0.79717773,2.996879,24.821646,85.34912
492,204.61115,4.691505,0.70009995,2.1675603,14.260553,102.79665
493,194.57475,2.646375,0.6334694,2.402295,33.334293,96.83905
494,245.71672,5.5720353,0.9839101,2.8166018,28.840935,94.40037
495,211.85912,4.739675,0.7602313,2.2256138,15.105336,114.74619
496,252.25894,6.0219703,1.0213532,2.7988954,32.549397,76.67734
497,220.93352,4.005381,0.7125755,2.6522317,25.917444,81.59933
498,352.01825,7.276588,0.6538357,2.8644261,21.082027,58.990555
499,163.7372,5.8167624,1.0666255,2.3300278,22.636799,93.174515
500,198.61948,3.3078804,0.8117088,2.5159583,30.255909,85.96429
501,162.52232,5.600374,1.1101884,2.3671045,20.641682,84.9423
502,281.9919,6.8028393,0.7716981,2.9601805,17.872776,69.02042
503,185.03764,4.543578,0.83116424,2.0360837,14.144463,107.502625
504,225.39362,3.8986173,0.7195176,2.7451444,32.120823,77.76752
505,241.89452,6.085373,1.0434566,2.9715679,30.436432,82.87436
506,254.84158,5.7437334,1.0343087,2.8824854,32.95364,81.5623
507,205.68372,3.8978887,0.7646648,2.7554765,34.70368,97.26681
508,268.04343,6.936159,0.7608052,2.4177785,14.940096,77.175705
509,208.54626,4.475447,0.9677843,2.563504,11.468234,65.061295
510,265.9988,7.424638,0.78750473,3.2908535,25.031445,82.90304
511,248.63954,5.1932755,0.9098889,2.636257,28.543028,89.716896
512,352.1482,7.2187104,0.6612971,2.8674636,21.043036,58.85508
513,199.67787,2.8434849,0.7276141,2.4143784,41.56525,104.73138
514,228.797,4.20108,0.67933196,2.7126784,45.494637,110.88281
515,165.02136,5.667784,1.1108632,2.3933406,20.74154,86.24118
516,214.43163,2.871161,0.6668802,2.39021,27.442915,84.47442
517,195.27507,4.5482645,0.8781177,2.245141,11.432317,106.914604
518,264.3151,6.8104987,0.765162,2.3908114,14.889906,77.26947
519,198.05984,4.848043,1.1957684,2.792373,23.524878,99.16144
520,207.33365,3.5182552,0.6675214,2.5850103,34.54365,100.96622
521,210.71754,3.7403495,0.6665138,2.65421,34.493523,98.64296
522,236.57896,5.8273697,1.0405635,2.9069955,30.576218,81.10633
523,212.49832,6.9256306,0.7760634,3.1479607,28.662971,82.794495
524,209.90219,3.5615985,0.8035538,2.5397134,29.698597,82.67139
525,350.73358,7.2788296,0.6528554,2.859413,21.059994,59.199738
526,167.22177,4.2620955,0.9555202,2.5077436,11.492835,65.87428
527,206.43198,2.6758826,0.73476255,2.4065762,29.831036,82.08656
528,264.33716,6.8601775,0.76139003,2.3983703,14.63233,77.13489
529,205.4866,4.757096,1.1792415,2.811967,21.2453,98.01806
530,213.25432,2.4075823,0.5940324,2.2555742,29.681953,84.5094
531,210.84872,7.9719276,0.8643314,3.2413104,22.953743,92.57056
532,206.18027,3.3915114,0.6286664,2.5374694,45.65593,102.55876
533,166.06541,5.946744,1.1021237,2.4475713,23.0107,88.02363
534,264.93323,6.9369726,0.7693775,2.414572,15.778286,77.43478
535,300.98822,7.035275,0.6514784,2.5610878,25.869465,68.12557
536,267.10797,6.9050865,0.7620135,2.4107223,14.911196,77.25507
537,223.20047,6.111926,1.0787721,2.7076814,29.781063,102.35138
538,210.5871,3.7230964,0.67537963,2.669416,35.516228,101.52362
539,195.81645,5.526042,1.1571739,2.7040915,26.540586,102.409386
540,250.56512,5.245156,0.93295246,2.7040923,28.734425,88.95522
541,239.14664,6.487539,1.0464622,2.936865,27.612658,98.09877
542,161.36871,5.5262265,1.1334468,2.3927424,22.627441,89.82546
543,293.45398,6.8285446,0.6588175,2.6248865,19.726357,66.15059
544,202.61852,4.071184,0.79759145,2.8285325,35.520706,101.8938
545,195.4144,4.4765143,0.75367147,2.1137142,12.09163,96.01107
546,231.38254,7.2376785,1.1340569,3.0025458,28.623396,102.84286
547,211.09006,3.1174111,0.7692132,2.5313942,31.982264,90.0469
548,158.87274,4.113302,0.9513153,2.458067,10.057163,67.914215
549,165.15688,6.054175,1.0905766,2.432566,24.18749,89.311066
550,205.24242,3.115386,0.6778882,2.3996627,31.625597,70.62107
551,254.62799,6.6943326,0.9684304,2.9971993,31.993893,84.41591
552,198.29025,3.7384262,0.7934834,2.7179866,33.5532,97.74996
553,161.35564,4.054262,1.0199945,2.5311313,10.640978,66.92395
554,205.51027,3.505437,0.6994777,2.6502604,35.67204,96.81111
555,352.32605,7.220829,0.66137785,2.8690484,21.011135,58.80126
556,207.7441,4.5589695,0.91067666,2.502187,12.189747,62.600235
557,197.29568,5.011196,0.816892,3.0142913,33.584934,102.80641
558,217.16574,2.890254,0.7018597,2.5009365,29.72186,77.821785
559,289.34305,6.9810114,0.6700158,2.5053263,25.481506,70.42903
560,167.8767,5.7656126,1.1011875,2.472532,23.030815,88.9474
561,260.73425,5.3525753,0.9352543,2.7863786,31.327362,81.6366
562,224.915,4.1357126,0.821249,2.7252574,36.849,101.990265
563,161.5837,3.9320178,1.0128046,2.5029552,11.588641,67.16579
564,210.43962,3.7463589,0.6670758,2.6249368,33.067863,99.62135
565,330.8896,6.9909,0.6890923,2.7868364,19.94229,60.882698
566,202.34096,3.1949039,0.6941379,2.5340698,35.139317,102.60003
567,226.65698,4.203168,0.62522274,2.754225,45.476265,102.401726
568,215.78868,4.5571346,0.78253347,2.6376002,34.135006,101.41699
569,165.35133,5.8827705,1.0843495,2.421256,24.756573,91.01494
570,228.31216,2.7592893,0.6381516,2.4547033,30.043848,79.72186
571,175.96826,5.1162786,1.1021863,2.4385633,21.827,88.40141
572,170.14381,5.7561674,1.132993,2.4845366,26.192099,94.61955
573,186.64078,4.4920855,1.1109511,2.5243213,24.4686,90.45523
574,200.92369,5.21408,0.97461563,2.4831505,12.761245,72.68909
575,233.64557,5.4559317,0.9724052,2.8712447,30.547985,94.344986
576,156.45432,5.676935,1.1210623,2.369137,24.813482,90.56597
577,245.20026,6.2816324,1.0394101,2.8874106,34.546402,81.32028
578,210.38597,2.6579576,0.70393217,2.3259118,27.635319,81.47543
579,289.05557,7.037467,0.68442696,2.5213153,22.599678,71.40777
580,196.97997,3.1067271,0.6530926,2.460823,43.18588,102.47681
581,165.7977,4.630657,0.98605585,2.2990057,28.76239,92.63452
582,209.87222,3.0894542,0.6460947,2.521939,32.076744,102.52025
583,267.92737,6.94127,0.7622781,2.419255,15.026542,77.228905
584,232.52388,3.3667228,0.66508585,2.684755,27.96889,82.580345
585,240.9846,7.576415,1.1363122,3.1283002,29.98695,96.9711
586,183.34354,2.7078052,0.58312184,2.4630075,32.09052,69.004745
587,209.93452,3.8790703,0.65283215,2.6194263,33.183178,101.40054
588,265.58832,6.9094467,0.76919156,2.4143877,15.44027,77.48834
589,206.90742,4.056437,0.8190133,2.7049828,27.877884,80.7698
590,302.819,6.9896116,0.64595366,2.5716166,26.391052,67.36453
591,202.39261,5.3777514,0.7869485,3.149314,37.11657,109.92852
592,215.07455,4.1037383,0.69539577,2.6633315,34.377285,97.61244
593,250.32222,5.8790894,1.0123265,2.9028761,29.480509,93.15263
594,172.55255,5.6991115,1.1410066,2.4340038,20.76479,93.877975
595,212.66112,2.934345,0.6229076,2.461421,30.34198,103.67189
596,164.54507,5.99875,1.0911782,2.4348853,23.855463,88.474976
597,263.48483,6.8035774,0.7618725,2.383464,14.551429,77.11439
598,205.805,3.3760357,0.794899,2.5981534,31.483278,87.86997
599,340.8064,6.851981,0.70789665,2.8297734,19.48454,58.754818
600,184.92258,4.4301195,0.81876147,2.051492,12.658931,97.97931
601,168.13774,4.080324,1.0398287,2.54995,11.982281,67.182625
602,215.74973,3.387341,0.78297293,2.6489978,33.828114,117.44278
603,201.50317,3.4556265,0.8079314,2.6164632,32.179462,94.13491
604,223.98148,6.397926,1.086342,2.7814927,31.133465,103.436356
605,267.7958,6.9427767,0.76164126,2.4192953,14.976481,77.18262
606,167.26048,6.01949,1.1064333,2.4404871,22.884241,88.713585
607,212.28929,2.7479312,0.7064061,2.3837674,29.243258,81.307175
608,213.06645,3.0555925,0.66231567,2.5630014,31.915733,106.664856
609,266.16003,7.0350666,0.764679,2.4236076,15.819441,77.269196
610,226.10263,4.970267,0.6986539,2.3563929,16.281443,112.99986
611,209.14008,4.734383,1.1822846,2.8197856,20.68155,98.52881
612,212.94933,3.7492774,0.7514741,2.576696,34.81388,95.07225
613,262.9656,7.005525,0.79754376,3.0276642,20.46247,91.46322
614,216.12108,2.3433383,0.66775364,2.3362815,27.297537,72.96867
615,232.6416,5.1810136,0.89494365,2.7516851,34.993416,93.03668
616,168.56915,4.9365983,1.1290821,2.3921013,21.048481,91.34798
617,167.3666,5.8603888,1.1117156,2.4347653,22.315788,88.31958
618,350.55542,7.095433,0.6780273,2.8654952,20.66587,58.722176
619,215.52249,5.0634174,0.88820964,2.9871893,36.765045,109.05168
620,207.14798,5.299641,0.82916033,3.10472,37.035965,111.72059
621,230.74686,6.253527,1.0576695,2.8122456,27.075546,98.81907
622,291.03485,6.8947434,0.66843104,2.5413935,24.915854,67.729836
623,203.65134,3.5249321,0.7165743,2.3347735,36.91667,113.25783
624,206.79443,3.5152092,0.68935215,2.5580378,46.913403,103.09427
625,207.24303,2.7759304,0.74729466,2.3435864,29.122551,81.17516
626,203.16646,3.7977386,0.8202534,2.7087142,30.50314,88.999084
627,186.85352,3.4084976,0.73307294,2.6086364,32.8805,79.656906
628,246.83707,4.8729544,0.9576672,2.8309524,25.060017,138.3113
629,350.30612,7.1098666,0.67615956,2.8629618,20.735998,58.841038
630,161.72842,3.934243,1.0119239,2.5027678,11.626531,67.21512
631,326.1314,7.254568,0.7061143,3.169578,24.154026,62.15844
632,260.87238,6.7505126,0.7548092,2.3566983,14.031517,75.97604
633,257.38876,6.711512,0.75100553,2.3380861,13.579679,75.390045
634,214.967,3.627501,0.729306,2.5674195,35.141365,108.290085
635,311.22064,6.929657,0.6107322,2.8032796,20.7028,59.657715
636,352.7066,7.245826,0.6517885,2.849828,21.850044,59.043034
637,199.27983,6.144234,0.8185858,3.153452,29.293774,101.84698
638,255.40244,6.024165,0.98477364,2.893394,29.652805,88.05053
639,208.31781,3.584097,0.6693168,2.6479487,34.891956,98.40855
640,166.97888,5.606012,1.1044356,2.4093997,21.91394,88.072266
641,208.35852,3.4513438,0.6561729,2.5511596,33.18076,103.5053
642,160.55441,5.358281,1.1097811,2.3804698,22.51976,86.25316
643,165.06186,5.870924,1.1132708,2.4219267,23.01524,88.760124
644,266.67972,6.899575,0.76100117,2.408711,14.812856,77.19377
645,213.09659,3.8403473,0.7145853,2.6789212,27.88033,85.37494
646,265.10028,6.899321,0.7669851,2.4114308,15.105629,77.376335
647,195.56267,3.0196261,0.6563261,2.4248452,40.737816,102.96108
648,345.026,7.2474885,0.652987,2.835336,20.977184,59.699883
649,208.10701,4.987657,0.9007595,2.4387496,36.035408,86.48535
650,235.18289,3.7599738,0.69167405,2.7473845,27.506199,85.04891
651,167.02493,5.1213923,1.1228046,2.3916736,21.317621,89.99381
652,236.27176,6.681258,0.7991264,2.3489747,15.442413,76.104164
653,203.19284,3.338685,0.6751988,2.4693437,43.014965,99.212265
654,223.7743,6.9434404,1.1919532,2.939219,30.995743,91.7591
655,214.56458,3.7055037,0.70997965,2.675849,28.016819,85.67435
656,196.64697,2.9065871,0.703927,2.5261812,35.628902,95.44848
657,205.5166,2.8385472,0.6335269,2.4034817,33.56503,101.77673
658,205.12546,4.0053644,0.8086476,2.7397394,27.974747,83.94184
659,216.20648,5.2831364,0.7773131,2.8247283,31.688128,113.23904
660,262.3511,6.7640824,0.75997925,2.3702288,14.447775,76.59983
661,212.3045,4.932863,0.7527206,2.7480893,28.251228,84.65235
662,201.35768,5.1782374,0.85715276,3.0570514,33.30084,106.263336
663,293.7708,6.944891,0.6624564,2.5421896,25.411278,68.18124
664,206.2761,5.251716,1.1567416,2.8110855,25.391914,105.600136
665,230.41301,6.4241343,1.0560981,2.8881962,34.671703,104.73467
666,220.66989,2.6212628,0.6630633,2.4056091,27.58432,73.920235
667,240.35693,4.911093,0.7847436,2.669954,11.748388,127.11448
668,254.53,6.0004015,1.0373322,2.933685,31.336063,89.88489
669,169.35287,4.247501,0.96033216,2.51093,11.48416,66.954666
670,207.75987,7.4923415,0.87059253,3.197372,22.752745,90.93002
671,238.41588,3.718143,0.7295512,3.0496254,32.792744,83.79263
672,210.86227,3.8661819,0.66089237,2.6368454,33.017433,98.88889
673,215.72337,2.6065366,0.69533867,2.2786055,26.881931,81.21129
674,343.44025,7.487259,0.68464,3.1921139,26.527653,65.73204
675,221.30518,3.7011065,0.7058414,2.6936269,27.529032,86.13038
676,196.79512,4.834852,0.8625775,2.9175737,30.151352,97.77083
677,211.92015,4.3091426,0.85152346,2.1113787,10.991507,112.881744
678,284.24005,7.092742,0.685589,2.4741976,24.016994,71.90653
679,214.91905,3.8418026,0.67053515,2.6297042,39.042053,98.02569
680,202.95947,3.0505848,0.6640376,2.3998046,33.310467,107.34272
681,202.74512,3.7927663,0.75817764,2.476405,35.081844,82.55552
682,213.38744,3.5375476,0.7100409,2.6523752,33.16243,106.657745
683,218.3015,3.8041859,0.6187914,2.6504395,47.97983,103.11993
684,164.37955,5.7377367,1.0686991,2.3183382,22.737957,94.14448
685,218.36276,4.60349,0.7465788,2.6503623,31.329632,114.2992
686,210.37473,3.9075377,0.6945907,2.7205324,35.879253,102.80857
687,163.37677,3.9288914,1.1331542,2.3217924,21.501343,88.15212
688,194.00914,4.521482,0.72733337,2.001117,13.896188,110.70152
689,236.4607,5.0387506,0.7688116,2.5560281,15.849349,113.52734
690,206.9706,3.4226298,0.6782453,2.5785356,33.94572,101.59781
691,222.22043,7.031476,0.7668247,3.110531,23.869516,82.910545
692,315.2933,4.2215366,1.3040259,3.4253125,34.494995,115.48346
693,238.18451,5.0350738,0.9214255,2.6914067,30.31887,78.49677
694,217.42735,4.346411,0.74891984,2.6834264,35.17171,99.5254
695,188.71835,5.4766717,1.0971189,2.5400329,22.627687,91.62695
696,225.41988,5.027121,0.9193374,2.5412269,33.125416,86.31156
697,213.22107,2.6956728,0.7138878,2.4684408,29.931665,78.494156
698,206.2974,6.350545,0.87327456,3.04327,24.163446,86.43406
699,167.96013,4.151838,0.9796392,2.5072978,11.139137,66.83708
700,195.69287,4.5156,0.8119895,2.114283,13.443889,111.686844
701,221.14424,5.5408545,0.8463391,2.8534775,29.179663,90.74237
702,210.78928,2.3965464,0.7101752,2.387515,28.965506,74.12976
703,160.34319,3.9220529,1.0190532,2.4982078,11.544448,67.20207
704,161.6973,3.9442084,1.0072026,2.5045314,11.520538,66.986435
705,209.99687,3.5180597,0.6776447,2.6104019,33.070698,101.5378
706,226.48706,6.6930156,1.1070797,2.8954806,27.059366,103.36421
707,285.14685,6.7811213,0.6841792,2.5374277,23.575726,67.07307
708,233.39331,4.946466,1.239773,2.9688635,31.363415,117.06925
709,218.6963,4.0301867,0.8140303,2.626604,36.49461,113.39929
710,214.6897,3.6249387,0.8180276,2.7140253,29.635294,97.340935
711,210.59448,4.9109893,0.7639845,2.805979,29.11642,81.561295
712,220.55336,3.960863,0.8147121,2.7388105,37.15621,103.25869
713,205.59879,2.5736303,0.7089275,2.2520769,28.912317,83.43813
714,180.24754,6.1071644,1.0395069,2.410292,21.111313,91.49591
715,256.11725,6.108688,0.9226688,3.1482596,29.84891,85.54211
716,290.87628,6.197863,0.69513476,2.6960573,18.690165,58.264122
717,204.13506,4.155957,0.80174726,2.7149756,28.494804,87.146355
718,233.40549,3.4493327,0.6574092,2.5317204,26.342539,81.105576
719,248.66798,4.867734,0.95813626,2.7889597,31.93532,77.33627
720,271.37097,6.762551,0.72204965,2.4895213,20.34713,69.15181
721,241.67847,5.360406,0.9860882,2.8634968,30.6508,83.57792
722,211.02428,3.894313,0.6623851,2.6416132,33.044746,98.64708
723,163.99944,4.018091,1.0336987,2.5474463,11.434521,66.671036
724,199.41873,3.0780716,0.7010381,2.5285957,36.12622,96.18019
725,165.74352,4.0691333,0.9861481,2.5062819,10.909246,66.44867
726,210.20587,3.469746,0.77032876,2.6435761,29.162357,80.74129
727,168.78009,6.0681334,1.0897245,2.4626064,22.932718,87.37831
728,180.89928,5.177337,1.1012795,2.4791105,22.378563,89.203735
729,215.51363,4.094396,0.7583958,2.6024468,35.922234,99.41983
730,164.00162,5.9226894,1.1029199,2.4556382,23.316149,88.88645
731,206.58905,3.603845,0.80793643,2.6080234,28.709608,79.36066
732,197.84378,5.0232973,1.1658921,2.80134,26.85327,99.8865
733,206.99669,3.4115427,0.65874684,2.5200887,33.297523,108.23018
734,182.63496,4.191141,0.9961673,2.5387225,11.556934,66.02265
735,190.58485,5.411241,1.1283344,2.6477597,23.712017,97.88145
736,266.80142,7.0092206,0.76491416,2.4220679,15.9506855,77.12872
737,254.96382,6.1696653,0.9961821,2.9277804,29.610764,89.028625
738,195.05193,4.7902017,0.8634004,2.8631196,28.345463,93.66171
739,224.61613,5.4741473,0.8424576,3.1199565,31.833757,94.64549
740,265.6077,6.8468843,0.7611722,2.396568,14.735142,77.18809
741,200.40376,3.9923124,0.7758946,2.788998,34.290375,96.50682
742,351.43622,7.16959,0.6687561,2.868289,20.870754,58.831303
743,214.07137,4.0033956,0.700238,2.6697903,34.876648,99.01284
744,211.8762,3.1321006,0.7479801,2.5778096,29.704994,78.63098
745,224.68593,3.6562667,0.7813915,2.4529295,25.481386,87.80453
746,166.0445,6.0042863,1.0864811,2.4316258,22.978512,89.032745
747,214.35028,6.898939,0.8215126,3.0941339,23.747046,84.669426
748,204.99884,4.47794,0.8798906,2.2934532,37.114723,75.1965
749,150.14609,3.879622,1.0201409,2.4706857,10.836852,65.43638
750,156.28067,5.771516,1.0989577,2.365389,23.331278,88.58631
751,352.37396,7.2282043,0.65999526,2.8678136,21.06927,58.842857
752,207.08403,5.9425607,0.82065856,3.1623275,33.00332,109.01412
753,208.60634,3.7640777,0.6846714,2.6776953,35.44436,97.83386
754,213.22876,3.7375712,0.6870417,2.5608819,35.920532,98.334595
755,202.94167,3.043913,0.68290573,2.4892912,35.549847,98.27381
756,189.60783,4.7386227,1.209157,2.7627773,25.08324,96.8897
757,235.4635,6.02753,1.1183935,2.8369591,32.693405,82.844635
758,195.1477,4.202706,1.1425176,2.5477054,21.926252,94.895134
759,211.8955,4.539734,0.7643933,2.6739755,33.6322,102.71998
760,173.82549,4.9889646,1.1180423,2.4269075,22.93228,95.58565
761,265.19745,6.8404408,0.7683774,2.4013832,15.195844,77.43424
762,182.85164,4.5093946,0.81665504,2.0145307,13.937959,106.97995
763,207.4427,4.6981745,0.8246299,2.799297,26.62336,80.42276
764,192.13573,4.377648,0.68722063,2.0517056,14.065927,97.428055
765,242.27292,7.7611885,1.1412487,3.164677,30.16651,98.06438
766,221.58241,4.596736,0.9505863,2.6440954,23.58027,131.84546
767,208.5529,5.9999537,1.1369474,2.68781,27.481102,114.4349
768,231.81348,4.8420234,0.9181286,2.8241491,30.893524,90.5269
769,161.24191,5.5299344,1.1091598,2.377174,21.875078,85.41716
770,168.20993,4.1532464,0.9800198,2.5090866,11.157149,66.96457
771,208.1047,3.5653038,0.6753821,2.6471164,34.54791,99.90678
772,161.69823,4.212895,1.134788,2.3123465,20.33421,87.43482
773,226.45453,3.3600097,0.6586281,2.612722,26.8888,80.78493
774,215.34976,3.8700624,0.6888203,2.5750127,35.581688,97.93264
775,205.12155,3.0167437,0.6846421,2.3372574,39.899063,94.96012
776,185.11118,4.1608543,0.7423303,2.002342,13.933421,102.07921
777,171.30579,5.42181,1.1261659,2.4890897,22.557652,93.51204
778,209.0543,3.8140717,0.70846754,2.6745303,36.53196,98.17702
779,203.8849,4.774329,0.7101547,2.1944242,13.93827,103.760056
780,199.28343,5.540125,1.1800604,2.7134423,28.305477,105.2011
781,187.36443,4.479936,0.7319306,2.063087,13.131093,96.148735
782,164.45253,6.01574,1.082568,2.4378366,24.124798,88.277275
783,166.8852,5.6587734,1.1193973,2.4240534,21.510395,88.05217
784,219.05603,3.6169348,0.7418884,2.5486267,37.007984,107.324615
785,206.55919,3.4642732,0.6691904,2.5771608,34.660126,101.341515
786,209.04225,7.298727,0.81891674,3.0801322,25.47617,88.87488
787,163.01611,5.893108,1.0794787,2.4501023,23.981962,89.31743
788,203.85107,2.879888,0.64546245,2.412414,33.0322,105.337135
789,206.81923,2.7243612,0.7564664,2.4438543,29.114279,76.01101
790,210.7507,2.4157267,0.70884377,2.4022548,29.633621,77.46265
791,162.16812,5.6751156,1.1236001,2.4133654,22.77306,89.22222
792,212.27481,6.018062,0.868101,2.9663057,26.713335,88.56506
793,162.69994,5.581905,1.1252356,2.4170542,22.986439,90.126854
794,165.3885,5.636467,1.0804648,2.411238,25.135612,91.09664
795,215.26689,2.9057145,0.63144755,2.3965104,28.681385,88.78609
796,232.59535,5.6236877,0.9719851,2.884472,33.41868,96.51425
797,203.0475,3.4656992,0.7908129,2.5341945,30.28443,84.213394
798,209.66615,3.531866,0.67591715,2.6050797,32.99073,101.26767
799,220.44318,4.345992,0.7554917,2.4295604,10.070719,118.669495
800,164.19804,5.6428733,1.1310955,2.3832474,22.889414,91.718414
801,224.6263,4.458643,0.95317185,2.6606784,29.375599,80.73605
802,229.99971,6.143619,1.0556524,2.791244,26.733461,99.64825
803,195.22368,4.416978,0.8367088,2.830361,30.703276,95.31656
804,170.98055,4.245786,0.9698237,2.5162961,11.527003,67.142746
805,168.76816,5.627604,1.1109769,2.5095496,22.83754,92.61203
806,203.18918,3.3446074,0.7164741,2.5531592,35.82528,96.844246
807,188.1278,4.5349436,0.7388723,2.0137753,13.420339,111.29193
808,218.32962,4.1414123,0.78379273,2.5304723,30.495893,90.02382
809,218.5573,6.7860823,1.1502527,2.8868666,26.768682,107.817505
810,163.9915,4.3210983,1.1381066,2.32829,19.901937,88.80765
811,223.82086,4.6995287,0.88635916,2.8261666,33.570183,98.53441
812,218.24146,4.0962896,0.71630836,2.642072,36.31965,98.30089
813,209.91559,3.8581257,0.6541016,2.6145234,33.09954,102.457596
814,199.04688,5.053057,0.9027929,2.199373,14.780529,102.84301
815,207.56027,7.2780905,0.8251166,3.1433723,24.041239,88.779305
816,209.82243,3.4330273,0.6732598,2.617364,33.20757,102.22786
817,164.45116,5.560938,1.0908463,2.4168131,22.87202,91.7361
818,197.83429,2.6104977,0.6848506,2.3931587,31.799149,93.20911
819,195.49213,4.148049,0.8599689,2.0038395,12.217883,110.23627
820,345.80014,7.2130547,0.6591943,2.8429275,20.792467,59.527958
821,218.33221,4.687507,0.85370916,2.3986526,13.759953,102.755005
822,264.7321,6.8393507,0.76843363,2.4008827,15.136266,77.50679
823,213.85464,3.8135343,0.733542,2.6371233,36.186394,104.88879
824,197.19266,3.7572055,0.79946595,2.6905982,32.379974,94.449905
825,216.78737,5.640822,0.85445774,2.9068208,28.244446,90.1872
826,203.8857,3.232089,0.8015824,2.6004968,29.934294,83.12274
827,264.02612,6.9689116,0.76793826,2.4143782,16.000465,77.3609
828,217.44275,4.0702367,0.7736446,2.547068,33.604576,94.706955
829,209.6941,2.6621838,0.7249222,2.2988806,28.007967,80.71568
830,205.65935,5.250638,0.81865203,3.1331277,37.082897,112.47128
831,170.40979,4.2274833,0.9726421,2.5134692,11.426798,67.102
832,196.19975,5.753046,0.79707325,3.1534863,32.923218,104.6568
833,241.94922,7.5321693,1.1225907,3.1659527,29.103827,101.62301
834,211.33398,2.6468077,0.65436304,2.3245914,27.349957,86.26839
835,213.88422,4.575444,0.7551901,2.8471794,34.34962,106.19376
836,204.1603,2.447109,0.6920227,2.4675536,34.089035,97.399666
837,234.74382,6.233404,1.0323129,2.8689318,33.908253,97.89025
838,167.70233,5.8956347,1.1109645,2.4361699,22.363848,88.33749
839,207.74779,3.4133484,0.6738884,2.6257927,36.148556,98.91641
840,292.57727,6.834822,0.66792375,2.5597494,24.725187,66.465004
841,187.15399,3.8783438,1.1679617,2.4777055,19.645302,101.36166
842,229.11269,6.759082,1.159077,2.9523125,30.465137,88.765274
843,200.32588,3.7426567,0.74783015,2.7146196,34.516144,96.86817
844,236.38702,3.485918,0.67676663,2.762846,28.668829,82.901505
845,309.8318,6.783018,0.63152266,2.7853131,20.413067,59.038284
846,209.33904,4.710108,0.7767776,2.8044014,35.09933,103.92268
847,182.42207,5.2009406,1.1464322,2.6034253,22.86422,95.48515
848,198.6288,6.1735473,0.87984645,3.0691993,24.504944,93.05511
849,209.2941,2.8223133,0.6757077,2.481729,34.756363,98.23865
850,171.97275,4.08061,1.0115039,2.526004,11.754948,66.89035
851,206.47675,3.3493648,0.65951705,2.6074595,34.726498,98.15556
852,212.15872,4.9950876,0.7788191,2.82595,26.359217,79.515434
853,289.51294,8.672434,0.82712394,3.4698074,23.887953,88.045204
854,263.62335,5.4335155,0.9602574,2.8578455,31.997543,80.129105
855,231.7833,4.609199,0.8204882,2.2384102,10.4605465,125.370605
856,203.41133,4.328108,0.7643239,3.0581105,37.6682,110.00422
857,351.24915,7.2588606,0.65456873,2.8580618,21.209263,59.11765
858,191.58807,2.4569921,0.5662343,2.2766178,29.040411,89.41544
859,195.6377,4.716056,0.86274207,2.8442256,28.614769,93.620155
860,177.85754,5.479749,1.1566279,2.48503,26.184662,101.166916
861,201.04079,4.484144,0.7280559,2.0506544,14.613259,105.03452
862,223.12276,5.709966,1.0381266,2.6446092,29.535442,100.80655
863,209.2202,4.7351003,0.6649473,2.1786687,14.753124,112.25058
864,209.8634,3.30107,0.77001137,2.4637039,30.656647,80.64508
865,208.2845,3.2701817,0.6956702,2.576223,33.1175,104.16652
866,206.79315,2.895636,0.68921566,2.2344942,29.035738,87.252014
867,225.60799,5.369997,0.9885894,2.5804017,29.109604,97.15433
868,212.5346,7.3663855,0.84597707,3.1705065,22.497084,87.4317
869,168.72589,5.7559676,1.099728,2.5193195,23.731379,91.2152
870,164.30827,4.0232344,1.0288725,2.5445821,11.3551655,66.78821
871,213.23268,3.629969,0.64396363,2.590627,35.650383,108.18899
872,209.79143,5.093248,0.82243735,2.869171,36.378975,108.74652
873,197.6596,3.2308664,0.673607,2.4839542,38.217583,100.14653
874,205.6975,2.8740897,0.76067734,2.3757796,29.612368,81.81392
875,194.10843,4.6899137,1.2072527,2.819326,24.791727,94.89537
876,222.9343,3.7120848,0.7626931,2.2802088,29.97775,67.82417
877,194.0208,4.120278,0.8740633,2.6713378,37.37518,94.77659
878,186.40742,4.5727453,0.8166887,2.02333,14.070556,107.11697
879,175.32236,5.4183283,1.1265899,2.5432572,23.018375,92.77752
880,163.0921,5.605567,1.11748,2.4064672,23.053967,91.08647
881,161.09346,5.4276958,1.1393821,2.3854487,22.462439,90.04363
882,265.34262,6.854019,0.7639374,2.399619,14.861235,77.33361
883,340.8698,6.871599,0.7055543,2.8423948,19.530903,59.032234
884,221.04384,6.6919317,0.86444664,3.0338788,27.551588,92.745735
885,215.06229,4.105568,0.78280795,2.6587777,35.704906,96.2331
886,220.77068,3.9001877,0.70772225,2.62158,25.604923,81.694824
887,214.91191,4.938564,0.7542329,2.8195434,25.741074,85.02735
888,263.99017,7.100883,0.73002493,2.3769283,21.45665,76.87001
889,167.20566,5.5812597,1.0660648,2.415124,24.540527,87.82954
890,198.63316,3.3457155,0.724998,2.6020513,34.082626,96.700325
891,252.73236,5.5919785,0.9531632,2.7643747,28.884909,87.232056
892,261.47076,6.7519197,0.76017714,2.3659606,14.354011,76.578865
893,204.73898,2.8741274,0.64542776,2.3608496,33.646538,104.89955
894,211.47859,2.4755645,0.6556034,2.5422745,36.395977,101.36083
895,172.10075,4.1506596,0.9655389,2.5144296,11.441806,66.77673
896,223.16241,5.2815757,0.7808312,2.6907403,32.472668,101.48033
897,194.25223,5.5209084,0.85298806,3.0697749,29.010986,100.52324
898,266.28625,6.885518,0.7653662,2.4090915,15.069522,77.406425
899,240.44756,4.126887,0.8950282,2.376611,32.48215,66.78385
900,213.60365,4.112382,0.85827863,2.7452843,32.047264,97.138565
901,267.56747,7.0547395,0.763111,2.4261236,15.835576,77.12891
902,184.3222,5.13465,1.1550217,2.6229496,22.759394,96.35264
903,161.62332,3.942162,1.0212458,2.5025914,11.632341,67.310356
904,274.28943,7.4601088,0.748228,2.4488413,17.820911,78.02839
905,199.80766,3.7674723,0.7726466,2.7116141,33.61581,94.38666
906,195.75626,2.7647295,0.7651948,2.5166051,40.06566,111.68826
907,210.74887,3.8597994,0.67704,2.6793752,34.786884,100.8948
908,211.38087,4.5091286,0.96488047,2.5642793,11.471492,64.96709
909,218.43063,3.763576,0.6113126,2.6391003,44.90558,104.14459
910,245.2853,6.2157965,1.0108726,2.9919682,31.377102,90.98637
911,207.65154,6.7410064,0.8332864,3.066699,24.244524,83.55609
912,207.56952,7.500998,0.8895785,3.1915207,23.27327,89.84005
913,292.72168,6.7773805,0.67684793,2.5735114,23.633852,65.66022
914,191.03719,4.9160776,1.1890891,2.6813052,22.30857,98.57673
915,244.61884,6.402613,1.0629319,3.0100913,30.074335,88.43296
916,177.33694,6.0935545,1.0776294,2.494095,22.839746,89.36438
917,229.14418,3.4259267,0.67358214,2.546447,27.756498,79.85321
918,201.83176,3.3455763,0.6967389,2.6105628,36.437904,99.52949
919,237.63536,3.4559827,0.72831833,2.446515,23.433607,118.1906
920,214.79915,6.604165,0.7904008,2.9516861,26.442282,85.57359
921,203.29155,4.4897065,0.7618353,2.0699158,14.395314,106.48088
922,210.7656,2.9516582,0.7580399,2.6004548,34.007435,98.12626
923,265.5036,6.8491054,0.75584567,2.3904014,14.389757,76.85481
924,351.36554,7.261339,0.655476,2.8639834,21.039913,59.013042
925,203.05878,6.6328163,0.86806285,3.1238427,23.645157,91.074776
926,268.3063,7.128415,0.74920565,2.4277554,17.14407,76.39561
927,201.00528,2.7685163,0.7413244,2.4039626,29.965717,85.02064
928,232.56123,5.903313,0.7828978,2.5510633,14.974253,94.669266
929,165.72559,5.6532016,1.1148007,2.4091806,21.139515,87.00461
930,161.54553,3.9281514,1.016389,2.5018554,11.624608,67.28877
931,233.15839,5.2875943,1.0630676,2.6819818,33.102474,77.533035
932,196.2801,4.653749,1.2477623,2.8427944,24.615093,96.91419
933,336.51944,7.244188,0.6445844,2.821596,20.416626,60.930977
934,203.08871,4.461984,0.753651,2.1637762,11.990554,99.72966
935,202.7073,6.0723343,0.82173085,3.1650398,30.92722,105.47028
936,264.16574,6.809885,0.76081276,2.3861504,14.586641,77.065414
937,338.49374,7.2288036,0.65031415,2.7898302,21.699476,60.635563
938,243.92311,6.3243566,1.0980511,2.8216858,35.744843,82.50126
939,207.89299,3.3464422,0.7501254,2.5108428,36.716366,105.712906
940,198.11073,4.5156803,0.7851582,2.0831764,13.210269,106.07507
941,194.23627,2.592909,0.64855844,2.434381,35.161762,96.41967
942,164.67696,4.0129495,1.0242386,2.5415063,11.371211,66.6424
943,188.38116,4.216507,0.7854373,1.9950557,13.990648,99.6043
944,228.3016,3.4833226,0.7193871,2.9061787,33.624413,82.91754
945,170.6743,6.0323477,1.082685,2.4523892,22.622215,88.6449
946,231.85764,4.3965607,0.8549554,2.5268462,27.613045,80.76065
947,231.67607,3.38908,0.66197336,2.6442606,27.229368,82.459435
948,153.0853,5.4626575,1.1154519,2.3082204,22.447151,87.360916
949,167.29457,6.04577,1.1098855,2.4420245,23.8989,92.51382
950,189.28433,4.5213547,0.73954624,2.0925534,13.404618,93.54068
951,161.63683,5.487845,1.1337634,2.4002547,22.667273,89.94331
952,162.22173,5.6304126,1.1285121,2.4002957,22.677883,89.45468
953,209.84955,3.508442,0.7980406,2.5049784,29.595978,82.296265
954,262.4604,5.6394906,0.99670136,2.914574,31.979044,81.16077
955,161.24686,3.9316156,1.012725,2.5024679,11.542747,67.10439
956,187.64658,5.1131363,1.1613798,2.6716976,22.814249,97.267715
957,209.86334,4.1675463,0.6906531,2.6545591,32.71684,101.6471
958,248.31519,6.478647,0.98327416,3.1004155,34.094006,87.01029
959,167.56493,6.085513,1.0880318,2.4496799,23.363241,87.24398
960,209.27603,2.445323,0.72064906,2.3835123,28.679844,73.699554
961,188.08061,4.4621406,1.1214843,2.523285,23.104288,91.60961
962,278.4528,6.757807,0.694986,2.510378,23.040565,67.983826
963,214.55296,3.6241567,0.63328284,2.5685365,48.50717,105.25583
964,162.88747,5.752791,1.1082566,2.4268868,23.281813,90.31816
965,190.18738,4.0485163,0.7815362,1.9824297,13.49779,99.6941
966,167.46994,4.1871686,0.97944486,2.5024383,10.854152,68.42228
967,266.59595,6.8959427,0.7653562,2.4113946,15.103742,77.39859
968,165.39932,4.011097,1.030897,2.545749,11.629184,66.718506
969,266.72638,6.978836,0.76528263,2.4245334,15.371045,77.24797
970,178.15831,4.9426026,1.116073,2.4456983,20.809586,90.41258
971,210.64542,5.249548,0.98180985,2.677145,31.326912,110.60969
972,200.40347,5.0033035,0.76650274,3.1345873,37.4492,109.35581
973,167.6671,5.920044,1.1165466,2.432185,22.385235,89.170265
974,206.65283,5.9327126,0.81637603,3.1580238,32.913948,108.49382
975,158.91794,5.8075933,1.0730056,2.326916,21.95496,91.923195
976,184.37907,4.6015854,1.1852351,2.8036232,27.714615,92.64727
977,177.45174,5.4178324,1.1267635,2.5696118,23.10524,93.35524
978,163.54071,4.0313206,1.0033711,2.5178254,10.916302,66.33941
979,187.65115,2.8518324,0.7344374,2.2778273,44.635437,104.97647
980,191.29715,4.8267994,1.2117453,2.7381353,23.561958,97.96378
981,197.61992,5.4405437,0.81838995,3.0822225,33.668476,104.818
982,169.54231,4.2107368,0.9749186,2.5099726,11.337261,67.03291
983,275.95746,7.0183215,0.7265728,2.477348,19.003004,74.16716
984,185.37206,5.59981,1.0941161,2.5221589,22.512663,90.5477
985,170.06812,5.9925566,1.1165212,2.4582524,23.950575,94.48808
986,209.87488,3.4371214,0.67850333,2.4387033,32.969627,111.14203
987,170.20114,4.0479703,1.0178689,2.5294285,12.032713,67.524345
988,266.4723,6.917714,0.76350033,2.4136724,14.9636965,77.252625
989,233.89464,4.2281985,0.84893274,2.4024963,29.253029,77.22091
990,236.67238,3.275385,0.70223737,2.9380217,34.743793,78.59015
991,201.73303,3.278326,0.7285691,2.5844443,35.742905,96.05247
992,230.97256,7.665369,0.8508119,3.2023792,30.114315,105.99403
993,202.40479,4.37395,0.81564516,2.1761754,11.570869,96.67909
994,205.0363,2.903074,0.6592955,2.4974418,33.486736,104.85407
995,197.67607,3.5628128,0.77965647,2.6426122,32.71701,94.58886
996,161.73563,3.9558222,1.0022459,2.5048208,11.431223,66.78029
997,165.1907,4.749992,1.0676029,2.3512893,24.033855,88.82607
998,270.6514,7.0924253,0.74522215,2.4448936,17.352764,75.848045
999,164.8587,5.9633436,1.0882046,2.475903,25.045036,89.62092
1000,205.39037,2.866271,0.6866121,2.5227604,34.16846,107.16391
1001,231.67735,6.491891,1.0594375,2.9103293,34.6614,103.762115
1002,171.50777,5.1758423,1.0991005,2.4057987,21.897293,87.0969
1003,266.46173,7.085337,0.76232934,2.4278429,15.747285,77.19842
1004,205.96991,3.949978,0.808189,2.5571613,43.231365,104.15639
1005,264.91992,6.849759,0.7649476,2.400164,14.901606,77.41284
1006,161.99261,5.551493,1.1277499,2.4107616,22.648537,89.53376
1007,210.95033,4.840338,0.7853881,2.8044412,26.688036,78.45315
1008,200.51366,4.8134103,0.7644849,3.1242774,36.669014,108.67684
1009,171.49954,5.761522,1.1385357,2.4261985,20.467564,92.85803
1010,209.93462,4.6045876,0.7835492,2.554624,39.07937,101.672455
1011,306.28638,6.6500254,0.6457348,2.764748,20.08154,58.699295
1012,211.29646,2.2676828,0.6913348,2.333365,28.032806,73.289444
1013,166.33119,5.7949767,1.123909,2.416064,22.273949,89.279465
1014,157.32034,5.780921,1.0995901,2.3592923,23.91781,87.20197
1015,351.5736,7.2509093,0.65677273,2.8646398,21.055334,58.98175
1016,208.47426,3.1924696,0.648303,2.5184493,34.21313,101.79872
1017,241.88441,5.6280756,0.9742068,2.8422549,31.605953,78.31142
1018,218.81401,3.9132264,0.78694326,2.6090086,36.110336,113.09172
1019,298.96667,6.9032755,0.6582336,2.5810516,25.048756,66.05357
1020,350.8999,7.273125,0.65361667,2.8607156,21.058815,59.148766
1021,199.7772,3.1892874,0.7031329,2.5444522,33.367565,93.667915
1022,227.23724,4.2008696,0.849971,2.8083405,28.58606,94.57086
1023,163.29858,5.7752237,1.1249157,2.431572,26.062996,93.04305
1024,206.45444,6.704191,0.8415642,3.062552,24.26434,83.342995
1025,262.35303,6.770854,0.76311,2.3744593,14.537829,76.95271
1026,203.35715,3.912493,0.7329048,2.7690878,36.030693,99.09242
1027,233.9204,3.4895406,0.6607023,2.6169796,26.652853,82.31305
1028,167.38809,4.2527156,0.9580215,2.504118,11.372255,67.02805
1029,208.46594,2.7750196,0.73007107,2.420066,29.820072,82.3344
1030,187.07277,4.193771,0.74346125,1.9611895,13.022209,105.246574
1031,218.22179,4.4999666,0.9356124,2.62383,25.021475,130.64157
1032,273.44266,7.165351,0.72321177,2.436359,19.732529,74.8213
1033,210.0988,3.8434324,0.6520153,2.6258852,33.235615,99.25429
1034,200.04994,4.554366,0.79234385,2.1448634,13.114014,113.21318
1035,204.87785,3.8686585,0.8096552,2.7192705,28.194529,83.287926
1036,165.94882,5.705717,1.1346871,2.403659,22.200443,90.588486
1037,207.05768,3.7094393,0.795457,2.708752,34.414932,99.41027
1038,207.61418,3.761229,0.77276325,2.7507336,37.112278,102.42011
1039,251.0797,5.746752,0.98459125,2.7136207,30.954735,77.64886
1040,229.05876,5.270104,0.94361216,2.6447246,32.01098,92.51922
1041,253.90678,7.826633,0.8058205,3.4448743,28.88338,77.76828
1042,197.08891,4.413809,0.7838767,2.1232083,12.365789,99.27936
1043,210.23459,3.8541756,0.65204394,2.6280005,33.306835,98.93621
1044,201.53955,3.9239912,0.81471497,2.6861882,28.94892,87.36908
1045,163.38475,5.908374,1.090205,2.4425633,23.607141,89.37846
1046,232.19485,5.26498,0.98653394,2.799422,29.945034,80.03561
1047,193.8103,4.3599467,0.7502819,1.972707,12.903057,106.67365
1048,210.86128,3.6702414,0.67194605,2.6270998,33.155502,99.98886
1049,237.14651,6.652113,1.065526,2.9258497,28.089478,97.88549
1050,196.03023,6.1989136,0.8467035,3.1259727,26.313255,96.17201
1051,158.64218,4.6700835,1.1186507,2.3400207,22.449131,86.7717
1052,256.44434,4.7610507,0.8989053,2.6485257,30.903893,79.26864
1053,242.71498,6.383016,1.0583997,3.002834,29.99794,89.1591
1054,260.40338,5.2891717,0.97978735,2.7981224,32.581093,79.85599
1055,168.8424,5.969294,1.1167996,2.4346006,21.81081,89.75434
1056,260.089,6.1721287,1.020093,3.01416,31.019642,85.393
1057,226.9075,5.1175823,1.2445484,2.8709095,30.894,117.72943
1058,171.67665,5.3155694,1.1272076,2.4758525,22.285265,94.05452
1059,233.47144,6.3137703,1.0509282,2.846087,27.239511,98.1912
1060,175.0754,3.769939,1.1536703,2.3884423,20.133274,93.44082
1061,166.371,4.2408414,0.95724034,2.4989653,11.263763,67.11404
1062,217.3272,4.018961,0.7214348,2.6950457,26.425858,84.43058
1063,258.90775,6.1794558,1.0223473,3.0174203,31.079786,85.224686
1064,211.30956,4.03827,0.72395515,2.725293,36.398174,98.627785
1065,228.10016,6.3755584,1.1560291,2.8704658,31.795708,84.2529
1066,173.39401,5.706168,1.0971466,2.5655954,25.090319,92.13595
1067,166.12347,5.871197,1.0969372,2.493794,23.599894,90.12156
1068,170.09102,4.225629,0.975052,2.5141413,11.408509,67.25687
1069,233.51505,4.6552467,0.7124842,2.530654,9.350496,148.7079
1070,239.43002,7.0899367,1.1297355,3.0803757,29.567078,93.93576
1071,214.84207,4.7044287,0.7860875,2.2775068,14.282522,115.95933
1072,263.48114,6.795081,0.7563249,2.3756654,14.268393,76.62467
1073,209.34232,4.745295,0.7823652,2.8181791,35.332306,104.147125
1074,298.53934,7.0246496,0.6551061,2.5496142,25.785862,68.52703
1075,226.7718,5.0720515,0.9197735,2.8471372,33.73717,97.277756
1076,167.76855,5.9904947,1.0959452,2.4630609,22.870733,87.84636
1077,207.01538,6.6189647,0.8312494,3.0497315,24.426704,83.24505
1078,211.77533,5.2212524,1.2254621,2.747827,28.833109,113.62731
1079,267.00647,7.0949917,0.76140463,2.4248183,15.957456,77.162704
1080,212.67778,3.8686886,0.7182722,2.6612182,35.346745,106.41931
1081,199.71127,3.0889661,0.78839123,2.4810164,30.574142,87.62956
1082,235.11932,3.8087893,0.7318712,2.7897215,30.926636,80.191414
1083,196.94435,4.0521398,0.8324645,2.741054,30.480394,90.88288
1084,169.91084,4.2596374,0.96436936,2.51414,11.523524,67.08211
1085,198.21275,5.3901377,0.7774547,3.149208,34.975185,106.97956
1086,259.65482,6.667513,0.98342764,3.0761003,32.757027,82.06081
1087,263.64532,6.7943325,0.75859255,2.3790338,14.430002,76.80036
1088,226.64911,4.533944,1.2101434,2.9510288,27.526453,101.6163
1089,280.49808,6.7590594,0.6879352,2.5146525,23.79515,67.780464
1090,256.13193,5.128937,0.9673078,2.7225804,32.469063,79.48862
1091,160.9318,3.9308298,1.0198454,2.499867,11.600923,67.28971
1092,298.5882,6.8408294,0.6583039,2.5846324,25.265936,65.5208
1093,221.9176,3.970904,0.86901075,2.46917,27.030043,80.56329
1094,201.85585,4.495464,0.7218071,2.063359,14.742365,104.60326
1095,197.01971,4.3853283,0.75918055,2.0173974,13.667952,105.7326
1096,267.14902,7.115055,0.7562923,2.422959,16.564037,76.83095
1097,206.10962,3.837769,0.76705647,2.0599432,12.79786,107.155235
1098,164.2669,4.02226,1.0328426,2.5471706,11.433752,66.76968
1099,194.10033,4.981899,1.1968311,2.7438455,22.766247,98.93354
1100,206.56815,4.728682,0.8398951,2.8051734,26.762697,82.23538
1101,236.60594,3.8539767,0.7193439,2.8627462,29.96467,79.4821
1102,308.8387,6.840313,0.61866134,2.7899961,20.604918,59.348198
1103,231.22057,5.6962447,1.0528737,2.853542,29.419237,84.9141
1104,203.20787,4.6831055,0.76043063,2.0982893,13.665391,114.742325
1105,267.4436,7.0154924,0.76482844,2.4255729,15.622871,77.23958
1106,251.17316,5.4901595,0.950752,2.736348,27.923714,90.75617
1107,200.9144,5.113852,1.1605413,2.7710898,24.235775,104.988525
1108,216.12093,3.0516064,0.7076898,2.509973,28.516747,73.70146
1109,225.76282,4.548397,0.7984129,2.8522563,44.071136,115.27982
1110,200.47041,5.290118,0.77728194,3.1603663,36.61105,109.349884
1111,205.88875,3.241037,0.80055237,2.5554566,29.469248,80.69641
1112,239.11615,5.538919,0.9095763,2.7174702,33.33206,98.210434
1113,163.6714,4.024666,1.0156046,2.5312831,11.049874,66.58341
1114,243.07336,6.654223,1.0494605,2.9408395,29.09702,94.72599
1115,200.26982,5.0836945,0.788045,3.1229928,34.909374,108.084694
1116,217.30885,2.6520057,0.6897682,2.4184437,33.52867,92.27232
1117,199.05319,3.7641606,0.82561165,2.667506,29.340704,87.38765
1118,163.84518,4.029131,1.0073162,2.5231745,10.959086,66.44805
1119,202.48698,2.6670237,0.7006613,2.3712463,30.010181,85.77543
1120,350.34296,7.1355114,0.6737278,2.867804,20.697203,58.84263
1121,240.3534,7.2209187,1.1017597,3.0468698,29.337008,98.9015
1122,268.1392,6.859485,0.7563027,3.1289463,25.802395,82.46528
1123,169.70444,5.996566,1.0927241,2.4866002,23.338287,88.257065
1124,266.72214,6.934911,0.76730484,2.4182136,15.389107,77.38701
1125,248.74393,6.5712523,1.0978076,2.9078891,33.624878,78.2038
1126,208.77531,6.3125224,0.8167043,3.0093598,24.87248,82.849434
1127,164.33531,4.008343,1.0296195,2.5443454,11.465556,66.54433
1128,229.88837,4.2596197,0.8082435,2.5242665,31.191336,89.40604
1129,243.34048,4.0846586,0.89123493,2.592677,31.366772,76.258095
1130,247.9867,5.80975,1.0081209,2.8836288,29.221848,94.08751
1131,216.59146,4.6168947,0.79465574,2.3091416,13.629559,114.77658
1132,213.16373,2.9557388,0.64986086,2.5412784,31.786804,107.255745
1133,274.70526,6.768132,0.71195835,2.5008538,21.199142,68.59367
1134,165.84778,5.9265532,1.0981735,2.4770434,23.31728,89.23868
1135,178.44624,3.6104891,0.80954546,2.3278003,30.961786,107.20146
1136,174.23537,5.239673,1.0970922,2.4290118,22.031412,87.63592
1137,214.48813,3.2642074,0.71590173,2.5189793,29.918316,81.912224
1138,167.47717,4.364723,1.0385144,2.2742133,23.78834,89.34835
1139,210.26344,3.529926,0.7003488,2.5987086,35.853233,103.17744
1140,265.70535,6.8560324,0.7584114,2.396534,14.572578,77.079605
1141,204.65785,3.565614,0.6845343,2.6715667,36.137737,98.220634
1142,331.42346,7.32184,0.8803838,2.9699795,17.149124,95.39678
1143,232.05336,5.2308803,0.94488055,2.8964872,30.572605,96.239975
1144,219.51479,3.7010293,0.7604241,2.6769376,34.26496,113.93213
1145,231.01564,3.9085789,0.79968745,2.7924848,30.781034,87.134575
1146,233.965,3.7145405,0.6748821,2.5696015,25.12155,84.028366
1147,353.28214,7.2241383,0.6591306,2.8645253,21.28609,58.786682
1148,185.72801,2.6371007,0.5745825,2.34516,30.75362,80.16701
1149,208.49103,2.8373768,0.6164957,2.385639,30.653456,97.873245
1150,156.78062,5.8114305,1.1001114,2.3776903,24.072008,88.940605
1151,296.90836,7.0259056,0.6582308,2.5391057,25.66972,69.36903
1152,209.57649,3.184845,0.76602197,2.4858272,31.67023,88.115135
1153,211.22946,3.8891416,0.68293095,2.5970547,32.416977,108.732864
1154,168.79428,6.0133243,1.0524125,2.3689106,21.683739,91.64818
1155,195.63255,2.841816,0.6766127,2.4805143,34.390907,98.79377
1156,207.13992,4.211852,0.83458686,2.7228878,28.197325,83.10762
1157,289.1809,6.9902163,0.6709813,2.5095956,25.1348,69.928345
1158,159.96964,3.9240985,1.0190465,2.4967923,11.552633,67.21055
1159,223.30003,4.948161,0.8186533,2.3992755,14.245082,115.079056
1160,198.21425,2.7302341,0.6455249,2.5106292,32.87513,72.50025
1161,198.66454,3.9825268,0.6989278,2.5530627,41.415787,104.047516
1162,243.17697,5.778081,1.0716729,2.8382454,32.90491,80.56973
1163,218.98991,4.1160655,0.71516764,2.5909507,35.70411,97.28305
1164,350.0384,7.273324,0.65327716,2.8589942,20.983324,59.229256
1165,164.42413,4.03862,1.0398048,2.5479403,11.520725,67.15279
1166,194.31784,4.8627815,1.1775131,2.7217703,22.49012,97.04607
1167,163.59857,4.0363255,1.0024971,2.5171943,10.877894,66.44418
1168,216.01494,3.9857988,0.71009195,2.5908797,36.05028,97.382744
1169,200.91345,3.0207071,0.66611105,2.4926205,34.827415,104.85209
1170,205.42424,3.3463917,1.1438274,2.5403872,22.87142,98.828354
1171,226.02924,3.6853085,0.6954999,2.6674995,26.820414,85.266785
1172,166.9798,4.0251517,1.019331,2.5188062,11.802464,67.26755
1173,297.1249,6.801599,0.66845644,2.588843,24.167633,65.16911
1174,205.6993,2.5486188,0.7058696,2.5196679,34.521767,98.33783
1175,260.88327,5.01216,0.95845646,2.7769482,32.82077,75.32716
1176,205.69615,3.1753168,0.65772504,2.402137,33.23543,102.79413
1177,262.13354,6.7678137,0.76504284,2.3767872,14.647169,77.12921
1178,209.2992,3.4020224,0.6724993,2.4626627,33.625793,110.47183
1179,233.63199,6.88455,1.1321497,3.0033393,29.426403,92.2173
1180,207.15862,2.654733,0.74381125,2.4693122,30.28301,80.01686
1181,210.27293,3.6924813,0.775157,2.5753286,42.53953,115.16362
1182,201.68587,4.7939067,0.7175879,2.2067842,13.404006,103.9444
1183,289.0385,7.1052427,0.678603,2.5004246,24.036821,71.23985
1184,167.48996,5.7021933,1.123426,2.4527943,24.128231,91.53255
1185,269.47037,6.983247,0.7553621,2.4247673,14.713481,76.78939
1186,231.82118,7.7065096,0.8587146,3.171516,28.345709,99.84015
1187,222.26244,5.0672946,0.8730287,3.0342505,32.77906,98.830536
1188,210.9307,3.9873152,0.68080354,2.6837664,34.06815,99.11372
1189,208.69342,3.5901146,0.72374684,2.5881598,47.714752,108.61586
1190,304.5749,6.896361,0.7366008,3.147889,21.593956,57.136627
1191,201.29672,4.449085,0.7676139,2.0553474,14.140592,106.51512
1192,257.51868,5.879487,0.89298695,2.9545698,30.005066,83.772446
1193,203.09853,4.8638163,1.008819,2.5695045,12.670837,68.57067
1194,222.43684,4.039599,0.73681533,2.5677764,38.044094,120.05317
1195,174.77342,6.121322,1.0776513,2.4852643,23.456474,88.83492
1196,202.62556,2.946326,0.7760869,2.4357204,30.437475,86.27909
1197,169.57521,5.9729805,1.1147131,2.475374,27.416573,92.413506
1198,194.38838,5.50975,0.8199471,3.103642,31.999634,102.8829
1199,194.1756,5.9412694,0.82696867,3.1415927,29.718311,101.14703
1200,235.0454,6.8417273,1.1192358,3.0053813,29.33846,92.58507
1201,164.85213,5.5691247,1.12519,2.4162252,23.343254,90.83067
1202,206.39697,3.1327763,0.64814717,2.5210454,32.594078,94.31754
1203,216.1788,4.1879663,0.8363937,2.5036707,28.43502,127.241066
1204,253.77724,6.766728,1.0416179,3.0647354,30.722206,91.03062
1205,162.47485,3.9843922,0.9908973,2.5019286,11.032986,66.014114
1206,216.45737,3.9218247,0.7106021,2.5143335,33.415382,103.26933
1207,209.50938,4.2362432,0.7037103,2.6598349,32.47981,103.70377
1208,192.32071,2.959261,0.6651074,2.403542,46.708786,101.36892
1209,223.97194,3.1244378,0.67258036,2.4921677,26.831215,77.088646
1210,157.44707,5.563973,1.1249447,2.3615599,23.991837,90.25296
1211,189.69803,4.7264385,1.1984967,2.7341497,24.88596,97.81378
1212,169.90813,4.2080884,0.9738977,2.5113466,11.362394,67.02914
1213,243.15402,7.478735,1.1141287,3.1067147,30.19735,98.47665
1214,218.48436,3.788909,0.6913767,2.4595695,38.43926,119.23083
1215,188.9529,5.2992826,1.1332009,2.682738,24.91468,96.46191
1216,206.40424,4.460498,0.762152,2.5527892,40.612503,102.31422
1217,169.71498,4.2419996,0.97599363,2.5127165,11.385728,67.19969
1218,162.3407,3.9620352,1.0011086,2.5076516,11.344778,66.64085
1219,159.88643,4.1669383,1.0414615,2.265024,25.92495,94.31226
1220,267.34705,6.9970484,0.7649458,2.4257555,15.4737215,77.256386
1221,207.1531,6.21306,1.1612997,2.7149866,27.596384,115.85011
1222,217.15602,4.251234,0.76009405,2.5185232,33.09142,101.72364
1223,207.67603,3.415792,0.7822998,2.6381474,29.240019,81.30317
1224,217.10167,3.9262652,0.8050846,2.5811381,36.91655,105.40925
1225,206.54764,4.673271,0.83489186,2.218721,9.700472,101.00302
1226,212.28174,3.5906978,0.6863592,2.4675665,32.826252,112.14853
1227,209.65204,3.0486805,0.67996174,2.282601,30.951187,93.968994
1228,216.74805,3.9361033,0.67994034,2.6746366,41.159744,100.09071
1229,344.28268,7.5101604,0.6838368,3.190179,26.535305,65.98295
1230,164.28218,3.9809456,1.0210786,2.5117025,11.795524,67.45359
1231,202.80374,3.3049772,0.6598525,2.5349188,37.240864,101.88394
1232,168.0636,4.2647543,0.95930755,2.506639,11.430979,66.09541
1233,213.66582,6.3598237,0.82095027,3.0395255,23.974152,84.91024
1234,223.41914,3.54698,0.6751541,2.5615182,28.74094,79.14131
1235,201.64142,4.7103415,0.84936416,2.966376,33.978615,104.08811
1236,219.3087,3.0240848,0.6966158,2.516991,29.623611,77.875145
1237,209.86394,3.1190975,0.634779,2.5007482,31.519753,96.313255
1238,258.352,6.314447,1.0182596,2.8489864,32.12932,81.7385
1239,185.71783,5.6326694,1.147416,2.6124346,26.258875,99.354195
1240,288.67786,7.0696516,0.67802685,2.5004885,24.119225,71.43052
1241,164.58513,5.683511,1.1278244,2.4045012,22.316313,89.18921
1242,214.01534,6.2598114,0.80361503,3.1384084,32.48044,108.01257
1243,166.75233,6.066793,1.0883136,2.4541397,23.37811,87.328285
1244,168.30066,5.3827915,1.1355282,2.4699173,22.76131,91.77034
1245,207.60596,3.913728,0.7168663,2.7637503,36.572704,100.80507
1246,215.33757,3.736522,0.69442713,2.524764,33.284683,112.43271
1247,283.0974,6.7786465,0.68768334,2.5289922,23.367725,67.393265
1248,192.77588,2.9123037,0.6807539,2.3525825,49.56508,97.73524
1249,187.92863,4.52707,0.75204825,2.0058243,13.284737,112.56912
1250,264.3546,6.814994,0.7629869,2.390058,14.744909,77.216866
1251,220.844,4.5829377,0.8957306,2.7976294,31.98248,96.9031
1252,165.61235,5.8894105,1.1101995,2.4342825,22.834753,88.34607
1253,219.00363,3.6128879,0.711818,2.7513733,29.69218,86.32413
1254,251.33823,5.179587,0.9064855,2.6349595,12.693116,63.943604
1255,210.01471,3.1918797,0.7279352,2.321705,29.606043,87.106064
1256,239.65831,6.3627357,1.1011026,2.8469622,37.24415,83.63685
1257,240.1269,5.589589,0.8063353,2.6387954,14.842171,110.67737
1258,230.51231,3.326967,0.6516919,2.5880954,26.703882,80.472824
1259,205.1801,3.180593,0.6609099,2.407765,33.392414,105.916695
1260,201.59909,5.1126604,0.9026501,2.4411943,34.559505,92.75424
1261,195.57703,5.6988473,0.8701098,3.017762,25.618593,92.83697
1262,221.35655,6.4245815,1.114607,2.8259737,26.382309,105.58563
1263,222.53165,4.3845873,0.81207156,2.670385,35.17307,93.87625
1264,230.1157,6.6204777,1.1112378,2.9379044,33.434536,95.05588
1265,241.50351,7.639592,1.1382416,3.1608384,29.850534,97.48347
1266,225.39218,5.877499,0.71237975,2.93342,25.691977,78.538376
1267,244.16406,5.6931376,0.97674733,2.7407312,27.910566,91.262955
1268,165.19998,5.660105,1.1122055,2.3987637,20.860512,86.44746
1269,198.29294,5.617764,0.78777707,3.1718488,33.14163,105.47523
1270,262.9358,7.1205473,0.75335956,2.4032156,17.237804,77.04094
1271,213.3356,4.6181865,0.76421833,2.7687926,26.71555,78.689316
1272,237.3172,7.1889915,1.1308396,3.066648,29.454424,94.58153
1273,200.54138,4.8117948,0.7367085,2.2338986,12.80546,102.256615
1274,199.55441,2.9769063,0.6194205,2.4417815,35.81591,94.1566
1275,162.07112,4.0435266,1.0164708,2.528998,10.78865,66.64578
1276,208.93579,3.549166,0.64806706,2.566318,34.137535,107.00063
1277,161.74295,5.349239,1.1480672,2.3704257,21.778584,90.1103
1278,187.11479,2.3834782,0.5476198,2.279934,28.85967,84.14465
1279,226.08163,3.5937176,0.6993986,2.7094717,28.983166,79.58659
1280,198.80893,4.0441933,0.7970284,2.7871773,33.094,94.788795
1281,201.40286,2.9357152,0.672513,2.500602,34.856674,104.40573
1282,211.94255,2.322514,0.6955531,2.3604388,28.470755,73.202866
1283,205.05418,2.541432,0.7554488,2.4048927,29.338602,77.77143
1284,211.69363,3.8066564,0.63490593,2.6215076,36.871025,97.99026
1285,296.2613,7.014614,0.65840256,2.5360405,25.792767,69.23004
1286,205.1737,4.852118,0.76800275,3.103298,39.7997,111.26103
1287,204.80585,4.592699,1.2132992,2.8479888,24.45782,99.11682
1288,260.59094,5.416085,0.9387224,2.7904572,31.037582,82.2501
1289,211.24971,4.96906,0.7723959,2.3624275,17.376343,93.4594
1290,203.76048,5.027903,0.774581,3.1406066,38.57023,111.3455
1291,224.9394,3.9799597,0.6236594,2.681911,45.471855,104.62679
1292,211.75099,4.6393633,0.7826621,2.767009,35.115116,103.32614
1293,220.43083,4.412629,0.8872367,2.7468824,38.02408,126.42444
1294,230.86292,6.642246,1.1385401,2.9547896,29.739063,89.15224
1295,204.75777,2.52762,0.7160891,2.31908,28.949919,83.20463
1296,223.96977,3.4526772,0.6569196,2.6187577,27.444061,80.02772
1297,264.2696,7.036476,0.7649029,2.424148,15.77853,77.243195
1298,214.52162,3.8861449,0.75664294,2.4761634,32.174908,94.77636
1299,209.32481,3.2066693,0.65711606,2.4973934,35.76392,98.7145
1300,208.98657,3.7073197,0.6760149,2.6623213,35.06089,97.72896
1301,165.84563,5.7236104,1.1185503,2.3997293,23.302717,93.47186
1302,231.6122,3.2737231,0.65640116,2.4769177,26.563251,81.08574
1303,244.25351,5.5978146,0.7571043,2.6542985,13.783208,118.85268
1304,164.08545,3.979253,1.0218186,2.511331,11.760391,67.40537
1305,203.99886,3.3593743,0.68867034,2.5152833,33.944664,104.171135
1306,211.40158,3.7400112,0.69879663,2.5650651,34.085087,110.325516
1307,179.45782,5.1092153,1.1317893,2.472488,23.019512,99.95701
1308,206.90163,7.5316296,0.8486245,3.1681223,23.327915,85.50828
1309,223.93343,6.350367,0.74925345,2.9551582,25.987413,82.3936
1310,207.18912,3.354294,0.6693226,2.429482,45.92324,108.83863
1311,184.06134,5.1779566,1.1523311,2.6267686,22.799671,96.05783
1312,235.66922,5.8182955,1.0098231,2.7145982,27.464346,94.094025
1313,204.01291,3.9909105,0.7454178,2.5215533,36.394966,96.376274
1314,220.25035,4.5084186,0.84830385,2.768712,35.15069,96.16082
1315,206.5231,4.0283766,0.8006711,2.737514,28.118282,84.42799
1316,231.14027,7.8746653,0.87028015,3.2047477,32.05729,108.71858
1317,267.16193,7.086677,0.7600465,2.422685,16.242117,76.95912
1318,201.31369,5.3399825,1.2046049,2.6763978,28.350449,109.11689
1319,209.96283,3.6407788,0.6589916,2.5844996,33.220417,103.22853
1320,219.89462,5.0030913,0.83920294,2.372837,14.229841,113.18148
1321,244.9456,6.1388526,1.0051895,2.8472788,28.62222,91.68887
1322,166.62401,5.3921213,1.1316941,2.4262068,22.708637,92.28953
1323,221.08295,4.7401743,0.869702,2.441906,12.681866,101.660576
1324,214.1512,3.6947484,0.60883194,2.6298466,43.539658,102.37844
1325,237.6728,4.2540097,0.82360846,2.5034652,30.14222,84.78579
1326,203.53377,2.521074,0.75527215,2.3412511,28.777172,78.92168
1327,210.06525,3.1901994,0.73831105,2.405586,29.71841,78.38251
1328,266.85016,6.8930635,0.76194674,2.4087856,14.896923,77.26548
1329,192.5494,3.3820095,1.1521306,2.469795,21.681236,98.56349
1330,242.58884,6.3675175,1.0995305,2.9420047,31.499403,89.19432
1331,160.65117,4.593737,1.1217978,2.3299584,21.394674,86.68008
1332,168.9211,5.445774,1.1275063,2.4057078,20.69645,90.6246
1333,236.46909,5.822451,1.0165728,2.8847215,28.016977,103.23246
1334,214.47656,4.149493,0.7147416,2.6026626,32.47583,112.94084
1335,208.45174,3.5940986,0.6429055,2.593207,35.626537,100.3053
1336,163.76968,5.8707027,1.0919,2.4680567,23.557095,89.97651
1337,214.88579,3.8206058,0.6684048,2.6346717,40.113907,98.613945
1338,197.66672,5.2145996,1.1474738,2.7184854,23.593376,102.45876
1339,351.60333,7.1834865,0.6666768,2.8678644,20.918116,58.84942
1340,153.5808,5.549258,1.1106243,2.3148847,22.603373,86.61256
1341,204.5504,4.5166273,0.8005533,2.897675,32.77085,98.4657
1342,215.60277,4.0186296,0.7992277,2.528405,30.016058,86.26796
1343,215.50974,6.3823004,1.1187141,2.7446373,29.660547,108.72501
1344,222.73615,3.2247362,0.68809485,2.5435889,28.930288,77.28764
1345,262.72287,6.8035703,0.74409944,2.3597572,13.5925255,75.419846
1346,295.64627,6.972191,0.66180736,2.5536165,25.085756,67.72861
1347,216.99089,3.6454046,0.61709076,2.5994809,44.751656,104.79129
1348,158.14374,4.339586,1.0476353,2.3153427,27.48225,99.903114
1349,200.3122,4.6820903,0.7903522,3.0454147,35.656982,109.16962
1350,188.41856,4.5461035,1.1328398,2.513871,21.485083,93.3118
1351,264.82684,6.8207307,0.7622216,2.3910708,14.749446,77.15503
1352,163.66385,5.9210196,1.0966104,2.467357,23.550076,89.661415
1353,207.09608,7.3136473,0.8252114,3.1439009,24.207148,89.34728
1354,217.24152,3.3782816,0.71675634,2.659841,32.145874,112.12502
1355,207.86568,3.749106,0.67933655,2.4179437,32.016247,90.87329
1356,269.57288,6.978435,0.75468594,2.4241834,14.7016735,76.793236
1357,171.04947,5.6071787,1.1207691,2.5307555,23.099974,92.623245
1358,214.21799,4.561093,0.7799283,2.2728074,13.085111,111.71877
1359,162.69447,3.969217,0.9978676,2.5072045,11.330827,66.563896
1360,265.50537,6.8525267,0.7573381,2.3935108,14.476569,76.9892
1361,288.5849,6.719926,0.754359,3.0688303,18.97714,56.701626
1362,266.48456,6.9209995,0.7665948,2.416294,15.219455,77.39688
1363,227.9142,3.2568212,0.6738295,2.7363503,30.13156,82.632645
1364,223.14287,4.3145366,0.774175,2.7992616,44.601402,114.90349
1365,337.658,7.4012194,0.68653154,3.1880698,26.10532,63.80612
1366,210.52477,3.9411325,0.66813093,2.6433249,33.011204,100.32056
1367,212.53502,3.5730247,0.61592084,2.5863934,43.783413,104.082565
1368,213.70738,3.4473386,0.69155544,2.5392523,35.337852,104.25599
1369,221.0913,3.915403,0.7079345,2.6423576,25.72887,83.42803
1370,231.5498,5.5132627,0.961158,2.9284806,32.022,98.35833
1371,242.05916,5.5458965,0.9585337,2.5814483,27.726511,80.878784
1372,269.50595,6.653016,0.71355027,2.4845972,21.926256,68.371216
1373,255.07869,6.6607714,1.0417354,3.063617,29.783491,91.76444
1374,221.52437,3.510591,0.7190225,2.6997008,31.493832,113.348755
1375,163.74843,4.084313,0.9968077,2.5090165,10.798904,66.72557
1376,166.21585,6.0843945,1.0773451,2.4598703,23.840246,87.427574
1377,235.09903,6.121617,1.0178449,2.9000742,34.84068,100.42272
1378,212.34969,3.6974704,0.6769654,2.5458202,37.55602,97.18654
1379,194.58838,2.7795064,0.75636786,2.492754,39.565956,110.079765
1380,208.28082,3.5248158,0.6284466,2.5847416,39.21193,101.41829
1381,207.6623,4.240833,0.90878487,2.0479379,12.242668,119.77027
1382,215.38933,2.6858923,0.57928395,2.2072902,25.955297,81.50485
1383,186.24414,4.4906216,1.0479918,2.585209,12.341786,67.87915
1384,264.73758,6.830267,0.75490385,2.3844256,14.272271,76.733215
1385,266.77478,6.898899,0.7604941,2.4083648,14.789879,77.17574
1386,191.00543,4.4805756,0.7249525,1.9874623,13.887936,109.59459
1387,232.1236,6.1900434,0.83850616,2.4279168,14.707365,73.54457
1388,274.65265,7.2124496,0.72336876,2.4378567,19.62855,74.66589
1389,202.10509,4.1470733,0.8285982,2.8476837,34.544483,101.769806
1390,267.7509,6.9067,0.76073885,2.4114206,14.911522,77.184906
1391,237.89656,5.9203653,1.035812,2.9078665,29.067429,100.2785
1392,221.4654,5.37399,1.0210845,2.5980005,28.320972,102.54053
1393,265.58664,6.8530645,0.7635827,2.3999183,14.87352,77.31234
1394,244.14824,5.0538054,0.7831078,2.9114547,41.778027,116.25303
1395,166.26909,5.8066344,1.041321,2.2868764,21.07296,92.97628
1396,169.14253,4.12832,1.0488988,2.5637376,12.030726,66.87221
1397,168.07582,5.8970194,1.1003125,2.4628701,22.666306,88.09773
1398,305.0426,6.900258,0.73506415,3.1525497,21.67272,56.846684
1399,153.9211,5.5407634,1.1135197,2.3185701,22.591581,86.4929
1400,166.05545,4.0092716,1.0152339,2.5356748,11.40773,66.69284
1401,305.7789,6.992429,0.6426462,2.5893316,26.343735,66.50752
1402,352.51007,7.215192,0.6604373,2.8626003,21.229368,58.87449
1403,267.30917,7.1213775,0.7594093,2.4232695,16.139462,77.0719
1404,168.7167,4.177129,0.9782737,2.5098324,11.230717,66.99202
1405,161.62663,5.391306,1.1406276,2.3861985,22.514809,90.35191
1406,168.92627,5.760744,1.1406343,2.4252856,21.821041,91.896225
1407,204.94618,2.7423398,0.6215421,2.3597858,31.922369,102.06513
1408,239.89648,7.143546,1.1017555,2.9758792,31.879429,98.03598
1409,195.27274,4.1456337,1.1402075,2.5496702,22.345297,94.43654
1410,268.91824,7.1911516,0.72825503,2.3993783,20.332666,75.90402
1411,285.9032,7.092245,0.6932016,2.5041645,21.76416,72.07271
1412,197.38037,4.2954187,0.8129773,2.8383763,32.111702,95.06595
1413,195.37724,3.3294878,0.7024407,2.4584403,34.60726,77.124435
1414,197.06583,3.2526393,0.76018286,2.2950718,38.327778,111.343155
1415,216.29652,3.907899,0.61916685,2.6600008,39.564026,100.4269
1416,170.86528,5.8054876,1.0922039,2.5393364,25.264772,91.39228
1417,209.22672,3.8037238,0.80183244,2.7233276,34.481743,99.84328
1418,161.87607,5.9573965,1.0960128,2.4170985,24.981546,89.12331
1419,166.4749,5.696808,1.1156138,2.4348705,22.037643,88.41515
1420,208.92686,9.14756,0.88107574,3.3318157,22.880693,91.35274
1421,168.42201,5.6515145,1.1188056,2.500672,23.148945,91.67148
1422,219.32939,6.443343,1.1378388,2.8433132,26.258764,108.97056
1423,270.7969,6.4082994,0.7537227,2.5436273,18.261583,66.52377
1424,262.89597,6.7749343,0.763711,2.3781796,14.668446,76.989655
1425,214.8632,4.0558224,0.90684015,2.2075965,19.03537,90.80736
1426,236.72816,5.1856174,0.85111886,2.6295855,14.406705,108.32066
1427,209.41228,3.209436,0.7458272,2.4165168,29.861221,79.097305
1428,211.85594,3.951944,0.7005455,2.6837778,35.703865,97.7707
1429,173.33371,4.0914383,1.0107882,2.5285773,11.755739,66.834915
1430,210.03491,3.1820095,0.75920314,2.545287,28.809595,75.338646
1431,214.64572,4.09109,0.74916965,2.6892948,27.512646,76.81176
1432,207.46492,3.1502364,0.6530096,2.50662,30.453712,97.61039
1433,318.20056,7.071433,0.64047587,2.7598147,20.042109,62.788704
1434,166.54442,4.046767,1.095502,2.2830412,21.605103,89.28443
1435,217.76509,2.8102083,0.68161,2.4024863,26.977282,80.466576
1436,169.41612,4.0539074,1.0152153,2.5216975,11.737628,66.99259
1437,214.48337,4.7540164,0.85928196,2.531746,34.32704,100.23576
1438,352.1549,7.255887,0.65595925,2.864877,21.12384,58.93831
1439,201.35606,4.830758,0.706346,2.2482994,12.458561,114.367134
1440,211.75053,3.551106,0.6242519,2.5693927,48.74295,103.37232
1441,209.40228,3.4156847,0.6581695,2.5518217,34.2697,103.98304
1442,216.94582,3.9495254,0.74480885,2.6948528,28.436367,79.269714
1443,165.87912,5.42102,1.1029121,2.4232092,22.54801,92.7858
1444,207.12297,3.9712422,0.82894135,2.696042,28.749945,83.730316
1445,207.77614,3.096836,0.6729739,2.4746745,35.079876,98.37006
1446,255.76097,6.6984906,0.75216365,2.330647,13.4636755,75.36525
1447,163.9856,5.8618407,1.1098082,2.4383001,23.07466,88.64198
1448,196.5142,4.7976546,1.201824,2.7788186,22.958805,96.82976
1449,214.30325,4.169255,0.6978755,2.6298275,34.101475,97.951385
1450,260.0679,6.7367883,0.7556708,2.3539615,14.024598,75.98707
1451,213.43393,4.37056,0.71299195,2.630663,34.828575,101.73095
1452,217.46535,3.1037774,0.69416714,2.392015,27.993279,79.00775
1453,210.4457,3.4664335,0.67931956,2.4357567,32.87382,110.869705
1454,224.66917,4.6913576,0.84711826,2.5606983,32.582146,94.02332
1455,193.44109,5.3334947,0.85379183,3.0154903,28.694523,98.23466
1456,215.81702,2.9531698,0.6568877,2.6225197,29.754162,77.58907
1457,185.56773,4.541105,1.1873188,2.8894649,29.153551,91.43393
1458,202.15063,3.5775824,0.70938635,2.4455783,35.023766,97.89768
1459,170.4787,4.2544594,0.9712186,2.516084,11.502121,67.22771
1460,240.87819,6.158359,1.1086272,2.8760312,32.551353,85.461845
1461,195.81366,4.5576205,0.85696346,2.8203788,27.652597,89.93326
1462,347.4065,7.2024,0.662004,2.8608932,20.59376,59.141808
1463,164.90526,6.05866,1.0849644,2.4427,23.993229,87.55146
1464,234.72,5.225685,0.9649502,2.666447,32.954735,88.14799
1465,248.9415,7.1324453,1.073564,3.0886528,30.519897,94.37902
1466,222.91267,3.2794857,0.6740617,2.4908612,26.319216,87.90401
1467,165.11893,5.892041,1.0500185,2.320589,21.102325,92.1485
1468,249.10176,6.301909,1.0079645,2.897174,29.656101,90.441536
1469,195.71382,4.9231954,0.8661331,2.8757658,26.83931,90.96735
1470,224.3164,3.8468757,0.6859527,2.5333304,38.83928,119.3056
1471,167.22157,4.830559,1.1280435,2.3785555,20.956259,90.2764
1472,212.66765,3.0589843,0.70347613,2.6000328,32.827168,110.987
1473,224.50375,4.6468034,0.88425004,2.8787267,33.299423,100.76524
1474,266.39185,6.8845787,0.76431227,2.4082015,15.00328,77.364365
1475,208.7992,3.515521,0.646556,2.566015,34.649216,107.14139
1476,161.91917,3.9751964,0.9905492,2.499344,11.123382,65.98513
1477,195.32172,4.573201,0.8540745,2.8345008,28.485786,91.533455
1478,351.58936,7.163468,0.6688163,2.865285,20.963524,58.843338
1479,351.4921,7.2514935,0.65283555,2.8496363,21.579437,59.152184
1480,238.82547,5.120932,0.89121103,2.6871367,33.230453,89.13326
1481,186.06464,3.7039936,1.0362782,2.3100686,22.543486,96.79851
1482,215.23732,4.570235,0.76418346,2.5479245,33.252354,92.71582
1483,219.2054,3.1917453,0.6806751,2.4321947,28.498804,78.58235
1484,210.86923,3.6936188,0.73504984,2.4660237,32.495358,96.09417
1485,205.50017,2.7720506,0.6372428,2.3408968,33.97156,100.76945
1486,240.72437,6.1076856,1.07551,2.8102868,33.087566,76.30314
1487,293.65625,6.774128,0.7518693,3.0903401,19.547493,56.844543
1488,206.849,3.48732,0.65295815,2.5574362,33.771626,105.189064
1489,177.2942,4.1394687,1.0029064,2.5334601,11.750348,66.58974
1490,292.90753,6.870286,0.6673205,2.5568938,24.720562,66.82796
1491,195.68132,5.444415,1.1907544,2.6412103,28.512657,106.08173
1492,236.00998,4.193903,0.8187951,2.795419,28.384012,89.88018
1493,210.36314,4.3011885,0.71371794,2.6501153,31.923782,108.82946
1494,207.59053,3.6733968,0.70321167,2.6428332,35.60499,102.226395
1495,187.89442,4.2490015,0.9884632,2.5470045,11.589335,65.854195
1496,163.02168,3.935822,1.0193801,2.5072525,11.69661,67.404274
1497,257.58185,6.7151275,0.7440915,2.3310275,13.307723,74.57449
1498,233.5305,7.4520025,1.1445373,3.0451617,31.43155,99.70004
1499,227.82922,4.204088,0.63606787,2.7593899,47.950554,103.8973
1500,186.56198,4.3146677,0.749767,1.9794644,13.361355,106.06171
1501,232.63281,5.773508,1.0132036,2.862561,28.432257,104.872986
1502,189.53767,2.9602304,0.65399194,2.3923318,41.75251,97.62901
1503,218.40027,3.9807453,0.633772,2.687818,40.687202,99.31676
1504,217.17407,5.1363688,0.9155177,2.6591773,32.503418,105.764046
1505,169.95868,6.004511,1.0470572,2.3628464,20.754475,91.55577
1506,164.7392,5.789612,1.1076885,2.4041421,21.249191,85.84394
1507,264.9725,7.122902,0.757311,2.4126945,16.61952,77.15221
1508,213.1864,3.6586556,0.7016784,2.522047,36.940903,98.80239
1509,212.09596,5.076741,0.7061292,2.3440769,12.329189,124.48127
1510,209.05981,3.4478707,0.6895152,2.595385,33.15778,102.31961
1511,202.61378,5.294427,0.78106743,3.1437361,37.584167,109.90283
1512,209.899,3.8294015,0.76083857,2.6477678,35.740303,97.102974
1513,168.03702,4.174257,1.0653201,2.562041,11.822087,67.08249
1514,242.79279,7.5522213,1.1263149,3.133007,30.224838,96.67243
1515,163.63272,5.6331973,1.120729,2.4362657,23.084211,90.25642
1516,196.98326,3.0205956,0.71877664,2.5884278,35.474167,98.13693
1517,165.49825,5.7022605,1.1324075,2.402195,22.208164,90.08098
1518,155.35349,5.519274,1.1207263,2.3355782,23.107084,87.98157
1519,192.07112,4.892047,1.1944889,2.7313654,23.074871,99.10513
1520,211.86258,3.5888374,0.7487769,2.614882,29.761955,83.49903
1521,167.10403,4.254125,0.9601573,2.5026245,11.314425,67.14966
1522,209.25151,7.838175,0.89190227,3.2283998,23.839924,91.87502
1523,209.81781,2.6164246,0.69078386,2.3248663,27.737154,82.25368
1524,216.26044,4.51409,0.7377779,2.7472017,25.772732,84.0388
1525,165.73746,6.031026,1.0943267,2.4494321,23.417477,87.60485
1526,220.67929,3.6968918,0.7194224,2.6520553,31.910713,113.15277
1527,199.39359,2.4426992,0.61943555,2.1246443,27.526012,85.78269
1528,223.23515,6.581194,1.0989385,2.8234918,31.948874,105.582405
1529,266.3549,6.8809876,0.76764506,2.4110618,15.292457,77.44997
1530,168.99016,5.872883,1.1060442,2.4526465,22.154905,87.72808
1531,165.89679,5.6803637,1.1158195,2.4649866,23.08153,91.42874
1532,207.01508,4.278133,0.7429868,2.8212194,36.252586,100.76909
1533,225.54471,4.380806,0.72765714,2.3592787,12.093334,107.737495
1534,164.6578,5.6237535,1.1007603,2.401985,23.165283,92.34809
1535,304.18332,6.595066,0.65014315,2.7561102,19.979778,58.670364
1536,163.56418,5.6548944,1.1190214,2.3946373,23.110603,91.172714
1537,192.8656,4.8840337,1.1961359,2.740243,23.382967,100.10348
1538,288.48007,6.972661,0.6751414,2.5213585,24.38599,69.051155
1539,163.26846,4.042517,1.0036716,2.5172846,10.809722,66.57281
1540,221.14227,4.384974,0.91730577,2.123437,12.794203,122.914406
1541,204.47632,4.784892,0.8323643,2.8578587,26.009111,84.77225
1542,170.18863,5.8388577,1.0949235,2.5035315,23.475279,89.43414
1543,205.8611,3.3512166,0.77821803,2.4857175,30.457203,82.03313
1544,179.24251,2.4178827,0.70074797,2.178697,46.336346,98.70628
1545,165.2209,4.1538815,0.99364346,2.50922,10.930743,67.19079
1546,165.18578,5.63741,1.1150329,2.405015,21.152237,86.81671
1547,197.12308,4.2218328,0.80439454,2.8349705,33.174076,98.10991
1548,205.52588,4.5586405,0.7631551,3.077767,40.423603,111.82865
1549,164.27194,5.7121735,1.1195238,2.3968875,23.181164,91.26027
1550,235.18661,3.9133136,0.6884207,2.666766,25.929731,85.83778
1551,220.00256,4.800444,0.8779604,2.9763498,34.292435,104.08553
1552,200.0055,3.601648,0.76257765,2.5063581,36.29146,82.62157
1553,205.52074,2.6596742,0.74269104,2.3132539,29.012987,81.99217
1554,233.33711,3.70956,0.74871266,2.319948,16.365906,123.35428
1555,209.91089,3.7447867,0.71860766,2.635558,46.372498,105.379875
1556,338.4923,6.8073153,0.71462524,2.8303335,19.180716,58.968353
1557,237.14969,4.3660145,0.74646634,2.7028744,39.43792,117.31882
1558,347.75873,7.286213,0.6510731,2.8538039,20.822447,59.558342
1559,217.13358,4.014562,1.1528256,2.6277626,21.688446,101.617386
1560,203.41048,3.865996,0.8264597,2.722037,29.37691,87.24381
1561,192.82745,4.5952034,1.2470707,2.858974,26.06709,95.596375
1562,233.85167,6.6720123,1.0785803,2.892532,33.032654,99.56831
1563,199.54254,3.06139,0.6694032,2.4916663,35.78383,104.252754
1564,154.91626,5.567881,1.1019536,2.3147266,22.061447,85.52934
1565,188.56824,2.7605262,0.70700073,2.2853973,47.94365,100.701904
1566,175.84512,5.3253913,1.1123227,2.5283349,21.567348,94.78093
1567,210.14084,3.4645438,0.7481463,2.5535882,35.473484,106.5928
1568,163.83273,4.0171824,1.0317749,2.546167,11.374498,66.6167
1569,166.3439,5.542275,1.089653,2.417413,24.83486,90.75821
1570,193.20428,4.5248218,0.991208,2.887861,42.04287,107.62255
1571,206.09538,5.345647,0.7783469,3.0579698,35.314075,109.695435
1572,196.45662,2.8195019,0.667017,2.519659,31.338596,73.45674
1573,184.94736,4.557245,0.83722585,2.045975,14.673451,103.4983
1574,164.17363,5.4770207,1.0988607,2.3568308,20.674273,86.6128
1575,210.69002,4.6915045,0.78495294,2.7828155,26.881447,78.03255
1576,170.43456,4.2391243,0.9722088,2.5131867,11.4537,67.12744
1577,264.58954,6.8188543,0.758977,2.3858202,14.510315,76.94269
1578,193.24692,4.163561,0.81039774,1.9510608,11.521112,104.71693
1579,239.23022,6.7150354,1.1207837,2.9959805,33.803772,83.47308
1580,184.18298,2.6803565,0.5780121,2.4309971,31.930733,70.91903
1581,165.1829,3.9496858,1.08565,2.2583053,21.965181,88.808365
1582,211.90892,2.452734,0.6345351,2.1059713,22.388363,92.749466
1583,202.41423,3.128234,0.7912999,2.4806242,30.685938,87.1428
1584,207.0833,3.1139412,0.65816915,2.5150638,33.350124,103.469986
1585,212.78894,3.2089927,0.71574754,2.610544,32.558624,110.593765
1586,206.8364,4.4218144,0.7845876,2.2034929,11.112213,94.318306
1587,186.83842,4.240164,0.852197,2.0081596,11.238785,108.20091
1588,197.40256,3.5574102,0.8273513,2.5782804,30.04819,87.24045
1589,203.99298,3.3073516,0.6574115,2.5303812,35.80265,105.84271
1590,261.4392,6.7642827,0.76819813,2.3789732,14.774555,77.40799
1591,165.65828,5.869385,1.1027956,2.4750037,23.270323,89.65232
1592,180.51994,5.4376535,1.1180358,2.6375027,24.470884,94.46239
1593,226.82225,5.1977844,0.86869425,3.0197124,30.781738,90.16785
1594,193.81802,5.5382185,0.8535368,3.060401,28.589327,99.46448
1595,162.32358,3.9547873,1.0206165,2.5048034,11.694566,67.372284
1596,163.91246,5.7867923,1.1183014,2.4165552,22.905134,88.96608
1597,212.35785,4.2783146,0.91092473,2.5703056,26.800652,128.37106
1598,202.24695,6.5695095,0.8654535,3.1242352,24.001287,91.95048
1599,166.05658,4.102681,0.98435384,2.5042841,10.96523,66.603424
1600,196.8226,4.851312,1.2073776,2.7873333,25.189758,104.13974
1601,255.06598,6.8452196,0.7536639,2.40759,18.526676,72.84465
1602,197.69556,2.4864607,0.682465,2.4151118,33.953537,98.294685
1603,210.24951,3.7254686,0.70867544,2.636344,37.17888,98.22521
1604,205.65492,3.6545727,0.6881287,2.6775181,36.00837,98.03804
1605,200.75977,3.5762925,0.7544071,2.7094676,35.733017,100.79668
1606,183.35585,4.1973777,0.9966955,2.5416613,11.606051,66.10252
1607,237.81866,6.501233,1.0720118,3.0405428,27.92149,104.10968
1608,153.08774,3.9146857,1.014945,2.4756694,10.8084345,65.18073
1609,203.80704,2.5744433,0.7617504,2.364066,28.871658,78.46243
1610,233.05869,5.306481,0.91483885,2.7867155,35.455357,98.30922
1611,277.92923,6.713356,0.70211387,2.5174472,22.25071,67.58545
1612,194.57037,2.9948335,0.66908336,2.37572,48.606262,102.60957
1613,162.67305,3.9806213,0.995021,2.5065026,10.933818,65.94688
1614,215.16844,3.6223357,0.70218885,2.4976416,33.58473,108.51756
1615,165.4719,5.767399,1.1295916,2.3999524,22.946196,91.77117
1616,195.27649,4.356074,0.7460859,1.9819224,13.091263,106.161964
1617,242.29056,6.563475,1.0972588,2.9963708,30.464937,92.87924
1618,212.42645,6.739339,1.1675721,2.79,28.71677,111.54883
1619,167.77728,4.920852,1.1312566,2.3834648,20.579659,90.657234
1620,232.87982,7.1808786,1.1524713,3.0261974,29.885689,94.584435
1621,296.7807,7.0283203,0.65836716,2.539008,25.673763,69.13962
1622,223.43323,2.9256096,0.6634057,2.4397523,26.257286,76.13088
1623,197.74219,4.6703787,0.7995672,2.9607792,33.625538,100.202126
1624,208.33815,4.2375855,0.8551825,2.637169,41.50374,107.766464
1625,245.62509,6.0867968,0.99703205,2.7993867,32.679104,85.668205
1626,163.2953,5.6344433,1.1156253,2.416868,23.06927,91.023506
1627,214.97234,4.229171,0.6868047,2.6350493,33.306145,107.08616
1628,207.91463,3.3121934,0.6612948,2.5484693,33.31485,102.961655
1629,203.0493,4.5527167,0.713498,2.1086836,14.582423,103.13478
1630,209.22304,3.0991259,0.73090166,2.5887432,33.696095,111.6626
1631,161.52756,4.2735653,1.132659,2.3194325,20.695087,87.65575
1632,208.09087,4.021058,0.79578954,2.7357216,27.667578,81.87632
1633,216.80038,6.2519836,1.117261,2.709389,28.323696,106.51607
1634,166.85324,5.8910027,1.0973366,2.4937947,23.45233,89.86694
1635,228.5995,5.2991204,0.8736865,3.0827086,33.127502,95.65716
1636,168.76436,5.938402,1.1302824,2.4362981,23.13341,93.66115
1637,193.13303,2.6272652,0.67430633,2.4697306,35.18522,95.483
1638,265.09756,6.843457,0.7556098,2.3890622,14.339204,76.842964
1639,342.18658,6.8867903,0.7041044,2.842881,19.634632,58.948433
1640,166.51599,5.80186,1.1189365,2.421674,22.28271,88.73913
1641,199.78825,3.1042461,0.685026,2.5083807,36.170284,102.61059
1642,203.65938,5.9112616,0.81130683,3.1521616,32.16116,106.66387
1643,205.6232,2.275796,0.7179407,2.3031507,27.867823,76.04307
1644,239.31085,5.6082807,0.91490245,2.7522326,34.164734,100.28327
1645,210.34842,7.028117,0.88505125,3.1163154,25.023876,90.27875
1646,189.13055,4.052994,0.7492779,1.943895,12.38493,104.5934
1647,240.93256,3.818969,1.0827614,2.5675273,23.051537,110.37358
1648,265.12726,6.8413253,0.7464631,2.3776994,13.872487,76.0102
1649,163.55664,3.9438903,1.0192808,2.5089033,11.731411,67.436676
1650,210.20149,3.5301154,0.66189384,2.621873,33.974655,99.64015
1651,168.92438,5.8766117,1.0874732,2.4253647,21.711296,88.388176
1652,202.37625,2.6181645,0.72505975,2.3595538,29.734154,84.71638
1653,174.44423,5.3612695,1.0979817,2.4308503,21.44084,88.14088
1654,210.01814,9.380054,0.8816481,3.3449597,23.293934,92.72419
1655,210.7975,4.006685,0.6897689,2.7047873,34.759502,98.29814
1656,264.98575,6.838255,0.75608325,2.3878896,14.356365,76.85408
1657,202.98204,5.35647,0.8285283,3.11181,35.59687,110.15624
1658,214.28818,4.0204625,0.7807714,2.6695647,35.59922,96.13272
1659,215.81778,4.1358657,0.83593434,2.6636376,36.670666,117.70356
1660,200.29541,3.0729523,0.6902792,2.5472183,36.56892,100.17
1661,191.02124,4.368284,0.8075452,2.006446,14.117356,98.259346
1662,230.51923,4.98844,0.89675915,2.5491798,30.739302,91.436646
1663,254.51224,5.2947927,0.9262848,2.698479,29.133778,84.96661
1664,201.74629,4.886677,0.73139036,2.7984478,31.729351,75.48123
1665,259.1933,5.7670226,0.9670626,2.8596802,29.827082,86.04501
1666,297.14435,6.948204,0.65482116,2.5517478,26.017443,67.878075
1667,224.42654,6.5207987,1.10227,2.8420572,26.875244,103.05793
1668,168.17235,5.9500866,1.1067309,2.441515,22.429169,88.14486
1669,169.18796,5.8034315,1.076824,2.368123,23.93595,94.74265
1670,234.62737,5.4023333,0.9201312,2.7789276,34.81074,92.968185
1671,263.60413,4.625488,0.9398044,2.6509435,33.409473,69.80211
1672,272.66553,7.301954,0.7290654,2.4146647,19.778238,75.283806
1673,168.91458,5.4267974,1.1263504,2.461254,22.559397,93.02609
1674,194.94083,4.3236747,0.7807558,2.0054355,13.128089,106.411644
1675,260.74405,6.135228,0.93219537,3.0209002,30.614248,83.21073
1676,197.01967,5.638877,0.8071423,3.139949,33.909744,106.43587
1677,221.84825,3.7853007,0.71289635,2.6476374,28.459167,78.687935
1678,220.31186,4.974683,0.8909995,2.977874,36.2232,108.50075
1679,240.94745,6.3858566,1.0309474,2.902416,33.492283,93.85035
1680,208.7133,3.2058816,0.6908447,2.4992645,34.971783,97.82905
1681,228.05307,4.554054,0.97590905,2.530268,30.938486,73.926384
1682,203.0996,2.818762,0.6663377,2.488238,36.632046,101.09497
1683,171.73494,5.952711,1.142751,2.4536874,23.140337,96.94978
1684,206.18983,7.0703993,0.86415017,3.1163774,23.64559,85.191376
1685,213.31071,3.9238725,0.79580235,2.6693933,31.946192,85.11949
1686,208.69803,2.5582316,0.71471024,2.3674865,29.346073,81.13989
1687,192.4615,5.029445,1.168462,2.7325532,23.245125,98.309456
1688,266.5867,7.280904,0.7611663,2.4262118,18.023006,76.79717
1689,177.61685,5.5499663,1.1588526,2.4996634,26.82763,100.17596
1690,199.10493,4.49483,0.7937936,2.1397781,12.981139,108.91184
1691,282.63525,5.9945745,0.71727145,2.668602,17.946527,58.34391
1692,238.36646,6.2663136,1.1015328,2.841892,33.2498,77.249084
1693,275.95245,7.039667,0.7005701,2.449177,23.179428,72.390045
1694,268.8831,7.2024503,0.75654626,2.4435651,15.426174,77.03265
1695,164.51422,6.073462,1.0831983,2.4376078,24.13492,87.5634
1696,214.53006,4.14699,0.78486824,2.4686544,31.966816,95.495316
1697,219.24684,6.382999,1.1284183,2.8138123,26.321455,107.4919
1698,206.78177,3.4943843,0.6514951,2.5752234,35.379738,101.70704
1699,343.06625,7.2847157,0.64803904,2.8403287,20.603708,60.180084
1700,171.83766,5.400091,1.1272194,2.494015,22.448635,93.80467
1701,240.44144,5.614858,0.9806773,2.8550396,31.211176,78.79117
1702,223.2938,2.850449,0.66654974,2.445424,28.643648,77.75107
1703,207.58534,3.0328698,0.7532649,2.4890757,37.59355,109.110756
1704,208.01648,3.0786796,0.6536277,2.5212545,32.90131,103.066605
1705,203.29456,3.29335,0.6687327,2.5429778,35.801968,102.28743
1706,153.1854,5.364048,1.1169124,2.3000004,21.720459,87.5197
1707,219.21764,3.6224852,0.7216928,2.6350055,33.0843,113.23647
1708,194.33815,2.9775784,0.69243294,2.3772833,50.174267,100.08905
1709,231.4832,6.5908976,1.1646564,2.8762963,33.251114,81.221275
1710,228.44331,3.6989698,0.6877714,2.6126473,27.802036,79.677284
1711,212.76584,2.684977,0.7140386,2.4486613,28.8987,73.36393
1712,200.03494,2.9564533,0.65357065,2.3963575,33.213306,104.835396
1713,181.25444,5.52816,1.1214206,2.5661557,23.932766,95.31557
1714,194.26245,5.215347,0.8290528,3.0272148,30.35563,98.703156
1715,195.47629,5.714219,0.80419946,3.145854,33.141415,104.84075
1716,232.25255,5.6521435,0.95385385,2.8078978,34.813385,96.01666
1717,210.9942,4.0230045,0.6654606,2.6446366,33.196964,98.32718
1718,170.11914,5.9169574,1.0957806,2.510028,24.185698,89.47491
1719,210.49826,5.237753,1.0004036,2.6964812,31.50893,112.11144
1720,205.32025,3.403684,0.6680843,2.5562365,35.760406,101.038994
1721,261.5682,6.7679324,0.76439667,2.3738925,14.514428,77.13444
1722,157.39958,4.1756754,1.1283711,2.329185,22.874828,87.31327
1723,350.84937,7.2713423,0.65418625,2.862941,20.990952,59.092384
1724,207.46535,7.168149,0.8237497,3.12802,24.03908,87.96241
1725,280.64746,7.0843434,0.7109635,2.4897661,20.077108,73.18375
1726,216.17538,3.6140838,0.7299707,2.51747,35.789642,103.98151
1727,199.23805,3.0434563,0.73057705,2.4903657,31.718044,89.90754
1728,198.54572,3.8182786,0.7809878,2.7305582,33.683994,97.18141
1729,235.77574,5.6592927,0.84069264,2.6536493,23.510109,90.634476
1730,190.94467,4.759316,1.1677794,2.6464841,22.184597,98.11101
1731,264.64297,7.1488686,0.7297828,2.3801773,21.474926,75.907265
1732,212.68396,4.1089725,0.7222458,2.6880193,34.355137,108.70838
1733,261.97968,4.7990875,0.949208,2.648535,33.33588,74.68079
1734,165.83762,5.9700103,1.0815337,2.4760776,24.012499,88.830925
1735,211.95178,3.7366495,0.7515187,2.5899827,35.12675,95.41827
1736,183.5066,2.5199783,0.68176985,2.24619,50.29329,97.20169
1737,204.64928,4.0084877,0.8019277,2.707581,28.61209,86.39258
1738,207.88939,4.317071,0.8938564,2.0717106,12.114687,117.83114
1739,215.00493,3.7385137,0.7188794,2.6137605,38.352226,98.14688
1740,164.9603,4.0193768,1.0273724,2.5441272,11.447937,66.78993
1741,235.76057,4.5084667,0.9156108,2.190747,13.394905,112.634415
1742,242.66225,3.780664,0.83054036,2.5020068,26.603987,92.20086
1743,208.03583,3.0538664,0.76518244,2.5663824,29.845144,79.889305
1744,242.38664,3.9103665,0.6903879,2.8033698,27.648666,84.24125
1745,223.1918,5.815713,1.0584064,2.6439297,28.627728,100.839386
1746,207.78865,5.276188,0.8438949,3.070174,36.61406,110.63407
1747,208.25383,3.336738,0.7425983,2.653414,35.73384,100.54986
1748,237.01207,4.110318,0.7152768,2.6443994,24.160414,90.15656
1749,162.63196,4.0343056,1.0205245,2.5345623,10.926555,66.663956
1750,265.87378,6.8461123,0.7582437,2.3933663,14.596329,76.983894
1751,190.48785,3.982696,0.8481655,2.6570253,36.313927,89.56017
1752,194.02898,4.7478433,1.2018538,2.7644918,26.399355,102.99604
1753,295.56543,6.9859047,0.6589542,2.5401163,25.721779,68.63878
1754,212.57468,3.4113116,0.6870527,2.629571,32.590714,105.65403
1755,256.55728,5.411232,0.9315331,2.7756567,31.417923,83.2739
1756,164.85065,5.8881774,1.1069182,2.420936,23.478271,89.68815
1757,238.32262,6.7582865,1.1551087,2.9153316,33.86844,80.78761
1758,294.02716,6.8873234,0.664137,2.5574663,25.027596,66.97009
1759,223.70929,4.5069714,0.7027093,2.7504702,27.462328,80.67294
1760,261.56284,6.783068,0.74614376,2.3556406,13.603105,75.47591
1761,211.1746,4.376196,0.72993827,2.73675,34.20216,100.79587
1762,226.06903,5.1368237,0.73453736,2.8356893,25.994318,80.6824
1763,206.9459,7.5876403,0.8531218,3.1754963,23.257408,85.62167
1764,167.36908,4.1354194,0.9819516,2.5071082,11.076039,66.8508
1765,161.65915,5.3147407,1.1139623,2.3427882,20.62238,84.8379
1766,165.18211,4.008268,1.0263858,2.5429957,11.519883,66.63621
1767,204.83493,4.3742304,0.7504964,2.5369947,40.19616,101.59806
1768,211.74568,3.5787246,0.6166846,2.594115,45.940197,102.57956
1769,229.25967,7.1367297,1.1336212,2.9804652,28.160425,103.55148
1770,252.54771,6.3903694,0.78657687,2.4764416,16.574566,70.05779
1771,194.95314,3.801896,0.6904749,2.5229516,41.90265,103.78062
1772,212.1519,6.829076,0.8032301,2.9839509,26.25347,86.708176
1773,215.49886,3.9570956,0.73319656,2.6538403,27.04001,77.252556
1774,244.20563,4.138214,0.70699334,2.8752513,27.609863,85.46191
1775,225.01077,3.714149,0.68760085,2.6107373,26.65467,105.17748
1776,188.33716,5.157149,1.1630766,2.703813,23.340408,97.489265
1777,191.91211,5.238617,1.1057787,2.556711,22.820923,92.56895
1778,202.18866,3.7259297,0.814434,2.6908784,31.168507,89.69584
1779,242.92114,6.1586995,1.0129825,2.8139791,32.424004,91.63126
1780,182.35037,4.402423,0.8224485,2.0396047,13.154765,99.39479
1781,205.58371,3.9595788,0.8304909,2.411388,29.623238,121.391525
1782,221.20976,3.642899,0.6396866,2.6197546,27.856699,76.6373
1783,208.21529,3.486772,0.6669985,2.6320653,34.40004,99.63104
1784,264.81525,6.8246946,0.7682285,2.3979917,15.151314,77.42192
1785,205.54465,3.4885535,0.7283845,2.6674573,37.211014,101.23465
1786,214.46014,3.8632011,0.64992785,2.6331992,38.045837,97.68384
1787,184.07622,5.7323585,1.0907764,2.516345,22.319628,90.4113
1788,163.60431,5.9631824,1.0884225,2.444649,23.748596,88.827194
1789,162.39548,3.956285,1.0027504,2.5069823,11.485812,66.866486
1790,205.65356,2.5011947,0.7074885,2.3153949,29.104523,84.429924
1791,221.52303,4.521138,0.8206043,2.680545,35.66344,95.50452
1792,203.64499,3.1559482,0.66848505,2.4231915,33.661915,108.26304
1793,248.32672,5.9767876,0.9850466,2.8707545,32.53874,79.64935
1794,214.25893,3.2032046,0.7144172,2.5040936,29.919535,81.86674
1795,204.7449,3.9914136,0.82075095,2.749351,30.585724,90.34169
1796,232.27672,5.1099653,0.714399,2.44452,15.440758,123.06114
1797,296.71027,7.0168667,0.65787095,2.5378144,25.787653,69.3218
1798,208.78815,5.100435,0.8089112,2.8457131,26.275644,79.27223
1799,254.84909,6.7097073,1.0457354,3.0818183,30.824705,89.84797
1800,218.90623,6.7455587,1.1459159,2.8826027,26.663403,107.585205
1801,221.5357,3.9452574,0.62902105,2.6975849,48.209717,103.47709
1802,206.23811,4.9276223,0.80691016,2.9294617,35.920387,104.07546
1803,209.43452,3.4969661,0.67248976,2.6228516,33.56215,101.175995
1804,189.67316,4.1647673,0.77449936,1.9592249,12.344695,103.33277
1805,205.44725,5.244622,0.84142494,2.8801618,28.804384,87.915634
1806,264.21054,6.8123283,0.7661286,2.3917341,14.929703,77.33045
1807,191.37466,4.6874156,1.2016293,2.8122432,25.51537,94.12595
1808,211.02383,3.950051,0.67134255,2.6112552,32.48964,106.4062
1809,334.18307,6.7268305,0.7250351,2.8184254,18.716908,59.118805
1810,249.85547,5.587823,0.8807006,2.8481445,29.457375,84.31465
1811,212.03745,4.7271876,0.8008109,2.608738,41.079487,104.91269
1812,175.36513,5.17566,1.1010692,2.4346259,21.757175,88.22167
1813,222.65523,2.7945871,0.6019716,2.4028637,29.55341,78.21561
1814,211.42088,3.1333535,0.63787544,2.5170398,31.32829,100.64773
1815,186.9238,5.6451197,1.089014,2.530656,22.537231,91.23555
1816,281.22305,5.9601984,0.7204958,2.6619868,17.84279,58.22968
1817,234.44992,3.2878337,0.67609125,2.6690214,31.340982,79.009705
1818,162.10643,3.955664,1.0035253,2.5072496,11.3865385,66.737946
1819,247.473,4.008582,0.86274076,2.4956915,24.341236,92.949814
1820,231.17899,6.9749727,1.1566838,2.9970744,29.70143,92.11542
1821,215.84398,3.2734509,0.6461443,2.5240622,29.38061,93.97952
1822,346.4444,7.0033092,0.68962693,2.8481026,20.22819,58.908375
1823,169.93367,4.768424,1.095359,2.3811169,23.311907,92.74205
1824,254.43303,4.588574,0.9378491,2.6626697,32.86424,72.32413
1825,265.96472,7.006798,0.7655347,2.4229636,15.598384,77.234055
1826,254.4651,5.5678945,0.9692538,2.923962,32.065666,83.00223
1827,207.21312,3.2631636,0.6750836,2.422427,33.13822,110.50457
1828,182.69957,2.516608,0.5535039,2.369992,30.013628,77.70267
1829,166.18504,4.020327,1.0292977,2.5457613,11.671707,66.96074
1830,210.63263,4.7386155,0.79321927,2.6939805,33.860474,105.57632
1831,208.03145,6.3012285,1.1542208,2.720488,28.021263,114.51477
1832,201.54808,6.0842376,0.82149553,3.1623373,30.314129,104.39404
1833,236.76979,6.0487432,1.0063112,2.9046192,33.842903,95.88631
1834,207.94214,3.5288,0.6378787,2.5847423,37.06029,101.1197
1835,168.14215,6.080969,1.0680493,2.4485955,23.970482,86.92644
1836,160.34148,4.051171,1.0502205,2.5612485,11.028448,66.86107
1837,263.80844,5.7696867,0.9809644,2.9083033,30.775177,84.22898
1838,194.06578,5.5940223,0.85247356,3.038853,27.425982,95.51582
1839,204.87251,5.107317,0.7822482,3.1698146,36.02561,111.12568
1840,225.51164,3.4086125,0.7197945,2.1711116,15.091157,112.56651
1841,200.14154,5.294818,0.77634835,3.1682591,35.85576,108.62272
1842,320.94363,7.107608,0.63701624,2.7735853,20.057438,62.270153
1843,210.25432,4.0980163,0.81038815,2.6686797,42.042152,106.77256
1844,205.82579,3.8895717,0.73981345,2.4471154,34.125618,96.868774
1845,174.14952,6.158346,1.0769864,2.48378,23.260284,89.43932
1846,185.65881,5.0526323,1.154948,2.6061368,22.015274,96.90305
1847,309.70108,6.207421,0.77914184,2.7618988,16.65316,60.002205
1848,219.01897,3.2172365,0.65806615,2.4822767,27.429916,90.770004
1849,265.54938,4.5481997,1.2584972,3.0982113,22.03246,105.08908
1850,210.67004,5.4961305,0.80715245,2.9034648,25.773201,80.493286
1851,277.7171,6.955364,0.7339498,2.4957395,18.114613,74.155624
1852,210.98546,3.9212704,0.67090505,2.6638677,33.614174,99.05626
1853,193.14264,4.080549,0.7026969,1.9700967,12.556979,107.829124
1854,292.7241,6.9323616,0.6605227,2.5275395,26.009815,68.82965
1855,201.43526,5.5972857,0.85618,2.9459486,26.464388,91.49469
1856,266.53998,6.977191,0.7668401,2.4212327,15.775569,77.297554
1857,211.76385,3.636384,0.68967766,2.4971676,33.166836,111.95516
1858,166.88184,5.941358,1.0997244,2.4582417,22.825386,88.15171
1859,204.56035,2.8213255,0.6336881,2.412874,32.465683,104.44308
1860,164.63931,4.067841,0.98856795,2.5036209,10.874412,66.43229
1861,252.65723,6.399923,1.0694113,2.8438091,34.222027,82.958595
1862,208.3757,4.5139084,0.7476295,2.587264,41.495163,103.72402
1863,212.51009,3.224444,0.7571672,2.628682,33.640877,115.41039
1864,159.64346,3.9893951,0.99898136,2.4806337,10.676505,64.39551
1865,270.00577,6.854706,0.71885806,2.4694567,20.909061,70.35101
1866,169.41702,5.950994,1.1017101,2.459739,22.25391,87.405045
1867,223.18448,4.444447,0.80808365,2.4232593,12.754477,107.030365
1868,225.1954,5.1199284,0.88765985,2.6667857,33.997665,101.764366
1869,224.41534,5.067567,0.8827933,2.6575875,33.877083,101.82187
1870,196.38306,3.944704,0.8405023,2.7013538,29.132595,88.637535
1871,233.94482,7.2498374,1.1250652,3.035396,28.468039,102.50561
1872,164.99677,5.551054,1.1457827,2.38876,21.90981,91.185524
1873,224.39864,4.27362,0.93738544,2.6270041,29.388248,80.25667
1874,142.5055,3.964825,0.8865924,2.3803997,7.8517666,64.610214
1875,240.56676,5.2578683,1.0437477,2.726442,33.622013,76.096695
1876,269.6123,6.9681706,0.75391525,2.4206522,14.660458,76.78903
1877,207.77145,3.4570913,0.62525946,2.5580423,44.28791,102.550064
1878,337.354,7.242079,0.6473066,2.8195007,20.58113,61.05558
1879,174.48943,4.1074,1.0076902,2.5297186,11.742181,66.73179
1880,193.73248,4.2786098,1.125234,2.56383,23.925032,93.0007
1881,180.84694,4.172871,0.9990918,2.5382998,11.682393,66.30874
1882,278.9969,7.1631756,0.70146847,2.447346,22.710028,73.15858
1883,172.16379,5.7681975,1.128241,2.459465,23.229475,94.85163
1884,165.56476,5.8391113,1.1059358,2.4759848,23.27466,90.02687
1885,299.97665,5.9643273,0.7909667,3.0945492,28.224712,89.857956
1886,232.72409,4.737768,0.96877015,2.7251322,30.396832,79.3082
1887,201.71187,4.2010875,0.82216555,2.7389746,28.24682,87.7918
