sample_index,Fe,Zn,B,Cu,S,Mn
0,809.3863,11.441689,0.90605956,5.1157627,31.009554,271.16754
1,882.2666,12.325823,0.9465935,5.388423,31.550327,288.13287
2,929.71045,12.832249,0.9546713,5.589617,32.974518,296.4117
3,939.9217,12.902334,0.9569836,5.64491,33.948753,295.24774
4,992.02277,13.57778,0.9839546,5.8209496,32.871277,313.23773
5,957.5869,13.111303,0.96354806,5.7109556,33.926422,300.29004
6,885.723,12.321459,0.933233,5.423299,32.556217,286.7721
7,991.8312,13.526657,0.9822103,5.8319235,33.717136,309.55637
8,849.7877,11.884617,0.9156477,5.292576,32.72641,276.4436
9,950.7962,13.103062,0.972607,5.661356,32.8565,301.50476
10,709.9585,10.265045,0.8658317,4.736801,31.352436,240.80266
11,877.51074,12.212461,0.93028176,5.3967094,33.048176,282.22726
12,819.83325,11.566359,0.911328,5.155124,31.03824,273.8676
13,857.9541,11.976786,0.91941524,5.3257113,32.957214,277.65353
14,688.51636,9.985424,0.8421206,4.6439114,29.929237,241.31786
15,955.0352,13.091606,0.9639563,5.697818,33.789173,299.93884
16,832.09985,11.718254,0.9220684,5.207076,32.14694,272.21686
17,951.7541,13.066343,0.9605768,5.6821384,33.457916,300.8927
18,907.2983,12.507795,0.94162476,5.526843,34.02672,286.19653
19,891.7825,12.425245,0.94871974,5.4307976,32.200428,288.16144
20,797.3476,11.273285,0.8922712,5.088313,32.04854,264.52618
21,955.69684,13.002369,0.9628163,5.7235966,34.905895,295.09045
22,885.7238,12.360647,0.9467646,5.40423,31.774658,288.28632
23,778.10345,11.067097,0.88943696,4.9979906,30.9625,262.82977
24,889.9414,12.383032,0.93735415,5.433847,32.16357,289.27115
25,804.7118,11.3556185,0.8958219,5.1183295,32.263405,265.6936
26,973.74603,13.360781,0.9752053,5.7528653,32.804287,308.87952
27,752.02606,10.759527,0.8757332,4.8962016,30.725712,256.44736
28,932.99414,12.75769,0.9526032,5.635314,34.66556,290.21234
29,949.5138,13.030651,0.96010184,5.676555,33.686348,299.1397
30,889.62524,12.407106,0.9485121,5.418767,31.77742,289.3366
31,843.4274,11.814764,0.9128348,5.265791,32.480812,275.71228
32,953.5952,13.109591,0.9657285,5.6806765,33.13858,301.95422
33,934.9147,12.786022,0.9526352,5.6414604,34.60326,291.1059
34,736.26685,10.57587,0.8787182,4.8414745,31.730858,246.80014
35,795.14716,11.263947,0.9059163,5.0730085,32.490913,260.31982
36,761.82513,10.874644,0.880139,4.9362783,30.974262,258.3125
37,887.13434,12.32303,0.9326156,5.434271,33.0322,285.29022
38,926.3432,12.80699,0.95338273,5.5720015,32.41405,298.0606
39,944.4953,12.959667,0.95846194,5.661234,33.898853,296.75037
40,848.281,11.851469,0.9295931,5.288376,33.51843,270.54187
41,814.5218,11.471366,0.9000566,5.155799,32.331894,268.1639
42,874.5841,12.229767,0.9420912,5.3614845,31.655571,285.72464
43,1012.2314,13.819256,0.9943354,5.8951674,32.87249,318.3148
44,838.8194,11.758311,0.9107138,5.2487335,32.496887,274.34705
45,948.7767,13.019093,0.9596232,5.6747975,33.74497,298.68787
46,698.0884,10.103512,0.8472891,4.682122,30.106907,243.37251
47,873.3879,12.214485,0.9413937,5.357669,31.72481,285.11172
48,737.4804,10.583231,0.88024163,4.850031,31.96801,246.10007
49,896.64734,12.442858,0.9398002,5.4653673,32.937862,287.74475
50,931.57916,12.848693,0.95293957,5.5996656,32.98536,297.43246
51,875.9562,12.190716,0.929581,5.3923817,33.124958,281.5185
52,726.572,10.455643,0.86307573,4.796167,30.571812,249.68068
53,862.4493,12.071992,0.9305919,5.318886,31.389854,284.23633
54,943.00446,12.921455,0.9577035,5.6606913,34.16411,295.1723
55,973.49963,13.284838,0.9715321,5.771938,34.116467,303.3258
56,705.0359,10.190542,0.85166043,4.7104588,30.295383,244.59526
57,771.3307,10.989063,0.8868177,4.9698715,30.77705,261.58307
58,895.9053,12.438046,0.9384755,5.462208,32.75145,288.60132
59,751.5212,10.761337,0.8858688,4.898962,31.733875,251.11275
60,730.8999,10.515944,0.8757493,4.817978,31.520569,246.13226
61,900.8613,12.500584,0.9422367,5.478148,32.692703,289.84952
62,1010.64154,13.725479,0.99033344,5.905944,34.009678,313.2895
63,799.1998,11.316118,0.89978325,5.080883,31.26765,267.53192
64,938.3885,12.835014,0.95411396,5.6523237,34.508533,292.53302
65,910.1659,12.586429,0.9423793,5.5230837,33.249763,290.63748
66,848.0867,11.877291,0.9168276,5.279998,32.34105,277.33936
67,936.2016,12.977964,0.9701225,5.5892315,31.410048,303.2775
68,983.7317,13.366104,0.97473884,5.8193464,34.535244,304.6246
69,810.91254,11.4675255,0.91287494,5.126852,32.12115,266.37622
70,960.753,13.176767,0.9664159,5.713936,33.417076,303.20685
71,776.6467,11.050252,0.88871956,4.9924107,30.96496,262.41425
72,851.48737,11.876055,0.91674757,5.3099723,33.40729,273.83044
73,814.12146,11.491552,0.906508,5.139306,31.44416,270.99435
74,922.7905,12.744832,0.9496765,5.566192,33.04192,294.63733
75,968.48596,13.26915,0.97220266,5.7410727,33.485962,304.36047
76,744.8063,10.674957,0.87256587,4.8677125,30.70419,254.3753
77,928.7657,12.832466,0.9552639,5.5822887,32.66022,297.39935
78,978.0311,13.356527,0.973359,5.7850456,33.825356,306.08826
79,785.26624,11.154032,0.89399964,5.0244513,30.957302,264.75043
80,888.23175,12.355164,0.9347615,5.431498,32.436886,287.92084
81,933.5638,12.939775,0.9686273,5.581441,31.627115,301.62692
82,1014.9649,13.834051,1.0013024,5.9056444,33.23753,316.86688
83,814.93823,11.5050955,0.90782255,5.1396294,31.259783,271.8051
84,891.5817,12.348636,0.935013,5.4596443,33.612995,283.69247
85,918.8872,12.701813,0.95067036,5.5494127,33.102753,292.75372
86,911.2542,12.599409,0.9438983,5.5270257,33.308987,290.48413
87,878.3,12.227396,0.9299383,5.3977575,32.789333,283.78253
88,919.6388,12.712278,0.9490683,5.552561,32.935905,294.12524
89,838.0894,11.782555,0.9244956,5.2333126,32.517,272.30487
90,971.26434,13.225788,0.96941566,5.771715,34.476048,301.43927
91,864.3797,12.073502,0.9247946,5.340453,32.32592,281.79218
92,930.8115,12.859482,0.95632625,5.588915,32.561638,298.36127
93,722.4145,10.40165,0.8601455,4.778037,30.325363,249.49889
94,989.8656,13.53219,0.982692,5.817581,33.26996,310.8612
95,746.95264,10.707736,0.88350004,4.8807664,31.668097,250.10117
96,765.38513,10.918978,0.8836086,4.9467926,30.741753,260.04495
97,1009.0603,13.822617,1.0000874,5.8729057,32.34404,318.93103
98,933.16766,12.940083,0.96863854,5.5780406,31.430336,302.381
99,897.7516,12.469339,0.94193643,5.464511,32.564034,289.42978
100,966.064,13.22418,0.9697796,5.737406,33.738976,302.95386
101,942.30853,12.9194145,0.9560567,5.657627,34.072567,295.65308
102,943.0213,12.934364,0.95739985,5.658018,33.99901,295.98935
103,954.51855,13.094473,0.96308076,5.6933494,33.599205,300.70996
104,722.4678,10.415104,0.87175286,4.785022,31.434324,244.0922
105,929.1476,12.766354,0.95180696,5.6075068,34.04977,291.95593
106,983.3566,13.47187,0.9792977,5.789747,32.903408,310.9524
107,881.35565,12.266399,0.931728,5.407869,32.724384,284.7904
108,903.0491,12.47612,0.938339,5.5058107,33.733036,286.54333
109,919.8733,12.716217,0.95052785,5.552472,32.980663,293.72922
110,983.27795,13.471294,0.9872349,5.7861385,33.12046,308.97647
111,800.5769,11.331335,0.90027666,5.0871677,31.375092,267.46948
112,881.9872,12.25272,0.92981964,5.4189844,33.245815,283.00256
113,942.1309,12.949406,0.9565339,5.6473207,33.577854,297.66772
114,923.7076,12.679771,0.9483606,5.593995,34.30725,289.49744
115,925.8758,12.689224,0.94950575,5.6057806,34.499256,289.1238
116,902.69824,12.509176,0.94024837,5.4908953,32.972244,289.67224
117,751.28455,10.752076,0.87589955,4.893633,30.820038,255.7856
118,931.50323,12.920998,0.96805,5.5714874,31.401241,302.05328
119,890.519,12.38255,0.9379817,5.4384127,32.582367,287.5092
120,1005.7834,13.695166,0.9881836,5.883132,33.627113,313.77692
121,947.6453,13.100569,0.97355115,5.637788,31.855719,304.64246
122,976.00366,13.432325,0.98515296,5.747739,32.20546,310.75266
123,908.9484,12.58399,0.9449091,5.5129137,33.04585,290.64682
124,764.51105,10.910047,0.8840206,4.942376,30.72076,259.73956
125,900.46124,12.488167,0.93937755,5.480919,32.804173,289.79755
126,740.402,10.621782,0.86983645,4.851492,30.722488,253.12886
127,701.96106,10.151803,0.84966564,4.698276,30.249111,243.91298
128,755.5333,10.801369,0.8778864,4.9092894,30.722206,257.39917
129,791.4665,11.223842,0.8956197,5.0502863,31.09649,266.07855
130,934.6776,12.776327,0.95306134,5.6418085,34.681286,290.5716
131,928.0994,12.804687,0.95306087,5.586641,33.183605,295.1842
132,942.4557,12.986645,0.9608882,5.6363506,32.9086,300.0061
133,913.6353,12.601075,0.9428226,5.545736,33.746174,289.5628
134,859.98517,12.018198,0.9227014,5.325418,32.483135,279.9217
135,974.1167,13.413723,0.98472774,5.739097,32.139587,310.3275
136,844.5509,11.783785,0.9143953,5.287159,33.557167,271.13525
137,824.9141,11.627546,0.91397333,5.1735287,30.964077,275.55096
138,699.1804,10.136087,0.86096686,4.6954165,31.304287,237.88748
139,965.40717,13.22179,0.9677253,5.734355,33.60482,303.61975
140,874.7167,12.16452,0.9258777,5.3930254,33.244316,281.14362
141,663.33655,9.673552,0.82749856,4.549345,30.074543,233.5381
142,913.1911,12.572601,0.9441098,5.550125,34.09571,287.48044
143,897.9295,12.465306,0.9409664,5.4675074,32.724003,288.93146
144,863.5213,12.08674,0.9315346,5.320605,31.150715,285.4107
145,794.7237,11.264502,0.8980864,5.0621586,31.128136,266.758
146,916.6376,12.673736,0.9469487,5.5426183,32.994637,293.20236
147,931.60187,12.84543,0.9549391,5.599968,33.204098,296.02493
148,1038.7863,14.137138,1.0071522,5.993208,32.817314,325.45258
149,738.69586,10.604177,0.8800743,4.8512855,31.782368,247.24901
150,917.4361,12.644438,0.9445365,5.560457,33.780766,290.4414
151,643.4691,9.429255,0.8161074,4.4680414,29.76873,228.5939
152,930.1364,12.81365,0.952669,5.6005325,33.529728,294.44217
153,924.82294,12.7653885,0.950166,5.575074,33.126614,294.86035
154,880.6301,12.272415,0.9334051,5.3994703,32.27739,286.19165
155,806.20966,11.400223,0.90300184,5.1064405,31.133919,270.05078
156,684.1134,9.9274435,0.83922267,4.6307807,30.270649,238.82173
157,911.08075,12.608613,0.94487864,5.5213656,33.00461,291.5669
158,887.05566,12.338518,0.93438095,5.4278526,32.55856,287.06207
159,913.68945,12.648247,0.9471526,5.5277586,32.759254,293.17126
160,909.4154,12.522703,0.9428662,5.537614,34.172634,286.04962
161,970.3482,13.21022,0.96811694,5.769825,34.532047,300.9733
162,894.0969,12.425768,0.9395391,5.4514723,32.54121,288.65768
163,910.57544,12.522853,0.9426524,5.5463448,34.335968,285.75067
164,835.89465,11.730776,0.9093817,5.2347245,32.224926,274.71902
165,808.85126,11.443904,0.91186744,5.11827,32.041645,266.138
166,920.8674,12.722874,0.9493937,5.5584497,33.053673,293.9475
167,987.0033,13.525881,0.9831034,5.79949,32.756813,312.12488
168,992.6647,13.627323,0.99245036,5.81141,32.33574,314.62827
169,859.73004,12.043131,0.9337384,5.312494,32.300438,279.2118
170,922.14185,12.644926,0.94772476,5.592313,34.50609,288.068
171,904.1177,12.534599,0.9437766,5.4915485,32.84113,290.07245
172,931.5987,12.904514,0.96639353,5.5784388,31.951883,299.898
173,827.7081,11.606896,0.90717566,5.2145195,33.044903,268.64752
174,867.6962,12.092661,0.9256273,5.3616385,33.10147,279.32803
175,848.61694,11.906672,0.9289165,5.272832,32.50087,275.36383
176,974.8426,13.334385,0.974763,5.767252,33.631355,305.45917
177,936.1577,12.898127,0.95505965,5.6180744,33.1363,297.90222
178,972.37665,13.219423,0.97039986,5.7796564,34.69023,300.60632
179,926.9063,12.742344,0.95086586,5.598487,34.016533,291.47995
180,757.8836,10.827551,0.8776999,4.921673,30.985275,257.21057
181,860.74115,12.011478,0.920385,5.3356714,32.902943,278.7082
182,706.61615,10.2208395,0.8650509,4.727027,31.530212,239.09517
183,673.07355,9.795885,0.834274,4.585198,30.04419,236.3771
184,779.88257,11.071609,0.88450354,5.016966,31.732325,260.81744
185,871.3623,12.158947,0.9298757,5.365684,32.478043,282.69284
186,905.00146,12.539181,0.94334424,5.497443,32.99995,289.7586
187,935.5477,12.893677,0.9562649,5.6142187,33.13954,297.41772
188,723.21423,10.419445,0.8727665,4.7908807,31.644753,243.39189
189,874.0783,12.123163,0.92653275,5.4012413,33.824368,278.1306
190,945.77606,13.028076,0.9623728,5.648348,32.85469,301.1399
191,806.6276,11.40699,0.9039648,5.1063476,31.018688,270.5139
192,796.9026,11.262988,0.89195275,5.0884957,32.20073,263.74133
193,976.6166,13.377275,0.9836446,5.7646737,33.38015,306.04648
194,931.0693,12.856743,0.9544861,5.592834,32.631752,298.53595
195,987.6839,13.553467,0.9897577,5.795618,32.61491,312.10864
196,933.7358,12.874542,0.9555743,5.606682,33.082115,297.16827
197,816.0495,11.529047,0.91500074,5.145325,32.02099,268.25723
198,888.80664,12.327934,0.93444264,5.4452724,33.418324,283.74475
199,976.4974,13.351671,0.9728552,5.7758417,33.61948,306.49628
200,971.422,13.3100395,0.9727702,5.7510905,33.34032,305.9864
201,830.6149,11.695188,0.9166089,5.1952906,30.993467,277.0053
202,934.04456,12.8517,0.9542399,5.617612,33.67559,294.81702
203,933.6785,12.855175,0.95468384,5.613535,33.538517,295.26306
204,919.6347,12.67467,0.9450475,5.567473,33.70589,291.4581
205,916.6161,12.682146,0.94917464,5.5388618,32.83513,293.49673
206,700.7722,10.140105,0.86372685,4.7109013,31.828249,236.26256
207,743.9543,10.669216,0.88247275,4.870507,31.749233,248.87708
208,756.8797,10.822768,0.88850546,4.9209027,31.849115,252.158
209,744.0962,10.666607,0.8721046,4.8650503,30.707481,254.16998
210,985.682,13.505566,0.9886508,5.793737,33.016674,310.06915
211,827.4416,11.631664,0.90660316,5.202266,32.24102,272.12695
212,1015.0013,13.893272,1.0027636,5.894999,32.344013,320.48114
213,927.5885,12.794603,0.95067596,5.5869513,33.18635,295.49042
214,910.7274,12.618286,0.9446867,5.5160913,32.50249,293.7843
215,931.8208,12.755114,0.95158625,5.6286955,34.5422,290.55673
216,749.6174,10.731316,0.87485975,4.8858194,30.64334,256.0059
217,772.4936,11.001982,0.8868301,4.9753447,30.839373,261.74622
218,751.3947,10.751957,0.8763458,4.8905535,30.442503,257.22223
219,804.8246,11.38282,0.90224767,5.1020164,31.225065,269.30273
220,972.3317,13.27388,0.97144264,5.767152,34.078983,303.26514
221,1025.2983,13.957451,1.0060207,5.943567,33.202625,319.7536
222,708.9305,10.228459,0.86957407,4.748588,32.224964,236.81374
223,711.14124,10.263788,0.85418284,4.7351456,30.342846,246.2665
224,915.8542,12.687574,0.9488544,5.530749,32.14953,296.4262
225,896.4941,12.434135,0.93922645,5.4677258,33.137627,286.91223
226,769.99744,10.980003,0.89431965,4.970828,31.8737,255.85138
227,900.632,12.482594,0.9379169,5.4846163,32.966396,289.39886
228,796.70734,11.287409,0.8985457,5.069893,31.077246,267.6178
229,814.02094,11.496912,0.90831316,5.1333895,31.014729,272.4334
230,911.06354,12.617761,0.9467406,5.5174294,32.792645,292.17834
231,964.90497,13.220537,0.97049683,5.7296605,33.596382,302.99173
232,956.8024,13.142426,0.96726584,5.6942744,33.265194,302.2459
233,951.7864,13.074038,0.96265817,5.6789064,33.366467,300.8714
234,837.0025,11.770317,0.91938466,5.2200394,31.053566,278.53232
235,828.54224,11.638962,0.90728784,5.208059,32.42746,271.56876
236,842.3434,11.8114605,0.914625,5.2570267,32.24096,276.11227
237,603.2849,8.929375,0.79058623,4.304065,29.139805,218.27786
238,740.973,10.627277,0.869715,4.85201,30.53798,254.03944
239,1036.1948,14.078024,1.0028635,5.990961,33.18888,323.77484
240,963.3042,13.281672,0.9797334,5.69926,32.1317,307.66028
241,811.59216,11.469128,0.90774035,5.1227946,30.962479,271.80286
242,696.51324,10.079878,0.846227,4.680291,30.485935,241.46507
243,734.1868,10.550739,0.8778162,4.8335752,31.730343,246.19402
244,717.37915,10.352383,0.86974263,4.7667227,31.501236,242.31656
245,933.72565,12.807461,0.95374835,5.6273627,34.20878,292.3837
246,750.3936,10.74042,0.8753098,4.8888054,30.639763,256.23987
247,816.87537,11.5318985,0.9100966,5.142908,30.920952,273.5133
248,730.1999,10.494907,0.8638349,4.8133297,30.768717,250.09932
249,982.01794,13.530165,0.9898527,5.7625303,31.558338,314.84045
250,790.75464,11.220533,0.89721155,5.043214,30.808279,266.7552
251,847.13007,11.862495,0.9159642,5.278577,32.496258,276.49814
252,926.7948,12.695515,0.94917035,5.6105723,34.55258,289.14517
253,992.339,13.53875,0.9832472,5.8320184,33.633152,309.96844
254,758.3938,10.835665,0.8792489,4.921939,30.922688,257.41718
255,917.5696,12.703804,0.94920886,5.538784,32.35788,296.00208
256,858.9781,12.003162,0.9214964,5.3236694,32.595284,279.30164
257,941.3096,12.974667,0.96041137,5.6316156,32.86251,299.90555
258,932.56506,12.842325,0.9521061,5.6099687,33.448574,295.79016
259,910.4201,12.495925,0.9433312,5.551896,34.63294,284.17975
260,960.2398,13.119793,0.9650567,5.7257085,34.21649,299.58795
261,818.2991,11.549002,0.91086847,5.148597,30.962276,273.74048
262,943.76935,12.98967,0.96076554,5.6451097,33.19117,299.24738
263,956.35596,13.060984,0.96154344,5.7155156,34.357616,298.23163
264,933.1724,12.75835,0.9527425,5.6363015,34.68129,290.17822
265,896.2385,12.34928,0.9362493,5.4945536,34.376747,281.59967
266,915.48254,12.654781,0.94694966,5.5401316,33.198193,291.87247
267,771.78204,10.992455,0.88564533,4.974504,30.995777,261.00586
268,819.39935,11.501438,0.90298873,5.185414,33.091934,266.2529
269,957.98816,13.172392,0.97609586,5.6920195,33.17719,301.96667
270,952.6107,13.124607,0.97398156,5.6680784,32.875248,301.86444
271,850.1828,11.931469,0.93073165,5.275508,32.33956,276.18677
272,969.23816,13.263998,0.9708018,5.748699,33.68834,304.0426
273,868.62573,12.052819,0.9248418,5.382513,33.903496,276.20963
274,909.38043,12.567586,0.94187236,5.5238824,33.462727,289.54565
275,990.9079,13.460979,0.9778768,5.842987,34.436783,306.6776
276,741.0616,10.627783,0.87005705,4.855501,30.88242,252.67767
277,944.0395,13.019285,0.9700795,5.637004,32.96459,299.19196
278,857.08386,12.00268,0.9259277,5.302986,31.66946,281.91553
279,937.716,12.952637,0.96719646,5.610732,32.741768,298.49988
280,968.6126,13.310328,0.98060757,5.729109,32.927914,305.9754
281,995.67065,13.586124,0.9836009,5.8439865,33.475937,311.9043
282,909.4961,12.591955,0.94567114,5.514433,33.023582,290.85526
283,983.49475,13.44993,0.9775676,5.7975817,33.35944,309.3238
284,909.9939,12.595638,0.9446182,5.5175943,33.01841,291.26215
285,917.96216,12.678141,0.94586825,5.5522995,33.25712,292.6949
286,854.4871,11.935402,0.91841435,5.312849,32.976856,276.57928
287,946.2102,13.024466,0.96217597,5.652315,33.06607,300.3457
288,772.14905,10.998283,0.88692796,4.9741716,30.906715,261.30096
289,726.6798,10.455061,0.86243194,4.7973976,30.589497,249.73552
290,827.567,11.662764,0.9200664,5.191112,32.250626,270.5155
291,734.0059,10.547804,0.8777723,4.8332434,31.753109,246.03433
292,837.4743,11.738579,0.9248283,5.243368,33.2577,268.63083
293,951.89355,13.089518,0.96418315,5.674717,33.097824,301.86066
294,948.8159,12.971813,0.9593396,5.6869507,34.365257,295.92587
295,975.66205,13.316925,0.97079396,5.7802315,33.996254,305.00735
296,806.2221,11.398298,0.90283537,5.1085186,31.365225,269.10733
297,851.3014,11.884701,0.9310371,5.3005276,33.5815,270.9801
298,851.56134,11.954305,0.93098706,5.27754,31.930414,278.29117
299,719.71063,10.376922,0.871131,4.7776723,31.636215,242.41736
300,859.04755,12.024528,0.9261776,5.312121,31.790173,282.06293
301,975.0849,13.336479,0.97473335,5.768379,33.641773,305.48996
302,925.5149,12.786326,0.9509125,5.5735226,32.70618,296.8968
303,748.7593,10.722019,0.8752863,4.8808455,30.508505,256.19635
304,909.66266,12.599836,0.94634694,5.5126925,32.862194,291.48102
305,949.97375,13.070286,0.9647184,5.665725,33.07651,301.14716
306,910.31415,12.600614,0.9455615,5.517834,33.031517,291.07037
307,903.2087,12.485867,0.9390994,5.5035915,33.630695,286.9125
308,925.0717,12.824347,0.9632499,5.5547657,32.021805,297.87408
309,913.51483,12.556269,0.9441076,5.5574636,34.349327,286.5103
310,892.71564,12.362707,0.9347964,5.4640484,33.582634,284.32663
311,776.31836,11.028303,0.8827142,5.0036745,31.736572,259.8017
312,902.652,12.523434,0.9441782,5.4837384,32.688446,290.20325
313,823.14764,11.595247,0.90953773,5.176541,31.671846,272.69183
314,962.89404,13.220028,0.97057074,5.715336,33.171505,304.135
315,925.61383,12.685783,0.9491199,5.6050634,34.50461,289.03574
316,687.0359,9.965922,0.84132814,4.6404076,30.149176,240.07622
317,883.77765,12.332952,0.9452776,5.3993526,32.05691,286.58545
318,898.50195,12.473442,0.94122094,5.469205,32.67708,289.28204
319,784.3432,11.140762,0.89261407,5.0221734,31.013737,264.38245
320,1008.51025,13.769379,0.9924918,5.8823795,32.97316,316.8892
321,938.3551,12.93956,0.9580684,5.6210666,32.793053,299.64993
322,1015.43805,13.828333,1.0014344,5.9093475,33.40647,316.21066
323,791.4498,11.223835,0.89596665,5.0511694,31.241394,265.46432
324,885.6095,12.361538,0.94702005,5.402841,31.670492,288.67493
325,929.71545,12.840888,0.9556302,5.586767,32.752228,297.25342
326,918.439,12.709139,0.9505387,5.543631,32.676846,294.55878
327,904.7248,12.530884,0.942586,5.498575,33.129604,289.2046
328,706.5458,10.203637,0.8511031,4.719512,30.488176,244.43199
329,969.8951,13.320238,0.9815254,5.734805,33.031307,305.80267
330,1021.0148,13.882765,1.0039456,5.931992,33.566795,316.9571
331,832.4002,11.696126,0.9105051,5.217021,32.018803,274.2272
332,871.34094,12.135758,0.9249941,5.3760176,32.98824,281.27515
333,832.4186,11.692762,0.9096299,5.22003,32.25669,273.3194
334,828.45,11.646901,0.90747327,5.204771,32.188244,272.53192
335,883.5742,12.264174,0.9303771,5.4273405,33.38845,282.74478
336,706.9038,10.212929,0.852634,4.718469,30.376247,244.80292
337,849.9983,11.918573,0.92284805,5.2757387,31.61753,280.16922
338,951.9956,13.0954895,0.96523845,5.673459,33.026978,302.04242
339,725.95264,10.453077,0.8738595,4.800967,31.627237,244.26564
340,964.9371,13.222118,0.96778375,5.7308807,33.492687,303.998
341,823.70123,11.613582,0.91364366,5.168281,30.938293,275.2392
342,955.65845,13.056517,0.9616762,5.7116404,34.31967,298.08307
343,946.1955,13.009071,0.9592881,5.6580324,33.314514,299.78787
344,738.7356,10.597887,0.868124,4.847138,30.858139,252.21098
345,935.4908,12.898281,0.955168,5.6130047,32.91147,298.65305
346,981.43823,13.419327,0.9769451,5.790811,33.48544,308.08325
347,686.73364,9.964131,0.84135044,4.637768,30.028488,240.4061
348,885.2574,12.327108,0.9352173,5.4169416,32.244587,287.6543
349,995.3937,13.626385,0.98696506,5.83084,32.7513,314.37994
350,841.1403,11.780631,0.91190356,5.2597613,32.713593,274.02237
351,917.7712,12.694695,0.9488615,5.543874,32.81906,294.0245
352,885.4707,12.349529,0.94571376,5.4071064,32.215965,286.38043
353,892.92944,12.394721,0.9368597,5.453829,33.01872,286.63458
354,869.84717,12.15863,0.93347394,5.3481417,31.53842,285.69016
355,956.6154,13.026247,0.9623481,5.7243114,34.767635,296.12225
356,955.2698,13.113359,0.96537465,5.6924562,33.44325,301.3335
357,740.5093,10.624001,0.8706638,4.8493233,30.545195,253.71642
358,957.1508,13.147486,0.96515805,5.6966515,33.13177,303.48868
359,838.39435,11.712961,0.91184664,5.263172,33.494064,269.71188
360,832.52545,11.67905,0.90905106,5.2262516,32.711636,271.41513
361,838.8285,11.791737,0.9202863,5.228118,31.200737,278.43292
362,1022.214,13.955978,0.9999839,5.9289484,32.573563,322.1352
363,972.3521,13.345076,0.9758234,5.7465277,32.8848,307.75024
364,893.0173,12.408195,0.9371317,5.450368,32.59659,288.52783
365,903.8466,12.518257,0.9403855,5.4968266,33.091072,289.5377
366,911.6216,12.641408,0.94904953,5.5130434,32.20686,294.70157
367,753.4558,10.776405,0.8762627,4.9031744,30.881748,256.26016
368,928.7634,12.841633,0.9629468,5.578212,32.838787,295.67664
369,851.8579,11.925052,0.91916186,5.292597,32.238556,278.72333
370,808.99817,11.4317665,0.9041807,5.118436,31.297466,270.16626
371,885.3617,12.31827,0.9357521,5.420208,32.720715,285.50403
372,811.0333,11.415084,0.8992144,5.147628,32.738804,265.35944
373,803.34924,11.340275,0.895277,5.112834,32.23768,265.39844
374,719.204,10.362839,0.8586796,4.7687197,30.60085,247.53719
375,969.13135,13.271282,0.9724519,5.745179,33.574196,304.23358
376,923.49396,12.668151,0.9479007,5.595695,34.42015,288.88318
377,915.89685,12.728574,0.9612026,5.514024,31.543438,297.24365
378,910.55493,12.625538,0.9468506,5.5109196,32.178867,294.8258
379,727.96643,10.472267,0.8636558,4.8013587,30.553883,250.15257
380,916.77704,12.700628,0.9497645,5.5331397,32.05414,297.04807
381,988.26196,13.57856,0.9905635,5.7939987,32.23717,313.8814
382,959.18396,13.172293,0.9670439,5.7031956,33.170536,303.54507
383,1012.2921,13.844681,0.9949929,5.8905215,32.39911,320.3576
384,917.44025,12.689859,0.949391,5.5425644,32.900173,293.42175
385,967.32477,13.299063,0.98034513,5.723199,32.859478,305.9002
386,741.1727,10.627193,0.869296,4.856599,30.884398,252.79549
387,900.4106,12.493729,0.94197536,5.4769287,32.743244,289.5125
388,957.5778,13.142542,0.9661854,5.7004623,33.398277,302.1524
389,865.9479,12.036036,0.92340314,5.367983,33.656784,276.6397
390,666.0631,9.707268,0.82966423,4.5616846,30.315264,233.39853
391,877.2162,12.225555,0.93163127,5.388928,32.53588,284.17853
392,741.3491,10.63352,0.8706277,4.8536716,30.61584,253.74794
393,929.477,12.826675,0.95433253,5.5896454,33.046124,296.06732
394,947.0656,12.986502,0.9599092,5.671563,33.950233,297.18994
395,730.06714,10.49803,0.86517316,4.807937,30.440775,251.13675
396,996.4764,13.628164,0.9934015,5.8348875,33.080257,312.65002
397,897.45197,12.364382,0.9374717,5.498673,34.374218,281.9156
398,977.0598,13.367567,0.97503024,5.7745886,33.494392,306.90723
399,902.0661,12.498087,0.9392606,5.4901,33.05324,289.26157
400,715.77893,10.333778,0.86894596,4.760319,31.472067,241.97261
401,945.4043,12.954075,0.9592368,5.6681232,34.115627,295.93884
402,957.43994,13.133898,0.9654461,5.7023826,33.524113,301.66183
403,960.3065,13.138596,0.9652141,5.72198,33.994442,300.66492
404,894.86676,12.430954,0.93962735,5.4555836,32.669727,288.33133
405,979.00275,13.46435,0.98648775,5.7599287,32.31313,311.07907
406,957.76025,13.122469,0.9651921,5.70819,33.807804,300.57867
407,708.77515,10.2308655,0.85225886,4.7286057,30.537031,244.8805
408,894.98,12.432884,0.93983823,5.4557915,32.655724,288.41013
409,959.4504,13.170359,0.96841097,5.7051764,33.339138,302.60046
410,671.77124,9.781213,0.8338736,4.5786114,29.886965,236.53954
411,905.0519,12.531994,0.9400873,5.50175,33.061993,290.10065
412,671.43036,9.772716,0.8326196,4.583289,30.412899,234.57666
413,994.3597,13.620943,0.9870977,5.825107,32.622543,314.55734
414,971.3123,13.337978,0.97563905,5.7410426,32.732002,308.15933
415,883.0284,12.277334,0.9315354,5.417883,32.98123,284.33093
416,892.8487,12.417267,0.93869525,5.4454546,32.249794,289.69183
417,922.76746,12.740869,0.9490518,5.567751,33.119133,294.4583
418,741.2116,10.622713,0.869364,4.859763,31.185827,251.50581
419,715.5261,10.325098,0.8694428,4.7625594,31.666317,241.0781
420,890.3085,12.388155,0.93783814,5.435358,32.204678,289.17023
421,1001.3293,13.728956,0.9962778,5.844328,32.367134,316.7941
422,1005.3251,13.717045,0.9971563,5.8705006,33.30617,313.9796
423,823.4929,11.590731,0.9058505,5.185028,32.098717,271.47977
424,888.8069,12.3257475,0.93257254,5.447016,33.403397,284.14697
425,746.78204,10.689781,0.88475233,4.8876657,32.16145,247.92566
426,899.9781,12.529454,0.9530508,5.458124,31.847145,291.85675
427,918.26886,12.706208,0.9505624,5.5433235,32.71855,294.32086
428,886.2609,12.322982,0.93536574,5.4259114,32.88047,285.17096
429,787.33905,11.178621,0.89487094,5.0320725,30.917469,265.49634
430,824.8481,11.629271,0.91906166,5.1818457,32.359936,269.252
431,918.952,12.609749,0.94661415,5.5799913,34.476696,287.3589
432,951.3163,13.062304,0.9609932,5.6799297,33.454037,300.6922
433,894.5397,12.412771,0.93663454,5.460494,32.99718,287.31665
434,941.4286,12.975792,0.9591645,5.632743,32.787373,300.5266
435,690.4075,10.006454,0.8429452,4.65421,30.2334,240.7225
436,897.3585,12.433476,0.93627673,5.4763784,33.27501,287.1223
437,800.2965,11.335786,0.9025212,5.079118,30.835358,269.23755
438,942.9937,12.902376,0.95736617,5.6653886,34.366215,294.31818
439,813.6695,11.493851,0.9085916,5.130927,30.941008,272.5481
440,894.80554,12.431068,0.93966347,5.455116,32.640324,288.44324
441,766.58966,10.931204,0.88288325,4.9545,30.976017,259.63287
442,876.6857,12.206514,0.9285526,5.392926,32.810944,283.39462
443,962.18976,13.222521,0.9703286,5.709821,32.87799,305.3816
444,947.5841,13.034918,0.9620861,5.659466,33.172188,300.39618
445,882.9512,12.279699,0.9325553,5.415724,32.942852,284.23914
446,729.6391,10.490469,0.8640145,4.809873,30.696438,250.154
447,877.46674,12.178854,0.9280381,5.4089775,33.58373,280.21753
448,928.127,12.742682,0.9651171,5.596733,34.23822,288.72205
449,900.9405,12.509066,0.94204205,5.4768624,32.403206,291.26715
450,967.4924,13.162588,0.96743697,5.7623186,34.676395,299.56107
451,732.54926,10.535696,0.87664664,4.8246226,31.548615,246.48787
452,867.39496,12.100077,0.92392594,5.356145,32.570526,281.90088
453,833.8143,11.697602,0.9099429,5.230006,32.629692,272.14752
454,935.9695,12.92017,0.9585935,5.608341,32.57246,299.69464
455,911.2849,12.585835,0.9444499,5.5321074,33.610447,289.07077
456,1031.107,14.02215,1.0010483,5.970747,33.14016,322.50818
457,825.51776,11.6276045,0.9119153,5.1829104,31.496418,273.9366
458,863.88525,12.0601425,0.92349553,5.3425694,32.645645,280.42435
459,809.6293,11.442424,0.90530515,5.1186066,31.109901,271.0066
460,896.71735,12.462282,0.9406276,5.460189,32.309395,290.4843
461,964.9041,13.230442,0.97092074,5.7268505,33.42686,303.67175
462,693.09814,10.042774,0.8451386,4.663433,30.184372,241.59988
463,913.47235,12.544937,0.94387454,5.560109,34.485146,285.79364
464,935.7451,12.880575,0.9559818,5.620747,33.513985,295.9057
465,950.16406,13.030382,0.9601615,5.6817403,33.825005,298.79474
466,960.637,13.1758175,0.9675752,5.7128735,33.459743,302.70978
467,862.60394,12.049498,0.92257124,5.3346677,32.279587,281.70312
468,978.2251,13.37956,0.9761367,5.7789173,33.530537,306.9564
469,714.031,10.311323,0.8681043,4.7543674,31.511227,241.30602
470,959.9447,13.181429,0.9680406,5.7059517,33.195015,303.55725
471,739.559,10.611498,0.86944616,4.846572,30.588043,253.35933
472,864.4126,12.032757,0.92261153,5.357047,33.413364,277.24915
473,890.11426,12.362936,0.93422204,5.443797,32.892017,286.72647
474,889.24243,12.280997,0.9339138,5.463914,34.17429,280.64697
475,911.5731,12.643808,0.95587146,5.5115724,32.674286,291.72644
476,870.47076,12.13811,0.92643934,5.367194,32.62834,282.35782
477,857.42096,11.987667,0.9206388,5.3153095,32.322998,280.05994
478,813.0021,11.480805,0.90626216,5.1323547,31.151785,271.8568
479,894.0143,12.417816,0.93677115,5.455219,32.618813,288.84595
480,915.1603,12.580442,0.94476396,5.562217,34.29266,287.20517
481,914.2385,12.554274,0.9445406,5.56271,34.47992,286.0257
482,931.9409,12.817603,0.9529599,5.612826,33.810516,293.76752
483,721.70984,10.396284,0.8607753,4.775806,30.449522,248.70334
484,962.01764,13.208401,0.9702076,5.71249,33.198658,303.8164
485,657.6168,9.6044445,0.8245642,4.5246773,29.866419,232.54318
486,981.1476,13.357021,0.975479,5.803649,34.31947,304.45178
487,969.5353,13.315159,0.980855,5.733815,33.034782,305.73608
488,959.81116,13.155895,0.9667914,5.712932,33.64906,301.71082
489,932.06366,12.780018,0.95145816,5.6245203,34.285076,291.925
490,907.2655,12.561184,0.943868,5.507966,33.1266,289.89807
491,958.6857,13.065638,0.9631199,5.728677,34.60191,297.58203
492,1011.63873,13.823076,0.9944037,5.8911357,32.68701,318.95935
493,816.0323,11.488281,0.9010531,5.161783,32.379684,268.38837
494,906.46295,12.568098,0.9453054,5.4981375,32.661533,291.39474
495,1000.16833,13.654427,0.9874232,5.8558207,33.23631,313.7798
496,965.93756,13.2578125,0.9713359,5.7268972,33.10775,305.4217
497,960.26605,13.096798,0.96370745,5.731923,34.47086,298.72015
498,882.9629,12.329028,0.94573873,5.3934054,31.723545,287.7293
499,851.6159,11.945294,0.92632514,5.275587,31.149302,282.10767
500,931.76935,12.820405,0.9529952,5.6107736,33.73576,294.06842
501,783.4639,11.133078,0.8928748,5.0164995,30.81182,264.85992
502,759.56915,10.8260975,0.8915244,4.9434743,32.62657,249.69485
503,983.3935,13.452208,0.97915405,5.7949104,33.33883,308.95734
504,962.37787,13.184288,0.96744496,5.7232018,33.671238,302.36194
505,947.51807,13.033424,0.96220607,5.6593957,33.194855,300.25836
506,925.90375,12.796318,0.9539622,5.5721664,32.724304,296.3526
507,873.9799,12.133312,0.9276236,5.3967967,33.67416,278.60706
508,737.61237,10.590956,0.8793859,4.8471622,31.772463,246.99623
509,930.86005,12.894894,0.9659826,5.575969,31.978151,299.59503
510,985.0009,13.443996,0.97793925,5.8083515,33.748867,307.9193
511,877.9884,12.235635,0.93248814,5.391189,32.541084,284.25787
512,888.82086,12.398511,0.9483122,5.415365,31.7357,289.28537
513,860.04333,12.020121,0.92296547,5.3250194,32.428425,280.15808
514,839.42957,11.77556,0.9125645,5.2464995,32.232807,275.4146
515,771.0482,10.985888,0.8866246,4.969668,30.884428,261.0728
516,924.4388,12.752581,0.9479923,5.5773263,33.254326,294.6421
517,1009.76447,13.819319,0.9944526,5.879621,32.31037,319.9633
518,732.3886,10.533384,0.8765877,4.8242416,31.564976,246.36319
519,709.8004,10.249406,0.8544446,4.7274313,30.20063,246.2604
520,874.0425,12.180939,0.9279882,5.3803554,32.6082,283.42532
521,898.51373,12.457172,0.9382617,5.4761763,33.062008,288.13312
522,941.08374,12.96133,0.95956236,5.633989,33.107094,298.89673
523,958.3009,13.110477,0.96545094,5.7147284,34.061707,299.57703
524,872.60645,12.0805855,0.92705685,5.402652,34.181698,275.94775
525,880.03754,12.29427,0.9444846,5.382481,31.723846,286.9275
526,1088.0845,14.636705,1.0337906,6.1861944,33.938435,332.59015
527,921.7096,12.697878,0.947888,5.574785,33.777287,291.29187
528,733.7369,10.546389,0.8773704,4.8312426,31.682653,246.27753
529,672.9427,9.790808,0.8331799,4.5877295,30.260958,235.63242
530,916.2378,12.656042,0.94790876,5.546029,33.440865,290.8902
531,951.83746,12.9948635,0.9605818,5.700765,34.500973,296.0549
532,837.08997,11.74696,0.9118524,5.2385206,32.34445,274.22498
533,761.6369,10.873644,0.8810363,4.93312,30.763199,258.97943
534,751.8459,10.758713,0.8864876,4.9034977,31.956602,250.2615
535,813.8652,11.503738,0.9142033,5.1368456,32.009373,267.68265
536,729.2428,10.488766,0.8758098,4.8157635,31.77404,244.56418
537,904.0725,12.535339,0.9428992,5.4914474,32.749935,290.59998
538,880.45,12.228733,0.9301471,5.4146385,33.385036,281.69843
539,776.63666,11.0546,0.89077556,4.987812,30.680199,263.23828
540,897.80444,12.475161,0.9413491,5.463664,32.327915,290.58456
541,905.0483,12.551478,0.94401455,5.4932904,32.625645,291.28607
542,712.2303,10.278659,0.8554235,4.739622,30.433582,246.1215
543,816.0214,11.53336,0.91587204,5.1400127,31.60228,269.8117
544,930.5462,12.823172,0.95260686,5.600133,33.393448,295.1766
545,1000.1969,13.64436,0.9857341,5.859524,33.386044,313.46716
546,899.5533,12.483702,0.94168216,5.4737263,32.74597,289.26602
547,946.2796,13.004272,0.9599254,5.6603374,33.47252,299.05035
548,967.7561,13.181349,0.98143923,5.749091,34.52237,297.94684
549,763.31366,10.892826,0.8811551,4.9424143,31.04301,258.4347
550,982.2261,13.402945,0.97519743,5.801141,33.86293,307.00592
551,969.0405,13.268801,0.97133136,5.7458696,33.577496,304.40347
552,924.1466,12.750771,0.9495981,5.5753183,33.31002,293.94827
553,967.93176,13.287867,0.9799463,5.729679,33.187237,304.60077
554,914.0203,12.631654,0.9440652,5.5375843,33.25585,291.65155
555,885.39166,12.356661,0.9466593,5.4030085,31.783865,288.14978
556,953.8632,13.181698,0.97694206,5.6588345,31.701902,306.80145
557,927.7918,12.785099,0.9506529,5.5923443,33.521404,293.99664
558,935.14014,12.820002,0.95344603,5.634347,34.248383,292.78235
559,840.46936,11.8183155,0.9252352,5.2384386,32.08505,274.8319
560,749.4525,10.730046,0.8753353,4.8842545,30.59037,256.08362
561,892.8463,12.405163,0.9389953,5.448592,32.756237,287.39352
562,900.7338,12.479298,0.941001,5.4855375,33.26907,287.4818
563,989.9955,13.5967045,0.991428,5.8011103,32.310932,314.02026
564,874.8849,12.191227,0.9287002,5.383418,32.63476,283.4895
565,809.09247,11.444847,0.9132279,5.1204147,32.25049,265.13226
566,882.589,12.282394,0.9314821,5.4125686,32.602715,285.81223
567,852.5019,11.928453,0.9183874,5.297187,32.35923,278.5464
568,869.7367,12.129993,0.9269839,5.3640327,32.69811,281.66718
569,746.0211,10.688315,0.8725189,4.873192,30.720009,254.76773
570,961.8729,13.208281,0.96728474,5.713143,33.018063,305.24896
571,847.3221,11.891729,0.9235602,5.2609253,31.212143,280.8321
572,789.128,11.202671,0.8970707,5.0357456,30.72866,266.51917
573,875.144,12.219742,0.9352097,5.3690405,31.572384,287.1049
574,834.64374,11.704427,0.9238606,5.232952,33.265575,267.76755
575,920.69904,12.721775,0.9502792,5.557226,33.077282,293.62823
576,798.2201,11.310801,0.901413,5.071279,30.831177,268.6825
577,965.8842,13.249626,0.97054416,5.7289886,33.238735,304.9734
578,932.43506,12.817642,0.9524292,5.616576,33.879852,293.71826
579,798.9049,11.328361,0.90773034,5.0780177,31.771297,264.48886
580,854.12256,11.946543,0.91914916,5.3043466,32.478813,278.4682
581,792.9925,11.240521,0.89568144,5.059371,31.418505,265.25732
582,868.0853,12.103173,0.9249042,5.3614845,32.880154,280.68756
583,731.8836,10.523352,0.87681085,4.8245325,31.71221,245.5943
584,957.2404,13.056698,0.9640055,5.720564,34.52172,297.3801
585,936.92896,12.91094,0.9573039,5.618791,33.134956,297.68207
586,801.78656,11.316623,0.89358026,5.108724,32.306545,264.8152
587,876.4117,12.200172,0.9287449,5.3926306,32.958763,282.519
588,747.75494,10.710509,0.88445383,4.887501,31.907982,249.30278
589,906.81647,12.473934,0.9413295,5.53364,34.392345,284.42914
590,818.1473,11.55357,0.9159788,5.1535654,32.057583,268.6894
591,944.49976,12.966869,0.95789057,5.6594048,33.78708,297.29892
592,905.4629,12.549163,0.942096,5.4984636,32.75516,291.23468
593,912.63654,12.641144,0.9480911,5.521405,32.66012,293.0519
594,766.33374,10.929608,0.8835598,4.952215,30.894382,259.79565
595,854.37317,11.935446,0.9183651,5.3117723,32.92806,276.771
596,735.3918,10.560839,0.86682534,4.830758,30.562225,252.35886
597,727.9714,10.476149,0.8748958,4.809414,31.683075,244.60255
598,917.20715,12.661434,0.9447096,5.552829,33.423225,291.93298
599,888.93994,12.3916645,0.9473828,5.4197044,32.165947,287.52777
600,990.5204,13.514248,0.98179334,5.8264446,33.674465,309.4022
601,913.1367,12.653577,0.9559816,5.520116,32.898743,291.1978
602,863.3618,12.047646,0.9234968,5.343196,32.90027,279.13617
603,953.41724,13.094353,0.96278006,5.6851025,33.31468,301.71143
604,900.24097,12.484192,0.9411762,5.4790173,32.953575,288.66162
605,733.4298,10.542866,0.8774074,4.830021,31.688047,246.1444
606,767.5629,10.943645,0.8839479,4.9574714,30.946163,259.94614
607,930.2283,12.783878,0.9523095,5.610282,33.994236,292.50845
608,884.91516,12.306532,0.932053,5.4226694,32.69947,286.144
609,752.8826,10.772847,0.8868445,4.9066334,31.908129,250.75839
610,1022.68274,13.932459,0.9986412,5.9363923,33.025333,320.50177
611,698.5729,10.104364,0.84712094,4.6911044,30.713345,241.21146
612,922.0506,12.756675,0.95147276,5.555646,32.388756,297.04004
613,985.0799,13.450018,0.97810906,5.807474,33.667984,308.3182
614,905.0927,12.459261,0.9406502,5.525639,34.32059,284.2994
615,902.7193,12.51521,0.9424064,5.487715,32.89465,289.6154
616,805.8152,11.395584,0.90275407,5.104474,31.066929,270.22382
617,763.8741,10.899597,0.8821187,4.941083,30.682737,259.9417
618,895.574,12.477343,0.95107794,5.441229,31.808752,290.83832
619,946.2081,13.004179,0.9599598,5.6595783,33.462784,298.98975
620,941.275,12.950985,0.95737576,5.639508,33.331593,298.33832
621,889.4199,12.366171,0.93723154,5.4353404,32.69594,286.73087
622,830.1742,11.69578,0.921172,5.199559,32.108746,271.8559
623,819.30707,11.537359,0.9021196,5.1675887,31.692024,272.33234
624,852.6152,11.933537,0.91950506,5.2958117,32.274483,278.78802
625,950.95764,13.040731,0.96152174,5.6839485,33.82903,298.80756
626,893.9919,12.359848,0.9358224,5.4744854,33.879463,283.21082
627,792.26984,11.205858,0.8888116,5.071412,32.15853,262.75885
628,799.5831,11.310736,0.89507234,5.091282,31.767986,266.10657
629,891.9653,12.433998,0.9494453,5.4279914,31.835155,289.74323
630,996.1168,13.663811,0.99371517,5.825431,32.421036,315.19586
631,717.2824,10.338082,0.87169623,4.7748585,31.958895,240.4402
632,711.4374,10.281975,0.866667,4.7433524,31.417816,240.94942
633,697.3613,10.112479,0.8602135,4.689658,31.368801,237.0811
634,808.8904,11.403521,0.8973082,5.1347322,32.31925,266.64392
635,921.81903,12.804232,0.96385264,5.5348206,31.378378,299.5437
636,864.752,12.109999,0.9369971,5.3281107,32.079212,281.24347
637,921.16846,12.672955,0.94686526,5.5781393,34.00931,290.13947
638,905.7977,12.557932,0.94449705,5.496748,32.712517,291.10724
639,896.98,12.443283,0.93779045,5.4692097,32.939575,288.27188
640,767.6141,10.944507,0.88428223,4.9568653,30.866013,260.26016
641,878.4199,12.231407,0.9294301,5.3976107,32.635128,284.59634
642,792.74475,11.242727,0.8975062,5.0528383,30.93394,266.96808
643,750.19354,10.738516,0.8750045,4.8896065,30.82285,255.47821
644,730.3076,10.505312,0.87594587,4.8178916,31.66695,245.3276
645,976.4594,13.231981,0.97191536,5.8026953,35.03879,300.01428
646,742.6957,10.650145,0.8819586,4.867711,31.856846,248.09602
647,827.91034,11.637647,0.9071105,5.203823,32.250053,272.18573
648,847.75073,11.908946,0.9296367,5.2641125,32.04805,276.75104
649,885.68317,12.3330345,0.9367235,5.4177804,32.35761,287.02744
650,968.519,13.206913,0.9674877,5.759684,34.31629,301.71808
651,789.1359,11.196547,0.8947921,5.042246,31.228535,264.8721
652,765.75824,10.89262,0.89598525,4.97021,32.89317,250.03008
653,867.0374,12.103259,0.92574644,5.351373,32.412292,282.18536
654,961.10016,13.207949,0.96890646,5.7063394,32.874565,305.19617
655,959.23566,13.036663,0.96471727,5.738079,34.97654,295.68304
656,952.47644,13.113235,0.9645247,5.671609,32.531715,304.57556
657,898.14185,12.461079,0.9368441,5.4733047,32.691822,289.97205
658,924.55963,12.707886,0.9488765,5.5920606,34.084965,290.67822
659,880.962,12.230852,0.92910445,5.4184036,33.419388,281.87854
660,721.4102,10.405751,0.8711768,4.778742,31.286604,244.39413
661,990.08685,13.394514,0.9774605,5.8522377,35.015984,303.83777
662,956.2029,13.120214,0.9637603,5.6976933,33.460327,301.80762
663,823.80054,11.619505,0.91833353,5.1756926,32.131668,269.96558
664,749.2787,10.729621,0.87677425,4.8807096,30.409002,256.537
665,917.45026,12.686699,0.94858325,5.544003,32.962147,293.30975
666,923.75024,12.684031,0.9481936,5.593226,34.260483,289.73962
667,1039.7134,14.106901,1.0054059,6.0048313,33.392628,323.5117
668,917.82556,12.704266,0.9505793,5.540494,32.60893,294.6711
669,1008.5902,13.74313,0.99834067,5.8847337,33.48504,314.0145
670,942.2081,12.889196,0.9563036,5.6637173,34.409702,293.9167
671,985.3603,13.346308,0.9756156,5.833162,34.94243,302.9323
672,886.8938,12.331528,0.933569,5.4291515,32.697567,286.5594
673,958.9358,13.141207,0.9644886,5.711673,33.68138,301.6549
674,713.91943,10.297487,0.86971736,4.761695,31.917885,239.67183
675,954.9198,13.004686,0.9625437,5.717992,34.780376,295.55637
676,922.31055,12.707203,0.9491637,5.5757637,33.76143,291.31134
677,942.58795,12.974152,0.960937,5.640792,33.26051,298.4571
678,780.8931,11.102244,0.9001704,5.0146914,32.203327,257.4707
679,835.50476,11.722939,0.9121343,5.2346277,32.609512,272.4682
680,845.5445,11.8328,0.9141103,5.276847,32.773163,274.9878
681,804.0965,11.31617,0.8960788,5.1281085,33.044945,262.16754
682,911.24445,12.62089,0.9441728,5.5193906,32.578526,293.71158
683,830.3066,11.654684,0.9087375,5.2169533,32.687984,270.79156
684,847.938,11.901817,0.92482173,5.261569,31.14023,281.11606
685,850.21826,11.8655615,0.91683453,5.303494,33.35223,273.5652
686,889.75415,12.344715,0.9337648,5.4476166,33.291363,284.78958
687,829.80414,11.678671,0.9140302,5.198946,31.553,274.82648
688,990.9444,13.562189,0.98319995,5.8176985,32.92693,312.74744
689,1018.4413,13.870686,0.99573815,5.9235096,33.192997,318.8015
690,868.11725,12.112592,0.9256736,5.357177,32.528,282.10724
691,973.5301,13.276754,0.9709856,5.774648,34.204617,303.193
692,766.183,10.927147,0.88322043,4.9525404,31.04491,259.06158
693,953.2205,13.099617,0.96496004,5.681219,33.23744,301.57434
694,876.06964,12.1985655,0.92976743,5.390047,32.948647,282.30338
695,878.8759,12.267199,0.93773514,5.3809075,31.382046,288.81555
696,885.5826,12.328445,0.9366752,5.418335,32.48986,286.43292
697,904.2305,12.460015,0.94094366,5.5187616,34.191174,284.51593
698,929.79584,12.749365,0.9503627,5.6171412,34.333817,291.04684
699,984.1903,13.485794,0.98804563,5.788622,33.057735,309.4853
700,1001.3787,13.661957,0.9871024,5.8622246,33.33777,313.76874
701,877.95996,12.148929,0.9286962,5.421248,34.12113,277.78574
702,945.7819,12.9638,0.95635873,5.6704903,34.013157,297.09695
703,987.72626,13.574406,0.99061865,5.7914324,32.196556,313.8902
704,996.1041,13.663868,0.99395514,5.825217,32.426308,315.1344
705,890.62415,12.37056,0.9350535,5.4447527,32.880486,286.77478
706,897.49225,12.460833,0.9406819,5.4656563,32.698345,288.9186
707,823.62506,11.61487,0.9183973,5.1771173,32.339523,269.01038
708,798.6251,11.315098,0.9015941,5.073305,30.924273,268.36676
709,797.05554,11.251217,0.8921925,5.0935793,32.557533,262.26404
710,941.6257,12.966877,0.9590675,5.6366715,33.09622,299.24078
711,977.94745,13.331863,0.9736341,5.7896175,34.175064,304.3213
712,928.8521,12.811019,0.9525631,5.590652,33.214912,295.4083
713,847.049,11.804953,0.91626596,5.2993097,33.72065,271.0133
714,875.5454,12.2297125,0.9369989,5.3669615,31.299118,288.1261
715,982.2865,13.434095,0.97662956,5.7932086,33.38852,308.80737
716,938.3361,13.001398,0.9708705,5.5980244,31.487629,303.52557
717,926.5857,12.743746,0.95071286,5.5959306,33.951572,291.712
718,941.31335,12.884771,0.95652413,5.6587896,34.341274,293.99405
719,925.3855,12.787037,0.9531435,5.5715237,32.79529,296.02686
720,809.07935,11.435221,0.9124736,5.1246243,32.51333,264.09796
721,918.70624,12.702435,0.9499828,5.548084,32.98034,293.41617
722,894.81036,12.419359,0.93670243,5.4605455,32.881516,287.932
723,924.7657,12.7974415,0.9614874,5.5622272,32.768387,294.8851
724,929.9316,12.8459835,0.9547213,5.587214,32.580708,298.30872
725,977.46814,13.401001,0.98457587,5.7650175,33.166298,307.23038
726,914.2226,12.571307,0.94514406,5.5576115,34.279182,286.82434
727,760.2556,10.858055,0.8805675,4.9285235,30.864212,258.16644
728,845.61505,11.870853,0.92266107,5.255726,31.381475,279.69202
729,858.7258,12.00115,0.92252254,5.3222322,32.675594,278.64905
730,743.4478,10.658152,0.871441,4.863158,30.768208,253.75168
731,908.7168,12.488302,0.94214904,5.542713,34.49259,284.43384
732,771.8177,10.995326,0.88737154,4.970989,30.751873,261.7282
733,887.2951,12.322363,0.9323466,5.4359365,33.096344,285.06516
734,954.82306,13.184822,0.9764749,5.665702,31.955633,306.13696
735,746.27203,10.6939945,0.8747433,4.8704104,30.512625,255.33693
736,759.29706,10.853621,0.88962156,4.9293976,31.80355,253.04404
737,904.05237,12.535228,0.94360393,5.4909163,32.782215,290.34515
738,937.0583,12.876059,0.9551594,5.632471,33.839954,295.02292
739,969.0006,13.258696,0.9704201,5.7486444,33.725792,303.87845
740,727.7747,10.474747,0.8747257,4.80811,31.648638,244.687
741,928.3763,12.799932,0.9502342,5.591606,33.259247,295.53375
742,889.0739,12.399157,0.9480781,5.417326,31.846672,288.90485
743,901.8772,12.506613,0.9406327,5.485218,32.77778,290.166
744,934.3571,12.802126,0.95301265,5.6334724,34.349983,292.0514
745,969.1178,13.306311,0.9719983,5.735573,32.698307,308.2979
746,839.0276,11.79424,0.92041355,5.228153,31.118984,278.81262
747,952.2408,12.997334,0.9610735,5.702633,34.523502,296.05713
748,885.79297,12.336173,0.9370044,5.4176016,32.29862,287.29407
749,1023.946,14.022072,1.0075917,5.923667,31.972477,324.14752
750,818.1624,11.547302,0.9108212,5.148324,30.998558,273.54865
751,889.0194,12.401007,0.94838715,5.416042,31.725233,289.38516
752,951.1109,13.005627,0.95906514,5.694623,34.289265,297.0603
753,888.89343,12.354647,0.9348781,5.4366198,32.755405,286.78317
754,883.0526,12.2933035,0.9328573,5.412073,32.47985,286.2743
755,924.58856,12.78454,0.9523542,5.5660934,32.476658,297.3329
756,647.24646,9.477122,0.8188642,4.4823685,29.763239,229.70735
757,943.54376,13.001831,0.961491,5.6398787,32.85079,300.5584
758,864.92505,12.099429,0.9309653,5.329605,31.470795,284.70465
759,892.1125,12.389218,0.93624526,5.4494834,32.872726,287.0742
760,784.16815,11.137281,0.8918562,5.0227957,31.105629,264.05167
761,740.3592,10.629229,0.8804379,4.8550277,31.613697,248.44417
762,973.7709,13.332314,0.9747943,5.760435,33.46719,305.82733
763,931.31305,12.755703,0.9511481,5.6254997,34.468384,290.8139
764,981.43494,13.400202,0.97743464,5.7947087,33.800148,306.5191
765,930.0124,12.835027,0.95451736,5.5909996,32.985115,296.46188
766,802.3006,11.344425,0.8970095,5.099464,31.619623,267.4301
767,877.0894,12.216301,0.9312099,5.39113,32.811405,282.98547
768,921.4031,12.7421465,0.9509402,5.5559874,32.681873,295.5619
769,783.3653,11.132042,0.89304125,5.0164003,30.85969,264.6104
770,995.3629,13.605083,0.99249274,5.8327427,33.231243,311.6939
771,867.92755,12.092218,0.9258397,5.3636026,33.167755,279.08752
772,808.5082,11.428672,0.9046579,5.11498,31.177479,270.4295
773,965.989,13.15958,0.9676588,5.75284,34.52772,299.6893
774,881.1819,12.270779,0.9320185,5.405138,32.48753,285.74075
775,885.17554,12.324303,0.9347058,5.417713,32.309917,287.4348
776,988.5883,13.514526,0.98009795,5.81491,33.2772,310.8811
777,716.27234,10.325956,0.85655755,4.756058,30.454617,247.30237
778,923.3083,12.7543125,0.94980466,5.567161,32.918858,295.34735
779,1012.84503,13.833914,0.99522793,5.895849,32.762344,318.85773
780,799.40436,11.324982,0.90191215,5.074528,30.67628,269.61652
781,989.2643,13.504131,0.98078895,5.821087,33.593666,309.57214
782,754.2897,10.786366,0.87664944,4.906604,30.919083,256.33923
783,757.8913,10.830271,0.879741,4.9176207,30.693735,258.10526
784,917.3296,12.700215,0.9476836,5.538764,32.187225,296.99353
785,882.5358,12.277921,0.9312349,5.4135594,32.735397,285.2479
786,972.44354,13.190701,0.9699189,5.7868176,34.982002,299.25583
787,748.8498,10.721418,0.8739236,4.8855863,30.901928,254.84763
788,856.70135,11.965025,0.91912395,5.3197455,32.859085,277.7558
789,907.1002,12.489986,0.94108254,5.531109,34.229992,285.3062
790,897.36755,12.382113,0.9378261,5.492405,34.14143,282.88712
791,714.2411,10.303051,0.856362,4.7458935,30.281353,247.30556
792,903.4278,12.446169,0.93933487,5.517681,34.231205,284.3072
793,709.10596,10.23834,0.85306144,4.727644,30.380653,245.5241
794,756.0658,10.806897,0.87759864,4.912589,30.802319,257.32602
795,913.5451,12.602781,0.94249284,5.544403,33.707836,289.61407
796,921.9987,12.737368,0.9505249,5.562106,33.05252,294.14258
797,967.7666,13.227518,0.9687072,5.7489605,33.97706,302.61847
798,882.11053,12.270699,0.93145525,5.4127274,32.855225,284.56317
799,1040.3416,14.095896,1.0050744,6.0108056,33.653534,322.60358
800,716.11145,10.325468,0.85701615,4.755295,30.459751,247.21019
801,931.15894,12.840548,0.95511764,5.5979176,33.2158,295.7302
802,891.2078,12.389746,0.9381054,5.441339,32.605103,287.61725
803,942.4536,12.958681,0.95708954,5.64657,33.45296,298.29926
804,1015.15137,13.831709,1.0011792,5.9071937,33.303146,316.62433
805,709.17334,10.237589,0.8534116,4.7303333,30.61525,244.59174
806,918.4981,12.714596,0.95000976,5.5422688,32.40455,295.9918
807,987.9932,13.512545,0.9806715,5.8110275,33.197853,310.95386
808,852.7588,11.865505,0.9185461,5.3231506,33.852974,271.9934
809,890.11743,12.373919,0.9375071,5.438113,32.71059,286.859
810,802.15393,11.351856,0.90151316,5.091597,31.26575,268.28796
811,927.8802,12.805433,0.9529542,5.584656,33.080967,295.60895
812,898.33997,12.466906,0.9393311,5.471326,32.727104,289.39856
813,883.0934,12.278263,0.93147016,5.4178686,32.976635,284.31418
814,995.1008,13.583038,0.98437154,5.8399644,33.44215,311.58752
815,943.2629,12.868427,0.95731795,5.6753597,34.780563,292.40076
816,898.0522,12.460305,0.9383736,5.4717593,32.793186,289.1886
817,719.729,10.365906,0.8582881,4.7725716,30.713299,247.33002
818,926.0037,12.7793255,0.95053995,5.5796547,33.11052,295.3402
819,974.31726,13.367331,0.97668743,5.7542477,32.915897,308.14017
820,857.9885,12.031776,0.9342931,5.301977,31.969885,279.89066
821,999.59784,13.653765,0.9869505,5.852806,33.119522,314.25525
822,743.71436,10.667168,0.88206655,4.8690505,31.703482,249.02473
823,905.96423,12.561319,0.94281673,5.4984856,32.55659,292.21735
824,947.14825,13.0246315,0.9592129,5.6606073,33.181633,300.76572
825,906.2041,12.4832325,0.9399221,5.5268397,34.169712,285.4248
826,912.32574,12.553389,0.94371927,5.549632,34.220272,286.64917
827,757.59894,10.829656,0.8889959,4.9243493,31.912424,252.09032
828,912.09796,12.638195,0.9468111,5.5190287,32.45487,294.08508
829,938.9731,12.897467,0.9563488,5.6398287,33.86029,295.42612
830,979.59784,13.398708,0.9737444,5.784895,33.408855,308.30115
831,1007.4248,13.74836,0.9979408,5.877179,33.19967,315.03992
832,933.7703,12.833801,0.9524275,5.6216683,33.868057,294.1903
833,908.7023,12.592873,0.94573087,5.5074277,32.68171,292.03323
834,955.6998,13.11478,0.96254796,5.696079,33.414276,302.09314
835,875.96564,12.163126,0.9277746,5.402458,33.562107,279.75366
836,945.38617,13.0183735,0.9599009,5.6493864,32.846985,301.55988
837,907.83105,12.571805,0.944442,5.508388,33.015583,290.48456
838,759.4118,10.848095,0.88007903,4.9251842,30.84807,258.0021
839,909.2268,12.577278,0.9420286,5.5186944,33.18721,290.66495
840,826.7361,11.653191,0.91976684,5.187848,32.24302,270.30612
841,823.8314,11.606468,0.9107533,5.176833,31.506336,273.4654
842,946.6338,13.039755,0.96242815,5.6512275,32.77218,301.83127
843,895.8345,12.425108,0.9369785,5.4666843,33.075256,287.4372
844,983.819,13.3638115,0.9749783,5.8199453,34.575905,304.30054
845,927.27893,12.868608,0.96609205,5.5559063,31.436914,300.77008
846,903.6149,12.52034,0.94082433,5.4940042,32.96821,289.88013
847,702.07996,10.155441,0.85057557,4.6982503,30.268301,243.7706
848,940.7101,12.918421,0.95626277,5.6466546,33.83878,296.16656
849,923.4486,12.773165,0.9520349,5.5608463,32.385735,297.4129
850,967.54425,13.335583,0.98179996,5.7145433,32.06132,309.10608
851,920.252,12.722921,0.94722605,5.554453,32.63867,296.03168
852,945.9852,12.917379,0.95766366,5.6817474,34.589058,294.18134
853,991.289,13.512417,0.98050165,5.8330727,33.818085,309.32806
854,905.8542,12.559597,0.9448389,5.4965553,32.693874,291.16992
855,941.8181,12.959265,0.9602053,5.6401863,33.385975,297.78943
856,1003.96124,13.633186,0.98449594,5.8860073,34.19012,311.06863
857,881.5445,12.309125,0.9446189,5.389535,31.876724,286.72418
858,822.0101,11.530756,0.9040916,5.196207,33.143677,266.7724
859,937.43353,12.878677,0.9553631,5.634324,33.866055,294.9924
860,828.2387,11.667854,0.915783,5.1851406,30.90718,276.61887
861,991.80133,13.576202,0.98467183,5.819348,32.890484,312.92114
862,881.27893,12.265537,0.9331215,5.406873,32.829735,284.04443
863,1034.5016,14.087011,1.0044551,5.977694,32.793324,324.5586
864,943.8313,12.9594345,0.9588064,5.656517,33.793465,297.0061
865,876.9706,12.21659,0.9294648,5.3910766,32.59546,284.25946
866,847.9276,11.815706,0.91636,5.302576,33.710888,271.3427
867,872.5061,12.16986,0.92979413,5.371219,32.54359,282.83438
868,937.6484,12.8451805,0.9547237,5.644408,34.299942,293.1861
869,755.0107,10.795031,0.8776517,4.90718,30.715881,257.258
870,932.9575,12.891367,0.96488106,5.594116,32.85442,296.72614
871,856.11884,11.96426,0.9190825,5.3150434,32.68635,278.26535
872,915.1455,12.64356,0.94575393,5.5421124,33.374,291.1218
873,890.6625,12.391233,0.93770766,5.4373455,32.263454,289.03555
874,949.10205,13.019047,0.9606146,5.6769743,33.824833,298.32944
875,647.4125,9.478273,0.8186752,4.4843173,29.851032,229.50836
876,1036.6326,13.940815,0.9981111,6.0242968,35.02055,316.15793
877,770.7561,10.934888,0.88015586,4.9957647,32.484768,255.14941
878,971.2107,13.314756,0.9739486,5.7479057,33.23362,306.19348
879,715.44543,10.31936,0.8575375,4.7514696,30.429169,246.9893
880,709.8955,10.248375,0.8535675,4.730607,30.380589,245.7384
881,701.0311,10.14182,0.8496953,4.6943364,30.237135,243.66028
882,725.8303,10.451002,0.8739966,4.8008566,31.656843,244.09032
883,896.3915,12.486454,0.95141006,5.444619,31.8493,290.88138
884,887.1094,12.2606945,0.9324138,5.45455,34.099957,280.43063
885,936.32294,12.922482,0.9574144,5.610691,32.516323,300.2987
886,946.96576,12.930338,0.95837665,5.68482,34.571976,294.50635
887,948.71356,12.924568,0.9597714,5.697115,34.861065,293.46582
888,816.9682,11.535248,0.9147252,5.1517553,32.245728,267.64178
889,781.7657,11.110113,0.89125466,5.013357,31.15102,263.09265
890,921.1179,12.718651,0.9481379,5.5624847,33.197025,293.66074
891,885.03784,12.318264,0.93575966,5.4177947,32.58513,285.992
892,722.1559,10.414442,0.8714213,4.781705,31.292604,244.59296
893,833.9355,11.673658,0.910576,5.241562,33.269276,269.3259
894,905.8182,12.569553,0.94472235,5.4935274,32.212543,293.38736
895,983.9376,13.455128,0.98762643,5.7930765,33.50477,307.3932
896,849.8583,11.852927,0.9160764,5.305082,33.463882,273.09277
897,951.6099,13.060087,0.9611399,5.682809,33.58058,300.17065
898,732.5776,10.533524,0.8770382,4.826295,31.658968,246.00899
899,914.0417,12.662529,0.9490908,5.5251427,32.501854,294.1278
900,923.0119,12.748691,0.95108974,5.566148,33.076897,294.3001
901,756.0012,10.811814,0.88820326,4.917742,31.863338,251.84546
902,697.0348,10.093115,0.84787315,4.6782136,30.206667,242.56223
903,983.9581,13.529366,0.9888417,5.7772584,32.1812,312.96625
904,747.95184,10.696999,0.88638306,4.8953333,32.380074,247.3128
905,910.9108,12.593482,0.9428994,5.5266247,33.312305,290.5421
906,840.4589,11.786617,0.9134741,5.2515373,32.369095,275.0915
907,886.51953,12.321222,0.9328384,5.4300494,32.8741,285.79773
908,939.03973,13.000217,0.9701903,5.604453,31.758272,302.73462
909,833.30676,11.695326,0.909139,5.2264833,32.453857,272.81677
910,928.2103,12.8248415,0.9538827,5.5809298,32.60486,297.72546
911,931.0197,12.737602,0.9517284,5.6273904,34.63098,289.8698
912,942.7398,12.897364,0.95552605,5.666003,34.381218,294.406
913,831.5905,11.709741,0.9217485,5.2065973,32.28583,271.4895
914,679.46924,9.874122,0.83776975,4.610371,30.10538,237.9982
915,927.72656,12.808773,0.95364183,5.582191,32.965298,295.94482
916,855.18427,11.985647,0.92737037,5.2910824,31.338017,282.43945
917,964.39105,13.164291,0.9660493,5.7426844,34.25724,300.7094
918,926.122,12.786852,0.9510782,5.578002,32.944622,295.98654
919,927.554,12.820993,0.95419747,5.5768614,32.46069,298.16516
920,985.13,13.366964,0.97485256,5.8278894,34.700127,304.17798
921,988.2465,13.535896,0.9830725,5.8055997,32.843662,312.19373
922,920.95496,12.712479,0.9496057,5.5634146,33.402035,292.39514
923,712.83545,10.297233,0.86779255,4.7498116,31.514503,240.94206
924,883.09717,12.330729,0.945816,5.3938694,31.71801,287.79285
925,943.11365,12.941465,0.9560467,5.657674,33.898163,296.73615
926,768.3615,10.954948,0.8939297,4.9663773,32.054737,254.57481
927,926.01886,12.77162,0.9495714,5.5829983,33.29412,294.71542
928,993.67883,13.543686,0.9819662,5.840885,33.768936,310.10504
929,767.534,10.944572,0.8847726,4.9561663,30.880627,260.1007
930,992.50464,13.627798,0.99239945,5.8103046,32.27673,314.84863
931,953.42633,13.125401,0.96610755,5.674447,32.614117,304.2126
932,652.375,9.540499,0.8219368,4.50264,29.768251,231.25468
933,870.64594,12.182329,0.940267,5.3469844,31.679983,284.54886
934,1003.5533,13.661358,0.9877014,5.875711,33.747154,312.53128
935,939.49854,12.876511,0.95447147,5.649705,34.191044,294.3147
936,744.37305,10.675621,0.8820681,4.8712926,31.672733,249.37442
937,864.1806,12.106807,0.93761647,5.3227177,31.629917,283.08514
938,983.4281,13.459002,0.97883254,5.793838,33.209137,309.62366
939,880.0594,12.2561035,0.9314916,5.4014606,32.54714,285.1811
940,992.3529,13.593248,0.9856753,5.8187437,32.679367,313.88434
941,942.1397,12.986925,0.95973414,5.634427,32.696983,301.109
942,936.3698,12.936501,0.96666694,5.6057625,32.75141,298.09756
943,967.58356,13.261637,0.97193146,5.736912,33.430794,304.3625
944,986.213,13.363014,0.97611904,5.8348656,34.8727,303.52545
945,839.46204,11.799348,0.920615,5.230256,31.168783,278.73972
946,959.57336,13.177677,0.96773654,5.7044506,33.17586,303.56586
947,971.3667,13.2317505,0.9696668,5.7709723,34.42254,301.71643
948,796.6795,11.291149,0.900129,5.0662746,30.86877,268.18506
949,748.01855,10.712164,0.87346196,4.881631,30.81894,254.94392
950,990.7493,13.498196,0.9815191,5.8311887,33.94954,308.2654
951,708.31213,10.230282,0.8531482,4.7227116,30.242962,245.76573
952,722.29565,10.402278,0.86058736,4.778237,30.420816,249.05963
953,869.2883,12.04279,0.92562795,5.390003,34.15539,275.1624
954,913.7329,12.655364,0.9482688,5.525292,32.580673,293.80463
955,1003.1617,13.749859,0.9969867,5.8513875,32.380814,317.2265
956,706.4773,10.2092285,0.85280496,4.7151346,30.256355,245.088
957,893.14154,12.401312,0.9359358,5.453906,32.825962,287.74695
958,992.84033,13.551035,0.98137355,5.8339806,33.49971,311.07153
959,778.08966,11.067142,0.8893699,4.9984303,31.021149,262.59583
960,902.26483,12.428529,0.939202,5.5145006,34.28308,283.73367
961,862.19,12.067013,0.9297985,5.3193493,31.493172,283.84106
962,813.41614,11.491264,0.9142706,5.1389413,32.370193,265.97043
963,825.17676,11.593504,0.9063959,5.197174,32.64351,269.54895
964,725.5702,10.440914,0.8616072,4.793154,30.587355,249.43527
965,963.37305,13.215996,0.9700725,5.720074,33.35246,303.5984
966,917.30676,12.606118,0.9605869,5.5585556,34.32768,285.25128
967,737.4483,10.589158,0.8794202,4.846463,31.774185,246.9235
968,925.1292,12.801829,0.9616167,5.5636435,32.764946,295.01483
969,746.4269,10.693047,0.88401985,4.883162,31.948824,248.74382
970,841.3728,11.820703,0.9208741,5.23861,31.23355,279.0943
971,869.67365,12.128448,0.9274733,5.363961,32.794495,281.11142
972,946.82935,12.978249,0.9583585,5.6726456,34.007465,297.01398
973,756.98676,10.819154,0.87879306,4.9154067,30.79189,257.53442
974,951.81464,13.017582,0.9593298,5.6963825,34.243153,297.49442
975,837.53955,11.778526,0.9203089,5.22079,30.984186,278.8566
976,608.42554,8.993694,0.7937769,4.324813,29.20302,219.67406
977,725.44885,10.441683,0.862576,4.79,30.42772,249.86543
978,965.88495,13.285578,0.97986436,5.716942,32.784096,305.8694
979,821.3746,11.563592,0.9049057,5.1777935,32.16557,270.58627
980,649.3097,9.502859,0.8201391,4.4903774,29.744846,230.40433
981,935.2274,12.86413,0.9537974,5.6228933,33.679306,295.3003
982,1004.4808,13.716547,0.99676657,5.865629,33.16085,314.4088
983,801.1201,11.353071,0.9081909,5.08714,31.831543,264.8824
984,861.91766,12.065849,0.9303613,5.3164725,31.334972,284.3122
985,760.08746,10.85494,0.87962747,4.9293413,30.966526,257.82397
986,848.38196,11.85931,0.9153815,5.2908773,33.010956,274.6989
987,961.2026,13.246317,0.9781619,5.6940556,32.37648,306.0977
988,733.7976,10.542185,0.8780559,4.8339653,31.83934,245.59782
989,897.41705,12.460812,0.94086754,5.465118,32.679836,288.97437
990,994.959,13.474688,0.9807403,5.864505,34.78209,306.092
991,937.70355,12.935711,0.9578875,5.6172385,32.654495,300.08508
992,876.5478,12.160715,0.927235,5.407892,33.69322,279.4442
993,999.9053,13.636272,0.9863927,5.859028,33.483116,312.80923
994,866.4193,12.068876,0.923043,5.3604994,33.195915,278.86554
995,927.64874,12.788284,0.9508995,5.589888,33.39757,294.52106
996,1015.58136,13.899685,1.0029961,5.8973455,32.350735,320.6275
997,824.65314,11.616602,0.91111857,5.179588,31.467152,273.85284
998,764.80054,10.915164,0.89229125,4.951851,31.959488,253.95308
999,800.922,11.33848,0.90105605,5.0854273,31.095268,268.62482
1000,865.3339,12.060228,0.92182595,5.354944,33.057106,279.35486
1001,916.2166,12.670454,0.9480278,5.53996,33.0168,292.74622
1002,835.2761,11.748177,0.918002,5.2161026,31.285175,277.22107
1003,751.3968,10.748329,0.886489,4.9037313,32.085175,249.58052
1004,843.7487,11.825721,0.9162752,5.2643147,32.549274,274.96826
1005,734.8854,10.562616,0.8778161,4.8343725,31.610346,246.8874
1006,725.9662,10.443979,0.8619446,4.791404,30.282265,250.69154
1007,926.3157,12.681182,0.9499585,5.6103325,34.647083,288.4593
1008,985.04083,13.409428,0.9757812,5.8173866,34.236153,305.99936
1009,760.6534,10.862804,0.8807399,4.930141,30.876995,258.2317
1010,877.63763,12.237848,0.93209875,5.3870564,32.115776,286.09604
1011,931.6705,12.922277,0.9680566,5.572318,31.42503,301.99472
1012,900.2814,12.4039545,0.9385437,5.5074406,34.29777,283.10425
1013,748.5468,10.719109,0.87445086,4.881883,30.671072,255.58789
1014,825.15533,11.628988,0.9134874,5.1753044,30.993336,275.59412
1015,884.2985,12.344249,0.9462463,5.398658,31.754183,287.97034
1016,881.3218,12.2571335,0.9303695,5.411722,32.956585,284.0338
1017,952.28906,13.086441,0.96442556,5.6783676,33.280575,301.1443
1018,812.04236,11.438765,0.8985477,5.147374,32.38846,267.25775
1019,825.7086,11.642731,0.91934764,5.1827264,32.118946,270.55743
1020,886.9682,12.376512,0.9474314,5.4084005,31.721272,288.84515
1021,919.5519,12.704008,0.94759804,5.5552874,33.085747,293.7326
1022,946.42175,13.015709,0.9609732,5.6570177,33.279762,299.71573
1023,803.8987,11.378641,0.90422153,5.0922985,30.778461,270.45636
1024,953.6526,12.997465,0.9609558,5.7121663,34.702503,295.6652
1025,729.33325,10.493947,0.87549996,4.8140182,31.648987,245.14413
1026,922.17444,12.727692,0.9482715,5.5679245,33.28737,293.5692
1027,980.34454,13.365635,0.97302544,5.799001,34.080696,305.84628
1028,1018.7879,13.877295,1.0031391,5.920042,33.261154,317.76593
1029,934.5195,12.841116,0.95379674,5.6246433,33.9023,294.15662
1030,969.72766,13.286329,0.972821,5.745034,33.439144,304.90137
1031,809.78894,11.4327965,0.9003536,5.1300983,31.813902,268.70578
1032,775.8453,11.044444,0.89725965,4.994605,32.078922,256.59692
1033,881.9276,12.271551,0.931359,5.410965,32.73432,285.04984
1034,987.14124,13.494862,0.9810176,5.809141,33.362225,309.84348
1035,910.6068,12.527805,0.94356966,5.544572,34.291203,285.76807
1036,736.43506,10.574713,0.86794955,4.8345904,30.597092,252.43565
1037,944.1309,13.005955,0.9603698,5.6434455,32.8459,300.98712
1038,939.7496,12.95327,0.9568162,5.627884,32.746365,300.61145
1039,966.77057,13.266075,0.9716906,5.7304134,33.141968,305.48767
1040,893.6982,12.4268,0.94021076,5.448014,32.386196,289.11337
1041,989.6915,13.496706,0.9795255,5.826646,33.77214,309.1427
1042,993.77924,13.547499,0.9835495,5.839262,33.748047,309.8985
1043,891.0022,12.3791275,0.93508005,5.4448433,32.71653,287.6188
1044,957.0988,13.11022,0.96311027,5.7079496,33.848175,300.53058
1045,744.33624,10.667461,0.8714436,4.8675914,30.829723,253.83345
1046,950.6826,13.069,0.9636565,5.671815,33.24283,300.87817
1047,974.2035,13.361486,0.97590965,5.7556486,32.99291,307.95154
1048,892.6898,12.393471,0.93582743,5.4530277,32.920708,287.19095
1049,900.0699,12.489597,0.9418851,5.4756823,32.750908,289.38153
1050,938.5278,12.913551,0.9539171,5.632008,33.36652,297.95233
1051,813.5237,11.487202,0.906909,5.1350393,31.299053,271.3214
1052,885.98285,12.328926,0.93633175,5.421406,32.61174,286.12006
1053,936.95807,12.922249,0.9578707,5.615696,32.843185,298.93793
1054,922.10944,12.750616,0.9522147,5.558083,32.750275,295.20947
1055,766.7131,10.933979,0.8835937,4.9549627,31.054462,259.24738
1056,916.4316,12.680721,0.9491569,5.537924,32.810993,293.55554
1057,811.0235,11.462927,0.90764695,5.1202927,30.928879,271.77234
1058,693.6177,10.04678,0.8449332,4.6667795,30.269804,241.4812
1059,891.13416,12.387878,0.93806946,5.4413185,32.641106,287.43536
1060,832.1328,11.705641,0.91479236,5.2079806,31.563726,275.45892
1061,1021.1683,13.895462,1.0039675,5.9306006,33.40345,317.74603
1062,950.48444,12.956535,0.9604987,5.7009344,34.74061,294.56915
1063,909.6258,12.603384,0.94648397,5.511119,32.720787,292.0814
1064,913.34,12.634858,0.9454499,5.530267,32.990463,292.3452
1065,951.3909,13.090414,0.9646988,5.670745,32.965397,302.1963
1066,783.66187,11.13419,0.8927337,5.0181684,30.90794,264.51697
1067,749.3208,10.728046,0.87457734,4.8861017,30.81173,255.25893
1068,1006.97235,13.738539,0.9976086,5.8763275,33.269127,314.59726
1069,1056.5321,14.310556,1.0125343,6.0668397,33.283455,328.5841
1070,919.7352,12.714571,0.9504598,5.5518703,32.980797,293.67212
1071,1010.9609,13.775589,0.9921106,5.8972015,33.311302,316.30896
1072,721.693,10.403341,0.87161237,4.7836685,31.537655,243.43468
1073,903.45575,12.5143,0.94062346,5.4947553,33.09852,289.25098
1074,816.75653,11.537596,0.9153619,5.1479673,32.016403,268.48306
1075,949.0191,13.06439,0.96243984,5.6616716,32.826393,302.39026
1076,751.5975,10.754934,0.8761138,4.893058,30.602028,256.7265
1077,959.1396,13.066458,0.9631481,5.7313604,34.6504,297.44058
1078,809.34973,11.4437,0.906932,5.112774,30.784277,271.89786
1079,758.75903,10.843178,0.8894985,4.928873,31.926142,252.36536
1080,881.9871,12.248215,0.9296917,5.4204726,33.330486,282.59296
1081,932.2704,12.836433,0.95301336,5.6095085,33.558697,295.01483
1082,947.3771,13.016439,0.9612237,5.6643887,33.51017,299.04816
1083,922.859,12.733689,0.9481811,5.571552,33.323112,293.71475
1084,1010.7284,13.78002,0.99958026,5.8905764,33.308846,315.3922
1085,950.46405,13.022339,0.95967734,5.686064,33.988686,298.1471
1086,956.27277,13.125204,0.96578366,5.6961546,33.445015,301.56403
1087,722.9982,10.422757,0.87201655,4.7861905,31.387066,244.42805
1088,754.56274,10.790225,0.8776002,4.9058113,30.80885,256.6931
1089,824.8189,11.62733,0.9188848,5.1823645,32.402252,269.07907
1090,921.266,12.746715,0.9520614,5.5528784,32.54301,295.8947
1091,980.5801,13.486176,0.98723936,5.76517,32.244663,311.78674
1092,840.0089,11.810886,0.9254557,5.2377653,32.238262,274.03833
1093,940.16003,12.95009,0.9592656,5.6305757,33.121193,298.5756
1094,1003.66095,13.721458,0.9899695,5.8628836,32.79171,316.50516
1095,995.5475,13.616772,0.9861173,5.8343277,32.956448,313.62833
1096,760.90686,10.870153,0.89064014,4.93658,31.906786,253.05394
1097,958.50824,13.155014,0.96727794,5.70313,33.3998,302.21152
1098,930.96655,12.864538,0.9639279,5.587557,32.92874,295.87912
1099,702.93866,10.163706,0.85017693,4.701256,30.169306,244.50114
1100,940.36,12.861654,0.9546518,5.65894,34.469124,293.28662
1101,1004.193,13.64192,0.98305213,5.887514,34.07897,312.15186
1102,925.8319,12.854162,0.9657638,5.5495415,31.34577,300.74872
1103,930.19495,12.834567,0.9547542,5.592498,33.067287,296.154
1104,983.0605,13.460657,0.97989607,5.790236,33.118233,309.72284
1105,754.4016,10.785374,0.8877006,4.91464,32.06418,250.54018
1106,882.34674,12.286171,0.93440634,5.4078603,32.588287,285.2601
1107,711.714,10.274437,0.85636276,4.733456,30.143372,246.9069
1108,928.84424,12.747463,0.9500387,5.6113505,34.21686,291.3875
1109,856.5133,11.980524,0.92098105,5.3097744,32.18687,280.26086
1110,957.28864,13.109623,0.96346617,5.7091427,33.905117,300.2078
1111,903.1169,12.454704,0.93904346,5.512866,34.061806,285.04587
1112,877.37854,12.234694,0.9323936,5.3865886,32.27342,285.21088
1113,947.1052,13.057758,0.97125185,5.647999,32.913525,300.24545
1114,899.52124,12.480677,0.9415933,5.474367,32.82977,288.89392
1115,962.1041,13.133606,0.9652076,5.7344656,34.310078,299.68726
1116,935.2917,12.915796,0.9574754,5.604624,32.29419,300.97284
1117,921.8504,12.693356,0.9481707,5.57689,33.86926,290.82962
1118,959.6941,13.196363,0.97650266,5.6976976,33.10395,302.76944
1119,905.2014,12.514203,0.9414514,5.509297,33.593166,287.47552
1120,889.25836,12.401148,0.9481764,5.4181566,31.866917,288.8688
1121,908.41864,12.589663,0.94557405,5.5063834,32.674145,292.0055
1122,977.3487,13.337601,0.9745484,5.7839665,34.009277,304.80078
1123,781.7345,11.11187,0.8918824,5.0103745,30.864576,264.1528
1124,743.9195,10.665167,0.88273656,4.8723764,31.86964,248.3657
1125,971.2259,13.324757,0.97371966,5.745354,32.992302,307.33118
1126,934.3613,12.774406,0.9530716,5.6402807,34.657806,290.65375
1127,932.5755,12.895075,0.96519977,5.5902576,32.643887,297.529
1128,888.85803,12.366209,0.93668365,5.4317455,32.420734,287.8729
1129,902.584,12.516787,0.94355416,5.485776,32.858715,289.55878
1130,913.74866,12.655239,0.9485262,5.5252857,32.61893,293.5492
1131,1014.71765,13.815767,0.99381006,5.911969,33.372433,317.01892
1132,882.9078,12.283024,0.93039525,5.415325,32.603966,286.1442
1133,812.8139,11.480276,0.9139987,5.138611,32.512325,265.1646
1134,736.0404,10.569719,0.8678181,4.8326454,30.562946,252.43597
1135,842.9655,11.828266,0.9173937,5.252158,31.705692,278.21826
1136,845.7484,11.87232,0.9226608,5.255618,31.287172,280.10754
1137,938.8559,12.883314,0.95592576,5.642968,34.02591,294.73972
1138,817.9154,11.534926,0.90772194,5.1552687,31.550243,271.693
1139,865.3652,12.044052,0.92346,5.360524,33.424236,277.4403
1140,728.6728,10.486678,0.8750322,4.811022,31.615402,245.08318
1141,910.44293,12.590523,0.9433914,5.5236816,33.281036,290.39722
1142,593.2486,8.8392515,0.81386465,4.2954636,31.435787,206.48653
1143,937.29315,12.912485,0.95718265,5.621331,33.18902,297.6486
1144,904.3962,12.540823,0.94198006,5.4933004,32.622845,291.52374
1145,955.7007,13.119411,0.9646645,5.693884,33.390965,301.79828
1146,920.6049,12.633714,0.9475468,5.584768,34.423454,288.04266
1147,889.23364,12.4028,0.94834304,5.417153,31.753769,289.33466
1148,801.4874,11.299176,0.89407325,5.1124067,32.677185,263.11765
1149,896.1392,12.434042,0.93597597,5.466775,32.827812,288.82764
1150,819.4845,11.562691,0.9113475,5.153679,31.033772,273.78116
1151,811.99146,11.48123,0.9131931,5.12988,32.012882,267.15247
1152,889.78485,12.30331,0.9337591,5.460974,33.96199,281.7132
1153,873.1654,12.15419,0.92654175,5.3837442,33.1291,280.9646
1154,860.59155,12.050884,0.93005764,5.3107047,31.29615,284.02618
1155,928.2812,12.807724,0.9519233,5.587517,33.087402,295.9496
1156,894.01935,12.330269,0.93601346,5.483919,34.28405,281.40344
1157,812.108,11.478569,0.9132887,5.1327043,32.2355,266.21536
1158,987.01086,13.564186,0.99022835,5.789141,32.23466,313.53986
1159,1001.2627,13.661192,0.98787344,5.86109,33.34252,313.55402
1160,998.6774,13.553566,0.98314524,5.8702326,34.42311,308.5786
1161,879.6549,12.262245,0.9330304,5.394417,32.079777,286.81433
1162,944.3739,13.014824,0.96191615,5.641923,32.747208,301.22534
1163,874.6698,12.184692,0.92889214,5.383848,32.840866,282.40973
1164,881.3395,12.309662,0.9450162,5.3873634,31.723988,287.28503
1165,923.6595,12.773017,0.9604892,5.561425,33.028538,293.47772
1166,680.23596,9.881656,0.8377929,4.6151304,30.258114,237.66711
1167,959.7186,13.200874,0.97680056,5.6967807,33.034412,303.06735
1168,882.04663,12.283197,0.9325074,5.4074955,32.399506,286.32742
1169,836.7636,11.7181635,0.9119128,5.248145,33.08891,270.8589
1170,884.4334,12.325728,0.93803716,5.4076986,31.82956,288.79108
1171,957.17053,13.043039,0.9629248,5.7238097,34.64911,296.88425
1172,969.29376,13.356396,0.9826211,5.721216,32.081234,309.47412
1173,835.7658,11.760041,0.92360693,5.221834,32.248253,272.80957
1174,916.4897,12.661133,0.9478208,5.546275,33.38666,291.22345
1175,914.1035,12.659871,0.94837856,5.5267158,32.572365,293.96088
1176,832.29834,11.665104,0.9083178,5.2302074,32.951084,270.43176
1177,729.7578,10.502634,0.87524146,4.8133035,31.497208,245.90611
1178,845.25867,11.832188,0.91369003,5.274598,32.648952,275.4865
1179,935.9763,12.903173,0.9572526,5.614147,33.05541,297.747
1180,917.78424,12.652941,0.9454378,5.5602207,33.73835,290.57745
1181,844.6511,11.839485,0.91575646,5.265064,32.199467,276.88916
1182,1014.55664,13.8553295,0.99609613,5.902039,32.744225,319.38287
1183,804.50806,11.391216,0.9099369,5.1022854,32.074364,264.7807
1184,773.2124,11.012918,0.8884694,4.9760113,30.759275,262.04446
1185,719.84406,10.374943,0.871894,4.7804155,31.767952,241.85535
1186,888.3816,12.292312,0.9321138,5.454296,33.848137,282.0301
1187,949.59674,13.041424,0.9619782,5.673068,33.526318,299.5849
1188,883.4815,12.276741,0.93206006,5.421656,33.1824,283.41248
1189,854.9538,11.960867,0.92025626,5.304696,32.26322,279.503
1190,737.5386,10.577444,0.8806403,4.8540487,32.160385,245.43762
1191,982.8696,13.470871,0.98071927,5.785745,32.87486,310.61273
1192,954.6916,13.108969,0.9649556,5.6894894,33.384647,301.45755
1193,876.493,12.23621,0.94082534,5.3766613,32.44496,283.18628
1194,818.83044,11.535133,0.90365046,5.167499,32.078316,270.24426
1195,861.91394,12.065096,0.9300577,5.316516,31.320568,284.38696
1196,927.1501,12.778923,0.9510631,5.589435,33.508904,293.83435
1197,844.0145,11.852779,0.9223302,5.2480307,31.221825,279.79413
1198,919.39417,12.691149,0.9467838,5.5592823,33.38986,292.41684
1199,933.69556,12.838006,0.95273983,5.619876,33.796738,294.46997
1200,938.0842,12.926193,0.9580682,5.622611,33.10104,298.11224
1201,768.7958,10.960562,0.8862466,4.9587364,30.712595,260.98676
1202,884.04047,12.293121,0.9323472,5.4203243,32.870342,285.08475
1203,795.5851,11.2627125,0.89300776,5.0760183,31.745949,265.11212
1204,922.25824,12.749084,0.951443,5.560009,32.81205,295.11987
1205,1040.2073,14.167833,1.0133177,5.9928474,32.707394,325.5895
1206,864.8004,12.028521,0.9223729,5.3616924,33.542416,276.88507
1207,860.379,11.999178,0.9224893,5.3366194,33.207703,276.79663
1208,838.58026,11.765675,0.91252035,5.243457,32.274326,274.97205
1209,922.25104,12.647488,0.94805443,5.5922527,34.488792,288.18567
1210,794.0487,11.260569,0.89899755,5.054781,30.698072,268.1009
1211,640.6288,9.394918,0.8148136,4.4554667,29.678734,227.98087
1212,998.17786,13.642305,0.99419683,5.8422136,33.171776,312.67303
1213,915.89606,12.676672,0.9487344,5.5350733,32.713104,293.8509
1214,799.3742,11.304329,0.8943153,5.092648,31.881338,265.67493
1215,754.9478,10.795809,0.8790006,4.9040346,30.49977,257.90335
1216,879.294,12.256842,0.93267095,5.393783,32.161793,286.36908
1217,991.08905,13.549299,0.9910116,5.817669,33.342533,309.9965
1218,1013.82904,13.870213,1.0017874,5.8922415,32.497562,319.53867
1219,830.3056,11.685242,0.9142261,5.2007723,31.486847,275.30078
1220,747.5612,10.707628,0.8843989,4.887002,31.923437,249.17242
1221,880.3349,12.257704,0.93271023,5.4021516,32.7062,284.3203
1222,848.25635,11.856864,0.9140345,5.2903733,32.94938,275.1247
1223,920.8518,12.653475,0.9474972,5.5811353,34.22392,288.97375
1224,826.25323,11.600809,0.90476996,5.203175,32.640255,270.1706
1225,1013.8083,13.782097,0.99234134,5.913748,33.730373,315.3485
1226,833.4274,11.676815,0.909288,5.2355833,33.02583,270.38953
1227,870.39233,12.10288,0.9243392,5.3800335,33.417213,279.1011
1228,866.72614,12.101828,0.92576313,5.349099,32.306786,282.51248
1229,711.69855,10.271282,0.8687386,4.752921,31.895985,239.11623
1230,979.7072,13.480082,0.98702884,5.7608805,32.134712,312.03174
1231,865.75354,12.083603,0.9243119,5.3486757,32.541344,281.43344
1232,1085.801,14.611078,1.0327787,6.177463,33.927414,332.02814
1233,958.8696,13.104433,0.9634502,5.7212887,34.198444,299.5244
1234,945.0017,12.937643,0.9588028,5.6697474,34.24982,295.3211
1235,926.0151,12.766345,0.9508208,5.5846896,33.505898,293.43152
1236,927.0635,12.721178,0.9502852,5.605359,34.29039,290.36017
1237,853.0468,11.910448,0.9193229,5.309951,33.20351,274.88385
1238,982.9923,13.462887,0.9789111,5.7897224,33.00827,310.40414
1239,778.0117,11.07086,0.89153147,4.9927926,30.657015,263.7072
1240,803.791,11.385185,0.9096257,5.0981474,31.949524,265.10944
1241,737.41284,10.586601,0.86851954,4.8385534,30.624916,252.59146
1242,921.20544,12.69088,0.9458559,5.57393,33.76339,291.4745
1243,753.5496,10.778063,0.8770056,4.9014683,30.706577,256.8789
1244,690.1706,10.007551,0.8435484,4.6512365,30.079023,241.17949
1245,903.02435,12.503987,0.93946975,5.4957037,33.2106,288.83957
1246,854.119,11.933588,0.91738564,5.3099575,32.834297,277.14667
1247,821.3578,11.586927,0.9174424,5.1687946,32.357285,268.2899
1248,858.7125,12.005228,0.9221055,5.3192544,32.322792,280.26813
1249,965.94965,13.251801,0.9716259,5.72839,33.24923,304.7375
1250,732.0237,10.5299015,0.8763182,4.822094,31.515186,246.47615
1251,926.3815,12.786954,0.9523973,5.579326,33.109898,295.0788
1252,750.4054,10.740995,0.8752755,4.8896217,30.738503,255.85771
1253,980.54596,13.288273,0.9736373,5.815718,34.95569,301.54932
1254,885.1946,12.352438,0.94658375,5.403838,31.969791,287.3617
1255,855.7749,11.911572,0.9194604,5.3310976,33.68934,273.632
1256,979.8846,13.413755,0.9765017,5.781965,33.261135,308.60443
1257,1005.8272,13.724236,0.99064016,5.8755684,33.183205,315.34668
1258,977.07544,13.324759,0.9717485,5.7873135,34.122192,304.7387
1259,838.5186,11.750108,0.9108278,5.249432,32.67498,273.4505
1260,868.10706,12.127926,0.929338,5.349347,32.095406,283.31244
1261,926.6038,12.744136,0.9502473,5.5960517,33.946423,291.75333
1262,884.40576,12.310713,0.9351955,5.4155035,32.571026,285.89813
1263,928.05554,12.824523,0.9536898,5.579707,32.512424,298.151
1264,955.45654,13.128265,0.96550584,5.6891074,33.16928,302.52594
1265,923.8855,12.763497,0.95203006,5.56763,32.96655,294.89185
1266,961.21,13.117264,0.966005,5.7317495,34.37486,299.04904
1267,890.9244,12.387695,0.93804204,5.4399033,32.563362,287.71844
1268,768.5804,10.956839,0.88534,4.9598284,30.841612,260.54785
1269,942.706,12.952824,0.95688385,5.6507,33.650383,297.53802
1270,771.4961,10.987841,0.8953842,4.9800444,32.18964,254.91167
1271,946.31696,12.92547,0.9577663,5.6819696,34.539055,294.53064
1272,934.79614,12.891584,0.9567671,5.609027,32.987045,297.7397
1273,1027.0756,14.015619,1.0015831,5.9471774,32.51499,323.78046
1274,814.10834,11.468245,0.8999047,5.153761,32.27671,268.29797
1275,967.6426,13.288176,0.9798378,5.7278748,33.123158,304.8305
1276,841.55927,11.791288,0.9131458,5.259237,32.621635,274.38464
1277,707.09155,10.216179,0.85311556,4.719372,30.401014,244.75072
1278,850.8611,11.891073,0.9153411,5.2991543,32.869125,276.2466
1279,961.1263,13.114887,0.9662506,5.7315836,34.39032,298.92285
1280,902.2918,12.469069,0.9394434,5.501869,33.732555,286.11713
1281,843.9453,11.824108,0.91429406,5.266692,32.483936,275.69055
1282,903.4257,12.439878,0.93990046,5.5193777,34.316277,283.85645
1283,902.8076,12.448284,0.93887943,5.512551,34.099056,284.7932
1284,877.612,12.224451,0.9296078,5.393305,32.572945,284.51624
1285,812.925,11.492544,0.91366225,5.133273,31.997345,267.48492
1286,952.648,13.046347,0.96134377,5.6939845,34.022556,298.41425
1287,717.67975,10.345972,0.85851395,4.7587385,30.2912,248.16862
1288,899.1011,12.47941,0.94156736,5.4718013,32.716274,289.28693
1289,974.2559,13.327736,0.9738772,5.7657347,33.616608,305.57404
1290,969.0122,13.240757,0.96867037,5.7540817,33.9943,302.88458
1291,825.69165,11.609882,0.9060347,5.195761,32.28319,271.37018
1292,891.6934,12.3799515,0.93571985,5.449494,32.996136,286.48196
1293,778.3896,11.051674,0.8829568,5.012163,31.734417,260.51407
1294,939.5403,12.948778,0.9591003,5.626588,32.968124,299.083
1295,910.0451,12.5642605,0.9438576,5.529516,33.719337,288.18494
1296,975.47974,13.28109,0.97173667,5.7858243,34.41032,302.84296
1297,778.5195,11.080219,0.8982487,5.0037203,31.958082,257.92212
1298,900.73926,12.507408,0.94202715,5.475918,32.377853,291.32272
1299,823.528,11.566883,0.9037377,5.19344,32.67711,269.23828
1300,888.90466,12.348124,0.9345455,5.4389696,32.968044,285.89355
1301,713.50134,10.290127,0.8553004,4.7480936,30.672558,245.68886
1302,937.4253,12.844559,0.95459753,5.6432123,34.276554,293.26947
1303,1039.7781,14.173601,1.0084927,5.992754,32.420734,327.37952
1304,973.84863,13.402189,0.9840872,5.7406096,32.30661,309.74133
1305,914.20233,12.651714,0.9463998,5.5311365,32.775616,293.49323
1306,860.3088,11.981136,0.9212899,5.342618,33.455627,275.9016
1307,790.1788,11.206968,0.89434665,5.0467434,31.187073,265.46106
1308,937.52496,12.826492,0.95417345,5.648587,34.487434,292.39966
1309,962.9622,13.108234,0.9664298,5.7449226,34.689598,298.02356
1310,830.82764,11.675946,0.90898395,5.2130156,32.145298,273.36224
1311,699.9613,10.129101,0.84932595,4.689394,30.18684,243.49663
1312,890.92395,12.393105,0.9376182,5.4386683,32.314884,288.87448
1313,901.0388,12.517961,0.9435314,5.471504,31.737034,294.06616
1314,900.71625,12.49357,0.94191414,5.4795103,32.853325,289.20813
1315,931.12006,12.806051,0.951347,5.6110506,33.807266,293.8813
1316,877.83307,12.175722,0.9277252,5.4127936,33.699684,279.77795
1317,762.04034,10.880508,0.89095515,4.9419966,31.991886,253.03105
1318,803.8094,11.378199,0.90451354,5.091629,30.790947,270.31137
1319,891.5331,12.385181,0.9347259,5.447467,32.67224,288.1087
1320,1000.04083,13.647562,0.9872814,5.856415,33.33188,313.28284
1321,903.063,12.52497,0.94314176,5.4868355,32.73773,290.2621
1322,702.4697,10.156693,0.8496295,4.701143,30.300827,243.90903
1323,1020.2011,13.900442,0.99624074,5.928859,33.041004,320.06934
1324,838.7034,11.759272,0.91238624,5.247449,32.586884,273.62363
1325,883.2201,12.293996,0.93466353,5.411888,32.67778,285.11597
1326,926.1065,12.722181,0.9479237,5.5995913,34.11984,291.14972
1327,951.61285,13.045322,0.9622292,5.686984,33.8844,298.6576
1328,733.3748,10.543949,0.8772832,4.8289185,31.630482,246.36319
1329,852.2834,11.944965,0.9234543,5.285826,31.727531,280.43506
1330,930.35315,12.848133,0.9558482,5.589261,32.75933,297.39392
1331,819.1481,11.554377,0.9094095,5.15572,31.20506,273.28912
1332,778.39484,11.07097,0.8896363,5.0003977,31.155872,262.11572
1333,903.8361,12.542274,0.9443742,5.486879,32.4937,291.41287
1334,870.7691,12.120862,0.92477506,5.3768487,33.1959,280.12726
1335,879.7954,12.247494,0.930238,5.4025064,32.67131,284.729
1336,735.21313,10.558428,0.86662954,4.8302445,30.581898,252.22473
1337,882.9481,12.291256,0.93251777,5.411938,32.487576,286.23376
1338,726.77277,10.458349,0.8642558,4.7932415,30.320026,250.52675
1339,887.2473,12.377165,0.9472561,5.410651,31.861916,288.34363
1340,805.2997,11.393693,0.90423983,5.0993366,30.906033,270.44443
1341,914.8091,12.634674,0.9435821,5.543212,33.3822,291.4613
1342,862.71954,11.982544,0.9224831,5.360649,33.893547,274.60785
1343,891.9371,12.389083,0.93765265,5.4473305,32.887817,286.69083
1344,935.6015,12.80764,0.954059,5.63992,34.451298,291.86823
1345,691.86725,10.044287,0.8580612,4.6697626,31.415901,235.2869
1346,817.5636,11.546579,0.91582036,5.151576,32.086044,268.39996
1347,828.4125,11.641695,0.9070756,5.2063055,32.291656,272.16022
1348,837.6549,11.772272,0.91764486,5.228144,31.482399,277.35132
1349,979.2203,13.32642,0.97276855,5.799276,34.400684,303.78748
1350,846.7921,11.884949,0.9232356,5.260106,31.373331,280.04938
1351,728.4954,10.486647,0.8747833,4.8091145,31.534603,245.37444
1352,723.95953,10.421865,0.8611624,4.786978,30.601646,248.89523
1353,970.2833,13.176994,0.968498,5.7764206,34.863106,299.31592
1354,895.0101,12.429559,0.9373725,5.458927,32.629135,289.06598
1355,829.0344,11.60614,0.9075227,5.2264667,33.36609,267.67578
1356,725.329,10.443329,0.87394387,4.7999153,31.707727,243.72241
1357,712.46747,10.281343,0.8554832,4.739334,30.3197,246.62846
1358,1007.039,13.741777,0.99012345,5.8805094,33.100807,316.3291
1359,1021.634,13.957739,1.0051564,5.9222283,32.572575,321.2924
1360,722.1403,10.408577,0.8718831,4.785471,31.548985,243.50764
1361,739.4455,10.597031,0.88217765,4.8627496,32.283142,245.41829
1362,739.0017,10.606886,0.8802568,4.852908,31.8107,247.20828
1363,975.48285,13.252487,0.9719905,5.7917213,34.72159,301.29535
1364,842.9957,11.820538,0.9152056,5.258426,32.170223,276.5423
1365,720.3258,10.376717,0.87244135,4.7849107,31.881569,241.67372
1366,878.3209,12.223877,0.92983925,5.3993373,32.936684,283.13544
1367,830.441,11.669554,0.908174,5.212717,32.20182,273.09302
1368,808.42804,11.395076,0.89713407,5.133809,32.402534,266.15814
1369,955.3445,13.021759,0.96206117,5.717147,34.648994,296.38898
1370,939.6636,12.936489,0.95817304,5.631511,33.284103,297.85318
1371,969.1916,13.296604,0.9728879,5.739051,33.107117,306.2763
1372,809.24915,11.435034,0.91253024,5.1262627,32.566788,263.9156
1373,912.6883,12.639639,0.9475356,5.5226192,32.69643,293.04175
1374,882.20465,12.267887,0.931614,5.414448,33.000854,283.92065
1375,972.96735,13.348883,0.9825872,5.7480655,33.158024,306.0687
1376,770.56085,10.978349,0.8853712,4.968435,30.864248,261.13623
1377,918.45,12.695471,0.94893205,5.5487595,33.05394,293.1721
1378,867.10034,12.104473,0.9260179,5.3515215,32.417217,282.1683
1379,840.3131,11.785575,0.9134464,5.2506046,32.33724,275.1821
1380,859.4791,12.009247,0.9215148,5.325136,32.539738,279.6986
1381,968.37305,13.306099,0.9747058,5.728755,32.66329,307.56668
1382,959.7102,13.1768,0.9661891,5.706442,33.15046,304.08252
1383,873.5101,12.189679,0.9395894,5.3695955,32.832035,280.67804
1384,717.4292,10.3520565,0.8696918,4.7673683,31.52656,242.23569
1385,728.65564,10.483402,0.8753334,4.8125544,31.71708,244.64777
1386,983.16473,13.451868,0.97943115,5.793189,33.307972,308.94238
1387,823.4066,11.581442,0.91916037,5.187438,33.064327,265.5534
1388,775.83466,11.039665,0.8973792,4.9963646,32.21228,256.01257
1389,938.6553,12.925972,0.9563782,5.627798,33.19264,298.26178
1390,731.7088,10.521612,0.876706,4.823674,31.698925,245.60144
1391,920.70715,12.743969,0.9520552,5.5488024,32.359,296.52118
1392,872.4538,12.166927,0.92940676,5.3717723,32.60567,282.58295
1393,726.6598,10.462279,0.87421936,4.803373,31.614628,244.5098
1394,839.2377,11.773302,0.91247714,5.2457743,32.23406,275.34717
1395,857.35394,12.013759,0.92893785,5.297167,31.148005,283.69495
1396,900.6986,12.519709,0.9514125,5.4691668,32.53208,289.4082
1397,764.754,10.91131,0.8830816,4.945433,30.864185,259.3869
1398,732.6039,10.513905,0.8790862,4.8373737,32.26979,243.50677
1399,805.3293,11.3929405,0.90396404,5.100701,31.03905,269.93182
1400,933.19794,12.892628,0.9650692,5.5954723,32.89876,296.59094
1401,855.5408,12.000574,0.93235147,5.294133,31.968681,279.4781
1402,888.6681,12.39484,0.94793844,5.4156094,31.816181,288.92694
1403,766.2147,10.93135,0.89284414,4.9574823,31.979939,254.28336
1404,994.4172,13.593481,0.99229956,5.8292236,33.24494,311.36108
1405,704.2253,10.180424,0.8511526,4.707266,30.287132,244.398
1406,745.3746,10.681789,0.872723,4.870322,30.7488,254.37526
1407,880.6905,12.250511,0.92928654,5.4095144,32.865326,284.43207
1408,905.953,12.554417,0.9438878,5.499354,32.858727,290.62497
1409,879.46295,12.270405,0.9370564,5.385688,31.603357,288.17865
1410,788.71893,11.190273,0.90318745,5.046691,32.367,258.9933
1411,796.4159,11.297921,0.9064762,5.0699654,31.919765,263.13092
1412,902.45667,12.464287,0.93986857,5.5044627,33.83969,285.6076
1413,801.17377,11.284788,0.8943722,5.115546,32.937332,261.85834
1414,805.07684,11.373316,0.89766276,5.1145363,31.947655,266.89716
1415,871.4123,12.146389,0.926555,5.3721437,32.761417,282.0291
1416,781.48376,11.108648,0.8917921,5.009598,30.888817,263.9707
1417,947.8987,13.048725,0.96183205,5.658199,32.895172,301.7943
1418,832.1336,11.711809,0.9169657,5.2031994,31.227934,276.4969
1419,754.3658,10.788575,0.8778636,4.9042883,30.725155,256.9674
1420,961.25586,13.09157,0.9640146,5.739142,34.649666,298.02588
1421,708.6626,10.233948,0.8532402,4.7235613,30.191532,246.06297
1422,887.14307,12.342604,0.936247,5.425903,32.57546,286.64264
1423,841.1568,11.822356,0.92615294,5.2430754,32.35992,273.81064
1424,725.68427,10.453231,0.87338346,4.7978635,31.4892,244.76753
1425,918.6425,12.698589,0.9507854,5.5486517,33.123314,292.56873
1426,1031.9478,14.054094,1.0015992,5.970291,32.791157,324.2881
1427,966.8297,13.216473,0.9683636,5.7454696,33.977398,302.38263
1428,907.76886,12.570698,0.94307494,5.5086174,32.93559,291.0678
1429,971.9758,13.390057,0.98377717,5.730955,32.036507,310.3936
1430,906.669,12.471201,0.94142765,5.5333014,34.404373,284.32806
1431,940.33496,12.854742,0.95525855,5.660036,34.544914,292.8546
1432,899.75183,12.470161,0.9392725,5.4812703,33.13148,288.10797
1433,872.5247,12.205042,0.9409281,5.3533735,31.585333,285.48212
1434,843.0322,11.833927,0.91914034,5.250393,31.66262,278.17114
1435,911.638,12.584873,0.94290847,5.535732,33.65581,289.2392
1436,968.49243,13.347115,0.9822631,5.718034,32.06694,309.31036
1437,854.81305,11.961405,0.9220727,5.303751,32.427532,278.45758
1438,884.7418,12.348459,0.94625485,5.400754,31.796164,287.92834
1439,1026.3597,14.001528,1.0016968,5.945093,32.635223,322.98407
1440,841.5079,11.8000145,0.9136657,5.254552,32.268116,275.82184
1441,890.9722,12.365389,0.9342358,5.4497375,33.116478,285.9834
1442,933.7149,12.791492,0.95315903,5.631645,34.3842,291.6927
1443,721.5967,10.388994,0.8588868,4.7791853,30.654182,248.11028
1444,900.7925,12.426554,0.93822604,5.5044155,34.070866,284.3579
1445,887.73944,12.317062,0.93215024,5.441698,33.32386,284.26093
1446,671.28577,9.790394,0.84939015,4.5935874,31.522272,228.85925
1447,744.237,10.667955,0.8719859,4.8659153,30.740818,254.08228
1448,668.0098,9.732609,0.8309435,4.5663447,30.04472,234.95523
1449,888.05133,12.347181,0.9347357,5.432439,32.677242,286.8219
1450,715.9761,10.339251,0.86837864,4.7582254,31.271784,242.89896
1451,854.0711,11.941927,0.91970325,5.306405,32.742085,277.1931
1452,969.678,13.251299,0.96830696,5.7564135,33.935593,303.5644
1453,837.9905,11.728039,0.91137236,5.254603,33.13923,271.15356
1454,873.40985,12.1751375,0.929995,5.376512,32.74321,282.25427
1455,935.9068,12.854843,0.9545908,5.6301613,33.943672,294.22513
1456,991.2707,13.495409,0.9789155,5.8378396,34.047943,308.64203
1457,587.5225,8.731344,0.7809937,4.242707,29.164242,213.39153
1458,884.0514,12.308668,0.9346215,5.4140053,32.45675,286.39984
1459,998.7776,13.642189,0.99443144,5.845721,33.282974,312.32123
1460,928.3022,12.823217,0.9551133,5.5816073,32.78773,296.67963
1461,944.21564,12.968163,0.9572269,5.6573477,33.690636,297.84064
1462,865.44196,12.120256,0.9378011,5.329364,31.911825,282.15106
1463,756.6007,10.813377,0.8778183,4.914897,30.8359,257.34778
1464,909.9157,12.618052,0.94740045,5.5079184,32.302467,293.87726
1465,914.7212,12.657237,0.94801867,5.532566,32.910496,292.6759
1466,927.6052,12.792901,0.9491974,5.5882316,33.147934,296.02295
1467,859.22217,12.035594,0.9297029,5.304619,31.20076,284.00134
1468,911.68384,12.623371,0.94677806,5.5204353,32.84323,292.15295
1469,937.74115,12.870882,0.9548648,5.6387806,34.014355,294.49792
1470,813.9019,11.469208,0.90048367,5.1516123,32.224037,268.3399
1471,798.3039,11.306314,0.89935404,5.076443,31.13555,267.83496
1472,849.1742,11.876453,0.91675603,5.2906075,32.874275,275.3827
1473,940.0527,12.943203,0.95811665,5.632345,33.22097,298.2852
1474,739.6356,10.618942,0.88014716,4.8530827,31.662685,248.03557
1475,848.194,11.87254,0.9159035,5.283722,32.568417,276.51935
1476,1024.9719,13.985168,1.0066752,5.936573,32.76298,321.33322
1477,946.2979,12.984501,0.95814335,5.667465,33.82951,297.72778
1478,891.75946,12.432221,0.9494294,5.426914,31.797285,289.84424
1479,865.377,12.117477,0.93728185,5.330466,32.073357,281.44986
1480,893.023,12.4056835,0.93836606,5.450057,32.768845,287.49777
1481,846.32196,11.870428,0.9199851,5.2651243,31.856157,278.37604
1482,842.17035,11.771904,0.91232216,5.2729034,33.241055,272.02344
1483,940.0783,12.886555,0.9566619,5.6498833,34.166138,294.3693
1484,913.52045,12.656368,0.9474494,5.5236783,32.367023,294.84967
1485,880.31134,12.241465,0.9291416,5.409688,33.028454,283.57312
1486,964.1829,13.237871,0.9704519,5.720051,33.08579,305.05038
1487,747.8428,10.69704,0.8853496,4.894426,32.29782,247.8154
1488,864.611,12.068705,0.92326796,5.3450985,32.544044,281.21753
1489,960.30084,13.243492,0.9781862,5.688454,32.167603,306.72296
1490,819.6233,11.569536,0.9167127,5.160697,32.217113,268.41443
1491,810.87274,11.461504,0.90768504,5.119379,30.892551,271.87552
1492,973.83234,13.347588,0.97319394,5.7582045,33.120216,307.75513
1493,869.21466,12.109879,0.9250974,5.3679905,33.074944,280.0542
1494,919.3521,12.709345,0.9481743,5.551716,32.863953,294.5266
1495,944.33844,13.043945,0.9707917,5.630434,32.347416,301.69427
1496,992.3591,13.614788,0.99162155,5.81217,32.493908,313.89694
1497,680.1432,9.906614,0.85196406,4.622153,31.23502,232.64491
1498,953.39514,13.111757,0.9647126,5.679277,32.985573,302.78137
1499,860.1052,12.019506,0.9215415,5.3253474,32.291916,280.96484
1500,969.73114,13.287302,0.97286594,5.7448044,33.42201,304.98163
1501,906.59814,12.577395,0.9456535,5.4963846,32.393414,292.60193
1502,899.1222,12.484785,0.940757,5.4710364,32.486713,290.44037
1503,857.26733,11.985298,0.92089605,5.3152637,32.418827,279.5379
1504,882.2762,12.275257,0.93277955,5.411724,32.85274,284.35806
1505,863.37213,12.084984,0.9315637,5.3203106,31.202002,285.15356
1506,784.5693,11.145939,0.8933796,5.0205097,30.7904,265.2558
1507,768.4636,10.950771,0.89406526,4.968925,32.2006,253.98076
1508,886.8317,12.339531,0.93449146,5.4258156,32.421726,287.5579
1509,1040.1467,14.170506,1.0080835,5.9954243,32.53338,327.0344
1510,894.13403,12.416688,0.9365743,5.4564257,32.697926,288.55725
1511,944.258,12.952555,0.9578737,5.6615295,33.9547,296.436
1512,924.84357,12.784958,0.9523915,5.5682726,32.60379,296.82977
1513,897.3506,12.477255,0.94971365,5.4573584,32.613346,288.15955
1514,933.1425,12.874039,0.95594877,5.6022816,32.919178,297.61902
1515,714.6945,10.308664,0.85662454,4.749547,30.473204,246.6767
1516,941.7896,12.97835,0.9593697,5.6345654,32.839794,300.38568
1517,734.3111,10.549099,0.8669367,4.8266315,30.630348,251.67647
1518,795.5422,11.277972,0.89963835,5.0610065,30.761877,268.27594
1519,678.89355,9.869417,0.83814144,4.606678,30.003706,238.14752
1520,942.2713,12.912409,0.9571073,5.65825,34.1657,295.01465
1521,1015.5378,13.836134,1.0016907,5.908496,33.30855,316.68045
1522,931.4503,12.749315,0.95107657,5.627817,34.560574,290.36752
1523,926.94604,12.786922,0.95028377,5.5848155,33.174847,295.47888
1524,955.2099,13.023188,0.9620486,5.7159915,34.616135,296.52075
1525,765.58795,10.920085,0.8827833,4.949852,30.939432,259.41718
1526,924.2009,12.768431,0.949525,5.569457,32.722374,296.62772
1527,841.64703,11.746126,0.9134704,5.2772512,33.602757,270.09714
1528,906.17993,12.556263,0.94376093,5.500544,32.875866,290.6338
1529,741.86084,10.647228,0.88108397,4.860767,31.618677,248.85104
1530,776.1554,11.0454445,0.88891506,4.988948,30.833956,262.72968
1531,714.57635,10.303888,0.8554796,4.7468853,30.168272,247.9652
1532,919.27124,12.697489,0.94704366,5.555427,33.165752,293.34003
1533,1020.78033,13.861868,0.9960474,5.9394794,33.760635,316.94897
1534,714.4969,10.30279,0.8557424,4.7512245,30.61057,246.21906
1535,934.28516,12.954561,0.9692746,5.5820713,31.412504,302.75812
1536,716.5836,10.329666,0.85708845,4.7586474,30.590097,246.84218
1537,669.7743,9.757489,0.8331068,4.5712156,29.947512,235.70744
1538,811.78375,11.473638,0.9132241,5.1319084,32.274017,265.95715
1539,977.8746,13.415108,0.98460066,5.7645774,32.992996,308.15805
1540,957.1321,13.173365,0.9697397,5.6862874,32.63597,304.6989
1541,921.83887,12.658598,0.94806844,5.5863953,34.305126,288.83948
1542,761.5509,10.873705,0.88156694,4.93256,30.801298,258.7212
1543,942.3603,12.92189,0.95808846,5.655964,34.066254,295.35162
1544,836.82935,11.748979,0.9127654,5.233651,32.04215,275.3567
1545,960.9243,13.188761,0.9777696,5.706613,33.47345,301.31567
1546,769.4884,10.967508,0.8857675,4.963336,30.832273,260.86066
1547,930.8151,12.829381,0.95216393,5.600262,33.28427,295.89862
1548,956.7055,13.096445,0.9632012,5.7084475,33.99432,299.6236
1549,726.5509,10.452799,0.8620771,4.7967525,30.569107,249.79033
1550,962.52264,13.144171,0.96454483,5.7361517,34.227295,300.56097
1551,952.9048,13.085733,0.9637044,5.6834984,33.41918,300.84888
1552,801.7085,11.295355,0.8941393,5.1158323,32.82994,262.51044
1553,861.33264,11.974546,0.92202306,5.352794,33.759155,274.84216
1554,923.5293,12.74354,0.95168567,5.5722823,33.41594,292.8144
1555,854.2587,11.953276,0.9202659,5.301879,32.264885,279.27554
1556,886.58044,12.364832,0.9464337,5.410206,32.10866,287.11444
1557,819.6565,11.53986,0.9029784,5.1727657,32.179382,270.18115
1558,878.5619,12.277119,0.9438869,5.3766527,31.691298,286.6556
1559,904.36395,12.563566,0.9476903,5.481774,31.89297,293.80203
1560,895.5157,12.354861,0.9371489,5.4871325,34.21527,281.97653
1561,642.3352,9.414833,0.81536394,4.461715,29.622316,228.69827
1562,905.87915,12.553751,0.94385993,5.4990187,32.851467,290.6372
1563,825.9018,11.604412,0.90636665,5.1990585,32.527763,270.36188
1564,819.1808,11.557451,0.91051644,5.1536975,31.096594,273.54218
1565,836.20355,11.739235,0.91219956,5.233846,32.28621,274.1261
1566,698.6601,10.10708,0.847033,4.6876316,30.34573,242.72739
1567,903.28613,12.522949,0.94113207,5.490436,32.779808,290.51086
1568,929.97253,12.854687,0.9634946,5.583144,32.875298,295.83917
1569,756.79803,10.816082,0.8780589,4.9170566,31.01064,256.70148
1570,745.9402,10.654627,0.86625874,4.8908777,31.712284,251.44174
1571,932.59235,12.825562,0.9507434,5.6160555,33.756275,294.5628
1572,993.7216,13.503099,0.9807555,5.8504543,34.334133,307.72394
1573,973.05334,13.322008,0.9744846,5.758201,33.50029,305.47717
1574,829.63446,11.681984,0.91550016,5.1924505,31.014511,276.7528
1575,929.8107,12.7307,0.95100015,5.621371,34.55173,289.93793
1576,1011.4593,13.804148,0.99998426,5.890651,33.07116,316.67603
1577,723.1978,10.420143,0.8725373,4.7901497,31.60025,243.58276
1578,948.79376,13.062338,0.964759,5.65971,32.952843,301.34354
1579,951.4218,13.08436,0.96416044,5.672802,33.092808,301.74936
1580,822.09515,11.551912,0.9022876,5.1876297,32.55102,269.54266
1581,844.69543,11.852821,0.91978633,5.257601,31.776903,278.14484
1582,955.6802,13.114548,0.96551555,5.694893,33.52766,300.97665
1583,946.0729,13.015947,0.9592672,5.6553717,33.0964,300.82144
1584,878.02734,12.22341,0.9291036,5.3974104,32.75652,283.99652
1585,891.18176,12.38164,0.9353224,5.4454803,32.713192,287.6828
1586,1005.206,13.689323,0.98818994,5.880787,33.612217,313.7173
1587,993.47375,13.605364,0.9859125,5.8231964,32.69769,314.10678
1588,957.2607,13.113928,0.9637881,5.70767,33.83203,300.51367
1589,841.59204,11.796881,0.91300577,5.2572746,32.42492,275.28656
1590,742.1281,10.651458,0.881087,4.86112,31.570509,249.1547
1591,727.97925,10.472126,0.863626,4.800705,30.47395,250.4875
1592,765.87634,10.924093,0.883743,4.948227,30.683262,260.41608
1593,961.4372,13.171053,0.96708494,5.7202153,33.71537,301.89868
1594,947.23975,13.009396,0.95928186,5.6662803,33.574226,299.0238
1595,974.6641,13.416615,0.9847504,5.742595,32.207424,310.36914
1596,740.4132,10.622202,0.8698662,4.850828,30.68312,253.2336
1597,816.1875,11.507662,0.90345645,5.1543136,31.802223,270.56335
1598,941.56836,12.897598,0.9556567,5.657899,34.233067,294.64093
1599,980.54395,13.444357,0.9863321,5.7747507,33.037636,308.61096
1600,652.47925,9.542412,0.82212937,4.5017824,29.660393,231.62714
1601,786.9218,11.143772,0.90466434,5.051276,33.004646,255.52637
1602,934.0826,12.8771515,0.95460486,5.6090655,33.05716,297.64807
1603,915.34564,12.663877,0.94665337,5.5359044,32.809372,293.67514
1604,909.3637,12.588237,0.94329274,5.51538,32.943817,291.59894
1605,934.3043,12.876423,0.9543368,5.610958,33.13841,297.36896
1606,957.6147,13.208168,0.97669077,5.679102,32.230247,305.75256
1607,910.5246,12.6178665,0.9471923,5.5128164,32.596466,292.7666
1608,1021.8698,14.005825,1.0070786,5.9139194,31.800194,324.28702
1609,876.00476,12.123877,0.9284089,5.414361,34.14833,277.06143
1610,901.6037,12.502783,0.9413876,5.483661,32.84492,289.6306
1611,824.0331,11.615248,0.9185044,5.1804404,32.489735,268.44556
1612,831.80365,11.687253,0.90951216,5.2168255,32.180294,273.46698
1613,996.7168,13.635279,0.99411505,5.8337026,33.035,312.5911
1614,842.2325,11.794025,0.9122807,5.26381,32.69735,274.42303
1615,739.29083,10.607351,0.868672,4.846817,30.664913,253.06612
1616,984.0732,13.481243,0.9802216,5.7917843,32.916504,310.94742
1617,932.7003,12.874771,0.9567045,5.5984497,32.79181,297.88412
1618,898.44574,12.472387,0.94057804,5.4695015,32.649384,289.5001
1619,793.53046,11.248926,0.8969963,5.0585103,31.16683,266.35522
1620,935.0766,12.895435,0.9570132,5.609954,32.974663,297.8734
1621,812.50684,11.48807,0.91354626,5.131342,31.965248,267.50122
1622,920.82574,12.6411295,0.9472,5.5846424,34.36615,288.41702
1623,921.525,12.717027,0.9475069,5.566929,33.352013,293.20734
1624,840.8606,11.791471,0.91509986,5.2532015,32.53651,274.19202
1625,980.92053,13.430178,0.9772898,5.7847056,33.175312,309.24704
1626,723.7192,10.417696,0.8604799,4.785886,30.567093,248.99312
1627,847.4622,11.858629,0.9158784,5.2829676,32.778954,275.30884
1628,873.1412,12.167404,0.9272348,5.3785243,32.710106,282.8119
1629,1000.69086,13.679806,0.98901546,5.852667,32.929985,315.0091
1630,864.396,12.066345,0.92415065,5.3447313,32.68556,280.38324
1631,825.1016,11.622787,0.91175383,5.1811557,31.50686,273.72888
1632,920.8952,12.653719,0.9475678,5.5813527,34.22888,288.94684
1633,880.0295,12.256534,0.9328633,5.400153,32.629673,284.55127
1634,740.3316,10.621073,0.8701227,4.8493586,30.582396,253.57504
1635,989.36395,13.508589,0.9795094,5.8214664,33.526283,310.06573
1636,738.94135,10.60309,0.8688663,4.846635,30.798897,252.41154
1637,940.7075,12.969099,0.95918214,5.6293926,32.743324,300.49664
1638,722.12274,10.407312,0.8719416,4.785966,31.586266,243.34357
1639,917.50006,12.738525,0.96050274,5.5242906,31.838078,296.6459
1640,748.585,10.719813,0.87447643,4.8824577,30.722315,255.40202
1641,856.7954,11.979291,0.9206951,5.313898,32.449356,279.31775
1642,914.8062,12.586231,0.9444242,5.557747,34.16948,287.585
1643,890.6124,12.31016,0.93403494,5.4651356,33.993816,281.9084
1644,875.4675,12.212875,0.93161386,5.378418,32.152252,285.2157
1645,916.9195,12.590009,0.9451352,5.5717773,34.43088,287.0242
1646,962.00214,13.20105,0.9696113,5.71463,33.329914,303.33746
1647,892.8631,12.422337,0.94074494,5.4423327,32.092773,290.1037
1648,700.3194,10.146247,0.86208504,4.702276,31.461178,237.53038
1649,969.4421,13.330673,0.9814233,5.7286596,32.733807,306.786
1650,902.617,12.50553,0.93999463,5.491497,33.050484,289.31372
1651,842.76764,11.838158,0.9218484,5.243331,31.21913,279.46613
1652,919.8096,12.688549,0.9477358,5.5631647,33.567513,291.6054
1653,838.7828,11.7897415,0.9196515,5.229317,31.293901,278.1528
1654,950.3689,12.9637985,0.95956206,5.6989546,34.648315,295.0459
1655,915.3103,12.66065,0.94560397,5.5368385,32.837784,293.67432
1656,720.5901,10.389519,0.87111104,4.7796993,31.551277,243.05475
1657,961.009,13.178297,0.9656421,5.715335,33.421806,303.30682
1658,890.1761,12.371376,0.9374393,5.4397364,32.81665,286.50372
1659,803.662,11.346535,0.89474714,5.1133966,32.12376,266.0298
1660,921.6672,12.73596,0.94951373,5.5606375,32.908802,294.91696
1661,959.40314,13.176102,0.9685891,5.703243,33.20675,303.1823
1662,875.7388,12.206466,0.9310352,5.383847,32.59964,283.4987
1663,884.97626,12.318033,0.93573797,5.417394,32.567005,286.04626
1664,969.5134,13.243748,0.97034097,5.756034,34.04384,302.66345
1665,898.4326,12.474522,0.94139695,5.468377,32.61644,289.52136
1666,823.6755,11.618486,0.918352,5.175,32.109085,270.02997
1667,888.07495,12.351894,0.9367445,5.4298425,32.64326,286.59058
1668,767.8711,10.947493,0.88433295,4.957698,30.843576,260.43396
1669,861.4522,12.062195,0.9306592,5.312734,31.15578,284.80066
1670,904.3571,12.5331135,0.9432138,5.4943533,32.95392,289.7665
1671,919.0223,12.717456,0.9513773,5.5454416,32.66608,294.7181
1672,770.49426,10.98098,0.89555234,4.9743094,32.076263,255.09314
1673,686.0886,9.954661,0.84088415,4.636509,30.112883,239.95413
1674,990.26514,13.552877,0.9836964,5.814933,32.991463,312.075
1675,964.0731,13.230896,0.96904045,5.721798,33.147743,305.0396
1676,951.9649,13.050049,0.9610723,5.688629,33.857243,299.0174
1677,942.82983,12.901268,0.95696354,5.6647687,34.358368,294.32086
1678,953.9821,13.106409,0.9640175,5.6851015,33.234207,301.99585
1679,908.72876,12.585745,0.94509506,5.5104637,32.91463,291.135
1680,873.9901,12.132849,0.92716724,5.3971376,33.6733,278.6577
1681,953.4851,13.119774,0.9659025,5.6771765,32.844276,303.2535
1682,906.3838,12.573416,0.9443601,5.497089,32.369686,292.90955
1683,734.84705,10.5540905,0.86672163,4.8300714,30.70874,251.6064
1684,931.7909,12.7555895,0.95157766,5.6284056,34.53223,290.60614
1685,957.28375,13.1154995,0.96478057,5.7068377,33.828266,300.36798
1686,912.8387,12.575401,0.9448643,5.5462174,34.014393,287.57465
1687,723.0547,10.412099,0.86132646,4.780381,30.384605,249.34532
1688,754.0135,10.76889,0.88934165,4.918441,32.414818,248.97272
1689,821.3523,11.586844,0.91279244,5.1583667,30.825455,275.0265
1690,1003.68097,13.680069,0.98829705,5.8727074,33.49431,313.63474
1691,938.4033,12.999725,0.970673,5.5991106,31.563353,303.21918
1692,962.25854,13.217651,0.9696882,5.712084,33.020123,304.83603
1693,783.95166,11.133734,0.9020145,5.0285196,32.374355,257.5464
1694,750.30804,10.730591,0.88628423,4.9016104,32.206917,248.76923
1695,755.59595,10.801452,0.87713146,4.912034,30.943233,256.6438
1696,863.9527,12.065595,0.92607045,5.3404584,32.669727,279.94183
1697,883.5801,12.300901,0.9347706,5.412464,32.569416,285.6875
1698,826.4412,11.606869,0.90760994,5.203114,32.74643,269.40167
1699,873.62085,12.218899,0.9418235,5.357495,31.625788,285.57013
1700,688.60876,9.9846525,0.84230006,4.647285,30.239317,240.16895
1701,947.60364,13.031654,0.9623946,5.6605434,33.266205,299.94025
1702,926.9926,12.718377,0.9503049,5.605531,34.315426,290.2002
1703,881.83704,12.282546,0.93246764,5.406044,32.31174,286.65308
1704,882.8895,12.278635,0.93103456,5.4164915,32.84046,284.99426
1705,866.39844,12.089656,0.9246804,5.3522,32.654526,281.10828
1706,794.03064,11.259689,0.8988508,5.056176,30.859451,267.48633
1707,893.9103,12.414669,0.9376671,5.4547863,32.75528,288.0541
1708,850.2077,11.904401,0.91833365,5.286977,32.295815,278.026
1709,960.4749,13.199081,0.96899074,5.70448,32.946354,304.67303
1710,936.71857,12.822748,0.9547082,5.643469,34.4286,292.27112
1711,913.40686,12.564508,0.9438678,5.554467,34.229424,287.07602
1712,847.5552,11.857149,0.9148267,5.2843657,32.754486,275.6703
1713,756.9499,10.8203125,0.880131,4.9123416,30.611767,258.00452
1714,910.76416,12.560822,0.9432423,5.5359564,33.86787,287.79288
1715,943.0021,12.950733,0.9565917,5.653719,33.74987,297.19598
1716,919.76013,12.712406,0.94938105,5.5531025,33.002407,293.74597
1717,900.40564,12.49808,0.9395982,5.477746,32.421753,291.44092
1718,789.13794,11.19908,0.89544415,5.03716,30.700544,266.87695
1719,864.6565,12.068043,0.9252238,5.3456135,32.824837,279.58282
1720,869.7421,12.133985,0.9263172,5.3623056,32.412678,283.04968
1721,729.2768,10.492592,0.875406,4.8140745,31.663269,245.0736
1722,820.5234,11.570509,0.9101918,5.161942,31.338821,273.09598
1723,884.47034,12.347416,0.94649,5.398886,31.706446,288.21875
1724,961.5046,13.087061,0.9645948,5.741416,34.72552,297.67047
1725,793.1067,11.259527,0.9050461,5.0570574,31.867334,262.4154
1726,815.70593,11.477356,0.90043867,5.1627455,32.556595,267.5332
1727,927.03015,12.785399,0.95065415,5.5858574,33.278656,294.88678
1728,916.6921,12.66642,0.94584006,5.546035,33.17899,292.63556
1729,990.51013,13.534615,0.98083675,5.822977,33.31945,311.2727
1730,669.47754,9.75054,0.83183765,4.572367,30.104345,235.15173
1731,776.1235,11.025747,0.89901775,5.0053253,32.692772,253.91917
1732,898.5581,12.450422,0.9363444,5.47989,33.175247,288.0086
1733,926.7747,12.8166275,0.95507145,5.5715017,32.349792,298.1739
1734,775.7805,11.03987,0.88803786,4.9901924,31.110786,261.56873
1735,919.6236,12.725082,0.95017964,5.547866,32.529667,295.76465
1736,839.4848,11.779581,0.9137963,5.244773,32.137913,275.7033
1737,956.01,13.074406,0.9630357,5.7091665,34.166454,298.69037
1738,967.66345,13.299126,0.9746325,5.72567,32.630608,307.50482
1739,906.10895,12.552597,0.9425772,5.501896,32.901012,290.74835
1740,935.0708,12.9165745,0.9657982,5.6020966,32.852898,297.309
1741,930.7638,12.851042,0.9566011,5.590996,32.860718,296.9192
1742,920.76074,12.719204,0.95079654,5.5585365,33.21491,292.87427
1743,920.3041,12.645657,0.9471328,5.579544,34.240902,288.7522
1744,968.25415,13.169828,0.9685836,5.7646737,34.6993,299.43427
1745,877.28564,12.220543,0.9315822,5.3911433,32.758717,283.25018
1746,943.33466,12.980988,0.95850736,5.645356,33.19406,299.5016
1747,923.61646,12.750551,0.9506201,5.57043,33.20319,293.9726
1748,927.73566,12.766102,0.9487203,5.5988293,33.77721,293.32532
1749,960.68475,13.20632,0.97674173,5.7018185,33.128483,302.9394
1750,721.4719,10.399633,0.8717553,4.78343,31.587957,243.13199
1751,789.6164,11.171057,0.88747686,5.06254,32.229805,261.71222
1752,635.20575,9.326458,0.8109861,4.4328475,29.53688,226.80765
1753,819.7507,11.571835,0.9166061,5.160183,32.109077,268.92804
1754,905.36743,12.5446,0.9414021,5.499587,32.83127,291.01758
1755,906.35077,12.564787,0.9446138,5.4988394,32.692513,291.372
1756,753.53687,10.7768345,0.8761714,4.9026814,30.78652,256.65765
1757,960.46765,13.197922,0.96895087,5.70483,32.976948,304.54266
1758,827.4479,11.663485,0.92012286,5.189208,32.113945,271.0579
1759,976.69714,13.275431,0.9722276,5.79445,34.62999,302.05457
1760,691.7942,10.042582,0.85812986,4.669988,31.44475,235.13171
1761,896.652,12.441532,0.93768156,5.46709,32.871872,288.43607
1762,950.4817,13.001001,0.9602206,5.6910486,34.25667,296.97485
1763,941.4821,12.8733635,0.95569855,5.663146,34.48316,293.5141
1764,996.64,13.628233,0.9931568,5.835994,33.10396,312.61588
1765,786.9459,11.1735,0.89457303,5.031105,30.971203,265.19067
1766,928.9531,12.843973,0.96309173,5.578888,32.840443,295.71008
1767,845.43604,11.85058,0.9179435,5.268282,32.4139,275.8879
1768,858.91187,12.004814,0.9211575,5.321209,32.340572,280.41348
1769,897.37866,12.457357,0.9406444,5.465869,32.77021,288.58148
1770,819.77704,11.554464,0.916974,5.168495,32.75007,266.02582
1771,870.8813,12.1575775,0.92917156,5.361268,32.0857,284.35767
1772,988.97,13.393444,0.97667825,5.845709,34.894943,304.1631
1773,932.8336,12.761982,0.95238966,5.633374,34.597687,290.52283
1774,962.7967,13.123083,0.96517324,5.7417836,34.509445,299.18488
1775,909.7057,12.595768,0.94387674,5.515582,32.846252,292.101
1776,727.23584,10.463213,0.86331004,4.798295,30.530258,250.03069
1777,872.6122,12.191734,0.93473566,5.3583593,31.50829,286.58395
1778,888.50757,12.298967,0.93339753,5.4525642,33.79916,282.08307
1779,891.057,12.379868,0.9376751,5.443597,32.86992,286.5028
1780,990.0475,13.515326,0.9815019,5.82323,33.56867,309.78894
1781,816.27924,11.505754,0.9025837,5.1537848,31.625376,271.50568
1782,988.237,13.416714,0.97787833,5.835204,34.572155,305.24762
1783,904.2622,12.528923,0.9408348,5.4962482,32.918823,290.33704
1784,737.6908,10.595314,0.87931603,4.8457036,31.666874,247.4395
1785,904.4541,12.516859,0.94184196,5.5019994,33.38544,288.097
1786,874.90155,12.189463,0.9288078,5.383906,32.725628,283.0174
1787,859.68176,12.039819,0.9295137,5.3074236,31.271124,283.93375
1788,725.1819,10.436417,0.8615881,4.7911377,30.539349,249.50899
1789,1012.2897,13.850321,1.0009761,5.886837,32.522453,319.0443
1790,931.3822,12.842065,0.95281625,5.6001534,33.120663,296.76685
1791,923.19037,12.760933,0.95124316,5.563556,32.738888,295.82455
1792,840.1355,11.768293,0.9115643,5.256083,32.724297,273.69482
1793,954.8903,13.119005,0.96586597,5.6876493,33.25356,301.9361
1794,955.4592,13.054703,0.96323466,5.709579,34.321407,297.75995
1795,926.7983,12.761028,0.9487104,5.5932865,33.69508,293.28302
1796,1045.9711,14.218092,1.0093129,6.021576,32.84823,327.43204
1797,811.8151,11.479557,0.9131579,5.1289463,31.98816,267.2025
1798,931.9158,12.757475,0.95177346,5.6286936,34.5279,290.64276
1799,928.11694,12.81525,0.953708,5.583063,32.899345,296.33533
1800,892.48926,12.402325,0.9384804,5.446868,32.686657,287.61548
1801,847.47815,11.869741,0.91624355,5.277686,32.312477,277.32965
1802,909.9772,12.588373,0.94352555,5.5203648,33.191822,290.59375
1803,898.5034,12.464482,0.9384951,5.4738283,32.829243,289.1664
1804,949.1285,13.054197,0.9640504,5.6645737,33.204998,300.45126
1805,947.1951,12.991373,0.96028376,5.6710496,33.911224,297.33435
1806,731.1532,10.519619,0.8759655,4.8186364,31.505995,246.26224
1807,632.0566,9.287567,0.8093207,4.4221535,29.679512,225.40746
1808,854.70935,11.94675,0.9191043,5.3099985,32.757122,277.46716
1809,883.39667,12.323587,0.944782,5.399765,32.268444,285.59067
1810,949.515,13.046587,0.9628175,5.670403,33.42216,299.8426
1811,875.4039,12.211166,0.9310815,5.378639,32.108376,285.52527
1812,839.20953,11.794558,0.9197576,5.231283,31.34488,278.0642
1813,941.54333,12.9467945,0.95886576,5.642822,33.54862,297.25952
1814,886.1857,12.315788,0.9325714,5.429488,32.919903,285.5451
1815,869.3817,12.154196,0.9335368,5.345291,31.413088,286.0645
1816,942.314,13.050808,0.9727096,5.6126966,31.457214,304.7201
1817,956.19293,13.136471,0.96474844,5.6927648,33.12739,303.19785
1818,1012.4881,13.855068,1.0011048,5.8871546,32.482468,319.25916
1819,914.8791,12.659768,0.94868636,5.5328956,32.920486,292.62823
1820,936.4702,12.911703,0.9576397,5.6151805,32.981125,298.20483
1821,869.97546,12.105844,0.9265101,5.3750477,33.352154,278.8911
1822,887.3004,12.375941,0.94702965,5.411868,31.983728,287.85406
1823,772.77264,11.004631,0.8863578,4.9792576,31.126554,260.73877
1824,906.83044,12.576496,0.9456403,5.498642,32.517715,292.1996
1825,752.1656,10.755344,0.8867954,4.907552,32.13835,249.60004
1826,917.7981,12.695105,0.94967085,5.5436554,32.871708,293.6529
1827,841.62775,11.766865,0.9132548,5.270094,33.260025,271.58383
1828,824.9284,11.568693,0.9046889,5.205666,33.063828,267.97754
1829,924.5016,12.786461,0.96096736,5.563469,32.94726,294.05194
1830,902.0766,12.498134,0.9402897,5.489415,33.115826,288.71985
1831,884.8151,12.309839,0.93454176,5.4192605,32.73604,285.4312
1832,955.4353,13.079765,0.9610661,5.7054214,33.993477,299.64667
1833,914.6328,12.65056,0.94742525,5.5343747,33.05935,292.10556
1834,864.372,12.070007,0.9239021,5.3419533,32.39133,281.66333
1835,771.07465,10.984974,0.885777,4.972068,31.093456,260.31543
1836,939.3386,12.95167,0.9672469,5.622611,33.19347,296.94873
1837,909.038,12.599117,0.94607705,5.5078564,32.607025,292.42496
1838,924.0202,12.704195,0.9491262,5.5888886,34.06108,290.47723
1839,984.8843,13.4292965,0.97622037,5.811838,33.940002,307.2367
1840,956.6884,13.160334,0.9667176,5.688674,32.685925,305.02805
1841,957.186,13.102928,0.9635065,5.710022,33.983135,299.8113
1842,864.4578,12.109659,0.9376509,5.3229733,31.595016,283.2
1843,877.00916,12.226085,0.9302887,5.3863688,32.14187,286.03827
1844,859.09283,12.010143,0.9240359,5.3211594,32.56996,279.01645
1845,852.0537,11.948452,0.92597926,5.279103,31.31842,281.64703
1846,690.86414,10.012703,0.8433991,4.655874,30.236855,240.82253
1847,904.09076,12.578118,0.95481354,5.4739423,31.877789,292.8299
1848,899.9883,12.464229,0.93855524,5.485683,33.31637,287.49622
1849,723.3093,10.40653,0.86044276,4.7893677,30.99888,247.11276
1850,938.0747,12.855799,0.95386815,5.645625,34.227028,293.88242
1851,787.88544,11.198904,0.90273684,5.0366697,31.779575,261.31226
1852,885.4481,12.308656,0.93288827,5.4256296,32.9105,285.209
1853,961.18097,13.184441,0.9687675,5.7137475,33.45147,302.6671
1854,811.12244,11.465203,0.9128831,5.1295767,32.285194,265.72375
1855,960.50287,13.133255,0.965799,5.7239347,34.096134,300.09125
1856,756.3746,10.819967,0.8881346,4.917467,31.739115,252.48822
1857,869.2817,12.105879,0.92415184,5.370344,33.136322,279.9884
1858,744.6346,10.671007,0.87222844,4.8649845,30.452427,255.34714
1859,834.02374,11.685467,0.9098236,5.2372723,33.008286,270.61877
1860,980.5094,13.449276,0.9861798,5.773576,32.939747,309.05685
1861,982.2639,13.442276,0.9783648,5.7902317,33.275295,309.0118
1862,880.0766,12.265482,0.9328466,5.3971195,32.202538,286.41418
1863,868.8437,12.093524,0.92507535,5.3704576,33.309143,278.81955
1864,1008.74603,13.84383,1.0007551,5.86561,31.86174,320.61646
1865,817.08594,11.523205,0.91563076,5.1581345,32.71308,265.47708
1866,774.87085,11.03045,0.88845986,4.9844675,30.895538,262.10663
1867,1045.8455,14.1872425,1.0072881,6.0270405,33.25432,325.92004
1868,886.7482,12.329231,0.9348755,5.427951,32.823444,285.67914
1869,883.9183,12.292137,0.9336062,5.418627,32.946697,284.3667
1870,923.98517,12.717272,0.9489897,5.5852776,33.888184,291.3538
1871,904.5449,12.5385065,0.94360775,5.4935937,32.85961,290.14825
1872,722.7982,10.408766,0.860957,4.780451,30.450085,249.08899
1873,928.42773,12.812632,0.9540421,5.5861607,33.10468,295.48322
1874,1049.9321,14.152428,1.0168186,6.053623,34.456535,320.2348
1875,937.4458,12.92947,0.95886475,5.616866,32.84955,298.9159
1876,716.77075,10.338547,0.87042195,4.768298,31.73256,241.12944
1877,851.58655,11.918213,0.91816175,5.2934065,32.342342,278.33444
1878,877.2987,12.2612505,0.9430006,5.371995,31.675262,286.40125
1879,957.32294,13.206203,0.97692925,5.6776524,32.21234,305.7303
1880,885.4865,12.341402,0.9397275,5.408738,31.641258,289.68036
1881,960.9601,13.253372,0.97854924,5.690402,32.109184,307.15268
1882,772.44476,10.998923,0.8966463,4.983818,32.23787,254.9231
1883,770.5107,10.977243,0.88484335,4.969857,31.02512,260.52423
1884,733.3795,10.537445,0.86619866,4.822482,30.563593,251.68777
1885,1036.2505,13.985682,0.9996109,6.0108204,34.493023,318.2567
1886,929.1783,12.8297415,0.95461506,5.586546,32.856777,296.802
1887,930.5025,12.797764,0.95196164,5.608631,33.841217,293.37958
