sample_index,Fe,Zn,B,Cu,S,Mn
0,176.36554,5.489166,0.7863628,2.7704918,24.956924,93.905525
1,306.4986,6.325505,1.163624,3.3458054,15.320984,52.865826
2,219.9111,4.720384,0.95978564,2.9607136,28.013649,81.729195
3,226.54793,4.3874545,1.0205653,2.747369,31.601519,89.12614
4,217.07605,5.126248,2.5626643,2.0012667,11.465078,100.671036
5,196.53159,3.6618276,0.9558241,2.7179558,28.25571,80.21883
6,256.5731,5.1809287,0.76343554,2.8650677,23.830221,75.17516
7,189.2803,3.2421358,0.58949107,2.1763375,12.784358,94.82423
8,214.60846,3.9263399,0.68012637,3.2375042,33.321213,96.58877
9,169.41574,3.4061882,-0.15694597,2.9877694,11.460194,61.04691
10,259.19028,5.939258,0.8125879,3.5390294,15.161416,65.36712
11,188.42923,3.48484,0.5901033,2.6271803,32.947,94.56457
12,183.63647,5.8058434,1.0540812,2.7814496,25.332176,97.79479
13,202.03186,3.3759072,0.21120855,3.017464,33.090862,93.08141
14,184.80133,5.488107,1.1424849,2.7657464,25.094986,96.82923
15,210.15453,4.267303,1.0934222,2.8610222,30.029911,86.677795
16,281.78445,5.940622,0.5736219,3.2743351,17.420702,64.13171
17,194.29623,3.3664715,0.4111025,2.8136046,33.793297,96.83314
18,211.57022,4.0462484,1.1009276,2.9615967,30.691214,87.75498
19,348.33862,7.1327214,1.4323199,3.632869,16.671795,59.12029
20,228.67091,4.329484,1.0919363,2.8334687,37.952454,112.315895
21,219.92093,4.2539563,0.89178485,2.7735493,28.331299,78.72332
22,334.78082,6.7601714,1.0169566,3.5168583,17.612038,62.6667
23,160.42097,4.7131486,0.6601116,2.4129403,20.906914,85.37328
24,202.22804,3.9809766,0.8129541,2.6283247,34.937115,101.926544
25,203.07886,3.5699575,0.81566066,2.715894,36.268414,102.56451
26,214.98392,5.8521714,1.8452933,2.6733143,14.679967,92.77418
27,164.80367,4.5318875,0.8908712,2.3407729,23.86166,85.03098
28,217.92728,4.2821655,0.92493075,2.6981385,28.716427,81.2668
29,201.73074,3.6723845,0.70537585,2.7475646,36.0908,102.072624
30,353.22922,6.812859,1.5158999,3.9202683,18.38232,59.13625
31,210.99625,3.3721259,0.5035669,2.8697302,37.114502,103.76864
32,191.03226,3.2809045,0.20086405,2.3794177,12.842569,101.31025
33,198.92566,3.6388245,0.5678732,3.0084908,31.200737,90.01191
34,267.23828,6.553783,0.99799556,3.9588673,13.390658,70.32278
35,262.45166,6.299865,0.9553301,3.8398468,13.819708,71.02984
36,174.42126,4.5769906,1.0265048,2.4182856,25.129822,89.60285
37,211.33669,3.50643,0.15028593,2.9871447,35.564976,101.53727
38,219.83092,4.750071,1.1684439,3.0195134,31.690317,94.097046
39,217.5448,4.153458,0.9233934,3.1580327,33.788055,95.77874
40,245.6226,5.730122,1.1867945,2.8325646,14.55703,62.0538
41,219.49936,3.7974646,0.82625026,2.902857,38.940437,110.50762
42,354.04993,6.8728623,1.4005587,3.939874,18.445242,59.663433
43,206.15753,3.944043,0.62693614,2.4492,11.931942,111.81542
44,224.139,3.769219,0.69676226,2.9742873,39.992615,111.651955
45,202.33629,4.2902946,0.78968066,2.951937,35.110954,104.24989
46,175.1585,5.3783584,1.01598,2.6552727,24.078922,92.729256
47,324.4669,6.069533,0.663624,3.3746617,18.582024,61.42836
48,258.34518,5.8991113,0.77281016,3.5199845,15.313633,66.830444
49,224.159,4.5046754,0.98067874,3.2991288,33.747154,99.33901
50,251.89886,5.2688017,1.3388045,2.9111874,30.562244,88.138405
51,194.76888,3.510452,0.56498927,3.038091,29.963219,88.152534
52,155.64551,4.792064,0.6602804,2.2953312,20.91632,83.140755
53,169.27281,4.5243063,0.208626,1.9667246,18.500687,90.014366
54,217.24889,4.3971257,0.7970049,2.8564217,27.147808,74.817665
55,210.92487,4.823855,0.8083765,3.1544402,35.922672,109.41505
56,165.45863,4.563514,0.48598883,2.6203358,26.247124,87.22679
57,171.09586,4.9568105,0.80986804,2.5325263,22.171888,88.9319
58,206.63156,4.112116,0.7328722,2.773599,34.77635,103.08174
59,276.9022,6.5927253,0.90788287,3.955579,14.293624,69.85923
60,262.1011,5.946525,0.77604884,3.509805,15.456454,65.06389
61,206.92712,4.2172713,0.9564764,3.092746,29.933924,90.85351
62,204.52322,3.637338,0.50665873,2.2968857,12.40403,108.068405
63,176.24866,4.0427513,0.36524126,2.234543,19.442938,88.60558
64,218.80962,4.2567205,0.99832743,2.6062005,29.666286,84.31667
65,200.50366,3.5792725,0.4540827,2.7781785,34.51368,99.13937
66,219.40065,4.414479,1.0790427,2.8326933,37.637234,111.26137
67,330.05258,6.7657695,1.5570223,3.6763928,15.937982,53.953396
68,240.97682,4.7179317,0.81285876,2.942569,25.933441,74.81942
69,342.2358,6.321922,0.7517702,3.8173134,19.609102,68.7979
70,228.58965,4.7338634,1.1176817,2.771928,29.445766,85.13053
71,170.07692,4.7207117,0.9109861,2.4046261,23.913479,87.252235
72,224.83218,4.757744,1.226002,2.9820912,30.568745,91.6452
73,169.9955,5.2359548,0.7852537,2.7075942,24.674885,90.314705
74,205.9203,4.15305,0.9237215,2.7847464,34.85048,104.07113
75,190.97827,3.2442825,-0.30917338,2.3442557,13.814457,98.93098
76,155.65378,4.654158,0.6816532,2.3113816,20.19917,83.16564
77,273.46408,5.6591725,0.82022303,3.181184,26.751785,82.362144
78,215.93088,4.0090394,0.85594577,2.5474045,29.780191,82.20879
79,173.59991,4.2329607,0.32476732,2.2929823,19.855503,88.487816
80,207.16867,4.28949,0.8790228,2.8321803,36.18662,106.07773
81,321.75015,6.6349454,1.575207,3.5972874,15.380551,52.4185
82,145.0115,4.300506,0.29201624,2.111108,11.379452,62.914383
83,156.01665,4.9564223,0.7148611,2.3467429,21.683834,83.45222
84,192.21832,3.1199467,0.08482954,2.9603837,31.255924,88.97654
85,196.36859,3.7038593,-0.5318926,2.255728,16.891161,101.645836
86,208.00708,4.1584506,0.93757075,2.6150572,28.402002,82.252846
87,200.48508,3.6929946,0.5638525,2.8761885,36.59311,103.32603
88,285.7319,5.8485265,1.0851958,3.3446286,29.758162,89.13319
89,275.03806,5.8884187,0.61362857,3.2332108,17.015806,63.839405
90,230.96164,4.6083016,0.79894465,2.868869,25.242468,72.84947
91,206.88843,4.2647176,0.92010707,2.765383,35.490715,105.3392
92,266.09653,5.5587544,0.89503497,3.1752713,26.977783,82.07221
93,155.44933,4.8014927,0.69638747,2.4698489,21.536362,83.24888
94,204.64629,3.52026,0.7282812,2.1533225,13.13106,107.34301
95,263.3486,5.9165606,0.70021456,3.4331067,15.798403,64.51282
96,158.89645,5.0141,0.90433043,2.4208386,21.46074,84.65735
97,167.1495,4.806579,0.990719,3.10592,12.129887,66.38285
98,330.0206,6.7538486,1.5060084,3.6627076,16.061985,54.337334
99,251.8635,5.4193826,1.0515025,3.0699074,26.947733,81.28829
100,239.96591,4.743195,0.84945506,2.9423668,27.637629,77.038956
101,216.72723,4.3187847,1.1180995,2.7064707,30.546703,86.990776
102,240.52591,4.776498,0.87345904,2.8270104,26.467152,76.136604
103,200.22282,3.988159,0.78347796,2.8135407,35.098915,102.58256
104,272.92004,6.606034,0.94701594,3.9752362,13.684244,69.42061
105,193.2208,3.6173103,0.8364126,2.8023036,28.252876,82.30775
106,275.45862,5.6643424,0.114277095,2.9398053,22.443575,72.39918
107,206.77438,4.35456,0.905821,2.8437026,35.622795,105.693306
108,217.30347,3.4604747,0.075321406,3.1098578,37.097374,104.42476
109,258.6276,5.560741,1.3356555,3.2837117,29.622255,87.16305
110,169.36346,3.6599355,0.0656912,2.8434594,11.783246,63.212254
111,182.04779,4.3767166,0.23593733,2.483806,21.1868,93.05768
112,225.6503,3.6542766,0.10154745,3.1762192,38.743988,107.97654
113,212.29044,3.8098426,0.6881792,2.8752835,38.190136,106.283516
114,219.67819,4.384678,0.95215625,2.8339074,27.999367,79.14087
115,221.83644,4.1870656,0.9011099,2.783189,29.724913,82.8392
116,197.39517,3.5240757,0.6193468,2.7749817,35.708942,100.99033
117,158.2416,4.989431,0.9079725,2.378956,21.195076,84.148186
118,330.00513,6.7573915,1.5200274,3.6653817,16.028555,54.246838
119,213.20392,4.6253533,1.1899283,2.8697388,29.081081,87.42649
120,211.06473,5.3108497,1.4949954,3.338384,22.351711,76.20336
121,170.12358,3.6241207,1.119839,2.9721978,11.821742,63.917084
122,184.97232,4.53101,0.7415373,3.491111,11.904474,66.59597
123,265.13553,5.6258216,1.1957018,3.2115624,28.789337,86.10455
124,176.2367,5.3282084,1.0004036,2.4795973,22.923536,93.11325
125,200.37587,3.6453354,0.51654834,2.6918967,35.41435,99.4399
126,158.8245,4.4028244,0.45847723,2.5786831,23.801128,83.376915
127,183.30664,4.9080462,1.2436278,2.4986184,24.57307,93.878105
128,160.52863,4.789888,0.63728637,2.5620406,23.27481,84.800934
129,163.88495,4.848827,0.73967,2.5340464,21.896854,87.32302
130,221.49504,4.5577655,1.024092,2.8714993,27.486404,78.77122
131,249.42633,5.3471017,1.3404925,3.167596,29.954689,87.95512
132,263.3012,5.492807,0.9070074,3.1650631,27.25544,82.01122
133,238.18857,4.993256,1.1754057,2.9434063,28.398031,81.74141
134,226.22238,4.405168,0.7601568,3.040271,35.33895,104.40788
135,166.45073,3.6601622,1.1644499,3.3475716,9.7495,53.40653
136,198.11853,3.1983345,-0.05504397,2.991524,32.66554,92.79766
137,167.1085,5.3690524,0.7710392,2.5405085,23.399408,90.384544
138,257.87735,6.057958,0.8999426,3.6770127,14.199507,66.406685
139,208.34581,4.3657947,0.8453924,2.9268267,35.79742,106.734604
140,206.51935,3.9604008,0.53111666,2.9769232,32.096603,96.23618
141,202.58783,4.444041,2.0483382,2.3160737,25.469936,99.10899
142,195.25156,3.1914198,-0.07269266,2.8903182,32.417557,92.29083
143,275.23376,5.617295,0.76362056,3.2892048,27.602972,83.21061
144,173.46506,5.4403887,0.71857566,2.7702124,24.951061,92.81101
145,167.05974,5.1939483,0.87046736,2.6196377,23.284117,89.38195
146,202.04526,3.350038,0.2086775,2.8961813,35.225525,99.071144
147,271.0483,5.387367,0.514723,3.0998185,25.801865,78.18734
148,215.80704,4.278251,0.5482895,2.3120873,11.10862,113.5202
149,260.7342,5.929116,0.75476474,3.5513566,15.43682,67.01266
150,245.1835,5.0928626,1.2694876,2.9173272,30.328754,87.622765
151,177.23062,3.994943,1.668711,2.067465,20.607988,87.19541
152,207.81287,3.4516816,-0.058196817,3.02292,34.215275,97.487236
153,205.32074,4.0685353,0.8496496,2.7728379,35.34269,103.23162
154,208.26239,3.887883,0.22797033,2.8262084,34.01022,99.671715
155,161.71129,4.7384763,0.7767164,2.3019316,20.53683,84.22576
156,181.11255,4.469604,1.3738501,2.361234,24.119164,91.509514
157,203.78851,4.097426,0.84903544,3.0749066,29.706322,91.32248
158,216.66171,4.069632,0.5458128,2.8766758,36.214737,105.662636
159,202.1572,3.9496236,0.8374216,2.6916554,34.846313,102.37661
160,211.09612,4.2295537,1.1926272,3.0294821,31.691158,90.463646
161,206.41362,3.423204,0.14126608,3.160208,33.213722,96.115425
162,212.5137,4.6732454,1.26841,2.8180182,29.410622,88.045425
163,216.0824,4.126907,0.9605562,2.835891,30.400387,86.717865
164,208.82333,3.8202336,0.561371,2.760051,34.976856,100.90806
165,258.2053,6.381183,0.57705516,3.192674,14.795207,63.873238
166,283.28238,5.7926583,0.6542818,3.225837,26.198841,82.0292
167,201.61063,3.8834283,0.659156,2.508403,11.014935,108.87728
168,159.38806,5.109244,1.4554884,2.9152033,11.958965,63.766006
169,189.68634,3.8369815,0.03112432,2.4482653,15.335915,65.16019
170,219.68167,4.226417,0.9509966,2.708398,27.832218,76.66811
171,276.51617,5.476707,0.32992193,3.194692,24.678303,76.62389
172,349.8705,6.605474,2.0201342,3.8197777,17.953312,56.520527
173,206.0384,3.5676062,0.39240858,3.0388834,33.67711,94.4745
174,217.09026,3.9489882,0.5825731,3.1760914,35.016846,98.82071
175,326.5903,5.199734,0.30239126,3.2511075,21.512947,65.56576
176,189.40091,3.267965,-0.10668066,2.3230736,13.793401,97.19189
177,199.39186,3.750332,0.7358038,2.811972,34.89725,101.669624
178,208.9082,3.8428242,0.76151675,2.6529496,27.967693,76.488335
179,192.2845,3.5453122,0.741131,2.8913233,28.581556,84.02439
180,163.37796,4.662946,0.7729799,2.529979,23.820097,85.63731
181,200.99338,3.2377303,0.51322,2.743025,36.800793,100.097145
182,288.86673,7.221187,1.3213141,4.873712,11.066054,81.57278
183,192.51245,4.318298,1.7840712,2.1247685,25.137207,94.419304
184,213.47226,3.7957206,0.83437175,2.7746785,37.41944,107.18996
185,204.64595,4.1684947,0.92443675,3.0585835,29.523102,89.86562
186,254.30328,5.4996734,1.4165461,3.070247,31.271147,92.70802
187,236.34378,5.2930856,1.0931094,3.100118,28.045193,82.215485
188,257.41522,5.9319005,0.82056636,3.531751,14.930461,65.26142
189,203.49933,3.4741204,0.3909838,3.1132605,32.47503,92.20713
190,279.65717,5.602508,0.32598516,3.0611985,24.196423,76.479965
191,168.77402,4.540733,0.41961882,2.374141,20.661728,87.75942
192,218.02103,3.6223714,0.16746542,3.0603259,35.504944,103.97477
193,166.38704,3.039226,0.63815135,2.3905003,12.07007,64.43732
194,212.69684,4.4052424,1.0135062,3.0809166,31.073536,92.84371
195,177.60403,4.4000072,1.0381491,3.2144997,11.599849,65.106316
196,209.9135,4.351864,0.9819185,3.0026505,30.773684,90.95849
197,247.95346,6.044126,0.50785273,3.0782082,15.037101,64.30257
198,215.0154,3.6419163,0.10938284,3.014849,36.759075,102.500725
199,208.43831,3.8527176,0.35765097,3.0431511,33.087128,96.27103
200,226.26675,4.75202,1.1289294,2.8527977,30.544346,90.225746
201,171.5549,5.3193793,0.57735556,2.6799004,24.901695,92.36236
202,197.61626,3.7186613,0.558634,2.766225,32.667824,98.36798
203,235.59279,4.8507657,1.1475089,2.8689778,29.729725,84.78707
204,257.10574,5.2022047,0.7061197,2.9908516,25.256895,76.88173
205,268.32965,5.5230284,1.0067618,3.2122662,28.362623,84.353096
206,301.0262,6.5925355,-0.82880193,3.193,18.354244,78.16088
207,276.93237,6.622334,0.9176428,3.977296,14.139492,69.77369
208,276.03555,6.4694734,0.84616107,3.852588,14.681811,69.058304
209,164.63704,5.122607,0.7936861,2.5365822,23.007648,87.68336
210,153.81659,4.0298314,0.22470114,2.021599,11.934565,63.99458
211,213.0939,3.5600283,0.17407247,3.1003735,34.51777,99.999
212,170.31042,4.870658,1.1426833,3.189273,12.2594,67.214714
213,217.54308,3.7988298,0.29961988,3.1302063,35.66861,100.37786
214,216.36024,4.2214117,0.8299467,3.185548,33.08083,97.1596
215,203.58347,4.015236,0.99207324,2.8918307,29.875237,86.34545
216,171.90598,4.8038936,0.9912159,2.4117577,23.447334,88.132614
217,167.47769,5.0698633,0.5827276,2.6489193,24.565296,89.03616
218,166.6487,4.880483,0.63586825,2.7634919,25.146267,88.37507
219,171.32523,4.7175183,0.8195116,2.5339463,21.845133,87.66108
220,183.6784,3.3263981,0.6248209,2.8094075,27.168047,80.48438
221,178.23041,4.469516,1.6177046,2.9050295,12.595315,73.1385
222,298.64462,6.408913,-0.773506,3.2890122,18.495684,76.27105
223,160.28738,4.436126,0.74802417,2.3722165,23.223732,82.74018
224,204.21332,3.7972577,0.59895915,2.667147,35.67454,101.55269
225,245.20645,5.071558,1.2850802,2.9883587,32.414978,94.968864
226,277.38422,6.355778,0.76510066,3.7478173,15.3090515,68.41691
227,250.77675,5.112742,0.9247324,2.9558537,26.054726,77.90887
228,171.12286,4.1612005,1.3415139,2.3481162,18.188168,78.30027
229,164.38443,5.203923,0.7643129,2.5272563,22.9492,88.6101
230,236.5083,5.45209,1.0333655,3.1478798,26.529842,79.31189
231,192.8351,3.890837,1.4954484,2.224645,14.64509,91.820656
232,192.50198,3.5496967,1.1410697,2.4934685,11.7593155,105.40342
233,204.53311,3.550791,0.100025386,2.8443615,34.140926,98.56686
234,154.56978,5.0404325,0.8218834,2.2368195,20.661873,84.30274
235,215.98257,4.187885,0.85840243,3.0099366,37.78533,110.55059
236,207.18463,3.9604585,0.7778761,2.7630475,36.04036,104.12154
237,192.34514,4.4543176,1.9171298,1.9688303,21.776485,93.97637
238,163.58954,4.483017,0.9247629,2.2716153,23.123709,84.26859
239,238.01672,5.0115013,1.1917174,2.705869,11.352016,118.16477
240,177.24832,4.0274425,0.87192553,3.4432538,12.033248,62.55189
241,225.53442,6.5571685,1.1692469,3.4848797,32.06226,118.44398
242,261.16165,6.0645366,2.9198687,2.789943,32.65111,122.16374
243,294.65656,7.4096627,1.2539904,4.7267413,11.763823,79.15191
244,258.81662,5.9476924,0.81799716,3.5411942,15.066254,65.353035
245,188.83577,3.3583968,0.8141386,2.8412688,28.410841,81.15032
246,156.5439,4.612437,0.5785505,2.3700898,20.554012,83.70016
247,178.6789,5.670472,1.0379927,2.6677516,24.337072,95.29903
248,163.52101,4.554755,0.76811236,2.4614832,23.615896,85.32989
249,157.10532,3.857271,1.8927577,2.3879874,10.839053,61.226036
250,164.31537,5.126351,0.9484884,2.3507712,21.6223,87.25135
251,188.97061,3.3165562,0.3147814,2.5832675,32.991787,92.44631
252,217.80457,4.4257345,1.1029398,2.9911501,30.613174,90.64022
253,211.6586,3.83677,0.31755087,2.1983273,11.628603,109.454185
254,170.3307,4.9564033,0.84737796,2.630646,24.394386,89.32311
255,207.6054,3.8395822,0.27180693,2.8070157,34.59427,99.89854
256,203.53983,3.826124,0.5168192,2.9170678,37.295902,105.24055
257,249.94727,5.360517,1.0218432,3.0586712,27.061897,80.83561
258,216.42369,4.3200307,1.0553153,3.1404622,31.534817,93.27053
259,212.08667,3.955323,0.8836767,2.562359,28.944643,80.49114
260,191.96005,3.476293,0.6886675,2.9345238,28.89423,85.000404
261,170.98193,5.296952,0.5676424,2.6328108,24.677399,92.129196
262,254.14172,5.044681,0.33870718,3.1124737,24.70931,73.07018
263,230.9295,4.6678586,1.1020129,2.77403,28.622726,80.82979
264,216.11368,4.1596446,0.8762323,2.6967804,28.694134,80.428825
265,210.0167,4.0747457,0.8922102,3.092744,32.447327,93.49001
266,253.20422,5.312885,1.3492625,3.1622765,31.844114,93.063835
267,166.55197,4.5985804,0.8948385,2.4109137,24.304798,85.96894
268,200.81676,3.4107404,0.26748297,3.0960944,32.25757,91.98382
269,168.40427,3.3274121,-0.0036638118,2.7550385,11.6185875,62.00243
270,169.83267,3.4309275,-0.09452799,2.870639,11.633879,62.027153
271,343.6014,7.3530087,1.356663,3.8913891,15.368076,62.911106
272,229.45218,4.617829,1.0133612,2.7961113,29.530956,83.0527
273,216.63123,4.466147,1.2548048,2.8467133,30.793743,89.18507
274,206.8952,3.404981,0.04043981,3.0806038,34.31922,99.3473
275,207.82239,4.321606,0.7680685,3.0606263,36.20269,107.177025
276,161.03998,4.887425,0.7286102,2.4757998,22.32417,84.70114
277,164.73927,3.5115244,0.5497915,2.591802,11.409008,68.765785
278,165.94528,3.23116,0.325721,2.2175124,12.200733,90.87737
279,170.77802,3.4475458,-0.20514086,3.033209,11.471294,61.353027
280,166.17105,3.434661,-0.17674425,2.7648003,11.643947,62.199944
281,263.06522,5.2018743,0.68500537,3.0377057,27.102736,79.135
282,266.22278,5.2799516,0.83327883,3.1563447,28.014523,81.67643
283,250.3468,5.2489333,0.69312495,3.0353844,26.717121,77.6619
284,195.49207,3.5578344,0.31922743,2.7209733,33.19834,95.812
285,196.53757,3.534488,0.7010328,2.7973292,34.52294,99.853645
286,188.44356,2.9121428,-0.004998956,2.7617533,33.157356,91.49004
287,229.00844,5.3858957,1.2958491,3.2146885,27.84877,87.1177
288,170.63612,5.175161,0.8430416,2.6221173,23.119156,90.89913
289,163.32599,4.5544343,0.47833368,2.6621068,25.680195,86.49117
290,239.21231,5.6783857,0.50362605,2.9903595,14.881285,63.822475
291,261.13815,5.9204335,0.7418863,3.5451462,15.57528,67.133705
292,259.5799,6.4065785,1.6133807,4.667728,8.863024,79.33649
293,234.38382,5.235393,1.1167071,3.0563939,28.821075,85.43688
294,212.7821,4.0294814,0.94073886,2.580476,29.731373,83.01014
295,237.06502,4.7319193,0.7550623,2.8832371,25.074005,73.381035
296,180.6665,5.405127,0.918421,2.8181412,25.090744,94.36323
297,264.57303,5.8554544,1.0938094,3.7556088,14.062853,70.84222
298,305.4518,6.232487,0.58601016,3.440614,16.771925,61.622284
299,256.4921,5.9326262,0.8329317,3.5456345,14.755127,65.35669
300,180.94981,4.095103,1.3514473,2.4940388,20.542274,86.08622
301,193.61545,3.7070143,0.21512434,2.728328,17.345514,105.98628
302,199.90161,3.6751482,0.60184497,2.7767012,34.617302,100.51597
303,164.94922,4.8115497,0.6898777,2.649175,23.599873,86.541115
304,218.28772,4.635325,1.1185133,3.0975163,31.680138,94.2199
305,203.40463,4.246384,1.2113593,2.0255587,11.243853,100.78039
306,249.25906,5.580273,1.4113696,3.0810196,29.74893,89.69512
307,238.00737,4.312771,1.1084712,3.024461,40.31726,117.6197
308,347.57755,6.4917912,1.8224871,3.7737992,18.169056,57.080894
309,217.94453,4.334534,0.97632617,2.8054898,28.929792,83.33346
310,206.28226,4.0500026,0.92713183,3.0013306,30.985565,89.833336
311,218.22601,3.6968877,0.40556738,2.9725134,36.018623,105.17934
312,234.37576,5.6169972,1.2907546,3.298528,26.703585,82.29924
313,170.84915,4.5998225,0.6792833,2.5743086,22.467426,87.87061
314,190.57762,3.1482778,0.09878084,2.3504813,12.726711,99.219154
315,221.0433,4.2517095,0.9531023,2.6925213,28.605455,79.23431
316,178.95786,4.497047,1.2915919,2.2131293,22.549145,90.230484
317,357.46072,7.249779,1.352112,3.7544758,17.464148,61.384342
318,249.40765,5.8372126,1.619528,3.0305893,30.35112,95.46332
319,176.76643,5.280149,0.82335967,2.7988045,25.57616,93.095924
320,195.0708,3.8740394,0.8719227,2.6551325,13.875776,108.87189
321,211.59853,3.9948683,0.62071437,3.1110528,33.00663,95.58466
322,177.79614,4.378895,1.3929713,2.7987292,12.133957,71.98
323,173.00403,5.256562,0.9553024,2.6581547,23.168613,90.39527
324,337.72318,6.798905,1.0406992,3.5140164,17.790928,62.743706
325,255.47392,5.4082,0.9116766,3.061599,26.70773,80.41726
326,213.64438,4.5440497,1.0262167,2.8138,28.422565,84.31354
327,202.66531,3.551696,0.044321265,2.8636744,33.034473,96.805016
328,165.94504,4.610498,0.91687125,2.4165843,22.764008,86.012
329,163.18298,3.2618995,0.22565481,2.3249238,11.866264,65.22825
330,151.85742,4.0812984,0.33654425,2.587968,12.894603,69.57435
331,210.594,4.2839227,1.0078948,2.781459,36.440857,107.346695
332,227.36142,5.0418863,1.4268363,2.8308365,31.266396,93.14176
333,226.35303,4.729343,1.1394522,2.9508297,38.451668,115.21012
334,231.04245,4.8797393,1.2822325,2.959266,38.33959,117.19265
335,206.714,4.2155786,1.1807272,2.782634,34.632034,104.19416
336,153.0476,4.6245604,0.5328323,2.4650872,22.527557,81.316216
337,173.99127,4.8930316,0.58857363,2.452861,21.800354,92.291725
338,212.3381,4.7654624,0.8779184,3.095256,25.388742,73.30304
339,292.49243,7.3431973,1.2284815,4.7020335,11.890703,78.85818
340,195.98355,3.7049205,0.79694,2.7090514,34.272186,99.61392
341,193.55933,5.934945,0.8666727,3.0412724,27.649265,102.89913
342,201.73386,3.5580866,0.59478015,3.1403039,31.149242,90.79191
343,210.5325,3.7607152,0.1700041,2.968671,34.446785,100.46467
344,177.42912,4.837003,1.0315707,2.6899788,26.482998,91.802956
345,209.15399,4.0595956,0.67002505,2.788664,35.646416,104.01469
346,236.6941,4.8855305,1.0993388,2.9346287,29.77122,84.85573
347,232.35684,5.076684,2.456652,2.618276,29.462618,112.42567
348,203.07329,3.9696321,0.8563959,2.6634886,35.515793,103.13561
349,194.33705,3.8624213,0.8759691,2.6422055,13.792139,108.500206
350,229.79796,3.9044352,0.60435313,3.0764887,40.334473,113.13019
351,201.21614,3.8541214,0.59665126,2.688495,34.419033,100.50091
352,308.6434,5.736542,0.74955386,3.21754,17.529243,58.66498
353,204.46721,3.772166,0.25924322,2.7994616,33.469666,98.58135
354,173.39339,5.396196,0.9494936,2.5389454,22.65831,93.1255
355,218.65436,4.3772774,0.9978449,2.810691,29.122631,84.37556
356,254.93457,4.9888086,0.6645681,3.0678113,26.326576,76.639565
357,154.64842,4.813936,0.69128627,2.3716404,21.494339,82.66922
358,252.153,5.1443176,1.0878813,2.940242,28.211481,81.71785
359,209.19421,3.885886,0.45447943,2.9296057,34.038597,101.125305
360,203.18074,3.337298,0.09436819,2.8882048,34.293922,97.53089
361,168.10132,5.2001843,0.95309466,2.3189862,21.010597,89.4515
362,213.49008,4.2150583,0.43693468,2.3238242,11.007097,112.38446
363,190.96701,3.6296756,0.06653425,2.4817908,14.72945,104.01585
364,206.80649,3.3256638,-0.04289988,3.0058692,34.594955,98.430824
365,202.12166,3.626662,0.6849653,2.8284028,36.3356,103.2638
366,209.45279,5.438917,1.8531878,3.4905102,22.295238,83.178825
367,164.48279,4.781677,0.73549575,2.574674,23.436464,85.99705
368,172.19632,3.450927,0.6935198,3.2541487,11.327778,68.01541
369,207.83191,3.6917744,0.67635745,2.7863123,37.87299,106.20707
370,175.29836,4.5367393,1.1485941,2.4674122,23.12711,88.10571
371,207.00171,4.373819,1.051861,2.9489863,28.906101,87.17504
372,191.26608,3.1396725,0.26593038,2.7130253,34.29362,94.59356
373,225.20407,4.1120925,0.78983897,2.9289372,37.149033,110.10778
374,167.16257,4.772781,0.9695341,2.3992846,22.966301,86.62101
375,192.08623,3.0728142,0.21023104,2.2416174,12.698852,99.093414
376,202.8621,4.0133085,0.9797308,2.8813365,29.732525,86.162636
377,328.0246,6.7146707,1.4485667,3.6220047,16.054798,54.54112
378,220.59268,4.5882387,1.0262682,3.1289055,33.140625,96.860596
379,160.42792,4.9232435,0.66835994,2.5541766,23.092102,85.18827
380,223.92195,5.002301,1.3024371,2.918094,31.608574,94.29835
381,159.45456,4.8319163,1.597954,2.6939309,11.798455,63.0868
382,195.07495,3.4552438,0.05909845,2.2608502,11.1405115,101.67418
383,211.23524,4.2761426,0.41824076,2.3890374,10.115314,111.216866
384,279.12332,5.5209403,0.32709333,3.2218544,24.990479,77.28092
385,162.32372,3.2648268,0.25838682,2.3110278,11.755475,64.99058
386,164.82733,4.5806007,0.800811,2.5332778,24.145506,86.09861
387,258.06915,5.7345624,1.5312216,3.186559,29.543575,88.670265
388,211.50331,5.10018,1.2737048,3.2759373,24.182934,76.21041
389,213.31602,4.2046514,1.0534194,3.020367,30.747656,89.90771
390,188.54355,4.5147376,1.6108992,2.3464634,24.271591,94.325165
391,202.74356,4.1262183,0.79170054,2.7509692,35.44426,103.68011
392,173.289,5.185353,0.66522616,2.7347558,25.41262,91.838264
393,262.301,5.367293,0.9943945,3.178674,28.318531,83.1016
394,198.50471,3.2507627,0.13001272,2.9382765,32.968395,90.54396
395,157.10165,4.8738565,0.77382773,2.3290083,21.648333,83.4206
396,177.2333,4.32402,1.6277773,2.8315547,13.087417,72.91543
397,215.3972,4.143632,0.9684488,2.644171,29.903942,84.58375
398,268.28174,5.289067,0.48926756,3.0930283,25.521204,77.08005
399,185.04971,3.305019,0.41578886,2.523328,32.65524,91.96473
400,258.80872,5.967591,0.82539195,3.5645401,14.931991,65.45667
401,212.57675,4.0989933,1.03319,3.070596,32.40045,91.676544
402,211.32187,4.131531,1.017031,2.8490698,29.930696,85.76156
403,250.07784,4.837712,0.71028537,2.9384816,25.561321,75.194016
404,212.50273,4.159129,0.65985125,3.0703623,32.74153,98.01409
405,162.52975,4.0371146,1.7302954,2.5955489,11.41169,62.788944
406,190.28209,3.6416857,0.8126604,2.6723778,27.5455,78.73267
407,174.40466,4.5306,1.1206896,2.4137623,23.858883,89.26123
408,250.23746,5.5719814,1.0141242,3.0978692,26.886086,81.65381
409,192.38712,3.8492148,1.2112505,2.1667445,14.317806,92.720604
410,188.75664,4.6665044,1.3789351,2.3395503,23.358429,94.92837
411,228.88309,3.8868868,0.25469992,3.3382046,37.244057,106.21267
412,218.01761,5.099773,2.4906352,2.2250073,25.345491,102.48188
413,200.96713,3.8453124,0.58703727,2.3868706,11.687168,108.76971
414,213.80536,5.390249,2.9020102,2.0909073,12.183992,96.5756
415,185.3772,3.0577443,0.011926856,2.640094,32.113136,89.09069
416,204.66934,3.8570921,0.43916914,2.7114804,34.70176,100.14013
417,215.4639,4.445417,1.2158759,2.9622757,31.86842,91.57441
418,236.66844,5.2499995,2.398865,2.5758488,30.685495,110.90093
419,254.09976,5.8961473,0.8462011,3.5312378,14.624264,65.48213
420,207.45013,3.7748616,0.1990721,2.8319886,34.469627,99.3661
421,159.51523,4.9538517,1.6616156,3.1564038,12.13398,64.721085
422,177.08809,4.3511486,1.55147,2.8319867,12.535304,72.42907
423,215.67804,3.88444,0.82017344,2.8376276,38.250534,108.05798
424,206.68848,3.5408494,0.15096113,2.9072878,34.372635,97.209625
425,281.50513,7.0527687,1.3926413,4.7603564,10.33698,80.66789
426,354.2039,6.7683673,1.701958,3.925729,18.318699,58.434223
427,249.43785,5.5114455,1.4318106,3.0705216,29.708626,88.828674
428,247.83221,5.30858,1.3075945,3.04976,29.825323,86.965385
429,170.581,4.7593284,0.7231905,2.6820376,24.091629,88.70003
430,244.06395,5.8869195,0.53391284,3.038211,14.770035,63.88209
431,215.40201,4.2271066,0.9046995,2.7733204,28.061481,79.09139
432,196.0033,3.1214688,0.04769918,3.0098898,32.16179,90.485435
433,228.41653,5.0496583,1.3320391,3.0674584,32.32747,96.94689
434,204.08527,3.7041225,0.23394987,2.7865918,34.19461,98.81002
435,238.87787,5.419589,2.6022112,2.5835965,29.737682,114.439224
436,208.11162,3.4907987,0.24551412,3.1459172,33.701233,95.65661
437,161.96817,5.206166,0.6976034,2.3956654,22.455185,88.087906
438,222.58408,4.226522,0.94590014,2.7031662,28.739765,78.695244
439,171.03307,5.289971,0.57655734,2.6340697,24.64471,92.06624
440,259.1022,5.624683,1.4670947,3.155616,31.465954,93.26879
441,165.05508,4.2253213,0.92097205,2.4016392,22.654503,83.46124
442,224.93033,3.8138845,0.3055422,3.027633,37.348427,106.90153
443,198.3453,3.517975,0.18299314,2.3231976,11.638447,104.3178
444,254.1932,5.3211055,1.2334921,3.1792195,29.316788,84.84215
445,204.43065,3.7056773,0.34210226,2.830868,34.185307,99.91687
446,169.24461,4.720869,0.99008006,2.4030316,23.31583,87.45736
447,223.74934,4.3758607,0.98878497,2.8000824,29.882133,85.40157
448,221.3551,4.54109,0.8957502,2.4200165,18.15849,64.00989
449,205.20433,3.798487,0.31344435,2.7658837,34.508297,99.62302
450,223.09982,4.2598104,0.92492884,2.8273404,28.469616,78.084785
451,260.08838,5.9157157,0.7815134,3.4915383,15.349692,64.96929
452,208.66782,3.8217077,0.667082,2.7719014,35.34043,103.332245
453,213.57852,3.7816348,0.5127298,3.2189915,33.550888,97.399666
454,237.36618,4.8169217,0.32026884,2.8345234,23.261202,68.78044
455,195.77425,3.4044728,0.5902521,3.0012028,30.568544,87.39183
456,220.91702,5.26821,2.7094805,1.987922,11.372973,102.13394
457,167.88733,3.1424046,0.022000518,2.4370368,14.141933,91.84414
458,203.83022,3.7690988,0.71915454,2.7501976,35.2921,102.409706
459,158.42882,4.310839,0.39181158,2.2235482,19.48865,82.713326
460,213.96826,4.335719,0.84428805,3.0770714,32.485916,95.216446
461,190.66151,3.3708894,0.09068796,2.338565,12.893633,101.37393
462,153.40953,4.435136,0.61212844,2.4034646,22.49199,80.84954
463,218.05504,4.4139414,1.0966971,2.9161055,30.145737,88.65628
464,228.50606,5.024901,1.0055659,3.0254471,27.833998,81.125725
465,207.20955,3.5603354,0.30327055,3.2252676,32.701035,96.01026
466,266.99686,5.3113103,0.68678874,3.1140091,26.910835,79.907166
467,217.64076,3.911848,0.84493273,2.8381865,38.495674,109.271484
468,209.17638,3.7194226,0.236438,2.225794,11.716194,107.805244
469,262.98163,5.943318,0.7336237,3.571401,15.911203,68.12217
470,300.1553,5.9369025,0.34796736,3.142093,24.534096,79.759285
471,153.40356,4.7278047,0.71478766,2.341636,21.411406,81.280106
472,204.34244,3.3983018,0.3780615,2.8622572,36.29684,101.0219
473,212.44916,3.7152336,0.4802687,3.143288,34.639606,96.7924
474,213.72675,4.1953883,0.92999095,2.62239,29.02015,83.09476
475,221.15967,4.591269,0.6769144,2.2843697,19.149277,68.242775
476,217.94757,4.1034117,0.716757,2.8092873,37.70533,107.0951
477,204.04584,3.405476,0.3804724,2.803964,35.943653,100.46057
478,163.64767,3.5519128,-0.10149267,2.3214114,16.59082,88.565895
479,199.30493,3.5116024,0.6232626,2.774996,36.299297,101.93899
480,228.85481,4.495541,1.0409682,2.7982628,28.20602,78.08116
481,218.21713,4.156177,0.92718714,2.6572373,28.605434,79.19549
482,202.03337,3.32777,-0.11044291,2.8433592,34.269672,95.72192
483,167.11603,4.978566,0.8733856,2.5215867,22.924017,87.90913
484,182.98573,3.4035146,0.7991678,2.4506524,12.001364,99.79003
485,229.021,5.350911,2.5609133,2.3838875,27.762188,107.945564
486,197.82645,3.6560433,0.956999,2.8248284,28.984634,82.933365
487,170.85045,4.5111675,1.5335257,2.5345986,12.332476,68.45306
488,228.16211,4.8551283,1.0814021,2.9647954,29.298267,86.01961
489,225.67682,4.542359,0.9915907,2.8361695,28.031677,78.91948
490,233.86292,5.069847,1.3666098,2.930381,32.75857,96.01768
491,220.91965,4.4353547,0.99209994,2.8551667,28.494642,81.54861
492,200.35979,3.980903,1.1163332,2.6142647,12.861591,111.03834
493,203.97441,3.7178414,0.53305453,3.1038535,31.787146,92.83761
494,220.32687,5.3394666,1.4695437,3.0126584,28.792883,92.655624
495,211.01886,3.8056839,0.55849284,2.206116,12.326654,109.77009
496,270.01382,5.39218,0.43559286,3.1228383,25.675535,77.35511
497,223.59505,4.291136,0.9220926,2.80989,28.910397,79.97207
498,337.06863,6.796413,1.0179179,3.548486,17.727747,63.046883
499,169.45966,5.40295,0.76656455,2.6873887,24.130325,90.86816
500,199.64911,3.212214,-0.11911562,2.883713,33.669308,93.01781
501,152.24184,4.7342157,0.73500746,2.3391125,20.666183,80.45907
502,410.73654,7.814589,-0.2789953,4.4279647,24.69829,75.93301
503,199.81265,4.5278864,1.7402632,2.3804238,14.178675,92.2882
504,260.2534,5.045174,0.5362455,2.9992592,24.759478,74.822716
505,216.38737,5.233666,1.3307517,3.3170922,24.634785,78.2959
506,221.2926,4.8172684,0.9554655,3.0526783,26.755264,77.31609
507,209.9703,4.2443776,1.2516844,2.8556893,30.348566,86.8617
508,269.44962,6.5605054,0.977009,3.9648602,13.514818,70.04255
509,347.9715,6.519426,1.9858744,3.783069,17.971771,56.4024
510,245.88042,4.813761,0.888962,2.9580777,27.055817,77.27959
511,203.52478,4.1220474,0.89643687,3.0852187,29.625704,90.267166
512,368.1453,7.387053,1.3924677,3.8440106,18.0518,62.604668
513,198.68057,3.9652886,0.66906565,2.8637364,34.8606,102.18928
514,210.23422,3.6119885,0.71677226,2.803798,38.301235,107.246635
515,152.66469,4.8036265,0.7172405,2.3477795,21.069351,81.23835
516,235.18506,4.8505106,1.1625235,2.9513695,29.154728,84.19987
517,203.5491,3.9422438,0.4404976,2.3942006,11.135212,108.35068
518,276.01233,6.618899,0.9199869,3.9755223,13.975725,69.345695
519,178.78265,5.3680243,0.91152304,2.8168747,25.318138,94.23017
520,204.91144,3.534791,0.6440107,2.7316163,37.40525,103.02281
521,216.00407,4.4898963,0.97214717,2.9044354,36.967377,110.1642
522,212.92294,4.56163,0.87818927,2.975672,27.5484,80.065865
523,207.96506,4.0457945,0.785721,2.746177,28.125565,78.88552
524,207.6175,3.8554235,0.9596521,3.0399888,30.914816,88.34197
525,327.3948,6.036649,0.76551074,3.3761666,18.722971,61.254364
526,202.53033,9.368555,-2.0562856,-0.39544553,13.636682,78.86774
527,197.30927,3.7097142,0.7901003,2.9495356,29.253914,86.339455
528,291.51944,7.2921357,1.2149012,4.6856666,12.060969,78.62183
529,181.31635,4.554212,1.2634375,2.485161,25.405102,92.309715
530,291.24173,5.6870103,0.62003154,3.2382233,27.126472,83.13559
531,193.88046,3.2513533,0.081918925,2.8342507,32.772346,93.19859
532,239.18248,4.50495,0.63801783,3.0309784,38.086372,114.04741
533,166.8045,4.853127,0.96077746,2.4959872,23.357903,86.77496
534,262.77817,5.9785886,0.7492086,3.540664,15.294574,66.488914
535,251.05719,6.180761,0.5216772,3.106641,14.936573,64.16578
536,268.80002,6.6437593,1.0454867,4.04112,12.9407625,70.77243
537,204.46971,4.1492205,0.79614085,2.7925646,35.79897,104.62795
538,215.36017,4.5356135,1.06691,3.079038,29.817574,92.8128
539,165.28168,5.1597543,0.79023665,2.4031613,22.42247,88.7006
540,300.25253,6.113772,0.34409544,3.0863488,23.134398,78.66326
541,226.64091,5.246325,1.4371722,2.9953644,30.992851,94.824486
542,162.8356,4.899119,0.91191405,2.377128,21.536165,85.75172
543,303.58963,6.5237823,0.6452791,3.6533349,16.410261,64.42024
544,198.16193,3.3769069,0.33906385,2.8332016,34.884678,98.66889
545,206.303,4.0089736,0.924637,2.177869,13.180101,102.10263
546,205.28934,4.074283,0.863722,3.136987,30.264118,91.38984
547,195.7872,3.6189966,0.5105993,2.7246974,33.76433,97.4911
548,170.08252,3.508435,0.47745344,2.6896756,10.562271,60.816044
549,164.55605,4.831749,0.82462806,2.4745324,22.70271,85.77073
550,221.82278,4.393431,0.9888937,2.8277524,28.4352,80.16809
551,270.7479,5.2997317,0.43195936,3.1623452,25.524006,76.91004
552,236.62137,5.0446467,1.3460333,2.8936055,33.010437,96.28855
553,167.2509,3.0983021,0.63667697,2.4301407,12.08515,64.40214
554,205.02733,3.5769036,0.5031187,3.167126,32.039646,92.92718
555,328.24625,5.993851,0.8296816,3.3635857,18.759064,60.889084
556,319.39453,6.502683,1.7457163,3.528848,15.242581,51.155224
557,215.97867,4.4757724,0.95737094,2.9440196,36.98171,110.22193
558,209.85513,3.9528615,0.93305033,2.756882,29.67474,83.74224
559,307.16638,5.863255,0.2955725,3.3723366,18.952633,68.09413
560,153.25836,4.7489915,0.7544643,2.3743727,21.530575,81.37233
561,208.44655,4.4614367,1.0977385,2.9114945,28.65558,85.69549
562,288.4026,6.1236978,1.29229,3.353185,30.84941,93.03866
563,158.90417,5.1022,1.435219,2.86459,11.885706,63.379955
564,204.69238,3.9525762,0.86186427,2.7505343,35.76251,103.495995
565,296.2775,6.597483,0.97159594,3.687217,14.115825,62.50727
566,201.23167,3.4277422,0.66623896,2.711262,37.023434,102.62475
567,209.7298,3.5633078,0.70374316,2.8116448,38.42221,107.025185
568,219.3066,4.687505,1.281502,2.8188527,30.691168,89.97144
569,171.31018,4.6151385,0.68848914,2.6549914,26.286888,89.0736
570,250.37265,5.176397,1.2645648,3.16175,30.053785,85.99236
571,166.59528,5.307843,0.83911055,2.628524,23.448069,89.012695
572,159.72327,5.08782,0.69612616,2.294762,21.808504,86.51741
573,167.78342,5.2946086,0.89576644,2.6031945,23.26323,89.379845
574,275.45737,6.492185,1.325743,4.4954867,11.445466,74.97137
575,245.7831,5.126808,0.7717268,3.0357697,26.313623,77.19578
576,171.63458,5.2844276,0.56572264,2.6167185,24.601719,92.38578
577,261.52222,5.143233,0.6020548,3.0960877,26.29204,77.41701
578,239.92657,4.68422,0.99949473,2.8136017,27.349884,77.42967
579,262.73056,6.329638,0.57648295,3.272977,15.123594,64.46166
580,215.60455,3.9408646,0.752371,2.8574145,38.10074,107.48936
581,173.68784,4.726341,0.87036437,2.6262982,24.819866,89.55743
582,199.34552,3.450912,0.13209364,2.8541424,33.00726,95.903984
583,257.81277,5.924086,0.8106634,3.513219,15.019602,65.01925
584,198.80252,3.696036,0.7367231,2.5698044,27.570404,76.93297
585,201.74501,3.9876344,0.8415987,3.0610058,30.493675,89.82072
586,223.412,4.682877,1.1311285,3.147237,31.420507,95.309364
587,223.67969,4.769957,1.0464861,3.012439,38.101562,114.39281
588,261.63092,5.951384,0.7535402,3.5477726,15.357796,66.77791
589,202.58133,3.957671,0.96383303,2.9119618,29.933891,86.48312
590,248.36833,6.0511928,0.50359935,3.0838597,15.016472,64.29215
591,227.39293,4.4240737,0.79536647,2.9645627,37.405758,111.37558
592,201.27484,3.5913427,0.66514224,2.7391741,36.495857,102.782616
593,229.2052,5.2939973,1.3149359,2.9563344,28.750359,89.66996
594,161.90305,5.0318465,0.9820425,2.41482,21.262531,85.64478
595,200.12857,3.5269969,0.35538885,2.7057993,34.592964,97.15049
596,185.56113,5.130884,1.0831368,2.6862614,26.991846,95.49003
597,293.05624,7.3692803,1.2627337,4.7535586,11.588303,79.64352
598,200.49673,3.5512416,0.45552465,2.6907713,35.26007,98.492805
599,355.31366,7.2861667,1.3721507,3.7454846,17.135864,61.304996
600,194.34586,3.1408582,0.36333963,2.2486403,12.7185135,101.60244
601,240.58174,5.396563,0.768223,2.3533986,18.714672,65.55796
602,199.02023,3.5962327,0.22716162,2.9010813,31.658216,93.330696
603,194.88808,3.7133734,0.7330877,2.8015473,32.330215,98.45286
604,249.43277,5.374802,1.4048064,2.9523633,33.1049,98.39614
605,257.57904,5.900603,0.8026964,3.4937298,15.116211,64.998505
606,175.80348,4.8617816,1.0337088,2.46548,23.932579,89.802864
607,207.76736,3.8529098,0.8163416,2.6541426,27.973167,77.14243
608,217.05214,4.5225835,1.1519911,3.0147946,30.577034,91.52256
609,274.3741,6.5555034,0.9128496,3.9400132,14.158443,69.749565
610,216.18051,4.2240515,0.6972324,2.5494092,11.753193,115.83566
611,222.54346,5.171902,2.5285037,2.3175194,26.407059,104.58815
612,216.2687,4.180825,0.7652113,3.135977,33.66765,97.25856
613,227.3157,4.5739455,0.9417898,2.938453,27.692358,76.09817
614,220.82243,4.234452,0.9493982,2.6907685,28.643478,79.30359
615,270.64417,5.722861,1.3719943,3.2676785,30.501503,89.97526
616,174.40407,4.8321023,0.8317072,2.599847,22.481026,89.44408
617,176.18712,4.8483424,1.0867283,2.4525578,23.811468,89.755775
618,331.37668,5.947392,0.87037295,3.342664,19.020252,60.787434
619,227.26396,4.6620283,1.1129153,3.2729485,33.583687,98.63982
620,203.22113,3.48245,0.53824824,2.7630608,36.798264,102.6437
621,211.64932,4.1448226,0.62333316,3.0546763,32.61237,97.92994
622,347.77856,6.067597,0.6940653,3.677953,20.935848,67.96076
623,199.9104,3.9127243,0.7796194,3.021436,29.98994,90.96476
624,214.25873,3.991666,0.72782916,2.754905,37.26041,106.10284
625,192.9781,3.34736,0.54767054,2.9725573,30.048172,86.40542
626,209.41666,4.009683,1.064379,2.7096837,29.834557,83.94396
627,194.4192,3.358127,0.19175741,2.7885668,32.776234,94.22175
628,209.29971,3.8216784,0.79793566,2.8102858,37.038868,106.714905
629,365.07678,7.3496146,1.4105608,3.8123047,17.807495,62.003326
630,162.12926,4.267661,1.680754,2.7014048,12.620855,68.32728
631,309.2345,6.624208,-0.8911703,3.091779,18.953348,76.88122
632,263.59354,5.952927,0.7289373,3.57747,15.925121,68.15121
633,290.11206,7.3131866,1.461014,4.8852267,10.500586,82.31619
634,205.82613,3.5900152,0.55997294,2.8141663,35.755432,101.957306
635,333.69937,6.7940316,1.4134791,3.6740143,16.511963,55.700344
636,308.66196,6.302173,0.68808764,3.4684002,16.270922,61.221928
637,204.93153,3.5916004,0.35884497,2.8680422,35.021965,99.99785
638,220.871,4.7089233,1.0843947,3.1706936,31.767933,96.55956
639,202.5695,3.353768,0.50492686,2.769358,37.40294,102.2073
640,158.04099,4.3403068,0.24057218,2.161094,19.003433,84.77912
641,213.18324,3.647045,0.3857462,3.203252,34.17036,97.54955
642,174.4476,4.0773315,0.132251,2.25021,19.306421,89.00231
643,160.03754,4.959227,0.7198679,2.5360959,22.597458,85.317604
644,296.69888,7.278523,1.1735461,4.6597495,12.740505,77.79574
645,217.75801,4.075249,0.8706381,2.7635148,28.357204,77.44451
646,266.45468,6.582422,1.0456011,4.0059886,13.028445,70.88044
647,237.38504,4.4292493,0.5489046,3.0460064,37.64112,112.43124
648,348.99136,7.233599,1.2635233,3.783746,16.744955,62.733967
649,230.78757,4.8606515,0.9792444,2.853759,26.525307,76.485176
650,226.40344,4.5683684,0.9950201,2.9186795,27.383844,76.28728
651,161.37283,4.997729,0.91374034,2.4696095,21.744518,85.31783
652,244.1422,6.0124164,1.0458128,3.478532,12.426843,64.25109
653,201.393,3.4526737,0.59516734,2.757496,36.329327,101.44436
654,236.10226,5.0430684,1.209307,2.9670632,30.048378,88.78367
655,223.2162,4.3305736,1.018637,2.8090394,27.353825,75.463844
656,225.60234,4.9550815,1.3000395,2.9056847,31.740396,94.10187
657,204.71365,3.1705391,-0.111635,3.0516312,34.109467,96.659325
658,198.89145,3.68589,0.8414213,2.934171,29.263565,85.453476
659,206.57162,3.6683009,0.739628,2.7392972,36.63821,102.40299
660,264.8877,6.0120263,0.78057116,3.5590394,15.472485,65.301216
661,227.20834,4.5023017,1.0010436,2.9272454,27.565794,76.5846
662,197.26474,3.5254862,0.6807863,2.7272408,35.207787,100.529366
663,240.05582,5.6933393,0.47999594,3.0070202,15.097708,64.196175
664,168.33334,5.1679835,0.93468875,2.4609044,22.462029,89.51536
665,228.94589,5.244705,1.2112238,2.9961941,28.641588,88.32197
666,227.39812,4.432633,0.96562403,2.8502781,29.250523,81.71454
667,214.22491,5.186284,2.9385884,1.8906052,11.690475,97.53283
668,223.03635,4.8607664,0.98244685,3.0659287,26.970371,78.21271
669,151.38277,4.229069,0.47917768,2.1372406,11.72455,63.96732
670,219.35156,4.4768214,1.0568583,2.6787198,29.36817,85.13025
671,218.3757,4.3314905,0.9231836,2.8208363,26.868801,74.4503
672,216.00351,4.2566266,0.9931776,2.8050873,37.198288,109.10602
673,205.56766,4.0236545,0.80301875,2.6823237,27.694561,78.158936
674,306.76065,6.6175733,-0.8887823,3.054084,18.783043,76.93598
675,222.53644,4.234526,0.930628,2.8411667,28.322628,77.60694
676,220.77301,4.511745,1.2092783,3.0488064,31.78223,92.41345
677,189.97641,3.4425273,0.277858,2.2922451,12.428064,101.536064
678,263.9199,5.9977164,0.7613489,3.4645894,15.345008,64.69618
679,217.37296,4.5728474,0.9334604,3.1147702,32.236115,98.60517
680,215.12256,3.8856905,0.5043108,2.8972666,35.66226,104.41524
681,221.03705,4.24716,1.0009978,2.9178193,36.395462,109.718895
682,202.09445,3.504317,0.4815428,3.0532935,31.989252,91.30101
683,216.41183,4.023372,0.95010394,2.8696797,38.425705,109.52013
684,169.82188,5.4194646,0.76141185,2.6864235,24.147797,91.14964
685,201.31332,3.3325553,0.6269228,2.782884,37.054173,101.91422
686,227.45532,3.7519715,0.10758039,3.317592,37.469433,106.16596
687,162.17532,4.9890695,0.9566471,2.461346,22.001133,85.76026
688,203.10541,3.6498058,0.48190233,2.222729,12.09725,106.45928
689,218.18369,4.4120183,0.7769453,2.3758595,10.705937,109.35726
690,206.66986,3.751206,0.69382685,2.74387,36.81572,103.61138
691,223.20428,4.3757334,1.0187132,2.7867215,30.240278,86.672615
692,186.87546,5.07395,1.0869257,2.887235,27.198887,97.16951
693,235.59772,4.985357,0.87478656,3.0337594,27.544851,77.6414
694,222.87888,4.932284,1.2644312,2.833833,30.21305,90.655106
695,162.52548,4.7196174,0.46093962,2.0757105,18.708118,87.95492
696,212.64706,4.649204,0.9560606,3.0237525,30.043705,96.2532
697,197.46872,3.6849627,0.85918635,2.9184983,29.983376,85.40998
698,209.29059,4.273771,1.1125872,2.8115914,29.734318,86.31547
699,165.02644,3.909583,0.28185102,2.7049868,11.517402,63.36276
700,210.75049,4.3647127,1.2697566,2.2794564,12.216746,104.03634
701,201.32874,3.6038678,0.19135115,2.9281943,32.367138,95.5868
702,219.6892,4.513428,1.0533087,2.6659367,28.887093,84.060585
703,180.27734,4.6007433,1.1919615,3.0071557,12.073645,67.66444
704,164.06772,4.369307,1.6784995,2.7688591,12.738018,69.00515
705,200.56488,3.181437,-0.032855783,2.9052556,34.19314,96.03776
706,251.41653,5.5448875,1.4866736,3.0987084,30.105228,90.43607
707,332.57217,6.3349786,0.832226,3.8815796,18.549314,69.02937
708,232.8729,6.6213975,1.2916777,3.569669,33.121773,121.826775
709,215.1213,4.2260456,1.0228903,2.7318614,35.84153,105.78256
710,268.90887,5.4234395,0.85236186,3.2051804,27.777327,82.30918
711,194.19658,3.4273536,0.7016756,2.9612687,29.825066,85.93098
712,237.07498,5.0362573,1.2425845,3.0383103,30.456463,90.64364
713,230.38208,4.801353,1.1613085,2.9527295,29.867006,88.37697
714,168.90714,5.350506,0.9141037,2.6195443,23.127295,90.306465
715,206.03479,3.5835674,-0.0050733425,2.9189417,33.418137,97.32263
716,328.17715,6.7401376,1.5887454,3.6651108,15.758043,53.399796
717,228.4653,4.3889794,0.976206,2.820306,29.178331,80.025116
718,214.19022,3.966543,0.8570978,2.6978486,28.49042,77.78783
719,248.39764,5.437681,1.0313761,3.0779412,27.48883,81.611786
720,288.71225,6.493548,0.7955553,3.8678734,15.771429,70.028496
721,265.22156,5.2154307,0.37007925,3.1850998,25.356625,75.64935
722,217.61528,3.959677,0.4175894,2.8747294,37.04023,104.8391
723,178.46329,3.316235,1.3109572,2.9494984,12.37577,67.13174
724,219.23367,4.642204,1.0482085,3.0803216,32.45474,95.571785
725,159.09409,4.1664314,0.65868205,2.2869732,11.891714,68.4632
726,206.45374,3.8199766,1.0377944,2.9626238,30.494041,86.36454
727,182.99783,4.863441,1.2159941,2.5361187,24.980083,92.31297
728,168.19836,5.159825,0.875189,2.49675,21.655012,90.115944
729,206.42831,3.9941666,0.41459486,2.9152377,31.925343,99.30889
730,163.85422,4.851605,0.7436039,2.5427897,23.134956,86.22721
731,200.75766,3.9679446,0.9641878,2.8591702,29.430054,85.30633
732,172.9953,5.014478,0.8000347,2.7891734,25.688194,91.05578
733,220.80367,3.725347,0.27932188,3.0824444,37.859325,106.99847
734,179.28271,4.0813494,0.76154727,3.5474808,12.094254,62.8495
735,194.59183,5.687927,1.0588,2.943641,27.046204,101.73824
736,263.4343,5.922378,0.70109385,3.43135,15.774122,64.483864
737,267.79117,6.1348333,1.5132582,3.2759163,28.606459,90.07171
738,192.13377,3.0619953,-0.014070306,2.8381722,33.01085,93.31449
739,234.63551,4.898,1.0750105,3.0786011,29.618437,85.799675
740,263.22137,5.9511743,0.7331926,3.5743172,15.711205,67.53819
741,210.85251,3.6347296,0.4127924,3.1304219,34.60848,96.221405
742,363.6092,7.315472,1.3738139,3.8040287,17.83978,62.020615
743,199.80318,3.943977,0.6537611,2.9017222,35.32034,102.898705
744,207.18579,4.1156607,0.9147417,2.552625,28.38137,81.4681
745,264.0082,5.3960586,1.105921,3.0620797,29.084892,84.83283
746,169.49069,5.33801,1.0052407,2.4277709,21.969223,90.276634
747,214.45538,4.0224614,0.8758165,2.708275,29.385057,82.57772
748,221.73282,4.844754,1.0029261,3.0314076,27.076658,79.14852
749,154.32248,4.6926575,0.9435789,2.9976761,11.146215,65.2616
750,163.54066,5.2639327,0.7243063,2.4334214,22.733091,88.75773
751,353.42697,6.8235593,1.5347064,3.9313023,18.32827,58.98416
752,201.5458,3.5346012,0.70319766,2.8826249,36.16222,102.95424
753,217.52267,4.2336836,0.8097612,2.9185164,36.52121,108.46952
754,202.53387,3.5548587,0.66392916,2.7096093,36.772743,102.89486
755,208.57747,3.7845378,0.20058653,2.9409401,33.558426,97.33869
756,206.7112,4.741759,2.131119,2.2344763,25.955639,98.74119
757,270.0104,5.5011563,0.6719782,3.16303,26.43559,80.17862
758,168.68314,5.1532397,0.9052116,2.4399588,21.752277,89.360985
759,205.25584,3.7758713,0.60487765,2.8603737,37.279728,105.4038
760,171.55042,5.2965555,0.7678434,2.7428477,24.825123,91.62922
761,303.6597,7.2232127,1.1306765,4.616674,13.628136,76.48666
762,200.25824,3.3133938,0.10040876,2.2344496,12.130346,103.06907
763,217.90361,4.2059083,0.9671499,2.6230385,29.161434,82.15154
764,196.94553,3.361925,0.036976065,2.3288195,12.869508,104.10624
765,204.1253,4.1865997,0.9183275,2.9619648,28.870644,87.03869
766,214.51517,4.881828,0.881056,2.9749196,36.14737,110.611626
767,220.00653,5.020741,1.2363684,3.1958058,29.746468,97.3892
768,302.11404,5.924621,0.46759436,3.2197144,26.058828,82.6673
769,164.47235,4.5683055,0.52576846,2.3506386,20.495426,85.7718
770,173.53491,4.101441,1.6113436,2.6936724,12.722971,70.99682
771,208.19402,4.207682,0.92713183,3.12758,29.926792,92.88943
772,168.92859,4.904511,0.64041823,2.4156382,21.05714,89.66319
773,214.1362,4.129879,0.9715902,2.7210457,26.51863,73.02774
774,202.57573,3.529312,0.63153666,2.7145627,36.81603,102.767815
775,206.84084,3.5012846,-0.013305459,2.9936297,33.733055,97.92327
776,197.11682,3.5953739,0.023695197,2.2234948,14.723696,100.67907
777,214.96396,4.820806,2.1217005,2.4353917,27.357523,105.933235
778,205.63893,4.035566,0.66488093,2.76285,34.962894,101.80991
779,204.55681,3.9538991,0.5702602,2.4723961,11.495019,109.80858
780,201.00017,6.22164,1.1612036,3.1104004,28.296219,106.23551
781,202.13898,3.5880296,0.2983019,2.2929823,11.861674,105.73668
782,173.59288,4.519226,1.0174029,2.3776371,25.00381,89.051674
783,163.68243,4.8346515,0.82952136,2.545809,22.84106,85.34668
784,233.82306,4.991655,1.3276694,2.9996579,28.195951,83.59035
785,208.72081,3.9087255,0.84369105,2.7492182,36.927536,105.399315
786,213.74704,4.169663,0.90722483,2.7590096,28.501083,80.970406
787,162.96161,4.4770513,0.74982375,2.4348042,23.453476,84.038155
788,227.29375,3.7509303,0.09797308,3.195371,38.31171,108.20215
789,220.46204,4.483433,1.03883,2.8362496,28.983871,84.53599
790,213.20415,4.4285817,0.9667112,2.800422,27.656273,81.08286
791,158.24617,4.477782,0.71641845,2.3715708,23.272713,82.65213
792,216.29991,4.412509,1.2206557,2.8215268,30.707052,88.49554
793,155.47134,4.857368,0.7186815,2.3344014,21.403217,83.37104
794,163.99835,4.0952096,1.0034468,2.3533452,21.531052,82.13639
795,203.60104,3.4168465,0.30246565,3.1311333,32.59965,92.938515
796,264.00204,5.8161054,1.1258376,3.2243168,27.403057,84.98015
797,193.42044,3.3522418,0.51055926,2.9720585,30.254555,86.87098
798,197.41269,3.6281173,0.5018808,2.7400305,33.81927,97.86756
799,229.55623,5.3752956,0.38238165,3.17147,15.2710495,78.56531
800,165.0797,4.807179,0.89677066,2.361499,22.241264,85.742485
801,226.12166,4.7753596,1.0017207,2.8744595,28.527647,82.00034
802,209.88524,4.0872474,0.60179347,3.0629704,32.141136,96.809456
803,197.28859,3.2777119,0.30332968,2.7101243,35.794117,98.066246
804,177.02109,4.3418126,1.4336264,2.7678082,12.330188,72.09673
805,160.82666,4.6510124,0.5987007,2.5951807,24.158718,84.94593
806,218.3232,4.4135823,0.903454,3.121339,33.25977,96.69911
807,195.03604,4.055921,1.1842005,2.1194222,11.387764,95.65281
808,216.94456,4.5067782,1.2153971,3.0309021,31.47226,92.15278
809,204.2031,3.9403229,0.6704218,3.111585,30.874954,93.36924
810,158.52856,4.053702,0.5117027,2.0729287,18.154037,80.76948
811,264.39633,5.552425,1.1320975,3.1962407,28.731964,85.30822
812,199.89545,3.7705698,0.73984736,2.665439,35.197727,100.81669
813,223.13354,4.3485107,1.0448573,2.8574307,38.928467,112.15457
814,202.06534,3.5348337,0.4005539,2.1854317,11.975622,102.6265
815,217.59465,4.0708823,0.90221804,2.672702,28.484184,77.96581
816,198.18768,3.5481255,0.6039106,2.7925856,35.999115,101.55403
817,165.25275,4.4862885,0.8544418,2.4442704,23.60387,85.775764
818,242.54688,5.019405,1.0388911,3.0079415,27.452972,79.43326
819,185.71913,3.5558946,0.61502665,2.284012,10.240089,99.851814
820,354.86423,7.2781224,1.2688525,3.7601197,17.301903,62.52525
821,214.4784,4.628863,1.8291352,1.9989445,11.634426,102.23397
822,263.15363,5.949557,0.7207243,3.536918,15.566902,66.77039
823,199.7836,3.503782,0.46243498,2.7088826,35.643723,100.11085
824,195.79028,3.417352,0.59091014,2.7615902,35.251305,99.68853
825,206.48936,3.8708134,0.8223097,3.0612242,31.100323,89.92303
826,212.8165,4.484601,1.0756648,2.7890303,28.278511,85.2414
827,258.87912,5.9146132,0.78305453,3.4746487,15.190441,64.81423
828,205.92682,3.770187,0.27168104,2.7891743,34.671997,99.595406
829,194.12311,3.383805,0.6253893,2.97627,30.115074,86.453735
830,206.96747,4.064114,0.72455424,2.7920659,35.405983,102.99413
831,177.64008,4.314523,1.5871718,2.8257163,12.672599,72.55129
832,204.0994,3.434539,0.16773626,3.010876,33.930603,99.23481
833,275.5954,5.6750855,1.0021269,3.2562134,28.537386,85.75591
834,193.83475,3.6137092,0.39627478,2.7122157,32.64089,95.18607
835,197.88333,3.1371462,0.125828,2.8276942,35.177715,96.131874
836,241.18768,5.183781,1.3010561,3.0649064,28.78592,84.80074
837,261.65793,5.6055927,1.4543765,3.195987,31.454178,92.28824
838,163.03485,4.931275,0.8712141,2.4293845,22.02812,84.908066
839,205.4237,3.5004613,0.34124014,3.1678698,32.574142,94.17011
840,238.46695,5.6310215,0.4933798,2.9841874,14.945544,63.942894
841,167.18681,5.212806,0.89890593,2.6130278,23.542477,88.86091
842,257.98923,5.4624753,0.8360483,3.0628922,27.002977,80.775345
843,222.46628,4.4205203,1.1162245,2.7394402,31.014004,88.53475
844,229.58403,4.439506,0.856991,2.8021252,25.46523,72.593155
845,331.2543,6.768231,1.4795191,3.6667283,16.198195,54.78019
846,199.57768,3.6213076,0.7289812,2.6922562,35.527878,101.00672
847,167.89551,4.9972234,0.7344448,2.6072094,23.708927,88.46128
848,208.04271,4.1478276,1.2880442,2.8432372,30.384819,85.30722
849,213.5481,4.373824,0.86681956,3.0615456,32.297173,94.83196
850,197.12375,4.3260765,0.49592802,4.1125684,13.406179,68.30292
851,245.8616,5.172615,1.3460753,3.0107338,32.04217,95.232475
852,220.09753,4.196593,0.9064085,2.759044,29.369095,82.19325
853,234.13754,4.717113,0.8181364,2.9882176,26.614223,74.96918
854,263.29282,5.5740314,1.1318171,3.1883671,28.07809,84.54577
855,194.60968,3.6372187,0.3236582,2.7183678,16.36983,106.643456
856,203.42084,4.438084,0.833481,2.993829,35.05892,104.89564
857,363.1284,7.310221,1.3299677,3.7992375,17.913296,62.35703
858,207.99202,3.890471,0.38162634,2.9730942,32.749847,97.98045
859,201.44537,3.302996,-0.111099035,2.835642,34.328583,95.52892
860,191.8449,5.9041357,0.8549902,3.0170863,27.41409,102.07568
861,201.3887,3.6831553,0.26839563,2.276007,11.867331,107.36494
862,318.55258,6.5074096,0.34792158,3.382295,25.842573,85.62513
863,204.99078,4.0328245,1.2304127,2.5874445,11.796262,112.50892
864,236.8654,4.6602225,1.0896571,2.873521,29.18752,80.488686
865,213.38399,4.268549,1.0284903,2.794432,36.524815,108.070625
866,200.8262,3.5764449,0.23648474,2.9596112,32.172474,94.04235
867,234.1365,5.4050355,1.287287,3.0046628,28.406433,87.6171
868,233.77495,4.7398467,0.8316576,2.964454,26.469265,75.11953
869,173.72382,5.1258206,0.75372046,2.8614275,25.474709,91.78232
870,169.68265,3.251076,-0.08623102,3.0232193,11.186058,60.405895
871,212.96548,3.5099986,0.04251882,3.0695775,34.806816,101.11238
872,213.87552,4.0690455,0.9048254,2.8010085,37.32158,108.061
873,202.27962,3.9127553,0.6696493,2.6526406,34.867916,101.19381
874,213.3175,4.210753,0.9158594,2.6973374,28.68375,82.23963
875,213.01764,5.0519786,1.9833319,2.459737,26.236443,105.629036
876,231.97896,4.4938836,0.86237925,2.8447602,25.767872,73.38921
877,195.7458,3.4690354,0.5066969,2.726288,34.05007,97.22764
878,203.4733,3.6013772,0.47834894,2.1912796,12.084347,103.10264
879,179.97272,4.9585905,1.3550408,2.4224913,24.13501,92.00919
880,168.65967,4.384084,0.92235774,2.2533076,24.784328,86.523705
881,151.3644,4.57908,0.6144611,2.1752102,20.171871,80.38265
882,294.7133,7.4043097,1.2474082,4.724088,11.80686,79.149895
883,331.7549,5.888662,0.88410586,3.3177922,19.132698,60.608562
884,214.01253,4.39429,1.2008364,3.0309594,31.398129,91.32296
885,205.7281,3.6743312,0.07908651,2.8540041,33.73087,97.74399
886,218.39075,4.353885,0.9437868,2.8168118,27.8833,78.78964
887,224.73471,4.35719,1.0161498,2.8055222,27.79041,76.686356
888,231.76614,5.517153,0.55839366,2.9061635,14.6010895,62.789135
889,170.12286,4.9645915,0.79429835,2.5985177,22.434082,89.43781
890,216.71904,4.380979,1.0851405,2.8415692,29.95394,87.597404
891,210.20895,4.489509,1.1336844,2.9516366,29.2358,88.17068
892,309.85287,7.2413716,1.0588553,4.602773,14.498358,76.04313
893,189.7004,2.9004395,-0.10077265,2.922829,31.652843,88.13609
894,210.30096,3.9936523,0.5429041,3.0299904,33.02434,95.96246
895,166.41246,3.975115,1.0438216,2.42744,11.504136,68.01668
896,221.8808,4.45816,1.0082724,3.218984,32.151726,96.57655
897,199.77867,3.8502474,0.81558055,2.7734225,34.694572,101.03671
898,258.99213,5.9507213,0.8121931,3.5336792,15.04118,65.15963
899,281.16992,5.71217,0.23493406,2.9906476,23.157171,74.91943
900,261.62808,5.442648,1.0596678,3.2446167,28.366816,83.848656
901,262.93094,5.969044,0.72671336,3.5139153,15.260092,65.90157
902,185.02974,4.9409823,1.504122,2.3676846,24.148224,93.787766
903,162.98639,4.2877984,1.7573016,2.5858185,11.559415,63.35568
904,251.75508,5.878982,0.85675067,3.462186,14.257817,65.24495
905,209.79619,4.003605,1.021704,3.057214,30.882805,89.654594
906,213.6901,3.7724926,0.16306707,2.9611666,35.2107,100.95471
907,222.21893,4.0853233,0.73455065,2.9386046,39.06842,111.12737
908,248.71555,4.8783846,0.8026487,3.5364392,16.48516,67.08853
909,217.92911,4.3383117,0.88015,3.0645335,37.861298,111.75977
910,285.45547,5.6329618,0.6383001,3.2199032,26.933468,82.231155
911,217.97716,4.0739975,0.8729765,2.7290375,29.76202,83.16339
912,223.11943,4.5427904,1.0682242,2.8540184,29.785666,87.44961
913,232.10896,5.3594184,0.4940569,2.9226258,14.955847,63.768818
914,190.91135,4.8427396,1.2618296,2.5124667,24.009838,96.98586
915,277.79672,5.4977994,0.28061506,3.1925137,24.51229,76.097435
916,169.73332,5.0259957,0.77166957,2.2765296,20.626713,90.0238
917,235.17627,4.580407,0.9386923,2.8085053,26.317017,75.087685
918,198.11209,3.8030465,0.8215105,2.6991303,34.783455,100.777596
919,261.09048,5.4034038,1.1625483,3.0462868,28.925978,84.789276
920,225.50302,4.328124,0.9359991,2.8370335,29.276846,81.17564
921,203.6752,4.0094013,1.4637511,2.7560618,11.356192,111.88744
922,228.20724,5.123014,1.0393088,2.9890854,28.436852,84.88531
923,294.7673,7.377714,1.3146975,4.835893,11.088782,80.82144
924,328.2867,6.0334735,0.79756945,3.3764508,18.74633,61.06912
925,192.76308,3.255348,0.47346517,2.7171242,34.96276,96.75202
926,302.45023,6.9226174,0.9915201,4.415544,14.768107,74.2039
927,241.79628,4.981856,1.028765,3.0011437,27.3033,78.94213
928,217.24455,4.5924616,0.76445216,2.9003365,25.845856,71.576744
929,161.41896,5.141999,0.6814863,2.4584935,23.140049,87.36761
930,162.40802,4.40192,1.5828574,2.7286904,12.633911,68.13961
931,277.481,5.5334992,0.4141619,3.1420224,25.168945,77.895966
932,189.53296,5.2903132,1.4017642,2.7565281,25.470142,97.611534
933,351.84622,6.861118,1.3492548,3.9142258,18.31346,59.538544
934,223.50674,5.964721,2.7932322,2.279113,12.869608,99.652855
935,197.08163,3.1230872,0.49842092,2.757354,36.258087,99.404884
936,299.1346,6.9534345,0.97151774,4.4649158,14.928028,75.17079
937,320.83017,6.008305,1.2981303,3.480573,17.628307,56.564655
938,258.68796,5.3489494,0.86939067,3.1583817,27.67949,81.3282
939,197.94804,3.952154,0.8366758,2.6780837,34.641823,100.93926
940,203.6961,3.9418275,0.5802881,2.5513775,10.8644285,109.17495
941,210.83798,3.9619014,0.5934393,3.102956,32.967438,95.337845
942,170.71631,3.422751,0.77639407,2.8115275,11.396267,69.44584
943,190.78625,3.7303002,0.05879995,2.59917,17.658005,102.94756
944,228.10358,4.4733033,1.0395777,2.9270527,27.749954,76.61349
945,169.841,5.322806,0.61563224,2.6501877,24.578829,91.67466
946,265.39987,5.2656093,0.46663114,3.0922768,25.484964,76.42459
947,229.94576,4.5066333,1.0618346,2.8032258,27.506023,76.34863
948,170.71198,5.4243855,0.7541296,2.6240942,24.026974,91.970215
949,165.64127,5.218887,0.80335253,2.6089442,23.346249,88.69398
950,199.39651,3.5008008,0.40548727,2.430754,12.203222,105.857376
951,149.75653,4.6482606,0.75699824,2.2425005,20.567465,79.804375
952,170.02264,4.85948,0.9607927,2.412844,23.746887,88.08155
953,205.90547,3.7773812,0.8875391,3.0604527,31.055197,88.661255
954,236.43843,5.3502755,0.81768435,3.0854867,25.542898,76.33911
955,179.74219,4.0931396,1.2748148,3.2684891,12.457823,68.114494
956,161.52141,4.6955986,0.7039282,2.5671742,23.17589,85.24204
957,220.8685,4.4301305,1.028889,2.8881752,38.248604,112.30694
958,205.99155,3.5618384,-0.024966989,2.90502,33.71336,97.82165
959,160.47923,4.9982677,0.68052214,2.5894215,22.980156,85.72193
960,217.38406,4.3285975,0.98322314,2.7905953,29.227009,84.712906
961,158.51456,5.0802507,0.77432746,2.3119614,21.519272,86.40618
962,295.27536,6.5243134,0.7869856,3.8508942,16.246586,70.08901
963,205.2703,4.2607026,0.7916967,2.9008133,35.09624,105.40609
964,193.73476,4.6705894,1.479914,2.3935816,25.996498,97.412544
965,189.26468,3.398172,0.35649225,2.320884,12.051697,102.52066
966,166.04861,1.8264265,1.1424334,3.5363848,9.674892,56.120983
967,295.50385,7.2844434,1.1894801,4.6634917,12.473335,77.96687
968,172.08818,3.471697,0.6827375,3.1205037,11.382364,68.44279
969,288.31113,7.245512,1.2305949,4.683122,11.637252,78.7517
970,164.87482,5.266401,0.85636157,2.5730345,22.971033,88.19253
971,212.44011,4.300626,0.65478915,2.7549183,34.588634,104.04548
972,205.48146,4.1328716,0.57913226,3.0991414,36.708572,106.63064
973,161.04309,5.0580926,0.9059841,2.4758246,22.01368,85.46421
974,210.53047,3.3508534,-0.029350076,3.1841633,34.960445,97.979576
975,167.85825,5.3701005,0.76501864,2.6380131,23.754932,90.11792
976,181.50023,3.8413084,1.4815714,2.2785323,25.656677,90.24839
977,167.4396,4.984037,0.9189779,2.4444067,22.883148,87.55892
978,161.9372,4.3624053,0.66615695,2.4611905,12.090477,69.47627
979,196.37381,3.9119499,0.8457777,2.6826947,33.408703,99.75187
980,177.63748,4.547998,1.3953917,2.2245448,23.860455,89.62269
981,213.1195,3.721607,0.4809477,2.8958008,38.102646,104.97286
982,150.39029,4.263366,0.14435026,2.0914776,11.805548,63.677742
983,272.7626,5.861995,0.52120227,3.3301365,16.897743,64.0114
984,157.93768,4.748719,0.6286585,2.099563,18.93496,85.56713
985,166.15085,4.6801763,0.8796961,2.470917,24.373661,86.454895
986,211.35516,4.1582522,0.7119867,2.813698,34.000206,102.782295
987,157.6061,3.521506,1.9691985,2.5368855,10.880033,62.443386
988,286.26306,7.14728,1.2729495,4.787164,10.990047,80.314095
989,229.62424,5.1994185,1.3541377,2.8797314,30.366104,92.73487
990,217.47311,4.165401,0.93170756,2.8009217,27.40806,75.13848
991,218.65643,4.6347623,1.0506442,3.0680687,32.27838,95.1529
992,222.99559,4.774369,1.2180064,3.1543362,32.64139,96.7589
993,213.14447,5.805137,1.8163626,2.8673384,17.082264,91.19346
994,241.6032,5.480132,1.508198,2.997266,27.578867,83.9231
995,201.8743,3.4683275,0.4775202,3.0617602,31.965252,90.910194
996,161.87839,4.7296114,1.5975592,3.1463883,12.511175,68.0302
997,173.22122,5.2108045,0.8667461,2.761494,24.19785,90.6944
998,302.4813,7.0285954,1.0612547,4.5080104,14.122485,74.96823
999,159.5561,4.2440996,0.1181843,2.128075,18.807537,84.967125
1000,291.23288,5.995319,0.5538885,3.1004288,23.048145,79.17115
1001,246.53336,5.500941,1.3730547,3.0608418,30.064335,90.654854
1002,158.26248,5.060327,0.7014715,2.3053544,21.948563,86.456436
1003,286.11902,7.145059,1.2451518,4.713693,11.178661,79.20887
1004,250.54303,6.1260343,1.6575701,3.2718384,34.10578,106.67751
1005,300.94556,7.2165256,1.1251509,4.6163154,13.510356,76.63848
1006,167.83801,4.750031,0.8859636,2.473138,23.55484,87.360466
1007,214.66895,4.227961,0.9377882,2.762478,28.795776,82.65448
1008,196.3402,3.7369506,0.7490141,2.7871516,34.14445,100.171684
1009,167.68904,4.7530103,0.8933746,2.403453,23.128136,86.24917
1010,204.18005,4.0064073,0.8703615,2.6708214,35.756226,103.76075
1011,332.38638,6.798987,1.5356944,3.6945355,16.127522,54.518948
1012,218.4728,4.16396,0.94159335,2.6424916,29.170126,81.49944
1013,173.67575,5.266564,0.7001316,2.758114,25.449852,92.11079
1014,166.74025,5.2913966,0.95594424,2.451833,22.359203,89.405495
1015,336.72418,6.7889657,1.0271952,3.5302365,17.712826,62.83601
1016,228.49261,4.258922,0.44469854,3.0044339,36.74394,108.54888
1017,268.7889,5.414861,0.712351,3.230409,27.244202,80.90508
1018,236.0491,4.3896365,1.0889933,2.9999955,38.39456,115.945045
1019,310.04184,6.200808,0.52363604,3.5772946,18.256666,69.04177
1020,366.7939,7.356589,1.3607943,3.8288243,18.06486,62.609074
1021,202.00352,3.5553236,0.3169367,2.7761195,35.487076,98.98911
1022,241.5187,4.8168554,0.906954,3.0313046,27.805847,78.16566
1023,163.28694,5.198078,0.6310503,2.4300883,22.855942,88.52683
1024,211.65405,4.129941,0.89557475,2.6146586,28.544937,81.21114
1025,296.0139,7.4437966,1.2655623,4.744062,11.7561035,79.40343
1026,198.79025,3.7593715,0.5360071,2.931389,36.126053,102.81237
1027,232.88493,4.6353836,1.0701544,2.9593003,28.156136,78.22744
1028,154.69077,4.3031907,0.58977336,2.7024653,12.965519,70.114525
1029,241.80574,4.770309,0.7849352,2.8465817,25.718147,74.84643
1030,190.32034,3.4221537,0.39923307,2.3245986,11.820641,102.90888
1031,209.3906,4.809521,0.8209707,2.9605763,35.53273,108.278145
1032,309.55206,6.8524623,0.92529696,4.290195,15.71158,72.652016
1033,204.46286,4.0347967,0.87421054,2.764661,35.789536,104.11962
1034,206.1513,5.041929,1.8430102,2.5229504,14.221913,92.48246
1035,192.76006,3.105915,-0.08119753,2.8972905,32.082115,90.687996
1036,167.20555,5.1759653,0.79193896,2.6616957,23.8209,88.52154
1037,204.87096,3.696607,0.21210691,2.8082716,34.292458,99.09208
1038,260.48965,5.5862393,1.4937518,2.9832776,30.621185,89.59095
1039,249.44577,5.288896,0.63845843,3.0261948,26.020163,76.834816
1040,232.47025,5.258371,1.3612654,2.8564808,30.713509,93.11514
1041,220.1611,4.7200723,0.8702242,2.9621384,26.868586,75.60842
1042,197.81557,3.6557102,0.6065294,2.2185776,12.094266,99.68847
1043,218.26619,3.8207383,0.34708235,2.9357731,37.21029,104.91143
1044,224.7977,4.415727,0.99321574,2.759578,28.657314,79.77692
1045,171.82805,4.6798954,1.0474818,2.4186804,23.856777,88.49578
1046,213.20944,4.3711867,1.0041754,3.0894883,31.450085,92.681694
1047,202.73207,3.4269903,-0.1318672,2.3239892,13.137759,106.77254
1048,218.86122,3.9819453,0.36883375,2.9037354,36.934334,104.88087
1049,255.26572,5.9593997,1.6526129,3.1080773,30.052372,94.06165
1050,218.15671,3.5145607,0.21039602,2.9969523,37.971146,104.56089
1051,175.83789,4.4752746,0.33271047,2.2713425,20.033493,91.128784
1052,218.71312,4.643162,0.8726255,2.8575509,26.652084,75.42124
1053,243.28265,5.4487386,1.2623522,3.067157,28.638277,85.100136
1054,250.32397,5.4723573,1.3294032,3.1400845,28.792313,85.129135
1055,167.65123,5.3037715,0.8791706,2.6194127,23.526848,89.31417
1056,228.51872,4.8266616,1.1338046,2.820926,29.090645,84.85145
1057,215.96277,6.4276214,1.0368369,3.3532698,30.65822,113.96194
1058,181.38411,4.5287843,1.4055808,2.2523692,23.173996,91.2862
1059,258.91852,5.6223764,1.4653723,3.1644604,31.08754,92.03832
1060,159.65659,4.7987103,0.77886504,2.3762076,20.632252,84.76655
1061,163.37411,3.9814682,0.6354105,3.1971076,11.289564,64.41126
1062,237.60992,4.7317734,0.9024889,2.9861958,26.767881,76.30158
1063,234.77438,5.3680673,0.90224475,3.135608,25.972092,77.23074
1064,205.65018,4.379871,0.85482043,2.8713858,35.085907,105.305756
1065,250.99889,5.469597,1.3811171,3.1274216,29.904821,88.35349
1066,162.03784,4.939848,0.69115466,2.6321557,23.39978,86.07487
1067,187.30933,5.1941285,1.1341021,2.7247927,27.201334,96.63771
1068,167.06624,4.0397143,0.60601443,2.9339516,11.3793335,64.095604
1069,224.39624,4.85521,1.5067008,2.4750426,10.856136,110.04911
1070,232.1769,5.362864,0.9715349,3.1685135,26.11722,77.49975
1071,207.29953,3.5030513,0.00669023,2.3019984,12.739722,108.05425
1072,262.4581,5.937384,0.7361719,3.565181,15.791979,67.78332
1073,206.32675,4.015035,0.8726503,2.8096573,35.960144,104.870415
1074,243.8336,5.858024,0.4859831,3.0467618,15.046686,64.24674
1075,205.03134,3.7961032,0.39984724,2.748112,35.09391,100.707405
1076,185.04407,4.970952,1.1740057,2.5686457,26.174154,93.893166
1077,219.06602,4.1929893,0.9135515,2.7433827,29.409184,82.81195
1078,212.736,6.350816,1.0050871,3.323622,30.340343,112.30378
1079,275.79758,6.546202,0.89757174,3.926555,14.36998,69.82227
1080,202.4324,3.239336,0.53985995,2.7884076,36.779873,101.51028
1081,229.0188,4.785467,1.3141177,3.0110543,32.89203,95.15191
1082,225.6056,5.009687,0.91782206,3.053676,26.932915,77.26256
1083,210.26936,3.5267527,0.16596815,3.1967404,33.69529,98.50779
1084,145.23672,4.3551517,0.23537657,2.0579464,11.3761835,62.80991
1085,226.13399,3.6696818,0.05428144,3.3215458,37.466408,105.60641
1086,245.75078,4.9452276,0.67893237,3.0213635,26.801224,76.33253
1087,276.20108,6.6092496,0.9129259,3.961589,14.052987,69.13323
1088,195.50064,5.7422357,1.0672572,3.1043618,28.196848,102.62253
1089,244.51286,5.926025,0.55824107,3.045421,14.6207905,63.646633
1090,260.61783,5.6551557,1.3251822,3.190101,28.733574,86.52288
1091,162.93332,4.9605913,2.0902483,2.5954535,11.945002,66.81623
1092,312.0629,6.0205674,0.38850424,3.4631493,18.865383,68.99033
1093,228.20354,5.1822276,0.9674093,3.1285489,26.58995,76.90032
1094,200.65343,3.946194,0.34848043,2.1820176,9.920119,104.86135
1095,192.6134,3.7363951,0.50664824,2.3035185,10.224795,102.345985
1096,261.41782,5.923985,0.74776477,3.4516842,15.480801,64.60908
1097,186.37283,3.3874817,-0.2733629,2.2946885,15.242645,95.83899
1098,172.06812,3.4359615,0.70410556,3.3845694,11.263998,67.49634
1099,197.33685,5.2073317,1.4798338,2.6601775,26.917654,100.550606
1100,217.75235,4.4134374,1.0266764,2.7919228,29.129646,85.30515
1101,228.46094,4.649307,0.5047342,2.7609532,22.520664,67.77777
1102,335.19254,6.8336034,1.4828341,3.709119,16.429562,55.40975
1103,225.85808,4.9419904,1.1041987,2.8496735,29.220978,87.28477
1104,209.99127,4.2353773,1.4134238,2.1281207,12.013517,102.055214
1105,255.39516,5.871227,0.8024408,3.4636223,14.991633,64.85809
1106,267.64987,5.7538733,1.204674,3.2278588,27.949629,85.86993
1107,219.56381,5.569206,1.6589205,3.2236645,30.74467,112.22578
1108,224.46066,4.5444856,1.0296671,2.8996956,28.727367,82.542305
1109,220.68687,4.168694,0.9547693,2.78387,38.20153,109.765724
1110,206.8129,3.8524644,0.8119661,2.839677,37.041122,105.5858
1111,219.52791,4.24159,0.9539816,2.7833416,30.349926,86.73817
1112,262.10867,6.207994,1.6818793,3.182155,28.124685,90.01833
1113,171.01488,3.338569,-0.08411577,3.0399659,11.413147,61.075657
1114,205.73979,4.189575,0.9269144,3.0438988,29.494713,89.71417
1115,202.90486,4.1882043,1.0133822,2.8101609,33.57119,101.5652
1116,241.64772,5.1611137,1.3121951,2.8168614,30.303028,88.88242
1117,191.26288,3.4804986,0.84166926,2.8597796,28.562891,82.36343
1118,170.14539,3.1638434,0.5335638,2.49247,12.33585,64.926384
1119,191.74686,3.0073242,-0.106429845,2.8548682,32.579735,92.303505
1120,351.43967,6.802233,1.5420725,3.9121945,18.163437,58.58461
1121,280.48386,5.687486,0.68469256,3.3008168,27.366676,83.169075
1122,219.91983,4.3061337,0.8761179,2.8462517,27.491947,75.08984
1123,161.48723,4.829001,0.7451927,2.5339959,23.39121,84.98612
1124,271.48227,6.653443,1.0168097,4.035299,13.27731,70.818535
1125,281.56046,5.583773,0.4781401,3.19127,25.949272,79.684616
1126,216.7623,4.266171,0.94510096,2.7927449,28.853466,82.5363
1127,177.2202,3.6556327,1.5156214,2.5792267,12.243374,69.24769
1128,252.15775,5.5030723,0.8409979,3.0503285,25.387236,78.79352
1129,217.06897,5.322793,1.3925326,3.348222,23.850666,77.04436
1130,230.1716,4.9668174,1.2442858,2.8371346,30.001158,89.9945
1131,229.18372,5.5673156,2.802931,2.1283123,12.01508,106.52831
1132,208.00748,4.059336,0.9692289,3.0514328,31.854342,91.5481
1133,315.98267,6.6060815,1.0141642,4.092191,16.50851,70.354164
1134,171.72856,5.1283574,0.7568428,2.8154156,24.894686,90.79858
1135,202.74582,4.203982,0.8299181,2.6892073,35.467236,103.65847
1136,166.92264,5.3042846,0.82033557,2.6432374,23.586815,89.18422
1137,246.93027,4.7949452,0.84974116,2.9543889,26.670174,76.86983
1138,195.17761,4.69416,1.1664279,2.6613867,26.142036,93.070465
1139,208.66165,4.2339897,1.0759737,3.0226243,31.897713,91.72714
1140,270.946,6.5907884,0.9698488,3.974027,13.547531,69.8035
1141,212.55048,3.8165703,0.33176252,2.8366082,36.52576,102.82459
1142,433.95673,10.309528,1.2357066,5.0496383,17.147047,94.440346
1143,264.5879,5.586998,0.93643016,3.1269677,27.474052,83.007195
1144,211.0141,3.8473012,0.47007582,3.0584671,33.92464,96.2692
1145,208.60226,4.3401666,1.116482,2.87381,29.698647,87.03155
1146,228.46548,4.4090714,0.96136874,2.8860753,28.868008,79.40171
1147,353.46234,6.8157086,1.5425723,3.928283,18.340809,58.972866
1148,223.58078,4.625492,1.0931208,3.1512196,31.586838,95.44163
1149,201.75508,3.5134401,0.17494795,2.772217,33.66755,95.45993
1150,170.2571,5.2910476,0.5686237,2.6233866,24.57146,91.80334
1151,251.01825,6.1749187,0.5188009,3.105306,15.008061,64.29902
1152,211.30513,4.523212,1.1608546,2.9641335,28.930698,89.55183
1153,207.90495,4.482468,1.1918604,2.831755,34.471195,105.28823
1154,168.51672,5.39208,0.79457587,2.6732647,23.875824,90.52546
1155,221.12474,4.627912,1.1297648,3.0605443,31.68914,94.08436
1156,217.81468,4.1821985,0.97458285,2.6197426,29.91796,84.65914
1157,272.2114,5.9141517,0.59717005,3.3330777,16.671913,64.16529
1158,180.38826,4.592398,1.1679213,3.031379,12.054212,67.5583
1159,211.92856,4.403027,1.6642973,2.092315,11.926832,101.88047
1160,214.97894,3.8921,0.7900507,2.59497,29.684242,80.76467
1161,201.53741,3.9735548,0.84154147,2.6163971,34.890858,101.798935
1162,258.68216,5.478991,1.0929854,3.180463,28.145786,83.723434
1163,190.46138,3.3870664,0.22474882,2.6528742,32.775307,92.701775
1164,336.20425,6.7803473,1.0165942,3.5341084,17.691986,62.881474
1165,214.35257,4.4737287,0.5754511,2.1299317,18.945915,67.44573
1166,176.44574,4.1759906,1.3225768,2.1746113,24.114235,88.5743
1167,169.53445,3.1770444,0.5338785,2.4577858,12.20629,65.23819
1168,220.57944,4.059777,0.38350317,3.0774796,35.101833,102.777565
1169,212.88809,4.3822207,1.0230105,2.7579834,34.741566,105.73205
1170,180.63089,3.9994986,0.7023279,2.174907,17.755995,89.62067
1171,220.88268,4.385479,0.9375593,2.845197,27.772047,77.62711
1172,163.78229,4.926165,2.25935,2.6039288,11.635565,66.40698
1173,230.35156,5.261862,0.46516058,2.910682,15.145577,64.1849
1174,264.0364,5.5684743,1.4406512,3.170295,31.783333,92.06211
1175,225.48334,4.932527,1.0172541,3.0279515,27.434507,79.926155
1176,211.24918,4.1069527,0.8954393,3.147298,32.705116,95.22813
1177,305.48224,7.3046937,1.1372397,4.641155,13.580161,76.85274
1178,216.85406,3.8441706,0.59981745,3.2286274,34.21827,98.92252
1179,281.6008,5.6531196,0.5614874,3.2003376,26.241375,80.80445
1180,202.02322,3.8418186,0.90756816,2.860617,29.079016,84.969025
1181,205.9245,4.518006,0.8642561,2.86741,35.44922,105.90572
1182,204.64172,3.9523432,0.5500738,2.4676955,11.485651,109.747604
1183,297.86252,6.399653,0.6885988,3.71956,16.94151,68.77103
1184,169.46196,5.2168417,0.96508044,2.3863747,22.067589,89.837906
1185,260.56558,5.933047,0.7706873,3.5699036,15.525204,67.664024
1186,218.08803,4.647976,1.1990073,3.0771916,31.783497,94.07354
1187,234.32892,5.1189637,1.0861952,3.0447152,28.642141,83.92329
1188,215.90314,4.0172257,0.6296808,2.8067992,37.59056,106.30075
1189,202.07794,3.6029465,0.6754953,2.7663453,36.778156,103.37363
1190,308.72552,6.3501763,-1.0207498,3.033149,19.448671,74.6464
1191,202.55843,4.007885,1.4674218,2.7355187,11.469448,111.62931
1192,269.2711,5.3573985,0.51177996,3.10238,25.716188,77.76823
1193,319.80807,5.6438394,0.16970083,3.2198288,19.845247,68.89464
1194,210.51753,3.7050693,0.6748411,2.83964,38.264202,107.68586
1195,157.29947,5.09048,0.85022277,2.2840722,20.642971,85.37461
1196,221.12076,4.552584,1.084408,2.846021,28.871288,84.53301
1197,178.17328,5.6494946,1.0103791,2.7028086,24.507624,94.98986
1198,202.3625,3.7900076,0.61762065,2.9347527,36.389397,104.14262
1199,196.84335,3.385218,0.26319525,2.9422066,32.44001,90.173294
1200,236.79865,5.1058564,1.2719748,2.9642346,30.208826,89.731895
1201,184.78317,5.6239796,0.89337176,2.8553526,25.82176,97.533
1202,199.12285,3.5896037,0.6800901,2.7997754,35.125153,101.20377
1203,221.8735,4.3837814,1.2040465,2.848467,37.695816,112.33532
1204,232.80447,5.1781054,1.262789,2.9283612,29.498272,89.2423
1205,161.90298,4.578355,2.1258395,4.1166606,11.959591,68.37019
1206,208.08981,3.8975096,0.41395208,2.9864275,32.690826,97.69555
1207,201.62277,3.5227497,0.1843073,2.8939984,33.52837,96.87203
1208,199.31131,3.7602658,0.7507879,2.7072213,34.47887,100.60107
1209,229.41498,4.501948,1.059788,2.8270733,28.231594,78.30342
1210,151.45903,4.779834,0.66002864,2.1626532,20.632034,82.63695
1211,153.95807,4.0939317,0.95414084,2.1782725,21.125547,79.07099
1212,175.97969,4.316067,1.4945834,2.7791255,12.88994,72.44953
1213,241.37526,5.3000817,1.2395213,3.0667908,28.286556,83.690315
1214,216.35623,3.6223776,0.25502226,2.9787276,36.073082,103.57777
1215,167.44579,4.94849,0.75202674,2.6862862,24.522255,88.21114
1216,203.10225,4.06515,0.828932,2.6870406,35.692715,103.58999
1217,169.88019,3.9985602,0.47745153,2.845404,11.621128,64.55274
1218,167.08092,4.430573,1.6289771,2.9362147,12.197727,70.15255
1219,182.93622,3.7322743,-0.5769108,2.197759,18.130562,94.83278
1220,260.91333,5.9409204,0.75338,3.5360482,15.277233,66.50196
1221,207.8223,4.023409,0.5746996,3.0401661,32.10635,95.880585
1222,201.62753,3.5751095,0.4411852,3.106087,31.814579,91.94674
1223,215.25174,4.4835525,0.99745387,2.8217099,27.794544,81.64271
1224,208.73035,3.555604,0.65582675,2.846948,36.840492,104.14951
1225,202.53717,5.184447,1.5595362,2.6293137,15.6441555,89.15519
1226,207.6843,3.743895,0.6245596,2.752516,35.93552,101.59331
1227,210.22264,4.099446,0.9764349,3.0546257,30.745996,90.15848
1228,204.69086,3.4406648,0.5677759,2.793073,37.08208,102.77
1229,406.9072,8.115607,-0.6313589,4.210836,23.432457,79.78591
1230,163.20482,4.024632,1.6860259,2.57434,11.49461,63.175953
1231,221.79742,4.197295,0.6975538,2.8573344,37.70429,108.08027
1232,214.94156,9.593405,-2.4147584,0.521972,16.084713,84.3152
1233,202.1036,3.8174682,0.9254648,2.8492072,29.12816,84.526436
1234,217.75,4.1275296,0.8923971,2.7297661,27.877039,76.131996
1235,264.61078,5.692097,1.357012,3.2748997,30.055521,88.77116
1236,220.9463,4.2130284,0.91862315,2.7915509,29.289886,81.92942
1237,205.40791,3.9681957,0.8488199,3.0910685,31.228748,91.54373
1238,224.05927,4.6367674,0.43834135,2.8907006,23.963665,67.99202
1239,163.82594,5.15416,0.7497446,2.362075,22.22914,88.278206
1240,274.763,5.9296937,0.5617086,3.364322,16.823212,64.2534
1241,164.58887,5.098814,0.8068697,2.523081,22.907745,87.51611
1242,209.54347,3.887365,0.27347967,2.9498017,33.722343,98.96029
1243,157.83853,4.645613,0.58395404,2.3991158,20.826408,84.409645
1244,165.56361,4.584271,0.51737994,2.598409,25.98845,87.197105
1245,209.8881,3.7185173,0.74153346,2.8814833,37.18434,106.07844
1246,215.96432,3.735998,0.4230692,3.2168915,34.191402,99.502205
1247,273.97897,5.9682174,0.633259,3.3551304,16.600277,64.28127
1248,204.35062,4.4087925,0.87279147,2.7851822,34.773026,104.5341
1249,197.99274,3.4063084,1.0414898,2.4139702,14.079703,107.750175
1250,262.22525,5.9439073,0.7735769,3.5072625,15.484472,65.04376
1251,273.7938,5.547293,0.7817804,3.172109,27.339615,82.3577
1252,164.63257,4.9809723,0.6772091,2.654175,23.95253,87.2418
1253,223.47122,4.316831,0.96201915,2.8606846,27.94472,76.801125
1254,337.3492,6.4249578,1.6392672,3.6925366,17.649044,56.335194
1255,208.56058,3.976699,0.9272024,3.062403,30.90643,89.790764
1256,216.13928,5.261085,1.3446639,3.3128064,24.224014,77.38583
1257,215.70831,5.440321,3.1090796,2.0174267,11.936127,96.81153
1258,230.12143,4.594085,0.92934245,2.9068997,26.324448,74.7566
1259,215.55212,3.6568675,0.34239408,3.140241,34.736885,100.01186
1260,210.22353,4.560452,0.9085352,2.923982,30.266119,97.18635
1261,212.08142,4.1173863,1.171242,2.861951,30.633717,86.36149
1262,205.39758,3.9971774,0.7725679,3.1500914,30.907803,93.23887
1263,209.94955,3.770484,0.13816473,2.886247,34.80635,100.16384
1264,263.44238,5.2266774,0.5180685,3.166402,25.76778,76.95896
1265,273.17136,5.390035,0.4246485,3.2282784,25.67693,77.746765
1266,205.8478,3.8876941,0.83522624,2.6130946,29.017902,81.14686
1267,216.91125,4.592901,1.1060297,3.141044,31.074787,94.33997
1268,170.48431,5.075473,0.76604,2.5548174,22.506683,90.38332
1269,188.88239,3.172157,0.16779158,2.633733,33.303444,91.98969
1270,259.42545,5.988561,0.7795736,3.429395,14.736555,64.74583
1271,223.91016,4.4779143,0.9680254,2.815265,27.979383,78.595795
1272,221.10915,5.0743327,1.3046343,2.856643,29.491169,90.95266
1273,215.52391,4.334167,0.5710136,2.2878916,10.682997,113.19561
1274,212.44302,3.48304,0.6675226,2.8405907,37.53766,106.190544
1275,170.27629,3.3638246,-0.022739206,2.9061844,11.704313,61.60773
1276,219.88774,3.8412027,0.8429472,2.9326184,38.70894,110.431274
1277,159.67194,4.903086,0.75912017,2.3524096,21.72724,84.70736
1278,211.74728,4.1349006,0.72598284,3.098719,32.762833,96.702705
1279,185.69522,3.4388227,0.70524806,2.5915148,26.85147,75.702705
1280,208.17453,4.188224,0.9644148,3.0641663,29.364813,91.08488
1281,195.644,3.4192352,0.55436915,2.67404,34.846313,97.36379
1282,219.25323,4.142293,0.89531916,2.740533,29.805607,83.713875
1283,226.40428,4.667786,1.093714,2.9215024,29.1137,85.12014
1284,202.7149,3.6071472,0.64663714,2.779258,35.64619,102.0648
1285,344.01517,6.359119,0.77527636,3.8396428,19.667854,68.97654
1286,203.43678,3.5906637,0.594927,2.8857157,37.33921,104.51666
1287,181.86453,5.37921,0.9427034,2.8622153,25.868101,95.58318
1288,230.57657,5.065844,1.3964579,3.0475094,31.688337,95.01685
1289,234.05284,4.767957,1.0541995,2.9087288,30.070686,85.53771
1290,200.72163,3.7505238,0.7848951,2.8795998,33.900658,101.35078
1291,206.2839,3.883736,0.9458296,2.6661189,35.74167,103.19182
1292,227.53128,4.830407,1.2334788,3.1684105,32.975075,97.576195
1293,227.27826,3.724271,0.74223727,3.0100024,39.54828,112.78803
1294,288.42368,5.7652326,0.36969206,3.1505845,24.675165,78.6711
1295,198.08788,3.1972742,-0.08010653,2.8889983,33.206375,91.87072
1296,221.67389,4.2396035,0.92394084,2.8032658,28.635628,78.915596
1297,271.2767,6.2673306,0.7938406,3.7126267,15.194012,69.01856
1298,207.13533,3.8366463,0.36800024,2.7718203,35.144962,100.94543
1299,208.54752,3.860335,0.90090007,2.7182267,36.383842,103.95458
1300,214.86151,3.747038,0.17324659,2.9242394,36.22132,101.89605
1301,164.57368,4.606508,0.9561226,2.324364,21.872074,84.933174
1302,235.32094,4.5575256,0.90655154,2.8167813,26.287766,74.78151
1303,225.9606,4.661305,0.53254145,2.4350436,10.409479,115.802055
1304,197.7515,4.224751,0.62784976,4.1446795,13.42832,67.748764
1305,210.67072,4.078883,0.48867628,3.031669,32.617058,97.67481
1306,222.3732,4.9489784,1.3723052,3.0337842,29.935911,92.509796
1307,178.86768,4.794889,1.0281498,2.4702694,25.584194,91.17785
1308,221.74042,4.257995,0.9580614,2.69959,28.860926,80.03539
1309,220.35284,4.154426,0.93769854,2.6368725,29.369602,80.89422
1310,225.13527,4.4480414,1.0251544,2.8384469,38.390194,111.87356
1311,183.67047,4.883511,1.4943221,2.3743098,24.315323,93.14018
1312,241.66025,5.3086424,1.3356879,2.8943493,28.481266,84.4162
1313,219.12398,4.8153214,1.1591704,3.0442746,31.95066,95.29597
1314,308.03635,6.2576566,0.15642568,3.2958233,22.713238,77.24529
1315,226.58093,4.5143604,1.1222098,2.692815,30.97899,88.55401
1316,221.50732,4.348785,0.9512045,3.249843,32.58811,97.08244
1317,298.2997,7.033343,1.0948145,4.5359683,13.752678,75.52264
1318,206.3219,6.248808,0.9734041,3.2088263,29.27853,109.30264
1319,193.62207,3.3586981,0.5719473,2.6498406,34.726532,96.66862
1320,212.46469,4.652217,1.9874766,2.0383656,11.662796,100.74485
1321,202.31425,3.9510868,0.7410738,3.041117,30.97297,91.58962
1322,174.36171,4.6137123,1.0765498,2.2582562,22.24542,88.905495
1323,215.13443,5.6570096,1.6045878,3.162885,17.902205,87.78841
1324,226.87038,4.90849,1.1067584,3.0323966,38.343006,115.983665
1325,239.20375,5.5797944,1.2137778,3.1552613,27.5232,82.94793
1326,214.70337,4.269378,1.0750811,2.8723853,30.189194,87.71692
1327,198.55258,3.6981823,0.77371997,2.5760596,27.236334,75.77086
1328,259.52017,5.920057,0.79027003,3.501407,15.261704,65.05111
1329,174.50899,5.0124793,0.8701984,2.5161345,22.155792,91.48965
1330,223.79477,4.880647,0.97790736,3.0721772,26.74019,77.15993
1331,165.31644,4.9661384,0.8533737,2.5437806,22.450157,86.172
1332,158.37285,4.9385695,0.89024657,2.3698103,21.06572,84.061516
1333,219.59169,4.7672553,1.1385272,3.1385453,31.608856,95.792694
1334,213.62799,3.568162,0.1692793,3.1720116,34.410137,99.912704
1335,218.05966,3.9464917,0.6637003,2.8721344,38.20932,107.39469
1336,180.03116,4.878596,0.9060709,2.657925,27.459087,93.29604
1337,204.173,4.0994997,0.9215376,2.735472,35.756706,104.21569
1338,210.80481,5.6137795,1.4299319,3.176924,29.627281,108.78309
1339,325.93924,5.937184,0.8027689,3.3306572,18.698593,60.722607
1340,153.54555,4.966247,0.8641197,2.1783803,20.407143,84.111145
1341,205.98894,3.67006,0.5454218,2.7298281,35.999554,100.93719
1342,199.45029,3.580356,0.19884703,2.898081,32.129833,95.05484
1343,226.06815,4.5994735,0.9955656,3.3326714,34.11385,101.08466
1344,207.3904,4.2335443,0.8372156,2.7377102,26.951115,77.11462
1345,264.48886,6.7347455,1.161175,4.1078525,12.112438,71.88762
1346,244.72571,5.9108615,0.50183505,3.051492,14.940598,64.04374
1347,212.66367,4.5749717,1.2546256,2.8190348,35.275,107.514656
1348,188.55023,3.7825189,0.050466742,2.2121022,18.167517,95.2728
1349,207.3847,3.3277369,-0.049638543,3.0597384,34.392403,98.39954
1350,167.5339,5.253528,0.95059985,2.5172532,22.315342,89.07841
1351,264.9921,5.9688897,0.7124464,3.576381,15.841715,67.62087
1352,179.16467,4.838098,1.228924,2.4328215,24.960384,91.259056
1353,219.08511,4.2090507,0.94761866,2.7010128,27.855556,76.6939
1354,222.62666,4.532242,1.0408137,3.18028,33.794777,98.11129
1355,196.77328,3.2713354,-0.009961877,2.9447186,32.175644,92.53382
1356,268.99557,6.5970035,1.0033915,3.9909966,13.269878,70.23548
1357,160.1034,4.902386,0.6211435,2.5665028,23.0464,85.8595
1358,221.92297,4.7598424,1.3381932,2.088937,11.000456,108.234
1359,164.6597,4.9670773,1.5604193,3.2833397,11.723736,65.7235
1360,269.6752,6.646729,1.0297987,4.030599,13.059699,70.496445
1361,312.4137,6.442332,-1.005449,3.0274556,19.567293,74.8049
1362,292.2743,7.299108,1.2146838,4.6782203,11.982713,78.46847
1363,226.27899,4.427157,1.0094244,2.9170468,27.75119,76.638435
1364,211.9527,4.628895,0.8301241,2.9335701,36.44847,109.16331
1365,409.63562,8.097334,-0.587879,4.248277,23.80175,79.54081
1366,205.62741,3.5459983,0.6787874,2.756921,37.62734,104.303375
1367,216.25504,3.6696906,0.5480177,2.8973706,38.792538,106.80675
1368,219.59076,3.534308,0.1424143,3.0656054,36.56489,104.49622
1369,218.13403,4.3431053,0.93580073,2.8109562,27.757332,78.19947
1370,252.06696,5.3698187,1.327738,3.2321045,29.736279,86.52331
1371,239.08377,5.6771235,1.2049296,3.354995,25.933895,80.38258
1372,263.38565,6.0318913,0.7751867,3.477298,15.098132,64.7465
1373,255.06963,5.6100016,1.4557211,3.136947,29.298685,87.254524
1374,210.1879,3.7124715,0.11871931,2.924904,34.587296,98.361534
1375,165.99966,3.1962748,0.3295767,2.3778613,12.046392,65.54087
1376,161.50578,4.9496417,0.7832033,2.525532,22.150017,86.39921
1377,226.9473,5.22328,1.1348517,3.0638,27.868967,85.02556
1378,202.99277,3.9154994,0.88340205,2.7023833,35.895615,103.31826
1379,198.8331,3.713509,0.5787832,2.8173878,36.035076,102.306816
1380,210.83534,3.9691212,0.95859927,2.765303,37.24299,106.92573
1381,187.66245,3.7983081,1.0364172,2.4697058,11.916269,104.40225
1382,259.21902,5.100611,0.59994906,3.0148194,25.61723,76.16675
1383,282.34836,5.7640634,0.6005613,2.9071553,18.247463,62.7544
1384,296.57187,7.433272,1.2436602,4.7336707,11.989265,79.15844
1385,261.92743,5.932181,0.74015826,3.5563843,15.627782,67.30285
1386,215.59396,3.9614828,0.2569649,2.274111,11.4669285,111.26371
1387,238.00085,5.8531175,0.7621309,2.967252,13.56516,61.370293
1388,277.36783,6.491444,0.8510477,3.8766816,14.796195,69.99768
1389,198.11096,3.4927542,0.56953067,2.729458,35.257828,100.13653
1390,270.77737,6.6171155,0.9950487,4.0018554,13.406061,70.379555
1391,259.51617,5.518469,0.9529421,3.0616124,25.909294,80.44593
1392,260.4882,5.8509827,1.62344,3.0416462,31.963058,96.75796
1393,257.99506,5.948849,0.82217044,3.54375,14.905917,65.27624
1394,217.45953,3.9788516,0.7669603,2.892031,36.86994,107.751
1395,166.54918,5.328995,0.8909561,2.5731957,22.875706,89.153114
1396,168.10071,3.1771004,-0.10030535,3.09596,10.7226515,59.675667
1397,164.30334,5.0678387,0.70091933,2.620746,23.636429,87.40592
1398,305.11,6.455216,-0.89883786,3.1523507,18.87329,75.93754
1399,153.81703,4.8487105,0.6406042,2.1805813,21.091553,83.89614
1400,172.17699,3.451819,0.731476,3.152365,11.343849,68.44572
1401,344.40726,6.165179,0.79727954,3.485452,21.29125,67.16421
1402,335.36935,6.766318,1.0491107,3.4839146,17.635483,62.298786
1403,276.3586,6.4963727,0.86460894,3.8808396,14.632086,69.62136
1404,155.06741,4.725532,0.8078291,1.8772299,11.883552,68.519936
1405,162.1062,4.83499,0.8925163,2.2788966,20.873747,85.41474
1406,164.89525,4.8637266,0.8790371,2.5238736,23.348167,86.24486
1407,207.28406,3.662801,0.18613836,2.912594,33.472015,98.073906
1408,213.07309,4.4711823,1.1044714,2.72481,29.12138,85.60427
1409,169.72627,4.727714,0.3555586,2.1062748,18.863865,92.45494
1410,256.73212,5.783152,0.69701594,3.3054993,15.6458,64.221306
1411,336.86795,6.5380273,0.7529146,3.9367917,18.915026,69.86275
1412,189.8353,3.166392,0.46239874,2.926778,30.134398,84.78745
1413,222.343,4.341376,1.0385439,2.91764,36.204853,110.18392
1414,204.85144,4.192487,0.47807333,3.0066397,36.66811,106.56024
1415,205.62685,3.5161326,0.6663477,2.7807715,37.243202,103.87721
1416,171.7598,5.0790615,0.8154451,2.683345,23.51918,89.76357
1417,203.7502,3.7432926,0.3117945,2.767792,34.373528,99.40914
1418,174.8747,5.5649147,1.0092747,2.6015723,23.648806,93.379265
1419,164.55524,5.1391673,0.8128063,2.5682642,22.86277,88.3444
1420,219.19717,4.294581,1.0126975,2.623584,29.321905,83.32246
1421,160.75502,4.8967104,0.6088373,2.5866005,23.29644,86.132195
1422,204.16678,3.9504924,0.6393854,3.0783494,30.933937,93.799736
1423,312.55582,6.006021,0.3929827,3.4626381,18.868153,69.125465
1424,262.6022,5.9867845,0.7915155,3.5477746,15.297206,65.20634
1425,195.86671,3.4348438,1.1917784,2.562215,12.970282,107.762764
1426,231.31819,5.074329,1.4865677,2.332599,11.277296,112.723724
1427,234.28278,4.6370597,1.0743048,2.7671692,30.623753,86.470406
1428,213.24457,3.9376347,0.39192984,2.9221203,35.45968,103.34175
1429,196.36131,4.3122954,0.4938471,4.049293,13.377217,68.40887
1430,207.50034,4.01448,0.9523966,2.7140677,29.306057,83.59883
1431,220.71234,4.217811,0.90995044,2.765443,29.289782,81.88842
1432,218.86269,4.3166504,0.9142286,3.2320092,33.368206,98.02323
1433,363.92166,7.298262,1.2246058,3.7956803,18.219986,63.123665
1434,170.4815,5.2286134,0.95789164,2.671512,23.787746,90.42452
1435,201.68817,4.0364614,1.0814192,2.9246762,29.703938,86.13341
1436,198.6319,4.3578196,0.5058977,4.1573787,13.507795,68.66027
1437,218.87694,5.012607,1.2247603,3.0227158,30.48547,93.94233
1438,352.44394,6.8371034,1.4746974,3.9264653,18.264435,58.999565
1439,212.86359,4.192675,0.43431208,2.3344128,11.064511,112.22694
1440,214.05789,4.036688,1.0063593,2.7796977,37.498238,108.29052
1441,204.5426,3.5289147,0.49494573,2.78064,36.368607,100.57614
1442,213.47006,4.38234,0.92581385,2.802255,27.475788,79.32532
1443,174.61633,4.359389,1.3208926,2.1985514,21.831047,87.8903
1444,221.02731,4.3225465,1.0295146,2.6308835,29.916292,85.374275
1445,230.90799,4.85784,1.2628062,2.7351964,29.873638,88.16172
1446,248.33356,6.3299074,1.2018912,3.9502556,11.046019,70.03883
1447,173.8346,4.892962,0.96074504,2.4486506,24.445099,89.82879
1448,165.3978,4.2279954,0.86898917,2.2821238,24.269983,84.88961
1449,214.90192,3.9295995,0.5583307,2.8100388,37.1049,105.21856
1450,306.1598,7.28943,1.1212142,4.633983,13.89465,76.74906
1451,201.64651,3.73746,0.35614225,2.7992804,33.22258,97.74349
1452,234.02972,4.747708,1.0078833,2.8497727,27.315796,77.29669
1453,220.64256,4.8719053,1.3029253,3.102628,31.615862,95.16387
1454,223.36343,4.442754,0.9567186,3.2989151,33.737873,99.10558
1455,210.60487,3.601717,0.22052595,2.9522145,36.886917,101.88409
1456,202.8302,3.9049108,0.75611705,2.6798947,26.447538,72.47307
1457,170.6516,4.1185827,1.5505412,1.9069293,20.759129,84.50878
1458,202.63327,3.9888785,0.86427706,2.6720707,35.00422,102.690384
1459,176.88368,4.317702,1.5339396,2.8002827,12.78373,72.44571
1460,228.12106,4.7363057,0.6018507,2.8672917,25.169674,71.47541
1461,207.00174,3.4299047,0.0035764836,3.1148303,33.46227,98.537346
1462,330.65677,6.7189813,1.0227168,3.5006077,17.268044,62.277447
1463,171.8533,4.711332,1.0583718,2.4037392,24.333317,88.21359
1464,235.90398,5.399497,1.4510767,2.892728,28.646687,88.605156
1465,277.276,5.550319,0.5687868,3.2606537,26.815086,81.01784
1466,258.6276,5.190224,0.4505312,2.9880517,22.763256,72.600685
1467,165.15562,5.3292403,0.8107483,2.5666163,22.97387,88.88067
1468,228.01065,5.1321254,1.3136199,3.089021,32.36274,97.297516
1469,190.43948,3.4530375,0.7625734,2.8789923,28.734413,83.09069
1470,215.32169,3.5942202,0.18739149,3.0130398,35.24646,102.72213
1471,158.00562,4.77059,0.80246085,2.4004767,21.16994,82.23261
1472,208.04173,4.0626993,1.0156596,2.7556393,28.953022,83.762856
1473,263.3887,5.388437,0.6198675,3.0756428,25.891611,78.18246
1474,296.7991,7.137772,1.127888,4.609092,13.437986,76.81843
1475,236.74467,4.057348,0.60646075,3.0578358,39.291447,113.34953
1476,164.27695,5.0669665,1.6518328,3.4115117,11.536219,68.04752
1477,225.10036,4.4712644,1.0771925,2.6564915,29.576317,83.90214
1478,337.11014,6.7897954,1.0859377,3.4643433,17.720608,62.03592
1479,325.33102,6.76063,0.92853945,3.6322625,16.660934,63.623573
1480,206.9322,4.4380403,1.0891707,2.971886,28.507387,87.69767
1481,183.93086,3.7658317,1.0752308,2.3460972,19.727638,89.73891
1482,196.95532,3.2042568,-0.037444863,2.9004223,33.265125,94.28901
1483,206.64749,4.359033,0.71658534,2.8689196,25.982367,72.762856
1484,205.50815,3.8304453,0.35941145,2.7530816,34.64395,99.908066
1485,201.66441,3.2257016,0.13121244,2.9243128,35.08716,98.29467
1486,234.96826,5.551522,1.245743,3.3219674,27.209793,83.00782
1487,410.56152,7.9480567,-0.43234995,4.3424277,24.468475,77.76672
1488,229.72801,4.0214853,0.43990156,3.3704674,36.80564,105.7301
1489,175.40285,3.9577377,0.77446383,3.482816,11.858931,61.45013
1490,338.4238,6.288689,0.77750415,3.830602,19.249552,68.821236
1491,204.53705,6.201504,0.96780795,3.180158,29.009342,108.39443
1492,209.39752,3.8232377,0.4008772,3.0641243,33.11682,95.71969
1493,200.17921,3.8546872,0.9773523,2.6738389,34.9869,101.5357
1494,206.74954,3.6036756,0.08806059,2.8651192,34.698128,98.50149
1495,280.48654,5.8078017,0.84795207,3.2545788,16.182484,62.38255
1496,158.0953,4.291036,1.5580447,2.5640414,12.258486,66.01022
1497,290.63037,7.3685136,1.6602538,5.07175,9.837769,85.22295
1498,272.89114,5.705296,0.9857542,3.24562,27.782564,84.64705
1499,207.93431,3.9748065,0.87862796,2.8295481,36.100594,105.94827
1500,199.24881,3.6332362,0.5565874,2.5603173,12.682528,107.41959
1501,220.29916,4.838991,1.1774085,3.1236413,31.412743,95.56451
1502,197.77858,4.3070054,0.7568132,2.7613432,33.99736,101.71636
1503,206.74878,4.020981,0.86141986,2.76913,36.38687,105.24677
1504,251.01718,5.588482,1.5013278,3.117492,31.538755,96.05848
1505,166.46606,5.324577,0.873974,2.5816853,22.913261,89.266106
1506,149.94304,4.705957,0.8018562,2.2608368,20.336723,79.78765
1507,270.5709,6.459316,0.9047567,3.8871243,14.250787,70.08222
1508,201.16121,3.833176,0.69273394,2.803283,35.85995,102.98922
1509,221.36467,4.5614767,0.6767599,2.403453,10.587236,114.97023
1510,197.33559,3.5743272,0.3183634,2.777633,33.002808,96.26513
1511,202.14702,3.5563867,0.50170344,2.894253,37.187115,104.00414
1512,211.13501,3.8191748,0.2063677,2.9823697,34.01318,98.42546
1513,198.01706,4.324365,1.2041514,3.1125443,16.185093,69.8997
1514,250.272,5.2639184,0.8477022,3.0788033,26.78487,79.10097
1515,180.24178,5.0314784,1.0883782,2.5495322,24.510996,93.173836
1516,207.59535,3.6998794,0.12766287,2.9442627,33.473278,97.13761
1517,168.05966,5.082395,0.65215224,2.6089365,24.139095,89.271675
1518,151.74176,4.782451,0.6032879,2.151933,20.781437,82.69579
1519,173.93938,4.5214324,1.2955382,2.4611924,23.1803,88.69215
1520,192.62929,3.5296977,0.7212221,2.9195511,28.826874,84.77697
1521,162.0371,4.01551,0.55911463,3.1295025,11.269138,64.22822
1522,210.35382,4.0332026,1.040293,2.9881785,30.606392,88.06257
1523,251.26831,5.149381,1.2756827,2.9644673,30.138264,85.32899
1524,222.40155,4.2395387,0.90891665,2.8029435,28.73064,79.04935
1525,167.8345,4.832351,0.9608137,2.5047944,23.79939,87.3012
1526,248.78108,5.3484073,1.4363444,2.8969605,28.962593,85.02382
1527,220.37164,4.6569085,1.2302287,3.0001976,30.439812,91.21848
1528,232.6757,5.00897,1.2845709,2.9725468,30.367329,91.80118
1529,279.34302,6.5774817,0.86696833,3.923528,14.4940405,69.06368
1530,160.35178,4.834882,0.7383949,2.5173037,23.078644,84.44613
1531,158.13737,4.5167227,0.6204807,2.505706,23.778929,83.19149
1532,200.7505,3.8023927,0.53153247,2.9631932,36.628475,103.94117
1533,203.15341,3.7103975,0.22299501,2.0147974,10.812557,103.87498
1534,162.68475,4.5261593,0.7802498,2.4315703,23.171318,84.79975
1535,329.9434,6.762666,1.5508006,3.672805,15.95574,54.018
1536,189.48407,4.705847,1.4014666,2.4185412,25.565905,95.83188
1537,175.24016,4.475778,1.373709,2.452738,23.266933,88.989136
1538,296.28287,6.3950944,0.7244589,3.7563736,16.795563,69.34976
1539,159.6455,4.173134,0.7022497,2.3887808,11.9091425,68.48413
1540,187.20914,4.9637947,0.39923975,2.6406252,21.149284,102.96765
1541,224.43947,4.43358,1.0264151,2.7161934,28.915749,81.33872
1542,165.9368,4.8909388,0.9321739,2.4661467,22.86159,86.28594
1543,197.15302,3.396232,0.581196,2.9227736,31.710835,87.545944
1544,214.81941,4.130429,0.5679552,2.8467715,35.389107,104.574196
1545,161.89783,3.5602334,0.50128573,2.5394766,11.434633,67.790474
1546,160.11584,4.9356427,0.7838318,2.459305,22.151058,84.27073
1547,197.457,3.5572608,0.5720369,2.8417952,35.79842,101.42757
1548,204.67947,4.456089,0.9286501,2.9842017,34.769173,105.101265
1549,179.71405,4.597255,1.2090247,2.3846142,24.763897,91.565575
1550,244.94254,4.741774,0.79564685,2.882209,25.784065,75.102234
1551,248.41124,5.246485,1.3252261,3.0202534,31.503073,92.136475
1552,223.49965,4.3202424,0.99941653,2.9166462,36.244305,110.30355
1553,228.86359,4.5854807,1.113848,2.7043374,30.668549,88.601814
1554,192.80006,3.331263,0.030458655,2.3081257,12.330643,102.62443
1555,205.69467,4.067052,0.92269343,2.7436507,36.194237,104.908676
1556,343.33905,6.7711587,1.5169566,3.8356488,17.394947,57.314297
1557,218.1868,3.7196238,0.7300455,2.9105732,38.506123,109.21195
1558,369.04507,7.391358,1.3361018,3.8558247,18.267288,63.232597
1559,172.20782,3.8217545,0.19186518,2.2895873,15.450442,95.16888
1560,194.45538,3.3463,0.38673422,3.0789921,30.40628,88.81225
1561,199.43729,5.259312,1.6621783,2.6843626,25.841446,101.26478
1562,254.90263,5.7046742,1.4167635,3.1324017,29.210062,87.4977
1563,223.33691,4.8403087,1.3596613,3.0876496,32.24444,95.383286
1564,163.40327,5.2418303,0.8668081,2.4218743,22.169914,88.16895
1565,200.26108,4.162642,0.589451,2.9622548,35.65076,103.984886
1566,185.80086,4.400777,0.94273394,2.444175,29.045437,94.83797
1567,195.58481,4.1210775,0.6574747,2.90856,33.972416,101.15043
1568,172.61584,3.456952,0.7128107,3.257478,11.343765,68.18
1569,186.25217,4.8832383,1.1497023,2.6809876,26.137596,94.43258
1570,221.85233,3.8320103,0.8161928,2.972481,39.295433,112.05905
1571,217.16977,3.4070625,-0.05928019,3.1717312,36.16899,102.39602
1572,236.78934,4.642561,1.0469477,2.8620045,29.548822,81.40343
1573,197.18848,3.2638772,0.1831877,2.212765,12.340043,102.13892
1574,168.56866,5.3337784,0.80157393,2.6579697,23.829681,90.0245
1575,218.95721,4.183819,0.936125,2.6568406,28.81349,79.97846
1576,156.06894,4.590804,0.75515383,2.4815066,12.683302,70.09094
1577,262.64563,5.9418044,0.7368986,3.5699036,15.736099,67.65906
1578,205.9789,3.9791095,1.0738747,2.1847441,12.190998,101.798485
1579,268.97177,5.3164363,0.63472193,3.137437,26.699427,79.37842
1580,218.49898,4.688086,1.1095698,3.1758626,32.290737,97.12763
1581,166.14163,4.76699,0.7478487,2.3899395,21.104824,86.62156
1582,190.8833,3.7370708,-0.27877596,2.438802,17.827778,101.4629
1583,213.01224,4.1582117,1.0234854,3.0601428,32.464317,92.45655
1584,230.16913,4.1739182,0.73572177,3.447511,36.056206,103.759636
1585,199.0633,3.4491825,0.5141756,2.6836016,36.04632,99.77405
1586,208.9973,4.3245625,1.3583472,2.12169,12.290461,102.97519
1587,195.40634,3.8490179,0.9471552,2.46015,11.53122,107.35319
1588,193.74474,3.4294338,0.38791487,3.013861,30.503653,88.57804
1589,217.8541,3.8162913,0.80465144,2.8971894,38.300858,109.24227
1590,303.558,7.1736846,1.0857642,4.5907874,14.058145,76.08144
1591,171.72906,5.159002,0.7206308,2.831484,25.147781,91.11153
1592,176.4042,5.2978644,0.85383815,2.845175,25.411934,92.936966
1593,240.35503,5.2450414,1.1267607,3.057296,29.129444,84.88496
1594,194.04062,3.6077774,0.55319995,2.865494,34.820435,99.97329
1595,196.15633,4.301773,0.57492846,4.0271497,13.399391,68.202354
1596,156.5853,4.7076917,0.5681183,2.5497487,23.146788,83.187675
1597,222.68753,4.4439173,1.2318633,2.7727005,38.025883,112.23429
1598,200.44806,3.445532,0.0983679,2.880009,33.23452,95.72822
1599,158.62756,4.7113523,0.78975314,2.1584198,12.054283,69.39402
1600,184.79826,4.391356,1.7595465,2.4305985,23.805763,92.188286
1601,249.19513,5.9570203,0.94050616,3.3827393,13.285131,63.316605
1602,270.91745,5.496036,1.117739,3.1058972,29.32255,86.228935
1603,223.84946,4.729671,1.1386969,3.1074612,32.136772,95.9311
1604,203.51025,3.5711973,0.30627272,2.7871964,35.51221,99.1645
1605,197.10683,3.8808,0.6733114,2.867139,34.190784,101.08824
1606,193.4068,4.472356,0.41871092,4.1227765,11.712645,65.69994
1607,212.85472,4.572102,0.9243204,3.0058606,30.621405,97.779396
1608,152.90533,4.571827,1.0708201,2.9669993,11.447315,64.84942
1609,217.82983,4.385529,1.016823,2.8084252,29.655582,86.790955
1610,296.27676,6.007671,0.41500303,3.1871617,24.478827,80.22201
1611,269.63815,5.8720126,0.61310977,3.2813275,16.622316,64.01189
1612,214.45547,3.9074,0.6919729,2.8291094,37.579292,106.091545
1613,175.11443,4.344534,1.2556612,3.1377327,11.342548,64.5578
1614,208.18199,3.7421877,0.74150866,2.7233937,36.289276,102.54334
1615,167.85706,4.5911145,0.8399145,2.3272383,24.798264,86.71463
1616,207.74216,3.816569,0.42677042,2.1459515,11.486704,107.151474
1617,245.54408,5.324366,1.3062899,3.077243,29.422558,86.84342
1618,232.6466,4.9451375,1.1767371,3.2980225,33.959618,101.17065
1619,165.9863,4.6219964,0.8941261,2.3118098,20.044304,84.68892
1620,272.20422,5.363155,0.29293463,3.1843827,24.706476,75.49211
1621,344.5599,6.3907,0.80566424,3.860759,19.594685,68.94463
1622,226.344,4.509026,0.9759714,2.8724759,27.841507,77.648285
1623,208.88858,3.501006,0.27669355,3.1730912,33.67486,95.960014
1624,250.69745,6.036447,1.5925486,3.3095982,34.38355,107.256325
1625,278.62778,5.6018653,0.11384031,2.9288228,21.5166,71.57847
1626,189.97061,4.373344,1.6294901,2.2280772,25.144863,94.45963
1627,217.6293,4.1149282,0.6623861,3.1885026,33.69683,99.64895
1628,211.21729,3.639076,0.41367933,3.1834023,33.727776,96.42616
1629,203.8722,3.959233,0.65230006,2.5896714,10.907078,109.57101
1630,198.2522,3.1646414,-0.06626871,2.8937438,33.385277,94.631676
1631,155.45964,4.6153636,0.68567103,2.276972,19.987082,82.02984
1632,226.57932,4.6577344,1.0388415,2.8350232,28.36645,80.74998
1633,247.16226,5.4103985,1.389622,3.1576893,29.691895,88.97066
1634,157.46463,4.729599,0.6508314,2.4866154,21.47411,84.04015
1635,201.70749,3.8115337,0.60456675,2.7304432,34.659622,100.98736
1636,166.60272,4.6822324,0.89340705,2.444833,23.949066,86.59946
1637,212.663,4.037006,0.67931384,3.1195462,33.090473,95.76342
1638,293.46143,7.282145,1.1921561,4.684341,12.524636,78.51879
1639,320.89706,5.7369695,0.9216539,3.1994202,18.886517,59.112736
1640,152.9371,4.822899,0.7435877,2.3017533,20.829788,81.71348
1641,218.91862,4.0954933,0.64393824,2.838961,37.58394,106.853676
1642,221.78326,4.7618566,1.2499335,3.085233,30.415321,93.18464
1643,220.1756,4.2138824,0.9272978,2.7491906,29.861732,84.5876
1644,289.23795,5.909262,0.4929659,3.2775738,24.93196,80.766426
1645,215.26007,4.32337,1.1605437,2.79058,30.50484,87.48742
1646,197.37015,3.636545,0.5693075,2.5947907,12.668509,106.79801
1647,183.52939,3.4232306,-0.14694098,2.065385,13.487672,94.934204
1648,261.52765,5.9324985,0.7483999,3.5751126,15.856195,68.37587
1649,181.91528,4.255314,0.5849535,3.9394763,11.184734,62.27788
1650,198.86905,3.8737662,0.52177066,2.960028,36.068306,103.15339
1651,167.47687,5.3925204,0.79821604,2.4948819,23.12941,90.82661
1652,222.51805,4.5121775,1.1051505,3.173158,33.562527,96.619835
1653,153.37654,4.2013526,0.28429148,1.8165753,16.823402,81.05774
1654,223.90593,4.531638,1.0593951,2.8653119,29.798065,87.00465
1655,205.0812,3.4489014,0.03986379,3.036772,32.90411,97.67164
1656,261.64246,5.926641,0.7451288,3.5616372,15.693194,67.586845
1657,209.26808,3.6543705,0.24813673,2.836529,36.154037,101.52974
1658,251.34775,5.186237,1.0137331,3.0983555,28.366201,81.81086
1659,229.09543,3.834166,0.94109553,3.001366,38.533417,113.97744
1660,200.36227,3.4539845,0.28583738,2.7230504,35.37352,99.02799
1661,196.26753,3.9415495,1.3370459,2.1189082,11.998739,95.61139
1662,232.41672,4.977115,1.2104456,3.2720082,33.43976,100.131134
1663,210.15762,4.576128,1.2038462,2.89738,28.895254,87.045586
1664,221.36176,4.3885126,0.9468462,2.814193,26.712173,73.72157
1665,284.0192,5.642943,0.3376505,3.2352574,24.91684,78.115585
1666,306.3496,6.2662206,0.5794489,3.6268437,17.855118,68.92232
1667,255.27179,5.5373697,1.4389956,3.1070473,31.732378,94.3287
1668,159.91809,4.9899464,0.8031618,2.528147,22.69881,84.85421
1669,172.24791,5.4360547,0.7507145,2.7483304,24.695223,92.18566
1670,203.22992,3.8708417,0.6642782,2.715954,35.103165,102.052
1671,284.847,5.65043,0.41362783,3.1965535,25.456432,79.28375
1672,300.0049,6.7273173,0.98198336,4.306186,15.147701,73.24452
1673,169.30281,4.7412972,0.90561694,2.4714358,24.11626,88.03669
1674,203.5794,3.8617465,0.6413519,2.4076626,11.937517,110.9669
1675,286.76636,5.774565,0.017572608,3.058715,21.786604,72.411285
1676,208.64337,3.8914747,0.68779963,2.76285,36.78991,104.56536
1677,194.00615,3.5568254,0.83787364,2.8068907,28.462132,82.06512
1678,307.85043,6.183512,0.19895765,3.2563813,24.532713,80.705086
1679,234.3538,4.9633474,1.1596262,2.9450562,29.396374,85.71221
1680,202.1911,3.8322008,0.449465,2.9167101,31.722076,94.01213
1681,263.63052,5.365289,0.69486445,3.139972,26.966724,79.914116
1682,201.07681,3.8596213,0.56423396,2.6542294,34.412376,99.96647
1683,165.29456,4.9732666,0.95899314,2.4827893,22.518196,86.4228
1684,204.50113,4.005141,1.0551283,2.8464615,29.684446,84.96296
1685,212.76797,4.1881557,1.1151736,2.7906392,30.510887,86.0693
1686,232.61578,4.7265987,1.0431902,2.7900631,27.617105,77.44304
1687,191.38397,5.837088,1.1177313,2.9747126,26.815895,100.8088
1688,252.95456,6.239983,1.615454,4.6819053,8.6313,81.87034
1689,189.70438,5.8436,0.8360006,2.9801152,27.07667,100.96761
1690,211.88083,4.3856244,1.2821448,2.2720463,12.22464,104.472435
1691,322.49863,6.6441426,1.5713122,3.6037629,15.4536,52.551804
1692,250.38971,5.3033156,0.8064062,3.036031,26.61815,78.79336
1693,278.81857,6.699387,0.9729635,4.0632854,13.89111,71.48421
1694,276.74768,6.943562,1.448395,4.7675376,10.014761,81.254585
1695,160.47968,4.8994594,0.73371524,2.4764397,22.365522,84.614044
1696,217.62434,4.9472585,1.2911971,2.8285134,29.781105,90.243965
1697,251.81924,5.4623117,1.4212706,3.0473912,32.09254,95.71981
1698,210.20044,4.710247,1.1124079,2.8014138,31.407091,103.46225
1699,329.55728,6.1102805,0.71412677,3.4040787,18.863316,61.758453
1700,170.0958,4.751488,0.92157096,2.47417,24.1423,88.37016
1701,215.68698,4.6655097,0.86286944,3.0268261,27.234722,78.46714
1702,222.02527,4.238688,0.9165022,2.8068364,29.169483,81.20289
1703,211.41241,3.7489498,0.15604421,2.9317687,34.710682,99.2152
1704,204.74603,3.4706805,0.20944807,3.1094515,32.55339,95.464096
1705,198.47296,3.7500184,0.74895114,2.7066395,34.327297,100.22998
1706,175.23102,5.4893155,0.81145495,2.7492907,24.706858,93.35741
1707,197.87961,3.5155816,0.38011762,2.7190545,34.4578,98.28397
1708,215.83257,4.1814494,0.7489988,2.804664,36.141212,106.42904
1709,259.70193,5.3643394,0.6085684,3.030187,25.819675,77.633095
1710,195.62215,3.607686,0.9087774,2.7394211,28.391197,80.896675
1711,218.74776,4.3671846,0.98099536,2.8184826,28.788109,82.80854
1712,210.1195,3.895864,0.7562544,3.2030957,31.945549,94.28646
1713,159.36957,4.8169513,0.4872429,2.3835862,21.532103,85.28296
1714,210.52142,3.5591207,0.23417684,3.1670678,34.195984,96.88117
1715,186.32477,3.365762,0.5507385,2.5653727,32.912804,93.4435
1716,202.10645,4.12924,0.8045942,2.7656777,34.85256,103.1775
1717,235.5083,4.5766883,0.91244525,3.2455094,36.56639,107.3964
1718,156.14116,4.4861317,0.48555967,2.2423956,19.626541,82.59989
1719,212.33098,4.4025517,0.8401777,2.7231886,34.559273,105.05207
1720,205.27798,3.4465358,0.625086,2.7627032,37.955162,103.741806
1721,261.6051,5.936852,0.7562849,3.5612404,15.636239,67.6113
1722,170.85333,4.020797,-0.19069365,2.156277,18.429527,89.40127
1723,328.42126,6.025415,0.79793566,3.376836,18.77573,61.182663
1724,221.2421,4.270411,0.9614622,2.7227051,28.009848,77.14326
1725,337.3466,6.512175,0.73029345,3.9183724,19.099949,69.86204
1726,208.13159,3.7254226,0.96282977,2.772012,36.5825,105.53382
1727,210.30464,3.678273,0.2784674,3.027407,34.603012,96.46945
1728,238.79344,5.252975,1.2627509,3.1346638,27.662262,81.999245
1729,238.20822,4.9152412,1.1358817,2.927131,30.371323,87.14562
1730,171.93095,4.249285,1.1986477,2.1856596,23.197592,86.96462
1731,245.75473,5.842442,0.9074194,3.4771702,13.610226,65.62653
1732,219.125,4.337362,1.0028689,3.2058213,32.092304,95.16703
1733,245.69186,5.025433,0.2897608,2.9930222,23.759144,70.77055
1734,165.98486,4.9013867,0.75524634,2.603225,23.966965,87.41755
1735,214.14899,4.080825,0.6786577,3.1248763,33.508297,96.71437
1736,204.01819,4.3031483,0.9777834,2.736252,34.767696,103.68206
1737,212.51387,4.554423,0.86252993,2.8702557,26.760818,77.35845
1738,195.19348,3.8441522,0.95055884,2.4442112,11.360775,107.09887
1739,214.86777,3.9663253,0.73906535,3.1732361,33.615913,96.33644
1740,172.25768,3.3700387,1.6194575,2.5942175,11.903419,67.11497
1741,180.87134,3.4101965,0.5194647,2.7411406,14.9523535,100.76516
1742,202.04385,4.2961764,1.3660281,2.5880558,21.846378,97.23041
1743,213.11786,4.4434357,1.0011313,2.792371,27.928787,82.67875
1744,207.2931,4.256985,0.7688734,2.7501233,25.749254,71.608864
1745,319.14355,6.490578,0.28418943,3.3494027,25.387241,84.46881
1746,209.02567,3.3082056,-0.057767663,3.119343,34.611546,98.02955
1747,242.54489,5.124696,1.2678988,2.8390915,31.016525,90.23216
1748,227.47595,4.6578593,0.985779,2.883405,26.38858,75.06632
1749,167.77051,4.2625756,1.9017355,2.3313334,11.8610325,66.81679
1750,297.6456,7.4456067,1.2440245,4.7306285,11.961816,79.04809
1751,231.34879,4.403188,1.1576121,2.9943745,37.459816,114.409294
1752,158.01349,4.0961943,1.1204817,2.1788752,21.389133,80.5233
1753,275.74228,5.92995,0.568495,3.342912,16.902275,64.2154
1754,200.33931,3.4047692,0.32501623,2.7159312,35.907234,98.76649
1755,274.53043,5.4918466,0.7269842,3.1519768,26.867924,81.234184
1756,161.10333,4.767428,0.8289644,2.3976452,21.916124,84.01414
1757,280.00162,5.700361,0.2402136,3.010585,23.334532,74.95341
1758,279.87387,5.9403825,0.57497615,3.2978146,17.239998,64.14913
1759,221.2777,4.2037883,0.9415476,2.6808693,28.676754,78.53832
1760,264.10428,6.758389,1.1788142,4.119579,11.842957,71.664665
1761,204.24875,3.4792047,0.025921073,2.9152071,33.450447,97.01389
1762,237.52908,4.7070975,0.6150858,2.946256,24.105883,71.43986
1763,222.07968,4.2332416,0.9216272,2.7800267,29.796343,83.689865
1764,152.89607,3.9891653,0.26443884,2.0285037,11.935976,63.485252
1765,159.41022,5.004625,0.83071727,2.4887307,21.889936,84.73902
1766,184.29556,4.349724,0.30970404,3.122927,15.617702,66.16918
1767,224.14731,4.2982774,0.7809889,3.3231785,34.60041,101.63355
1768,221.05435,4.5223017,1.1267874,2.8367407,37.630306,112.11591
1769,257.50586,5.5886245,1.4518092,3.145816,31.375868,93.036354
1770,299.2067,6.4325557,1.1808741,4.2021995,15.15731,71.09216
1771,201.80237,4.052901,0.8587877,2.6564353,35.107513,102.637955
1772,219.0509,4.367395,0.9630701,2.831485,28.234562,80.287766
1773,217.56131,4.105133,0.87685794,2.7280533,29.157097,81.18844
1774,222.18015,4.443664,0.95475596,2.866235,27.147505,75.43833
1775,217.42035,4.3916593,1.2561362,2.9327157,31.375244,89.84955
1776,164.98364,4.4084435,0.7877075,2.3372967,24.693817,85.412766
1777,172.4833,4.5547967,0.15107462,2.0040247,18.7821,91.73904
1778,213.7768,4.4133945,1.1646254,3.0682328,32.021935,92.77637
1779,240.49829,5.14929,1.3134673,2.9940674,32.410168,96.07229
1780,202.40103,5.320303,1.70381,2.571357,15.95784,88.766365
1781,205.68948,4.0711064,0.94228,2.7580092,34.957687,104.58279
1782,196.66995,4.1369195,0.697035,2.8406003,25.558044,72.11763
1783,200.99664,3.4245636,0.40876028,2.707414,36.328217,99.72732
1784,304.77505,7.2496142,1.1200869,4.618419,13.733803,76.44103
1785,219.27855,4.6662636,1.1417372,3.0932992,32.575195,95.344925
1786,202.02513,3.7756488,0.5664198,2.8829005,36.69275,104.18058
1787,173.20618,5.387009,0.9569561,2.554128,22.729143,92.79118
1788,166.81018,4.740707,0.86482066,2.6435282,24.733208,87.313644
1789,159.4243,4.598489,1.843754,3.1465971,12.439316,66.77897
1790,224.17288,4.654953,1.3096201,2.8199513,32.20872,91.967064
1791,203.03647,3.8786247,0.6281149,2.691828,34.999107,101.584236
1792,208.7695,4.25053,1.0717852,2.765694,35.01853,104.54976
1793,261.0683,5.149812,0.54047984,3.100797,25.85284,76.48882
1794,225.74054,4.424228,1.0699713,2.7718632,27.172562,75.25668
1795,202.68744,3.5189307,0.15808126,2.877641,33.67253,97.09955
1796,223.7747,4.716392,1.758548,3.1048367,11.696664,120.903885
1797,251.98466,6.224017,0.5293619,3.1106045,14.945532,64.1821
1798,217.84018,4.339401,0.97785205,2.8031323,28.93269,83.42612
1799,211.57544,4.5146213,1.1713374,2.9324868,29.885916,88.70837
1800,268.57266,5.890413,1.4387991,3.2925637,30.552326,91.05109
1801,207.31519,4.277059,0.8464033,2.8379614,36.248505,106.265076
1802,206.36649,3.9821496,0.7938444,2.8154814,35.58953,103.997185
1803,212.5191,4.2483716,1.0192626,2.7987034,36.33529,107.636665
1804,197.49529,3.943296,1.3572428,2.1430247,12.188904,96.24735
1805,198.46921,3.8963253,0.6681501,2.6505024,27.43963,77.22166
1806,307.01785,7.2818856,1.1177504,4.6246486,13.8447,76.4351
1807,176.0011,4.077332,1.1123459,2.3745358,25.876295,89.189964
1808,209.31699,3.9470165,0.59795016,2.9911273,37.966522,107.96233
1809,331.4196,6.838326,1.4071658,3.7745278,16.062166,56.72797
1810,271.7496,5.256908,0.43229505,3.0948231,24.804417,76.03985
1811,203.62073,4.074312,0.83188266,2.6940625,35.787796,103.8552
1812,170.13779,5.0489364,0.79726905,2.2832682,20.861515,90.73052
1813,222.5263,4.449391,0.8818018,2.8783581,28.864922,80.76304
1814,208.05286,3.495077,0.060873237,3.0718787,33.69366,99.365715
1815,171.4042,4.6084085,0.27159044,2.0363963,19.048973,91.02956
1816,329.13907,6.755074,1.6387217,3.6803505,15.73823,53.241055
1817,234.5995,4.626329,0.63747996,2.8831742,24.764359,71.70696
1818,160.40703,5.281346,1.1634161,3.1496003,11.398186,64.51616
1819,244.21631,5.157535,1.2426322,2.996322,30.069801,87.167175
1820,270.57367,5.5502267,0.86271304,3.185346,27.340008,82.61482
1821,223.80598,4.8581834,1.0253699,2.972976,27.507336,80.708534
1822,317.99487,5.76401,0.7625696,3.232324,18.32822,59.55714
1823,174.3763,4.065969,0.9637367,2.5026104,22.522955,84.944695
1824,299.3262,6.005875,0.21068022,3.0524285,22.476633,76.3169
1825,257.6345,5.9230714,0.7941839,3.5044453,14.920827,66.08702
1826,270.7824,5.9370103,1.1042845,3.241027,27.679811,86.193275
1827,205.67221,3.7848258,0.38077375,2.881715,33.327904,95.841095
1828,198.66656,3.5661142,0.4150755,3.0591881,31.221897,90.731575
1829,174.92374,3.2600763,1.2948725,2.9699214,12.221424,65.508064
1830,208.91254,4.59385,0.86723727,2.9933398,35.95598,107.68955
1831,224.577,5.411926,1.4922278,3.145425,29.541794,95.99152
1832,206.00488,3.5623312,0.3383734,3.0095408,34.026436,95.0774
1833,268.817,5.654083,1.3336222,3.263139,30.286282,89.07697
1834,205.00839,3.4169505,0.65579623,2.762767,37.918312,104.12144
1835,175.72014,5.0462537,0.758918,2.7278264,23.638071,91.68487
1836,168.53381,3.057813,1.5496142,2.7439606,11.766344,64.701744
1837,276.3597,5.4808326,0.3275492,3.1677601,24.363111,76.13322
1838,189.33765,3.1991827,0.5468103,2.9180853,29.84462,84.117386
1839,201.04007,4.126147,0.77446765,2.8821099,35.15059,103.45847
1840,273.17578,5.4094567,0.7024271,3.0457108,26.960577,80.725655
1841,218.70627,4.674426,0.9235384,3.0612652,37.454212,112.26009
1842,368.78397,7.3927875,1.250912,3.8453248,18.420444,63.83726
1843,211.09938,3.8413541,0.39538023,3.0301192,33.392544,98.18286
1844,199.94904,3.839674,0.4520838,2.7165806,33.147568,97.88093
1845,169.32951,5.1474013,0.89507884,2.3251507,21.008553,89.93168
1846,189.28853,4.528196,1.5414126,2.2085383,23.071846,94.37015
1847,362.90283,7.4159837,1.527241,3.7689545,17.291927,60.969486
1848,196.55994,3.4848266,0.47404882,3.1213706,30.228783,89.86792
1849,259.12097,5.8623652,2.7702696,2.8011086,32.886417,122.46541
1850,227.1636,4.6094537,1.0150721,2.82916,28.431307,80.66321
1851,266.08322,6.1745706,0.6276991,3.3888848,15.312997,64.85474
1852,231.81754,4.3314223,0.48563024,3.019109,37.1431,110.38643
1853,193.62502,3.5663593,0.19313642,2.2912066,15.616209,97.91157
1854,262.12506,6.2952514,0.65374583,3.2928898,14.640617,63.72921
1855,214.89223,4.062462,0.9070093,3.1338036,33.466312,94.48896
1856,263.27438,5.9191594,0.704014,3.435035,15.774565,64.53657
1857,217.9666,4.018393,0.7655527,2.8815691,36.696327,107.518
1858,167.17654,5.1591086,0.90271586,2.6453087,23.260302,88.58725
1859,208.49551,3.7052977,0.36339208,2.8830845,34.94915,101.16357
1860,160.95532,4.5070705,0.7400858,2.3376143,12.0948715,69.649536
1861,249.63918,5.2963653,0.7236311,3.0321152,26.318916,77.77673
1862,201.59552,4.0751424,0.8471014,2.652321,35.133625,102.6435
1863,219.80984,4.6417103,1.2608874,2.6131089,28.65981,85.07438
1864,150.27173,4.566777,1.3100741,2.905575,11.4888,62.75679
1865,280.32965,6.2254453,0.81453913,3.730716,15.916257,69.64358
1866,165.92957,5.12168,0.9229929,2.4789622,22.010933,87.70469
1867,224.84972,5.45125,2.5218499,2.15144,11.610825,105.07859
1868,232.08853,4.7705398,1.1156123,3.3369877,34.513298,101.360756
1869,230.98796,4.684379,1.0530226,3.3512223,34.732224,101.77027
1870,196.23228,3.5630097,0.9917986,2.7893536,28.863047,81.25802
1871,275.3525,5.7229114,0.9241392,3.3079312,28.243216,85.348915
1872,149.6705,4.7047772,0.68492335,2.256385,20.728397,79.8592
1873,273.4464,5.501308,0.49092314,3.1274502,25.863396,78.66479
1874,160.45087,4.3449216,-0.09988001,4.103269,10.654597,66.59374
1875,268.9715,5.589689,0.9544088,3.2076256,27.832636,83.80757
1876,261.00323,5.94389,0.77015704,3.582454,15.546583,67.83902
1877,205.8627,4.28641,0.83766,2.8514216,35.89276,105.63065
1878,322.4869,6.0124383,0.6420366,3.35621,18.564465,61.49793
1879,176.75064,3.998885,0.78495044,3.5392363,11.9120035,61.791775
1880,168.83401,5.133862,0.9016573,2.4304612,21.673302,89.31533
1881,162.86525,3.552166,1.6940768,2.622265,11.198819,64.075356
1882,298.4435,7.043842,1.1542475,4.532785,13.034578,75.56302
1883,167.86792,5.269413,0.7770321,2.6264117,23.929485,90.01306
1884,166.44025,4.839268,0.8169119,2.5718815,23.863396,86.95034
1885,220.21326,4.381108,0.9355337,2.8522942,27.731829,77.18603
1886,267.65024,5.337394,0.2178404,3.095464,23.627989,73.07886
1887,208.50285,3.9743907,1.09042,2.7464726,30.000595,83.42422
