sample_index,Fe,Zn,B,Cu,S,Mn
0,166.60265,5.3296175,1.1159623,2.458858,352.56967,87.7653
1,260.03238,6.4338064,0.63472646,2.371068,290.4707,59.695152
2,229.70375,4.7100954,1.0117136,2.7298584,345.7904,77.24937
3,219.74858,3.751918,0.7171673,2.494593,339.76068,72.093185
4,191.18494,3.6676621,0.7562165,2.0895433,431.00507,100.539406
5,229.19261,5.243386,0.7711689,2.8151283,395.42786,89.458145
6,210.87439,3.3884726,0.66336817,2.4607234,413.46292,89.46332
7,196.57773,3.3712447,0.8035842,2.2033193,413.43268,65.60059
8,202.49687,3.4893432,0.61514246,2.5951502,421.39462,92.74669
9,167.06126,4.02534,0.9966258,2.476305,261.8514,64.85057
10,287.0876,6.9432364,0.7870779,2.516918,362.86603,82.74154
11,235.83054,4.419115,0.5702194,2.7008183,368.71124,96.66189
12,164.30185,5.3489265,1.1250147,2.4811044,370.5562,90.17015
13,220.6183,3.6730857,0.60902345,2.5648983,407.207,102.8514
14,248.92395,5.420465,1.271188,2.8826141,425.59512,126.35543
15,228.9975,6.6487746,0.9341709,2.9427478,349.56393,94.97362
16,331.09293,7.6222587,0.6823426,3.0492554,313.59048,67.02509
17,193.66719,3.7839499,0.7690335,3.0371163,442.98355,114.08163
18,230.90895,4.3716865,0.71082115,2.6730008,344.30225,78.28877
19,347.5193,7.7036,0.6519561,2.9807096,311.91693,64.46004
20,210.77335,3.7199588,0.70179284,2.6886854,440.68225,99.00454
21,230.18692,5.0368214,0.77348447,2.7970912,381.20682,74.570145
22,354.54926,7.64052,0.62433,3.0007522,313.30487,60.833748
23,167.28299,5.712955,1.109511,2.3906834,346.55014,85.83827
24,196.76424,3.3447924,0.73093784,2.6508,437.3902,108.75599
25,209.4628,3.7700818,0.7602815,2.645941,418.07297,111.502716
26,195.48561,4.469408,0.81185937,2.1846209,394.13184,98.881004
27,156.95345,5.665968,1.1384051,2.3637156,358.69928,87.470085
28,229.86195,4.216873,0.7421195,2.6300411,353.82358,73.13489
29,205.28952,4.4001102,0.75385004,3.1508446,444.38992,112.8522
30,363.20544,7.859007,0.62902164,2.977483,291.8744,66.51879
31,214.79031,3.6038518,0.53833985,2.5778432,394.68155,86.77542
32,172.59439,4.3170485,0.8018614,2.035198,412.35138,100.864136
33,225.66699,6.2714486,0.867588,2.9589918,402.8394,84.90704
34,274.5053,6.6736755,0.765538,2.4284163,298.5008,79.44975
35,235.53024,6.296006,0.684937,2.5252135,250.3505,66.8804
36,178.35397,4.38989,1.0223291,2.376458,366.69885,89.0118
37,180.97183,3.3525932,0.72913724,3.0721295,441.33624,124.53029
38,203.20734,3.3768082,0.6571115,2.5691602,430.6859,91.174126
39,224.52411,6.3200912,0.8001928,2.886639,394.87088,97.65502
40,302.70837,7.3689528,0.66373795,2.6761026,359.1282,59.37968
41,201.30754,3.5831432,0.6691311,2.6129987,456.06143,103.42798
42,369.85156,8.10466,0.59796774,3.0456278,317.02338,61.1365
43,179.37766,3.9877543,0.80003357,2.0942352,397.29703,97.779465
44,206.20804,3.6004596,0.6839392,2.632658,413.8131,100.643524
45,205.9101,4.5792685,0.7512004,3.173195,454.54483,116.125885
46,223.03375,5.311492,1.2651014,2.6740263,428.12393,123.34607
47,359.8297,7.787855,0.6350617,2.9377494,320.9292,68.91034
48,295.90015,7.2190614,0.7788439,2.4895139,330.61774,79.98723
49,231.64932,5.300835,0.9897437,2.827526,407.67474,95.011314
50,249.75067,4.209497,0.6390339,2.5509982,395.75958,96.33964
51,203.74817,3.2104225,0.5823201,2.2208805,325.92688,74.68024
52,157.76718,5.373043,1.1188644,2.3748012,349.69147,87.67685
53,162.33737,4.9703484,1.0719478,2.3321686,351.5489,83.537155
54,218.4734,4.196358,0.7536826,2.6083677,347.21423,78.87121
55,215.70749,5.0967884,0.79651237,3.292998,458.3927,113.89746
56,164.4083,5.654719,1.1278392,2.444435,355.94586,91.57523
57,169.07845,5.161657,1.0773407,2.409757,359.532,86.51678
58,213.9737,3.517827,0.65774757,2.533214,426.255,96.730286
59,235.35773,6.406935,0.7367378,2.322072,313.80295,66.25331
60,229.43338,6.2479453,0.75430566,2.331237,312.6132,66.886894
61,228.03902,6.780758,1.1571225,3.0350385,424.52402,105.238434
62,187.57732,4.517667,0.7953126,2.1020577,375.026,106.1798
63,166.7126,5.8070207,1.1164577,2.3650122,338.56412,85.529625
64,229.05849,5.967164,0.8958155,2.9164693,384.0806,80.53737
65,199.19115,3.6546526,0.6598164,2.8104756,434.99542,101.59287
66,203.2124,3.5236273,0.77138925,2.577732,429.22345,105.30807
67,314.68573,6.3299127,0.586748,2.6162663,288.2623,52.812584
68,213.07141,3.4606447,0.6405009,2.3761172,330.4025,65.25695
69,351.8139,7.4176426,0.6172226,2.9139152,322.91953,66.44978
70,215.37546,3.4896712,0.7022782,2.5431619,410.00842,97.497
71,170.06404,5.701857,1.1260457,2.4417,349.4097,89.25718
72,233.22318,4.1065154,0.5670686,2.6397758,375.37415,87.43916
73,168.74684,4.920216,1.0701411,2.3693717,355.13687,86.505226
74,214.90723,3.693112,0.71318036,2.6287808,431.72107,107.75883
75,183.05821,3.7438188,0.8171076,2.1420732,404.585,88.242546
76,163.96335,5.7893662,1.1382439,2.4082034,354.05908,88.13523
77,229.2143,6.148624,0.9954436,2.9344919,392.86487,88.829384
78,239.21477,3.9013555,0.69819283,2.5831947,386.48245,85.45376
79,167.87994,5.3472834,1.0915842,2.41147,345.87,85.39612
80,195.94223,3.1743407,0.63611573,2.6618538,414.22604,105.85493
81,361.77814,8.365716,0.6412166,3.2052171,340.6368,60.806847
82,170.98337,4.0722136,0.9833329,2.4982278,266.73962,64.47387
83,163.03865,4.848782,1.0715897,2.3717906,356.59543,85.67784
84,233.03566,5.441782,0.610142,2.832861,407.2581,95.056786
85,216.5711,4.8258443,0.8530426,2.2470498,392.3993,109.79482
86,205.49161,3.7201881,0.7767583,3.0314374,356.01846,98.47458
87,205.89172,3.60312,0.6815665,2.5994875,431.4634,101.335236
88,229.37851,5.8382263,1.029963,2.9072268,375.32803,98.96063
89,374.27637,8.194162,0.63873786,3.053822,313.96872,65.36243
90,234.3776,4.320345,0.737576,2.6898212,370.95905,76.28762
91,204.94612,3.783635,0.7977622,2.6483722,426.3197,107.291664
92,234.60973,4.180684,0.9448757,2.6563365,391.3876,80.55343
93,163.6076,5.5893116,1.1343857,2.4488995,380.2853,90.17358
94,178.54227,4.6629395,0.7835741,2.0474744,395.92258,109.53729
95,256.95953,6.5557165,0.7423941,2.3566995,304.10306,69.82717
96,165.31839,5.6439724,1.1270325,2.4520366,358.48746,88.468025
97,163.81425,3.9936872,1.0171828,2.506941,276.8153,64.99831
98,376.01575,7.641591,0.5736467,2.9336329,327.50565,63.852165
99,205.3097,3.450253,0.88206816,2.323114,338.93527,67.11546
100,204.7911,3.2723792,0.70398885,2.2799509,322.96912,64.78405
101,229.09203,5.1166267,0.805808,2.7993147,397.55316,81.567474
102,230.35309,4.9748607,0.7279228,2.7577553,382.03906,85.1087
103,205.31625,4.531298,0.77555466,3.2228892,439.33685,113.61668
104,249.2456,6.6587806,0.7370082,2.3079128,313.093,67.150986
105,197.47702,3.2452989,0.6766093,2.2080822,320.0738,68.739494
106,223.1243,4.9572816,0.990908,2.8102205,365.09155,77.194664
107,222.05496,4.4891725,0.6697212,2.7765384,439.1409,107.00685
108,211.11514,5.0345044,0.75305027,3.4107685,463.59238,113.55153
109,228.14436,5.193288,1.005436,2.755826,329.45328,77.88164
110,167.8754,4.019106,0.951441,2.4963717,270.2368,63.42926
111,169.2063,4.981255,1.062135,2.3903809,347.21652,85.75866
112,209.91241,3.722002,0.7014306,2.6810994,429.62616,104.741714
113,192.7567,3.944249,0.7343712,3.0608938,438.96857,128.22183
114,229.40135,4.0192037,0.68934315,2.5748158,308.77292,72.35027
115,217.76262,3.591638,0.6400399,2.433846,311.0385,71.09668
116,206.99141,3.7155418,0.71074206,2.6207893,427.10565,100.718475
117,164.81195,5.631318,1.1262414,2.4118817,349.5624,89.205086
118,338.0224,7.5899305,0.637702,3.035308,311.21307,60.210793
119,232.37946,3.920568,0.92590034,2.5934882,352.88193,75.78784
120,227.55682,6.743408,0.9749938,2.9353254,398.56497,86.542244
121,165.8435,4.0260334,1.0398159,2.5049553,274.57605,67.124855
122,160.66376,3.946063,1.0492537,2.5085638,279.9428,66.239075
123,229.35306,6.0421014,1.110821,2.8984628,347.9539,92.24615
124,158.03506,5.3367033,1.1359246,2.4338865,368.08493,91.0624
125,202.48376,2.9141738,0.6297124,2.491032,433.68704,97.30681
126,163.74655,5.586734,1.1205827,2.4109113,349.35373,88.71583
127,163.97955,5.269095,1.1470244,2.4906275,395.77756,94.92833
128,167.39162,5.105101,1.1063339,2.467185,353.26666,89.13137
129,178.04832,4.5835705,1.026777,2.4120028,379.17145,86.403915
130,233.79503,3.7531464,0.63094133,2.5371702,359.0527,84.36031
131,229.20251,6.032635,1.0544404,2.9254308,355.429,94.74299
132,226.57446,6.2505326,1.0934404,2.9626865,356.09647,89.20086
133,217.90991,3.8046384,0.68818617,2.5800948,360.46744,86.93809
134,237.27148,4.617129,0.66286546,2.7655296,392.71097,98.557014
135,279.64972,6.7560534,0.81245583,2.3866313,337.86267,69.8721
136,235.68483,4.4339595,0.5560292,2.7040505,370.37723,95.14706
137,163.4029,5.765861,1.1503139,2.4278934,354.7244,88.70934
138,266.43542,6.8444023,0.64742595,2.5757973,258.14975,63.928547
139,206.56975,4.555647,0.77524364,3.230491,465.4966,117.10049
140,196.26422,3.0253386,0.61319995,2.637993,429.28125,97.941895
141,216.21321,4.691987,1.2279066,2.707992,421.6859,114.67659
142,230.65308,4.8063464,0.6799574,2.7008333,331.48553,79.64845
143,224.74553,6.7735724,1.0924779,3.0223281,417.35443,89.68874
144,175.21078,4.7583885,1.0528944,2.453441,365.3132,87.86852
145,165.20284,5.601952,1.131187,2.4121034,356.3686,87.09194
146,205.70532,3.796239,0.68396044,2.742154,437.70386,99.19098
147,223.25856,4.011185,0.9675971,2.543557,331.58093,71.6828
148,189.50288,4.524846,0.76772404,2.1112435,370.9076,110.05289
149,282.22336,6.529328,0.75218886,2.4484162,313.68146,75.95234
150,217.98141,3.229109,0.6723037,2.4533165,422.89426,79.4638
151,160.25517,5.745911,1.1779077,2.492573,371.21857,93.95554
152,229.46904,5.9427643,0.78748214,2.9104195,367.08426,96.108345
153,220.58142,4.3600163,0.6884756,2.8421926,438.20865,99.89821
154,246.96953,5.016208,0.8255893,2.8121123,419.87277,115.85506
155,160.63211,5.1198487,1.0915874,2.3409495,348.92017,84.73761
156,164.90291,5.4403114,1.1310793,2.483273,384.72046,92.87108
157,233.06776,4.281827,0.67521155,2.6974761,440.92932,102.71979
158,205.66077,3.662362,0.6603768,2.632715,438.70175,98.3951
159,208.21664,3.7197928,0.68693334,2.643542,439.60904,102.39485
160,218.14333,3.6109056,0.71607435,2.429627,322.93448,72.67333
161,216.42487,4.6928706,0.7977632,3.1288724,467.06424,104.764084
162,226.91348,3.7372372,0.8867006,2.579581,386.0609,83.10247
163,232.03825,4.4270625,0.78857857,2.706301,327.41464,83.71343
164,201.88293,3.4448838,0.6250193,2.6066415,403.622,97.45825
165,330.96176,7.3411503,0.6831534,2.9669163,318.397,68.86036
166,213.00435,4.091017,1.0397123,2.5477257,396.7204,92.51254
167,188.24387,4.747745,0.82894033,2.0917315,397.31866,114.37499
168,170.13168,4.075795,1.0238161,2.4771805,260.79987,66.38255
169,163.26231,3.9700665,1.0272707,2.489437,275.38614,68.8797
170,222.9165,3.3188672,0.6491374,2.3998537,355.0769,70.508316
171,212.96097,3.4865067,0.88575745,2.372823,341.02087,67.631
172,163.35794,3.972654,0.8786045,2.4894893,275.38632,61.997448
173,235.86154,4.7339773,0.6071166,2.759188,387.4937,98.00645
174,233.5831,4.957961,0.63315266,2.7700396,388.45538,99.17456
175,166.226,4.0031023,0.8591486,2.4749606,265.2548,63.074196
176,169.92447,4.0627537,0.8242957,2.0319111,401.48038,96.74079
177,207.84541,4.0882964,0.72786725,2.881875,432.89874,102.77436
178,224.11499,4.3295326,0.75335133,2.632392,359.86032,71.46132
179,224.79507,3.5430217,0.7194922,2.4693167,347.10345,74.62251
180,196.09766,5.0059605,1.170117,2.4384036,401.71332,113.869415
181,202.0425,3.9219003,0.69886583,2.8522568,458.32803,110.20002
182,249.94926,6.737502,0.739715,2.309105,303.82,70.08158
183,169.07947,5.476457,1.1613334,2.555256,399.7397,96.19262
184,203.08148,3.57452,0.72098637,2.626277,437.86935,102.71229
185,215.02385,3.5803766,0.8924727,2.4143336,337.00314,68.80474
186,224.91261,4.878331,1.120252,2.7170012,333.188,88.6704
187,228.00894,6.358944,1.1444862,2.9494007,325.16104,89.079315
188,275.27823,6.6343102,0.76763374,2.4432375,316.4419,77.70808
189,233.71957,5.350241,0.7545565,2.8762393,423.6186,94.98898
190,228.71713,6.642355,1.2317126,2.9739547,355.72586,94.096695
191,158.80692,5.5009613,1.09782,2.3248827,352.56226,84.28053
192,208.42047,3.8523946,0.6650959,2.6523983,430.5393,101.64095
193,158.4448,3.9155016,1.0242716,2.504704,279.2892,64.567604
194,214.18045,3.3192415,0.61776495,2.512426,435.4854,89.3394
195,167.24408,3.9950476,1.0310568,2.5033145,278.14203,66.0883
196,223.74757,5.9979687,0.8413988,2.9395075,396.33688,97.433105
197,378.28278,8.124401,0.64579266,3.0011005,331.04916,67.81752
198,228.3892,3.4070635,0.6035941,2.487664,388.91196,85.400055
199,205.65565,4.391842,0.78507876,3.13711,433.176,109.45401
200,228.5263,6.5316772,0.90592444,2.9675288,364.2858,92.54834
201,157.9015,5.4438305,1.1259506,2.3799858,352.14685,88.040794
202,225.59451,6.7829447,0.8563394,2.9764645,416.18732,98.87588
203,233.0642,5.3271565,0.8915275,2.7499418,422.8132,103.80779
204,211.3754,2.562198,0.61900854,2.2173617,381.10428,78.08783
205,231.1062,5.7669706,1.069563,2.9344127,383.43408,88.73007
206,385.42676,8.402569,0.6736242,3.1096873,332.1596,73.9796
207,251.43086,6.79537,0.74259174,2.3057706,308.64908,67.991684
208,258.80038,6.6110096,0.7475349,2.338962,316.74756,73.30505
209,162.81436,5.6167226,1.1389598,2.4492338,355.0736,90.04558
210,160.32541,3.9588091,1.0126947,2.5108583,279.38818,64.15101
211,203.30263,3.733522,0.786747,2.6471512,446.11108,108.46527
212,167.41943,4.0318527,1.0093424,2.499534,271.32056,65.01049
213,200.91364,3.9376829,0.7437644,2.8723054,433.44296,110.532135
214,201.63531,2.7930703,0.58764607,2.4295802,442.3604,96.5645
215,229.91316,6.081318,0.87172425,2.945731,393.71124,83.74269
216,162.11049,5.6382456,1.1425145,2.4372804,361.17685,88.276
217,165.09969,5.9423604,1.1413524,2.4245772,361.47302,87.84596
218,165.64355,5.4289746,1.1199415,2.468484,389.3674,90.4555
219,158.6974,5.2658415,1.1036431,2.3481874,351.78522,85.37897
220,228.08478,6.242096,0.84980905,2.9567413,398.32477,85.71381
221,169.20238,4.032007,0.9858868,2.49269,270.31522,64.49667
222,379.6681,7.7267265,0.6042774,2.943366,330.41525,69.38678
223,164.85678,5.4777393,1.1179332,2.4125571,350.4704,86.680885
224,211.98482,3.7047992,0.7042316,2.6715844,437.36426,118.895805
225,218.61438,3.4585776,0.9480191,2.415984,350.78128,73.7099
226,245.75264,5.331346,0.62217504,2.2056947,258.09305,70.98315
227,209.8944,3.138188,0.5617106,2.4393554,397.0544,88.724655
228,161.23132,5.335308,1.1144295,2.3713028,348.9377,86.42554
229,167.26991,5.556754,1.1210089,2.419271,350.05313,87.656525
230,232.18124,5.1476717,0.92107475,2.793057,355.05814,84.254456
231,181.73834,4.331389,0.8058321,2.0632448,388.49664,103.17231
232,211.72676,4.3935704,0.8027186,2.167845,398.91718,112.19966
233,201.12569,4.039851,0.72731024,2.9255667,436.22467,106.84297
234,159.98834,5.054638,1.1040809,2.4126005,346.34802,87.24126
235,209.01073,3.8254275,0.6854714,2.7319174,401.56302,103.29497
236,209.51715,3.8017387,0.82153946,2.6261008,429.9459,110.01286
237,174.89633,5.2454777,1.1950349,2.5280075,413.97833,101.7874
238,162.46423,5.689696,1.1342082,2.4006145,366.7676,89.607635
239,191.78027,4.589675,0.7806261,2.1411781,382.26038,108.610374
240,166.83728,3.9899228,1.0327351,2.4985883,273.1109,67.67293
241,188.27104,4.479907,1.1002984,2.5495696,454.24423,95.71887
242,200.61221,4.8257885,1.188375,2.635028,437.24268,107.78494
243,276.92593,6.8965826,0.7514836,2.417681,300.6965,77.95845
244,271.36026,6.6620674,0.76860857,2.4040205,295.70828,76.64616
245,228.85707,4.2127137,0.72049296,2.6358345,350.96655,75.25986
246,162.07053,5.422386,1.1261332,2.4336944,351.48743,88.82864
247,165.87753,5.2592583,1.1185594,2.4910843,367.46628,89.824814
248,170.82718,5.0535927,1.0757959,2.4213686,383.10065,89.69871
249,163.6562,3.9837809,1.0454594,2.503539,275.94495,66.79225
250,157.68024,5.4288287,1.1420453,2.437756,365.0806,90.52423
251,215.70033,3.6986544,0.75849676,2.613898,417.5168,101.0677
252,225.65024,6.3147664,0.8428187,2.97201,409.46545,91.60507
253,188.10019,4.7336087,0.7917186,2.1115782,389.0168,111.62638
254,164.3512,5.3690934,1.126068,2.48791,370.09464,90.66426
255,204.02026,3.3856015,0.6758871,2.6645603,373.22116,103.72164
256,210.6229,3.8074403,0.65407145,2.6641681,391.82477,97.66276
257,228.14258,6.8837,1.1621344,3.0142264,373.7336,96.131744
258,201.81123,3.9675624,0.7438489,2.8731382,426.98196,105.15391
259,229.39859,5.2869463,0.69752085,2.788635,341.7613,77.11802
260,231.32549,5.4361124,0.8543764,2.7811239,356.4389,87.43424
261,157.44284,5.476553,1.1323713,2.3906665,350.8628,88.347885
262,222.10312,4.776665,1.0124246,2.6654646,363.4199,66.51713
263,228.70818,4.7363715,0.7776544,2.772079,391.94366,81.13979
264,216.77675,3.5365586,0.6864152,2.420227,331.4997,69.56824
265,225.11478,6.6789565,0.8927055,2.9644186,413.4769,98.01117
266,225.4356,7.063772,1.1343701,3.059951,395.58447,102.53476
267,165.1735,5.7843213,1.1244653,2.3835168,350.90854,87.15984
268,230.14424,4.3021765,0.47052217,2.6708922,377.00122,89.09742
269,163.80774,3.9998302,0.99099815,2.464769,268.4723,63.801926
270,162.81409,3.956231,0.991439,2.4989104,277.59137,63.863564
271,268.70233,7.2921853,0.6383008,2.4536633,288.97498,57.042385
272,226.25916,5.5350523,0.74550915,2.8780537,401.97968,85.311
273,231.88054,3.8450503,0.67979944,2.5800352,362.8961,80.04527
274,227.99655,2.8658066,0.57921124,2.393617,395.1472,97.95479
275,213.43442,4.53607,0.7635605,3.3805585,453.72867,109.04146
276,167.95612,5.7387037,1.117176,2.3923924,342.2784,85.652214
277,167.1001,4.0089946,1.0404655,2.4610698,262.40802,66.40909
278,190.62056,4.201328,0.9987234,2.2788265,382.45624,91.3415
279,160.10382,3.926761,1.0142263,2.4917924,278.1871,64.51702
280,164.64597,4.006843,0.96779263,2.4547312,257.39114,63.170822
281,225.9864,3.584197,0.69877964,2.4945846,354.29868,73.408615
282,208.34767,3.2949686,0.88362944,2.2856653,331.68802,56.61787
283,232.9434,3.3737228,0.67687035,2.4696922,338.8548,75.538734
284,208.91154,3.156044,0.6494866,2.4664662,407.8697,88.87905
285,187.20412,3.6382308,0.7255423,2.924571,426.88382,112.486755
286,209.80788,3.01957,0.6243001,2.449247,407.95175,82.601746
287,227.08574,6.688362,1.1939301,2.9632666,388.80154,96.213196
288,166.26483,5.36631,1.1117866,2.4355001,350.97226,87.18463
289,160.31317,5.064393,1.0705463,2.3538005,353.32742,88.08423
290,368.43948,8.057085,0.62968004,3.0457678,310.64395,60.909737
291,276.99994,6.47097,0.76495546,2.4478712,304.2433,76.68979
292,317.69525,7.264965,0.77150995,2.6347024,402.71585,92.83628
293,227.62177,6.143862,1.0812356,2.953351,377.78564,90.063866
294,231.53658,4.9828167,0.8003309,2.8049405,368.83304,77.85617
295,249.75691,5.788428,0.86551934,2.9575937,425.0736,93.50765
296,174.15187,5.285962,1.0923718,2.4709878,347.08685,88.80546
297,250.7483,6.5711174,0.7213787,2.3294382,299.36264,62.06006
298,260.45847,6.582022,0.7464435,2.3541865,329.10236,76.629295
299,276.65457,6.4765115,0.7296691,2.4162486,311.91592,72.92694
300,179.54486,4.55911,1.0299953,2.3743246,364.4084,87.18033
301,167.12149,4.292413,0.8270714,1.9945129,404.2882,99.27446
302,227.59785,4.2875266,0.76926774,2.6370158,435.78494,121.24211
303,163.0116,5.6660457,1.1436503,2.445483,353.49384,89.96829
304,211.30829,3.6913395,0.9829169,2.4084551,329.35364,67.51755
305,211.94147,4.913316,0.8703889,2.1941195,399.3171,122.25811
306,226.53496,6.8059225,1.1529315,2.993656,382.9595,107.11094
307,208.80574,4.9260993,0.7487914,3.2313628,471.7365,115.04248
308,169.93619,4.0730147,0.8356996,2.4841661,263.99078,62.39283
309,228.27837,3.68399,0.7038542,2.523416,317.9412,78.34121
310,232.49202,3.7055354,0.60564685,2.5663316,370.7666,78.84096
311,208.10847,3.716445,0.7479762,2.6749232,438.9117,102.08918
312,206.38972,3.4757013,0.83226687,2.3190892,343.63614,66.27267
313,173.5523,4.7747684,1.0382622,2.3961349,358.8662,83.452896
314,187.14764,3.7049232,0.7917665,2.1488163,403.27435,95.422874
315,218.64566,4.100363,0.6740945,2.6382282,395.11044,75.8386
316,157.66753,5.3078456,1.1238754,2.4170468,378.96484,89.93193
317,313.72348,6.239048,0.59379494,2.6620812,304.19174,63.04763
318,226.01073,6.843748,1.1030167,2.9776616,418.7476,112.87992
319,163.63911,5.694751,1.1234833,2.3790627,350.88324,86.23359
320,183.25726,4.305752,0.81003743,2.0898547,404.9293,104.244385
321,212.3293,3.565906,0.6869905,2.693972,435.32874,103.42934
322,162.4523,3.9610028,1.0027459,2.505098,279.7854,64.00195
323,159.58096,5.4454646,1.1055063,2.3251023,346.90067,85.57648
324,324.83554,6.2012625,0.5683534,2.5299501,292.55603,51.701218
325,227.70389,5.1983156,1.0081751,2.780107,336.13782,76.37594
326,228.42043,5.813257,0.96629494,2.920295,432.67795,88.8332
327,228.71425,5.77843,0.8553924,2.8715973,345.65842,92.82972
328,165.23816,4.9340777,1.1092203,2.4461987,405.10446,95.16464
329,166.6887,3.9620495,0.99425375,2.51456,274.62134,63.53542
330,164.49158,3.9893513,1.0372534,2.4660711,268.40787,65.60877
331,210.09325,4.053235,0.8079677,2.7332675,441.25684,109.5339
332,241.94412,4.6218867,0.7331088,2.6853704,461.7589,108.56927
333,207.42001,3.6983938,0.8264461,2.6456645,431.32166,117.55341
334,203.35172,3.71739,0.7645592,2.6582446,411.96344,116.78425
335,208.2953,3.8663163,0.7220151,2.7750006,453.58795,108.31094
336,164.62604,5.5312657,1.145606,2.490941,373.4654,90.029976
337,193.87567,4.427614,1.0410012,2.4079287,395.82983,93.39002
338,223.08049,4.0183697,0.90320456,2.556219,350.06296,60.629993
339,254.73914,7.122553,0.66958624,2.3205535,296.59164,67.59175
340,215.25789,4.5402184,0.7615659,3.0286307,457.78888,109.30523
341,165.0108,5.111915,1.1149637,2.4722328,368.53943,90.779465
342,207.80594,4.5071893,0.81771946,3.066259,443.6238,103.94584
343,208.38354,4.25381,0.69674724,2.9460802,453.05765,106.21957
344,164.07037,5.3627357,1.0929816,2.399512,347.70944,88.29286
345,207.02281,3.5868149,0.64246756,2.6714785,399.09506,99.86896
346,231.43169,5.516963,0.8260634,2.8621202,375.96686,84.317825
347,195.08049,4.7939343,1.2059667,2.4979315,427.15002,114.32875
348,210.38512,3.7935767,0.7306597,2.64246,417.17715,103.289925
349,197.28279,4.569025,0.828293,2.1621175,387.30548,111.36916
350,207.18379,3.8535542,0.6638119,2.700685,424.49088,105.588455
351,210.99167,3.5439386,0.6462439,2.6159422,426.73944,100.8228
352,362.28314,7.1566405,0.5809195,2.8695989,312.66016,66.07476
353,225.60669,6.2156343,0.7444842,2.9683218,395.47787,104.196396
354,174.90854,4.7586083,1.0524261,2.3855572,353.6882,86.74666
355,228.00264,6.682465,0.90424204,2.9351354,410.46628,89.51301
356,224.09714,4.0228786,1.036356,2.5818162,369.45752,66.88512
357,158.22723,5.318883,1.1126084,2.3725705,354.43777,87.53241
358,219.62453,2.9717224,0.58643,2.3623514,389.07523,83.96191
359,231.91429,4.7906833,0.5548357,2.7338338,373.6695,85.05946
360,226.31277,5.9213257,0.6213597,2.9214692,388.92267,96.82891
361,159.25452,5.2314205,1.096723,2.347982,355.38953,85.248535
362,205.69872,4.652935,0.8561452,2.2316132,393.3671,114.90245
363,179.44748,4.5836425,0.8691311,2.0642514,402.59348,106.84842
364,210.29924,3.9097302,0.78774655,2.6753702,409.22543,110.74113
365,210.13086,3.82401,0.77718306,2.6331134,409.96542,113.719215
366,179.70448,4.6062984,0.9560899,2.309792,385.38892,96.83714
367,158.55112,5.3465495,1.1094084,2.3403177,354.98102,84.61131
368,159.05634,3.9154384,1.0507462,2.5048263,282.0688,65.89249
369,207.99722,3.8766673,0.7273418,2.6827972,440.7294,101.40536
370,159.0359,5.3880115,1.0998137,2.3272576,343.8398,84.93583
371,221.47308,3.780357,0.92824924,2.4952137,335.6463,69.9206
372,237.6543,4.392005,0.5174757,2.678681,376.72592,99.23228
373,206.2183,3.4690037,0.6746608,2.5886862,432.23175,105.82702
374,163.11156,5.531886,1.1366638,2.4494274,357.71152,90.33678
375,215.50536,4.326395,0.7865289,2.1781716,395.5387,108.96734
376,228.07196,5.765841,0.7748758,2.8929343,384.64926,82.95637
377,313.1359,6.275417,0.5858688,2.7065322,312.81036,64.89272
378,162.09167,2.3859515,0.6058618,2.3171082,416.42166,75.7919
379,164.90042,5.735917,1.1385523,2.4632175,369.51468,89.36105
380,245.01216,3.7407365,0.63194025,2.5644417,407.21896,98.831276
381,169.45622,4.030513,1.022097,2.5007374,277.21948,66.6047
382,176.95023,3.722106,0.84950536,2.0745234,422.1596,88.8362
383,198.80484,3.7260318,0.8165314,2.1869607,419.573,98.7761
384,227.49261,6.747219,1.1015892,3.0566037,419.70996,84.78054
385,160.43098,3.9327013,1.0172049,2.4910462,278.6296,64.420456
386,168.47865,4.6734815,1.0483783,2.3856246,369.2444,88.25679
387,226.74661,7.156662,1.1856153,3.059544,420.1276,110.17659
388,230.5579,5.0419617,0.89085364,2.7525458,386.3964,78.84609
389,232.75066,4.2294436,0.64212143,2.6564615,368.45978,86.11826
390,209.95044,4.367891,1.1212006,2.6335056,406.89963,100.65668
391,236.64432,4.5843635,0.6098613,2.7242599,375.4784,101.76382
392,156.94383,5.495234,1.1296827,2.3881862,353.36816,87.46034
393,226.95552,6.297781,1.1317246,2.945686,339.59866,87.54831
394,229.25496,4.4834747,0.7842922,2.6799364,330.24146,76.354034
395,162.51614,5.487157,1.1444659,2.4514265,356.0667,89.21938
396,165.67694,3.9802096,1.0000484,2.5009558,274.92786,64.72662
397,230.03465,3.7234826,0.6878607,2.5277174,356.76663,74.23375
398,226.49954,5.4965262,1.1131711,2.8080425,329.46515,80.76129
399,204.06598,2.4839275,0.5304754,2.319781,425.43912,94.82962
400,288.0319,7.048852,0.7701158,2.463993,348.35202,78.38323
401,229.71109,5.0743637,0.779437,2.7914636,340.39697,82.64107
402,233.7275,5.082246,0.8263119,2.7571406,371.03607,94.27196
403,238.31439,4.2290397,0.7051025,2.6858492,372.7483,83.415695
404,226.65594,6.9266844,1.0848432,2.967639,410.8506,108.84681
405,160.52832,3.9571657,1.0513589,2.5099378,278.29126,66.135826
406,230.39647,4.0830574,0.74578893,2.6400492,358.5495,77.047485
407,169.74124,4.9555674,1.0828521,2.4748576,380.48795,91.01712
408,234.70914,4.481218,0.9621409,2.7402253,375.50314,86.00489
409,176.52444,4.278006,0.823135,2.0619779,400.1192,93.96305
410,164.21336,5.4951987,1.1650058,2.5081232,387.76514,97.0831
411,191.08215,3.4924016,0.709218,2.8338952,458.52197,111.0039
412,229.60979,4.541229,1.2271581,2.8103387,434.1521,115.07398
413,190.26804,4.7396507,0.8361639,2.117705,389.263,113.46916
414,187.1161,4.368265,0.77299696,2.0715637,418.76068,110.28802
415,224.55222,3.7183843,0.69355905,2.6186402,389.27783,101.86469
416,205.44957,3.6802812,0.7379873,2.6280777,422.5466,104.018394
417,211.29128,3.604907,0.6101854,2.5617933,392.4847,86.080925
418,245.84654,4.8819785,1.1961372,3.0020502,479.51904,116.29176
419,285.21927,6.665996,0.76414794,2.4758103,359.26553,79.03558
420,211.04794,3.442785,0.78611225,2.5899189,420.8287,107.65016
421,172.01839,4.0597086,1.0149368,2.493276,268.8719,66.32353
422,160.89917,3.94058,1.006946,2.5071163,279.86295,63.845993
423,207.45786,3.860715,0.7316961,2.6536405,434.6435,112.297424
424,206.34135,3.9038527,0.7225022,2.8525977,435.15118,102.60101
425,265.45,7.2647724,0.69393575,2.275749,299.66034,72.765396
426,317.3429,6.9053974,0.6372398,2.852399,295.87332,61.535927
427,228.07896,6.112896,0.9888017,2.922162,370.9967,95.008766
428,231.06598,3.8184087,0.94784665,2.5703404,347.26358,76.89886
429,167.44185,5.350911,1.110673,2.4780931,359.49423,87.52451
430,406.26,9.190737,0.66474366,3.2740474,325.81168,64.62596
431,207.13426,3.3533235,0.6594208,2.3127096,318.23618,64.45206
432,196.00172,3.8115306,0.7609669,2.9445672,435.36978,107.826515
433,217.518,2.9250195,0.45666912,2.305939,380.56995,93.83578
434,199.20389,3.7362661,0.7445473,2.8320985,440.44293,109.118965
435,175.23123,4.5943255,1.1328597,2.442057,417.96237,101.43274
436,205.15976,3.7594862,0.64506525,2.8076625,454.16583,99.912865
437,158.2286,5.3089547,1.1266372,2.411086,357.9066,87.42302
438,214.59044,3.363532,0.66779894,2.367594,341.44144,69.25267
439,160.76794,5.5065236,1.1397624,2.4398854,349.48032,90.854164
440,225.28296,6.290629,1.0417684,2.986262,415.63254,100.0315
441,167.02731,5.182506,1.1084421,2.455001,349.2276,88.16186
442,213.71983,3.778312,0.60421234,2.673032,418.95126,89.3429
443,199.17743,4.658014,0.8783467,2.2214499,391.03275,114.16076
444,223.98622,6.1344376,1.139349,2.9688222,377.84277,97.28094
445,231.80243,5.69823,0.6962078,2.923531,393.17,95.60452
446,163.99626,5.2981114,1.115035,2.4577112,351.35202,90.6687
447,222.26312,3.6705294,0.623266,2.4744356,307.81113,74.08058
448,160.36653,3.9348617,1.0367255,2.5036,284.06808,66.1218
449,214.22559,3.743176,0.7774402,2.63704,436.06396,109.81941
450,237.50806,4.005957,0.65899026,2.5903623,358.6661,82.42027
451,250.6767,6.8138404,0.76003146,2.2918303,319.47232,69.355675
452,200.96896,3.4494324,0.60101175,2.6032403,442.4152,97.412155
453,213.84889,3.1497955,0.6089291,2.5651674,398.57068,84.47324
454,232.16452,5.3769617,0.8971065,2.8467705,389.33215,72.41535
455,208.34032,3.4233966,0.63398886,2.3301268,308.79224,65.62031
456,205.89146,4.214486,0.75059956,2.163135,433.7885,96.221306
457,165.47954,5.271476,1.0940733,2.4369106,348.5201,86.64559
458,214.98079,4.278785,0.6140376,2.6708758,419.28214,98.27803
459,159.1833,5.488257,1.1122457,2.3225348,346.1039,83.90774
460,203.22882,3.2979076,0.7607764,2.5320458,412.43344,92.471924
461,199.85483,4.654032,0.8028406,2.161523,392.5698,114.9224
462,166.7714,5.84589,1.1729193,2.5259693,380.31375,92.72458
463,229.38222,6.3320975,0.8985835,2.9906912,389.9752,91.20396
464,227.55823,6.184203,1.1151735,2.8681638,333.42447,90.30949
465,217.39534,3.8548667,0.6970763,2.7110028,418.35297,102.91143
466,228.20786,6.4940314,1.1666903,2.8855968,348.28702,94.12518
467,199.4305,3.6285787,0.6195926,2.640954,431.6852,109.790085
468,188.19978,4.710379,0.7925253,2.0964534,378.5476,112.4619
469,270.54977,6.63378,0.77983856,2.461461,321.60867,78.43652
470,220.42644,4.0810075,1.0242982,2.54008,330.20834,68.99196
471,166.91077,5.272094,1.12217,2.4661493,358.81277,90.27912
472,205.13998,4.323089,0.635037,2.9397924,452.6757,106.64108
473,210.58936,3.5314293,0.6406679,2.6314166,433.5452,91.26347
474,217.93535,3.5732398,0.6780178,2.4276302,310.44553,71.64947
475,160.31934,3.931323,1.0321414,2.4923136,277.6,66.37384
476,209.02394,3.886848,0.69598544,2.7448268,421.6602,103.67602
477,207.8881,3.9391565,0.6776907,2.6819618,405.1529,98.40891
478,164.5904,5.360548,1.1169624,2.4678617,356.46957,87.99304
479,202.45319,3.5597103,0.74290055,2.610862,440.67166,108.898346
480,230.46436,2.8223436,0.5875298,2.37666,363.56396,80.764565
481,229.25592,3.6264288,0.7034039,2.5424888,379.81775,72.257324
482,228.39093,5.203743,0.8835742,2.801655,386.16397,86.01008
483,163.95282,5.6378074,1.1530287,2.4968617,379.24084,92.03614
484,187.04523,4.58701,0.7930926,2.1021097,390.3015,109.58763
485,196.9274,4.761978,1.1832209,2.5552497,417.84906,107.8801
486,231.25793,4.381749,0.7707144,2.6754348,349.5907,74.72631
487,164.72903,3.9910276,1.0202317,2.4693727,268.1018,64.93635
488,228.90936,4.7173967,0.8261541,2.715323,319.48785,73.68572
489,232.60101,4.5825534,0.79348433,2.6562746,374.08032,85.58369
490,216.96843,3.6749465,0.96800053,2.4632564,346.97153,76.06993
491,229.46194,6.0011106,0.84755415,2.8671904,406.33383,87.749916
492,182.81879,4.0278945,0.8040111,2.051918,401.993,105.38641
493,212.33641,3.19385,0.6141946,2.530681,417.9946,97.64543
494,224.18895,6.5169897,1.0429211,2.9992685,418.3866,101.21178
495,183.7368,4.5092745,0.8418659,2.3643725,407.88235,94.36878
496,227.9733,6.0972886,1.1025653,2.8742664,339.96362,81.00738
497,232.53699,4.344321,0.7697957,2.6845763,368.79773,83.25914
498,380.86755,8.192245,0.62996435,3.0242307,316.0464,65.769745
499,159.34976,4.9729414,1.0953356,2.3922482,372.6942,87.41316
500,216.151,3.658075,0.7746875,2.4486303,328.06912,77.4659
501,165.15114,5.509895,1.1114275,2.3906946,347.85577,87.20611
502,323.98273,7.1009135,0.69952726,2.8525517,317.06555,75.12649
503,189.21092,3.8592262,0.8011059,2.1381173,393.73688,91.04972
504,229.47998,5.1639576,0.7378357,2.8078065,389.80768,82.432144
505,228.14906,6.3187733,1.080484,2.9033017,359.60983,89.06289
506,225.02513,5.668527,0.94944763,2.9169438,372.571,81.505424
507,231.56293,3.7908914,0.5776272,2.556507,368.40912,96.68796
508,285.1371,6.800518,0.73471135,2.4606614,310.18634,74.594635
509,158.01688,3.8393178,0.8601072,2.4702036,281.00815,59.123596
510,231.993,5.0578856,0.83631885,2.8117146,385.59885,84.75953
511,234.49152,5.0499315,0.97372735,2.816414,375.94894,85.002304
512,354.3164,7.511345,0.59276175,2.927176,297.13437,55.138824
513,217.27713,2.902329,0.580184,2.4226775,400.67868,93.70012
514,207.30554,4.007013,0.7147754,2.7245002,418.67508,106.06317
515,158.27148,5.1952887,1.0924404,2.3444223,355.68854,85.28136
516,214.75432,3.393032,0.7242987,2.5726728,382.4861,91.89906
517,201.33101,3.2395735,0.8051433,2.2086275,427.2023,95.04774
518,244.58794,6.6600432,0.7419667,2.3136067,315.7276,67.31107
519,157.56259,5.37134,1.1365267,2.4458508,379.59137,89.253075
520,208.23943,3.5683918,0.64350367,2.6681516,416.05453,97.40366
521,200.09158,3.9309564,0.704362,2.8623378,442.03635,108.94863
522,222.65428,4.3986673,0.9219474,2.6791103,396.22214,73.17196
523,219.0988,3.8482652,0.78480875,2.5135572,331.0558,71.90311
524,211.9022,3.6266022,0.6855985,2.4075837,335.11224,71.79794
525,328.00592,7.088687,0.6626514,2.8658853,330.3728,72.38613
526,334.68488,7.312243,0.76756203,2.7755497,307.7868,55.416176
527,233.06207,4.238331,0.702392,2.675636,342.32532,83.00721
528,270.9089,6.526861,0.7543682,2.4231439,303.8438,79.99648
529,157.62788,5.390862,1.1145536,2.4369924,372.70276,91.50922
530,213.3317,3.2680497,0.8686389,2.3110025,338.5314,59.7889
531,224.91473,6.412888,0.87068546,2.9684584,401.03043,84.79942
532,205.15504,3.6460748,0.8095079,2.607049,437.36847,104.90637
533,159.38629,5.1492867,1.1016829,2.4087489,359.37262,87.89722
534,274.68835,6.7942944,0.796127,2.3791876,375.66852,82.90862
535,320.5408,6.569438,0.64989907,2.7115343,320.4527,68.25818
536,271.41214,6.510117,0.74429035,2.504236,319.20303,76.16858
537,222.89153,4.440447,0.66586816,2.739136,436.69116,107.648605
538,234.47517,4.919008,0.61175346,2.7686198,380.78214,94.52051
539,164.12976,5.522504,1.1610596,2.5262191,385.68112,91.969604
540,233.82959,5.762591,1.0478884,2.8567603,436.22922,101.47537
541,230.381,6.3485627,1.0433899,2.9769535,437.92496,103.01214
542,164.18475,5.703262,1.14028,2.4400997,353.68466,92.131775
543,284.85522,6.8337064,0.76729244,2.5229263,375.74643,83.55562
544,220.7818,5.622983,0.7224821,2.98169,436.13864,103.74463
545,185.3915,4.39766,0.84890765,2.2451499,402.35233,102.21364
546,227.51534,7.0631676,1.1760533,3.0507758,415.79208,104.02212
547,217.18138,3.6528823,0.6655337,2.5565171,411.15475,100.11185
548,272.2036,6.9023275,0.82809913,2.7982202,283.06354,62.670128
549,171.63626,4.7294917,1.0720158,2.4738255,373.92307,89.60825
550,201.58206,3.298952,0.7329707,2.6070108,412.3803,87.159454
551,228.36838,6.1970444,1.0963738,2.9029222,338.91858,81.72246
552,233.86803,4.9477715,0.637891,2.7867546,380.16748,98.27672
553,163.47226,4.0107446,1.0107574,2.50838,277.05893,65.262886
554,196.13754,3.5052323,0.6429941,2.730419,431.69278,98.128845
555,323.96027,6.7339816,0.592674,2.8014476,302.54303,54.64149
556,357.33185,7.8963394,0.6402484,2.9878252,313.09464,63.888954
557,221.5025,5.5856676,0.74709576,2.964582,444.1749,107.10028
558,204.65791,3.3114536,0.7067405,2.5216234,372.67993,82.361664
559,165.24184,4.00964,0.86569875,2.5006065,271.40955,62.9664
560,165.37119,5.517477,1.1393858,2.4772463,370.4577,89.86852
561,226.62506,3.8398416,0.9097228,2.540191,341.23935,67.71762
562,212.92819,3.7875466,1.0051224,2.4502165,335.8022,63.855545
563,170.45354,4.0846176,1.0276481,2.4918773,264.82355,66.75348
564,213.5621,3.4904099,0.70864177,2.572228,433.36047,106.96264
565,294.56342,6.3977413,0.6103684,2.5114534,294.514,56.48435
566,205.02896,3.239459,0.6025711,2.5207844,435.15616,96.18433
567,209.19545,4.132404,0.67619514,2.7796047,446.76743,101.11685
568,213.02538,3.90115,0.976892,2.65134,436.6981,100.19638
569,165.0669,5.579677,1.1093614,2.3940268,349.78177,87.64527
570,214.99341,3.105207,0.5603746,2.431321,387.64996,85.780464
571,163.54941,5.4387603,1.1205684,2.3935149,346.2113,86.59409
572,160.93503,5.5838842,1.1507452,2.450368,364.1077,90.630806
573,166.75946,5.021385,1.0903834,2.4238913,351.85748,86.70687
574,272.1975,6.5882044,0.73788095,2.4632957,307.74054,73.79282
575,204.30544,3.2399507,0.89264977,2.2738323,341.4134,65.78713
576,163.92566,5.5764537,1.1374109,2.4499638,356.84552,89.97002
577,226.23805,6.36718,1.1548566,2.9138021,347.7574,83.39112
578,210.62955,3.8534791,0.67982686,2.680364,410.61044,83.60501
579,356.13632,7.7481766,0.61476845,2.9902875,313.12115,61.423336
580,209.89545,3.8672123,0.69077873,2.6698136,442.39005,109.59576
581,162.98602,4.8614407,1.0534482,2.3689024,354.2308,83.23545
582,211.81107,3.4181528,0.6315467,2.5196102,411.96265,86.48313
583,346.99188,7.5363026,0.63216317,2.968688,312.76562,62.152668
584,229.5365,3.926224,0.6573037,2.5447812,310.34686,71.18393
585,224.04506,6.1325145,1.1098579,2.955571,385.37814,98.02774
586,215.20428,3.7676525,0.68158305,2.6430166,416.28955,103.09241
587,212.7596,3.9074998,0.69064766,2.7028704,433.90045,103.03843
588,273.3559,6.744335,0.7753372,2.415081,291.76385,77.07836
589,216.63254,3.7079988,0.7405774,2.4624233,329.70663,72.62869
590,345.4558,7.806471,0.6789953,3.025916,310.20694,65.540405
591,204.18228,4.4105554,0.7471917,3.1433778,454.11533,113.156334
592,189.28192,3.4511213,0.6926646,2.7848692,437.53333,110.18836
593,225.57019,6.3966565,1.0503944,2.9805062,415.10815,99.93768
594,157.98666,5.3850713,1.1124505,2.3536892,353.50464,86.51342
595,218.09825,3.728417,0.6890384,2.6138499,378.26926,104.161
596,159.0932,5.273219,1.0848762,2.3467903,357.2345,85.41815
597,259.13654,6.4220467,0.76321864,2.4155445,298.60526,79.71459
598,205.05128,3.8156393,0.74610317,2.8062143,432.6283,106.04202
599,311.4157,8.023779,0.60955673,2.8482544,311.12158,48.971024
600,181.606,3.8621662,0.8007783,2.1121418,393.84094,92.45648
601,159.30753,3.9148126,1.031204,2.4979668,280.2324,66.808105
602,241.24106,4.773296,0.6686677,2.7544608,401.25604,105.66687
603,196.6189,3.75856,0.7891139,2.942573,439.38626,114.36648
604,225.78311,5.451503,1.0140296,2.9128985,421.78955,103.49929
605,280.69476,6.5455627,0.75614625,2.6264246,311.95566,77.53424
606,165.60925,5.3758307,1.1255106,2.4694278,348.64383,89.89247
607,218.46332,3.7743115,0.7062933,2.4891367,322.14426,68.32425
608,202.59843,2.688088,0.56241596,2.441387,439.84824,90.56691
609,243.96832,6.4514527,0.73119783,2.3259916,304.47424,66.2254
610,199.52014,4.6997585,0.7707908,2.1504984,382.81308,112.96096
611,202.96512,3.5297825,1.0579711,2.6113083,519.0747,99.562355
612,204.69713,3.5837135,0.7006002,2.6574323,416.74847,102.039154
613,228.49985,3.8803594,0.836238,2.5847752,373.7123,75.738686
614,227.31796,3.6763186,0.6827003,2.5279248,351.27005,72.899605
615,233.1006,5.217763,1.0598323,2.836001,357.73544,88.84264
616,189.61938,4.61903,1.1453327,2.5796087,382.34586,100.955605
617,161.16339,5.5861907,1.1296103,2.3990712,358.385,88.77251
618,347.83405,7.3827896,0.561479,2.926179,308.3015,53.829884
619,226.04044,7.3960066,1.0500963,3.0468042,393.61346,105.952225
620,214.1506,4.3285265,0.7172984,2.7938714,442.46024,100.29366
621,224.54987,6.534062,1.0286996,2.9923418,413.62375,102.18284
622,337.23663,6.478387,0.5657265,2.5837343,290.7866,53.623684
623,235.84453,2.924963,0.64016557,2.5306048,428.71072,110.57734
624,208.56851,3.7582326,0.73415965,2.6432343,416.36182,102.20351
625,202.66367,3.11834,0.71693623,2.3856428,361.56238,76.73335
626,232.82875,3.7240715,0.64979506,2.5710921,362.71628,89.00688
627,204.00305,3.737749,0.58270574,2.6394346,446.43372,95.84558
628,205.91512,3.8330717,0.8300344,2.6494646,427.27432,118.82999
629,335.5471,6.6146483,0.58831406,2.6385994,295.45004,53.553566
630,167.89046,4.00535,1.0201291,2.4538252,261.48068,65.25296
631,329.86288,7.235796,0.6220399,2.9176,296.6714,58.291405
632,285.0412,6.8990602,0.78248453,2.4849741,356.25357,80.186554
633,250.14433,6.5389156,0.75101006,2.3330312,309.63303,75.30284
634,204.21237,3.6128669,0.60321593,2.629383,444.4515,98.42342
635,375.40924,7.91486,0.6115866,2.964151,318.89502,66.32448
636,313.0763,6.1068945,0.589013,2.6340947,305.0833,66.37674
637,228.53345,6.3454895,0.88092124,2.94772,399.64505,89.143036
638,227.20773,6.5294805,1.021413,2.970794,414.74017,110.57854
639,217.5815,3.971521,0.63829905,2.6510806,398.763,95.34438
640,158.24658,5.62115,1.1166079,2.341755,355.3237,84.959595
641,209.76714,3.965705,0.71630454,2.680287,435.67438,105.34852
642,160.45169,5.096568,1.0801363,2.3418207,348.5635,84.46933
643,163.19116,5.2150197,1.1210482,2.4424896,352.34192,88.51576
644,291.48215,6.786669,0.7614,2.5538118,377.23068,85.018845
645,232.68007,4.576446,0.67804563,2.6741676,353.67493,78.63389
646,277.21686,6.563408,0.7567526,2.4540973,293.0688,77.55353
647,205.18883,3.5608926,0.7363045,2.5868194,417.14297,105.57693
648,282.34576,5.7027946,0.6057509,2.5545123,306.38684,62.54247
649,215.46762,3.5447874,0.86141,2.414661,349.6693,62.761272
650,231.33388,3.7590742,0.6805236,2.565021,341.3461,73.97702
651,166.32083,5.277662,1.0964086,2.41647,348.51935,86.12088
652,264.63416,6.8489857,0.76395965,2.329761,362.41577,73.19802
653,203.89058,3.7665343,0.7337891,2.6354725,410.6764,108.98183
654,215.3042,5.467238,0.9680173,2.9344177,408.08017,100.22976
655,228.34233,3.9738069,0.6616887,2.567459,318.62735,71.64308
656,198.50716,3.7407215,0.7562718,2.8422787,423.484,111.48454
657,227.3332,2.932748,0.6716508,2.440558,455.07785,108.05174
658,232.97728,3.5463474,0.7020649,2.5188072,339.60278,82.19921
659,197.34995,4.2065,0.731247,3.110817,461.42914,117.539154
660,249.09647,6.570257,0.75382185,2.3315003,306.7532,70.189606
661,224.97057,6.5628405,0.7529418,2.9775324,398.6316,77.44913
662,198.80223,4.128218,0.7686804,3.158689,435.2756,114.39084
663,337.20026,6.9256945,0.61895704,2.8019848,294.75198,56.86334
664,157.2878,5.4571166,1.1607876,2.459436,379.44028,91.042854
665,224.9487,7.056302,1.1727545,3.0439765,410.07864,108.09947
666,230.02034,3.8807607,0.67531013,2.546848,318.64804,76.038185
667,213.82124,4.632964,0.7882408,2.186939,382.1274,98.3868
668,231.18286,5.6824718,0.9561834,2.8560433,366.7181,84.17815
669,166.4773,4.0340605,0.9958185,2.5049741,276.16492,64.50606
670,225.37749,6.206186,0.8824815,2.9513824,406.24713,85.219894
671,231.6689,3.5282013,0.6375288,2.5356512,371.01038,69.50717
672,217.56332,4.016122,0.74300325,2.6719513,416.92688,112.9357
673,209.8066,2.4771562,0.53866035,2.202211,388.38907,83.84681
674,351.57822,7.6199903,0.591662,2.9722354,302.7636,59.479576
675,215.25072,3.5417624,0.6234643,2.3980746,311.3774,66.09446
676,231.95319,4.204766,0.63475543,2.6163332,327.45584,84.9786
677,222.26054,4.9889784,0.85870457,2.247856,392.16916,124.794464
678,330.25412,6.533878,0.60413027,2.7263017,318.82452,68.84256
679,199.25784,3.3222513,0.89255327,2.2496293,335.00513,74.32135
680,210.23227,3.4217181,0.62547493,2.5655637,434.04022,102.349174
681,226.49718,5.2903047,0.5559793,2.8263578,379.3742,90.87514
682,210.87967,2.758985,0.5422259,2.4120972,469.23267,86.93451
683,226.40784,6.1219697,0.6554203,2.946748,389.46246,101.89787
684,167.32227,5.188041,1.0905069,2.411901,347.1283,87.21946
685,223.44107,5.180983,0.6603645,2.9005954,447.82175,108.0292
686,210.54646,3.7576532,0.66037476,2.6232514,425.19345,99.02399
687,165.87856,5.096415,1.0871766,2.4086313,355.73273,84.209656
688,210.32712,4.0256844,0.89493436,2.2970886,426.81866,115.60176
689,214.46944,4.278658,0.7364756,2.1469698,429.13657,108.90516
690,205.94653,3.7215505,0.7185928,2.598557,433.3498,104.01533
691,231.98676,5.1008306,0.82295096,2.784112,372.416,80.43494
692,234.46149,4.2647743,1.1608902,2.8827722,474.54602,107.58187
693,223.1737,4.155207,0.9238359,2.5859973,337.80157,66.692085
694,235.20407,4.709659,0.90030056,2.7614784,368.87503,89.569016
695,176.90265,4.290146,1.0582662,2.4116652,381.69592,91.08459
696,217.73918,3.5144825,0.8422909,2.4077907,331.00912,69.58844
697,230.84695,3.354992,0.62769914,2.4348679,308.74963,77.09914
698,233.99559,4.3152957,0.74481004,2.6759043,382.2522,80.25726
699,170.67268,4.048458,0.93098915,2.4957032,273.45865,63.065174
700,173.45816,4.1597943,0.8049953,2.043416,394.39246,99.04218
701,229.60286,4.344856,0.7040158,2.6559105,338.33258,78.32958
702,230.55307,5.708069,0.8452216,2.8497288,408.84027,84.719635
703,161.18321,3.9448736,1.0521976,2.48819,276.4883,65.974106
704,160.23634,3.9229443,1.0385907,2.5038075,280.66568,64.918274
705,205.09534,3.7711897,0.66782695,2.6475477,435.85577,96.384445
706,227.05267,7.0693445,1.1757007,3.053372,418.62308,111.14015
707,353.68237,6.966419,0.5773741,2.7182922,294.2992,56.4954
708,224.07832,4.018435,1.1845288,2.8106425,492.19907,108.82675
709,210.94138,3.8727121,0.6218149,2.6384208,410.9904,98.94058
710,230.00172,5.617009,1.0596975,2.91208,423.89514,92.557465
711,228.80963,6.5464473,0.95749974,2.9832094,404.80762,88.53108
712,223.9773,6.9645576,1.2086306,3.0333111,401.27362,102.62361
713,206.51135,3.611672,0.60126173,2.282294,318.46915,77.056015
714,163.6532,5.3609915,1.1177812,2.4232929,350.41077,87.31958
715,214.50664,4.4843764,0.7409626,2.9488344,457.46027,105.8558
716,380.09662,8.101024,0.5987984,2.9920592,329.7027,63.18396
717,206.64474,3.4618053,0.6500398,2.3322966,309.70435,65.90349
718,218.41354,3.6253576,0.6704589,2.4629316,348.33954,69.08372
719,236.22649,4.610167,0.89425427,2.7102203,354.04324,84.15142
720,327.976,6.448635,0.5863667,2.6763446,314.50192,65.92229
721,222.30937,4.0047617,0.93693805,2.5679474,369.11423,61.23523
722,206.09093,3.5209827,0.67083484,2.6023095,422.6625,102.73676
723,168.5795,4.0471435,1.0266771,2.5075417,275.10156,66.29063
724,201.8448,3.5218046,0.6843588,2.583966,416.6075,97.219315
725,162.55792,3.9575453,1.0478188,2.4975047,278.05972,66.305534
726,231.33385,3.6409936,0.6238657,2.5135071,338.0249,78.78875
727,169.8375,5.5176363,1.0994897,2.461441,345.1976,89.49714
728,163.93335,5.442219,1.1147294,2.37502,346.3832,87.76544
729,231.8259,4.9549417,0.7259777,2.8310947,363.3048,101.598946
730,162.47905,5.532131,1.1414121,2.4806552,369.95758,90.83307
731,230.40364,5.182191,0.7387201,2.7980797,339.0873,79.33426
732,201.42058,3.0981653,1.0228074,2.5394294,519.3378,98.27644
733,186.2181,3.3922532,0.63950455,2.7523878,441.26633,117.98303
734,165.5846,3.9845705,1.0268818,2.4999263,275.79974,67.57332
735,163.51697,5.930603,1.1856515,2.5064936,371.11768,91.20093
736,309.26245,8.212707,0.7519478,2.495899,332.4533,79.51741
737,227.6234,6.820726,1.1143591,3.0206165,372.65753,103.5491
738,224.23978,6.738116,0.89531136,2.9974427,405.9655,94.58186
739,227.3622,6.5956454,1.1224823,2.8827558,363.1675,91.66991
740,267.78943,6.5301223,0.7796691,2.4304175,314.43643,77.68827
741,201.77948,3.7323787,0.7318554,2.8403282,420.27017,105.192726
742,342.61047,7.2986517,0.556322,2.9066854,305.04492,52.255005
743,209.18695,3.9147155,0.69307375,2.67329,435.91696,102.74428
744,230.75984,5.3316927,0.8621786,2.8475385,380.91074,81.01744
745,223.93726,3.172637,0.6981769,2.4662366,389.19724,104.41596
746,159.76263,5.188931,1.0945147,2.3517442,353.83426,85.56565
747,229.1488,6.106967,0.81366223,2.9450827,402.00806,84.763145
748,209.3804,3.2889442,0.78908455,2.2918863,341.64655,65.15198
749,165.26364,3.9976978,1.0327185,2.4683144,267.47958,65.06064
750,160.3393,5.6485877,1.1446078,2.405251,354.2794,88.99829
751,318.34818,6.385352,0.5793388,2.6420753,289.16785,53.398453
752,206.91933,4.40503,0.7555801,3.302911,455.01947,107.92292
753,211.69215,3.715845,0.70823634,2.636922,433.02576,102.22288
754,204.75327,3.7255719,0.688894,2.6367226,443.60196,97.54538
755,201.56113,3.6230135,0.7241044,2.6017869,435.23904,106.499664
756,165.39458,5.4136868,1.1559227,2.4965143,407.87436,94.6819
757,230.04858,5.6921782,1.0717504,2.8604956,364.43234,83.856674
758,165.85309,5.4402733,1.1187787,2.4250915,353.16437,85.8031
759,210.3804,4.014831,0.7021426,2.7728167,440.09198,105.00946
760,166.30116,5.860521,1.1308042,2.4077168,356.94974,86.03103
761,246.17581,6.659094,0.7318616,2.3033547,312.37695,68.28171
762,173.8328,4.3424373,0.78550375,2.0439668,386.2263,100.94761
763,229.22551,4.9648423,0.7738901,2.8401852,363.54404,84.13558
764,177.17203,4.403665,0.7943578,2.0339103,400.7047,106.74703
765,231.19131,5.6513925,1.0417,2.879381,422.4496,92.0908
766,202.79947,3.6301243,0.9025981,2.6335526,441.90454,122.716
767,227.48105,6.9560366,1.1471409,3.0570655,419.44824,110.921814
768,235.88489,4.2762046,1.056869,2.7050388,363.87305,82.24424
769,161.38817,5.686202,1.1281857,2.3865354,354.6344,86.841576
770,165.5509,4.0269814,1.0036588,2.4547892,257.54684,63.96266
771,226.90837,3.8909626,0.8079254,2.5776162,359.93314,77.68746
772,166.26315,5.346319,1.096243,2.392091,345.87558,85.48778
773,229.36101,3.8415587,0.69203293,2.5750532,361.14746,71.734406
774,201.83812,3.5998387,0.6750616,2.604172,400.8994,97.342964
775,205.77971,3.2866657,0.71840036,2.548069,441.2063,99.67407
776,175.4169,4.0784564,0.8283556,2.0390165,402.94095,87.70344
777,205.09587,4.357288,1.1549225,2.5659251,412.6578,109.53955
778,189.15428,3.3426652,0.68621564,2.760981,439.05215,108.98508
779,200.65399,4.79766,0.8157305,2.1663527,370.61517,116.81357
780,171.47784,4.929795,1.1433359,2.508142,456.27286,98.37774
781,209.76784,4.1185503,0.80860627,2.1079571,421.62656,112.19877
782,165.93648,5.3818536,1.1170256,2.479613,368.886,90.27328
783,157.34497,5.5774894,1.1372325,2.373662,353.80682,87.380394
784,237.52512,2.8681688,0.4635716,2.3194916,419.88907,96.97603
785,209.60527,3.8923192,0.65820247,2.6841912,422.05396,101.167465
786,229.59021,5.77627,0.7971701,2.8492858,387.1267,83.4143
787,195.88318,4.878153,1.1594146,2.6092718,355.46075,101.36604
788,204.40573,3.534374,0.67211807,2.5889118,408.9272,101.45907
789,232.18619,5.0992885,0.7264285,2.7883775,388.197,84.1032
790,220.22379,3.5529556,0.6739247,2.4289477,313.86514,69.63878
791,161.22824,5.7272196,1.1510812,2.437048,355.83554,88.12162
792,229.00912,5.9175797,0.9033753,2.9156404,386.18286,84.2946
793,168.52536,5.0940924,1.1049652,2.428544,373.27945,92.95042
794,163.59283,5.403798,1.1175337,2.405633,344.55496,86.14788
795,203.68816,4.394826,0.74565136,2.7000525,436.28125,120.3376
796,226.27151,6.914394,1.1626507,2.9747531,374.8146,104.54727
797,224.54031,6.4408684,0.8983576,2.9601932,398.9667,90.95636
798,207.19951,3.6539083,0.62943935,2.650987,438.70587,94.51037
799,185.90854,4.663845,0.8169327,2.1029696,382.39038,94.350815
800,157.81851,5.3988614,1.1235211,2.3824854,354.69077,88.54619
801,229.55237,4.7164755,1.0001501,2.7034206,363.96323,71.26679
802,224.55176,6.80727,1.1158355,2.999025,413.5307,108.74816
803,202.39087,3.9901505,0.73429596,2.9278524,430.72012,106.705765
804,165.24182,4.0106506,1.0007641,2.4586592,262.3675,64.14787
805,165.52354,5.416883,1.1182222,2.4669056,349.04233,87.865685
806,205.41359,3.6842752,0.73299074,2.61145,436.8664,102.78731
807,208.85388,4.3654485,0.8407595,2.2077653,461.0579,109.116554
808,202.7662,3.3496833,0.655396,2.2777932,320.28268,71.54185
809,226.54144,7.0497293,1.1634467,3.0605483,418.31494,107.24004
810,164.69086,5.519535,1.1258262,2.406227,347.55038,86.24708
811,223.7446,6.63789,1.1541356,2.9794211,382.8316,95.63736
812,210.3698,3.817112,0.66859734,2.6330292,401.50977,89.16893
813,206.42418,4.1847386,0.6906085,2.8583827,448.52432,106.2099
814,178.34305,4.1596994,0.7939471,2.0781605,410.69855,98.0325
815,220.24876,3.6940494,0.6975881,2.4780512,328.68057,70.59632
816,201.2363,3.5165246,0.6878511,2.5914085,434.29034,97.99908
817,164.9086,5.230354,1.1114012,2.4641442,356.42636,91.63742
818,228.71234,3.2758067,0.5043335,2.469125,382.86014,80.737495
819,181.93295,4.707524,0.8782259,2.0806966,401.34497,109.04699
820,331.14066,6.497389,0.5693166,2.6657608,295.06717,51.49705
821,195.53564,4.7328057,0.74812824,2.143054,374.42783,105.57261
822,264.03473,6.75683,0.7826479,2.3788471,287.70508,75.16438
823,202.43939,3.5194407,0.69722456,2.599747,434.6938,104.250496
824,189.03746,3.2296648,0.71497077,2.7181177,436.24832,110.49626
825,229.08356,5.79952,0.81001574,2.8871439,407.25412,95.13092
826,234.45126,5.1948023,0.769223,2.8635461,403.95752,84.16072
827,249.87842,6.697915,0.75364673,2.3012092,307.82928,69.348724
828,209.96562,3.828175,0.6938027,2.653733,419.42538,100.457985
829,238.88324,3.746235,0.67090523,2.520512,354.4556,89.20157
830,189.25853,3.748779,0.779548,3.2883756,483.258,124.90044
831,165.42401,4.0000057,1.0038344,2.4754295,270.47632,64.46784
832,205.67921,4.571909,0.75572,3.1727448,451.06287,109.592834
833,233.66757,4.7598953,1.0124751,2.7845147,365.76205,85.707535
834,222.16342,3.9222746,0.7134164,2.583549,421.87714,116.41664
835,233.14993,4.4876323,0.64789873,2.69888,356.42746,93.8693
836,218.56604,3.428516,0.588581,2.5435288,415.5348,87.89491
837,227.71959,6.05514,1.136507,2.8998775,368.75034,98.45419
838,158.85991,5.1922765,1.0995033,2.3667042,351.5225,86.58014
839,202.06627,3.9523692,0.6895077,2.8814611,435.7186,102.85152
840,336.44244,6.662733,0.58676344,2.7015364,302.4748,56.4562
841,174.79816,4.8335257,1.0655497,2.3285809,375.14352,91.10677
842,229.2366,6.508852,1.1313694,2.9967391,361.32706,92.1744
843,230.84756,3.5524545,0.6276635,2.5277152,380.61093,86.4947
844,227.69087,6.119843,0.76811534,2.9063423,353.8058,78.328674
845,320.537,6.9619055,0.64104974,2.8939223,322.4823,66.2059
846,208.35883,3.460071,0.70371664,2.699984,451.3899,107.61527
847,156.7965,5.46976,1.146356,2.431254,363.71515,88.02846
848,223.98259,3.5870237,0.7860693,2.5015938,377.20166,76.46464
849,203.74347,2.788724,0.5883075,2.4290817,414.5937,94.266754
850,167.35506,3.9451907,0.9801601,2.4620497,277.76312,63.72636
851,210.12154,2.3669958,0.54914224,2.3564928,490.28207,90.8595
852,228.06345,5.4164953,0.7761609,2.8295856,390.17276,83.064156
853,224.60138,6.2343864,0.80361444,2.8789616,358.8719,80.00485
854,221.82568,3.5324326,0.8517016,2.4458303,351.17172,68.98534
855,215.90132,4.455117,0.80443215,2.1003568,397.27316,120.29191
856,206.77153,4.2370114,0.7275919,3.2177835,420.64386,109.221596
857,358.46497,7.5499606,0.6164656,2.9326673,332.73007,63.30011
858,190.49521,2.6642447,0.5473505,2.3694391,417.0289,76.89801
859,226.94505,6.5798798,0.8952076,2.9612489,392.46964,91.03181
860,163.4173,4.9125514,1.1002622,2.4459581,371.95886,88.81751
861,185.87888,4.5896873,0.8212017,2.09078,387.64783,111.34395
862,229.921,4.2526283,0.9702482,2.647022,358.22305,69.45181
863,205.26855,3.461433,0.7760205,2.1417897,425.51855,106.71327
864,211.2648,3.4741576,0.6755636,2.3740785,319.10007,66.38243
865,211.73312,3.7386456,0.82559717,2.6373625,437.9313,114.185265
866,230.58096,3.608533,0.5877316,2.5309615,378.71512,75.08242
867,209.0257,3.4689627,0.8534111,2.3534372,352.06866,70.94637
868,229.62054,4.4996533,0.83092666,2.6890914,338.00943,76.81205
869,163.20888,5.3791466,1.1193492,2.4667847,355.77686,89.84019
870,160.87558,3.942432,1.0185313,2.490844,276.78708,64.90456
871,208.46425,3.8866591,0.6486016,2.6902514,427.2923,97.274704
872,213.75725,5.6065497,0.8115427,3.1384099,465.13904,114.25414
873,200.76347,3.4025207,0.70612365,2.5589232,428.0291,98.569496
874,231.44028,5.196564,0.73006034,2.8033082,389.57477,80.85173
875,161.06018,5.448139,1.1434723,2.4839268,372.89737,95.11667
876,224.06271,5.643407,0.68223596,2.9373286,378.3949,75.95869
877,226.37491,5.798667,0.54588073,2.9052913,389.24075,97.492004
878,194.75717,4.287397,0.77798885,2.103198,400.0971,108.76915
879,163.72948,5.6179047,1.1621479,2.5136774,381.6555,90.3058
880,156.89551,5.455452,1.1265991,2.403357,374.21094,89.36426
881,157.22316,5.4166245,1.1429174,2.405935,348.9277,88.68718
882,248.52559,6.516193,0.74055797,2.3360133,310.4992,73.24026
883,330.8178,7.2537994,0.61679167,2.89,295.3225,57.780396
884,229.39798,6.0075574,0.8527464,2.9166462,385.39178,88.13392
885,203.73698,3.4740384,0.66604507,2.6596773,425.97186,99.70195
886,232.60703,4.9492764,0.7457475,2.7898605,367.76102,78.35311
887,201.47409,3.370913,0.6721271,2.2739353,312.4555,64.66819
888,260.6451,6.897121,0.6409536,2.3576512,266.02502,63.74961
889,161.053,4.962105,1.0700364,2.351982,354.83914,84.46388
890,228.42673,4.3668303,0.5536619,2.6777096,391.628,91.06465
891,206.20677,3.6519578,0.91866666,2.3639526,334.99258,67.750404
892,251.45291,6.6469593,0.73889023,2.3178337,320.9178,72.3647
893,231.12788,4.211518,0.5826098,2.6741028,372.25522,80.77677
894,200.58322,3.399188,0.6880535,2.5689104,436.43417,93.26363
895,171.11322,4.0901213,0.9977798,2.4865215,261.8001,65.41807
896,234.95715,5.1888194,0.61643374,2.777195,391.3929,98.93886
897,207.74855,4.3635645,0.7581593,2.9969094,435.85413,108.50303
898,285.7526,6.9650006,0.7730646,2.4688764,335.25467,79.39897
899,224.91058,3.6720853,0.90131104,2.4768682,335.88055,63.195053
900,227.14659,6.2635884,1.03016,2.9471612,347.24063,86.4016
901,324.06586,7.865902,0.78775615,2.5915046,393.65826,87.12459
902,162.70328,5.7281365,1.17363,2.5082061,368.53543,90.176674
903,161.17593,3.9380858,1.0488783,2.4970832,278.28827,66.034744
904,292.97076,7.091663,0.79500526,2.4105997,410.87726,85.748886
905,229.51923,5.6762733,0.71934026,2.869707,365.26944,89.004295
906,208.51839,3.3928227,0.68911684,2.5501883,387.52966,94.28999
907,211.41936,3.728075,0.72207725,2.6473334,396.45322,109.63827
908,162.02171,3.9683099,0.99989104,2.5036843,275.21066,66.37567
909,206.87115,3.7601535,0.64225674,2.6923745,422.87473,100.41195
910,206.36623,3.0330772,0.98988056,2.4554327,395.4861,86.85055
911,231.25522,4.7957397,0.7011101,2.696497,324.71622,76.72886
912,228.83876,5.1415133,0.8036705,2.791067,382.681,94.34766
913,352.95233,7.6258163,0.6794596,3.0009146,311.32407,65.23378
914,165.26163,5.415792,1.1488855,2.4827714,395.2293,93.93432
915,226.11264,6.3676357,1.0927427,2.9406137,333.36862,79.67192
916,166.78061,5.251068,1.0931513,2.4051564,344.3883,85.84936
917,233.25339,3.7359743,0.70859605,2.5949585,385.9979,75.95702
918,196.66124,3.8772097,0.7194282,3.013836,428.50662,111.42466
919,218.8845,2.6537838,0.6862108,2.3286438,382.98325,90.371704
920,233.419,4.413833,0.7836501,2.679312,370.49063,76.76865
921,180.96089,4.5327477,0.8973131,2.3618653,404.47485,96.32251
922,221.38004,4.815963,0.9800141,2.6512275,328.2622,76.32979
923,247.31836,6.217707,0.6520179,2.3330708,256.02145,71.77467
924,384.76645,7.971446,0.6176803,2.9866,318.40115,68.9484
925,203.35138,4.373601,0.7931154,3.1478808,448.85443,113.58086
926,274.22058,6.7675877,0.75211155,2.3781686,367.4177,81.022285
927,209.77097,3.0770445,0.61349094,2.3146865,375.42017,83.103714
928,224.96687,3.1608925,0.657294,2.3789852,350.79767,75.578606
929,159.20848,5.1256146,1.0939132,2.3627071,354.73123,85.30258
930,165.33344,4.0007787,1.0347686,2.4638104,258.54388,65.42212
931,216.2043,4.410976,1.0441984,2.6837778,434.05185,80.72354
932,158.25505,5.3869734,1.1510427,2.4666612,381.57416,91.28137
933,329.4594,7.0745573,0.6550403,2.8086236,345.74762,73.54284
934,172.26892,4.4562073,0.7864962,2.02183,388.03528,103.107315
935,212.08527,4.447879,0.79815876,3.2741737,456.66772,107.960976
936,249.95747,7.334998,0.6639256,2.3441663,283.18066,64.722755
937,164.04555,3.985272,0.8397378,2.4815426,273.47687,62.47338
938,229.07309,6.739053,1.1577145,3.0002003,388.10995,89.00233
939,204.1529,3.2659187,0.7207261,2.5433633,422.8464,107.49734
940,199.06778,4.7240367,0.82715786,2.1415982,391.59576,117.95737
941,195.21677,3.616488,0.70373595,2.8114965,435.5791,105.35689
942,158.38461,3.8368587,1.0209639,2.4590652,277.9001,63.597168
943,169.79652,4.491831,0.8240064,2.0024269,412.40015,104.189644
944,218.20692,3.1721635,0.67344534,2.4841692,415.24707,80.9446
945,157.40718,5.4906,1.1255373,2.3662696,355.833,86.90629
946,232.54056,4.668115,0.9453184,2.7050655,353.9666,66.968475
947,225.73604,3.7199805,0.7226589,2.529622,368.3967,71.07002
948,157.38396,5.496592,1.1310416,2.384618,353.4049,88.717735
949,162.9772,5.537615,1.1299394,2.4216251,353.48276,89.58992
950,194.31038,4.55416,0.8219776,2.1564834,375.5051,106.59924
951,162.66676,5.2793694,1.134767,2.4507961,351.99005,90.59782
952,164.4483,5.7537436,1.1469518,2.4619153,372.42993,88.39206
953,213.45367,3.604895,0.6690422,2.415074,341.33835,71.59184
954,239.03801,3.9108062,0.88374174,2.6118066,404.54175,89.46999
955,166.98648,4.004507,1.0037924,2.437946,258.86588,64.55663
956,156.29546,5.5655437,1.1616557,2.4374347,365.79263,88.41644
957,202.21048,3.7362766,0.6888761,2.7056935,396.8003,103.746216
958,210.84523,4.6383924,0.78497404,3.117566,446.73602,110.81604
959,182.3666,4.6924305,1.1372426,2.5567188,363.4188,96.454895
960,216.405,3.6427531,0.7288386,2.4449906,325.7625,73.07707
961,163.85962,5.3011155,1.1037222,2.3754506,346.2328,87.40141
962,347.6915,8.129348,0.6443808,3.1712964,325.18457,59.92679
963,230.56326,5.9620886,0.69152606,2.9594116,391.87018,100.92693
964,165.82347,5.177756,1.1139603,2.4876363,366.3865,92.09226
965,169.76149,4.5212073,0.83735645,2.000415,407.71262,104.84372
966,162.12587,3.9446383,1.0380281,2.4995584,284.69025,66.63177
967,272.36734,6.6107855,0.73886484,2.441882,324.09424,77.76485
968,162.10948,3.9557424,1.0512356,2.4929764,276.69418,66.46603
969,298.82068,6.8455343,0.7511018,2.5451777,291.6655,80.49718
970,164.232,5.5566015,1.1359327,2.4063072,342.35297,87.478294
971,226.50867,7.089287,0.9187956,3.0726643,421.86316,106.65144
972,209.9429,4.6482615,0.75542575,3.213035,455.8303,113.26856
973,161.82385,5.647293,1.135973,2.4200768,354.6634,89.0165
974,208.45369,4.6406612,0.75186944,3.4340868,454.84656,112.61597
975,167.93231,5.2909822,1.1099591,2.4630187,363.7519,87.63593
976,158.92348,5.090295,1.1236646,2.4218225,419.99515,95.19196
977,162.56636,5.575981,1.1545776,2.4834173,366.0379,89.50677
978,164.29034,3.9894743,1.0460469,2.4785945,273.18866,66.35839
979,217.68329,3.1494484,0.70206296,2.5041153,388.43256,105.757034
980,162.87431,5.9663606,1.1830289,2.5040548,374.5388,90.53019
981,197.10896,4.1093755,0.75458825,3.0377123,444.4426,118.139465
982,165.4322,4.004785,0.9980797,2.5000958,272.7699,64.1969
983,168.80415,3.9468405,0.84781235,2.490511,275.10123,63.250954
984,166.99062,5.659202,1.1164631,2.3884716,349.27197,84.95746
985,164.79176,5.2929993,1.0955904,2.3843124,350.55667,87.80272
986,215.90634,3.952125,0.63055277,2.6803975,422.11496,101.289215
987,161.0675,3.8879774,1.0328679,2.474694,276.55093,64.06653
988,279.85956,6.5193415,0.7509404,2.4605777,331.23962,82.02562
989,236.66666,3.4198651,0.8177466,2.5238872,357.90387,95.47162
990,214.97305,3.6639814,0.6821024,2.4299235,329.22565,66.17334
991,205.44893,3.542764,0.6780073,2.5871103,410.46497,100.084305
992,213.00076,3.9745493,0.774832,2.6649587,442.20233,104.56239
993,207.15767,4.869098,0.7920793,2.191645,375.58218,110.22104
994,228.19023,3.1244035,0.4678625,2.4412417,373.72226,91.702705
995,234.88855,4.797688,0.6477272,2.7512705,375.40543,95.33937
996,161.61441,3.9572318,1.0323726,2.4889264,276.689,65.04579
997,215.90973,4.5787215,1.1224968,2.6855628,384.97025,103.5252
998,196.33157,4.881232,0.7224199,2.3830895,312.0806,66.13078
999,166.07759,4.6929493,1.0655854,2.4122941,356.46225,86.91477
1000,216.24438,3.3109877,0.5898092,2.462123,412.6493,90.52658
1001,228.15248,6.689179,1.1689097,2.9931808,352.0205,102.87404
1002,164.39456,5.2509117,1.1085786,2.4207284,346.15146,88.74923
1003,281.13535,6.82681,0.7276871,2.4322624,307.68097,75.47537
1004,230.09131,4.1167374,0.9745838,2.6077745,355.0982,78.20938
1005,254.66432,6.642828,0.7274069,2.3347583,299.62714,70.194214
1006,169.86981,4.967159,1.1497507,2.4294243,462.86163,102.655716
1007,231.67513,4.5693855,0.7742635,2.7134156,346.27362,76.97225
1008,212.8734,4.3569098,0.75445557,3.1833792,457.5049,103.4195
1009,165.03404,5.786323,1.1386515,2.418096,357.532,88.04692
1010,204.37773,3.708877,0.76703346,2.6358705,436.69864,105.772934
1011,351.4433,7.8057504,0.61785775,2.9958768,309.7434,59.59471
1012,222.48872,3.7732358,0.6918438,2.5027795,314.62845,72.14323
1013,164.23952,5.733534,1.1388807,2.432758,358.14575,88.42505
1014,161.28311,5.5723734,1.1278429,2.3975983,356.83432,88.67251
1015,378.71558,8.121759,0.60919565,2.9985476,333.43762,63.849182
1016,206.7383,3.494514,0.6369507,2.6159313,429.94116,96.67533
1017,227.23853,5.77242,1.0907456,2.835614,335.41708,79.03086
1018,221.34601,4.5046463,0.6373982,2.803153,420.57187,100.17826
1019,391.0799,8.295224,0.63378674,3.0446093,320.8846,68.13363
1020,313.82626,6.8134727,0.6199537,2.77034,293.50076,54.941025
1021,204.7335,3.5475607,0.7179532,2.6035836,429.20972,101.11687
1022,228.2597,5.8135843,1.012075,2.9153595,394.63022,81.27772
1023,164.07382,5.425291,1.1335876,2.4618788,358.7317,89.11493
1024,228.42747,6.4400606,0.9053806,2.985398,398.44376,82.79172
1025,251.42097,6.582828,0.72734433,2.331893,297.01212,69.6054
1026,201.42628,3.9678984,0.76141053,2.8846712,436.3619,109.502945
1027,216.08353,3.1726408,0.7085597,2.4631975,379.7044,76.52768
1028,166.32802,4.007113,1.0257772,2.4996984,278.7111,66.15163
1029,229.29105,4.0774307,0.75979155,2.6308248,344.10355,75.99394
1030,167.68365,4.343225,0.82755864,1.99879,402.42447,102.38876
1031,206.2669,3.8266616,0.82551163,2.6709344,446.73666,118.4754
1032,227.02792,5.908787,0.7140269,2.3443255,314.2487,66.043045
1033,211.77014,4.102274,0.690478,2.7678468,424.06845,102.16032
1034,202.85251,4.7302217,0.7945023,2.1626732,384.94064,107.775375
1035,218.43489,3.5912752,0.69123685,2.4387891,347.25818,73.02105
1036,161.97159,5.395674,1.1243867,2.4075599,350.81992,90.374664
1037,199.71304,3.497155,0.7445632,2.6610832,432.60083,107.56891
1038,230.66158,4.1994963,0.5940185,2.643495,380.79276,98.04649
1039,224.36406,5.159459,1.0482678,2.7231412,332.63028,71.58451
1040,224.90501,3.9177504,0.891088,2.5653641,341.244,78.41791
1041,228.92477,6.3933434,0.9325807,2.9949315,399.1085,86.7207
1042,203.78792,4.459974,0.7825333,2.1072059,388.7421,114.59969
1043,212.31577,3.6493566,0.64566016,2.6185832,425.0291,110.551704
1044,232.62022,5.3414836,0.81737435,2.8048575,395.89938,95.32478
1045,167.73592,5.2783465,1.1079452,2.488091,365.53848,92.0381
1046,227.27771,6.008063,1.0084157,2.9159184,378.12463,90.4761
1047,185.60794,4.0827646,0.82060623,2.0473557,422.19357,108.830444
1048,208.01096,3.6920567,0.71423495,2.6271932,408.5855,109.5721
1049,224.36476,6.769209,1.1032454,2.9741793,398.40704,109.62451
1050,236.45825,4.104103,0.65609133,2.6775243,391.58804,97.84224
1051,167.14583,5.513391,1.1101495,2.41379,347.80725,85.60791
1052,184.20854,3.4099283,0.82428014,2.117741,352.67767,67.9691
1053,223.84802,7.009491,1.1526012,3.0536983,411.11075,104.60872
1054,229.92628,5.56866,1.0587105,2.841845,332.52988,80.43317
1055,162.64005,5.590344,1.128564,2.398488,351.31033,89.279
1056,229.52905,5.594041,1.0064741,2.8605936,369.61133,80.238594
1057,197.22992,4.5584335,1.1227149,2.711454,432.19376,93.3401
1058,166.53761,4.8345027,1.0863712,2.444602,394.8964,89.880646
1059,227.97545,6.7229457,1.1363832,3.0184643,396.51068,103.97915
1060,246.08495,4.120516,1.1389513,2.7731285,416.8507,111.09188
1061,170.01021,4.064778,0.9305697,2.502048,270.502,62.57644
1062,220.04474,3.7388792,0.7034405,2.4765956,337.0559,68.99986
1063,203.59528,3.375823,0.82334024,2.2883112,344.58182,67.42636
1064,200.14175,4.0080156,0.7285147,2.9075618,444.49152,110.02744
1065,226.09943,6.771032,1.1211349,2.9385667,381.94635,95.86114
1066,179.99146,4.904653,1.1181799,2.5288155,379.16193,98.03524
1067,166.92488,5.4909577,1.1034546,2.4905324,369.87476,89.58846
1068,168.45888,4.0281096,0.9290024,2.4617505,259.3835,62.07966
1069,181.25113,4.580772,0.74559534,2.0620637,383.91174,96.87822
1070,226.28276,3.642258,0.8243637,2.481857,346.09546,70.66436
1071,209.08803,3.508934,0.7579066,2.2067654,431.1772,105.35736
1072,255.98517,7.1083994,0.6737951,2.285326,268.50037,66.64241
1073,204.15178,3.859397,0.68847126,2.7645302,436.9757,102.30045
1074,303.8724,6.9701176,0.6739528,2.9310727,295.26617,61.67401
1075,182.31616,3.3488538,0.75365955,2.980819,440.24023,121.408615
1076,165.13046,5.5480065,1.0989646,2.4094806,350.63248,87.04674
1077,224.53157,6.4268737,0.8612944,2.9591167,399.83087,83.94808
1078,207.04047,4.9821906,1.2476145,2.6173875,406.6283,118.83087
1079,250.63077,6.767143,0.74674046,2.3028634,319.52554,69.64097
1080,211.17995,3.904656,0.63606256,2.785284,431.39774,94.95428
1081,226.4206,4.045953,0.71804607,2.6110084,389.24747,90.16312
1082,222.4162,4.752452,1.0349507,2.6659281,326.49463,76.3468
1083,205.78265,3.4358916,0.68837786,2.620784,432.80206,97.89006
1084,165.86928,4.0218725,0.99497306,2.5046258,272.49063,64.28878
1085,205.62042,4.2395277,0.673321,2.9933705,456.28818,108.02336
1086,228.61255,5.5532084,1.0419347,2.8093252,351.2432,75.843124
1087,251.22694,6.637634,0.74221087,2.3183746,309.54367,69.2006
1088,287.93002,5.9000216,1.2823466,3.2232702,503.74542,128.68974
1089,295.77988,7.759428,0.6439801,2.6812532,318.26135,56.81636
1090,231.83406,5.567473,0.9603806,2.880621,358.14847,87.392555
1091,163.001,3.9672372,1.0403025,2.504393,278.02148,65.6366
1092,278.1318,6.93631,0.6436018,2.7290285,266.29648,57.23949
1093,216.28755,3.720715,0.87802726,2.4591327,333.8008,69.96706
1094,208.55783,3.8116615,0.7935437,2.1072755,429.08722,109.503426
1095,179.81947,4.229745,0.8284557,2.0711992,383.0923,100.52178
1096,246.21632,6.618172,0.7432043,2.3052886,315.1863,66.423355
1097,166.33798,4.2722545,0.8413674,1.9876251,410.43472,96.25464
1098,158.41946,3.91764,1.0569729,2.504633,279.62888,65.97481
1099,158.50082,5.253241,1.1133075,2.4286559,375.32297,91.98102
1100,224.10283,6.5472393,0.8845026,2.959128,402.24023,90.91343
1101,247.6901,5.35962,0.92623603,2.8987942,449.9061,106.78242
1102,352.3355,7.5475593,0.6190106,2.945216,318.1857,63.572105
1103,226.59868,5.365603,0.9965123,2.785526,328.51974,77.57683
1104,186.06894,4.5963264,0.7749026,2.0904634,388.54367,109.11378
1105,271.61337,6.5055747,0.7692916,2.4852498,313.67184,78.60689
1106,224.02106,3.6870177,0.9707901,2.5182896,364.6192,75.80959
1107,161.89923,4.920988,1.1306137,2.4042478,424.68976,95.51469
1108,237.4277,3.84061,0.66561186,2.5583153,349.72092,88.104004
1109,203.92743,3.8936439,0.7812664,2.7683208,437.3436,113.34915
1110,209.4577,4.6049685,0.7413128,3.1817029,455.0713,110.51226
1111,225.87561,3.817006,0.7787423,2.5560353,385.12164,79.49401
1112,232.31233,4.696636,1.0289316,2.7828274,447.8065,107.96688
1113,166.54546,4.000605,0.9937412,2.500423,277.85245,65.038536
1114,225.67447,6.552532,1.1059334,2.9702601,400.8504,97.80888
1115,214.07353,4.8871584,0.8472337,3.092667,449.04807,103.68628
1116,203.0348,2.2262583,0.5485221,2.3327065,431.3135,86.87851
1117,227.57812,5.6603346,0.6861942,2.8636584,386.46017,83.97555
1118,167.41037,4.051203,1.0034797,2.507219,275.87582,65.7207
1119,232.14076,4.885059,0.6361543,2.7603211,353.51764,82.30442
1120,325.5562,6.69276,0.56633335,2.657689,290.78317,53.771862
1121,225.1424,6.6857386,1.1004313,3.0012844,407.3571,95.683556
1122,229.2786,3.8971043,0.7064281,2.540282,313.11746,72.29841
1123,165.2796,5.3709617,1.1160986,2.4663935,365.12912,89.23154
1124,264.6039,6.6854906,0.7659619,2.4085548,292.95056,76.53666
1125,227.83604,6.67825,1.1382232,3.0276742,386.50946,88.66333
1126,228.85509,4.484948,0.7912643,2.671129,326.39307,76.823814
1127,168.55824,4.0080166,1.0186715,2.5034263,279.90384,65.70106
1128,263.70743,5.253121,1.0811176,2.957757,426.6511,110.67386
1129,176.78366,3.6953928,0.8211817,2.0663776,334.26392,78.669044
1130,229.67186,6.644999,1.0895873,3.0654438,439.89078,98.81188
1131,191.83038,3.3904428,0.76602006,2.1533923,400.72244,92.411476
1132,206.80566,2.1168842,0.48793674,2.18147,441.32413,92.96108
1133,399.2276,8.481546,0.608322,3.079567,326.6903,67.59442
1134,160.51694,5.5555754,1.1337749,2.4283745,351.44632,90.05064
1135,201.06621,3.498331,0.8220641,2.5913136,436.233,107.39161
1136,173.18701,4.703124,1.0894396,2.45823,345.37036,90.3943
1137,233.85768,3.9179134,0.6749698,2.5544171,313.5641,80.1854
1138,158.99722,5.232521,1.1016476,2.390031,346.61447,85.39475
1139,232.70586,4.5470486,0.6092956,2.7003877,375.77786,92.87111
1140,288.90137,6.758902,0.759224,2.5059118,293.42007,78.13737
1141,219.11038,4.3884,0.6891131,2.8841743,435.66476,99.611664
1142,334.83334,6.452248,0.56301546,2.6082559,297.9274,53.83255
1143,230.44664,5.3984685,1.030394,2.8208992,333.84717,86.01456
1144,205.88605,3.6976416,0.65266514,2.6271927,433.23035,92.516495
1145,228.19421,6.509699,0.7657856,3.0156417,415.25098,94.25531
1146,219.46169,2.9995732,0.53497654,2.3015952,332.48938,74.262215
1147,379.13153,8.091125,0.59816134,2.990475,331.32596,64.75556
1148,212.08879,2.6963453,0.5644212,2.4353514,392.6081,83.19943
1149,205.27966,2.5103745,0.5711663,2.3763258,456.7339,90.46931
1150,163.29535,5.6120133,1.1445469,2.4471722,351.05798,90.91411
1151,375.04858,8.179238,0.6478524,3.0267377,327.9232,66.953705
1152,229.73364,6.3218546,0.8457732,2.988527,402.15738,89.43377
1153,209.26863,4.0480194,0.6909068,2.7640383,443.32217,104.01202
1154,169.46626,4.9239993,1.0701255,2.4003341,350.52478,87.35367
1155,212.42595,4.0103903,0.6986896,2.6512313,429.6211,96.551056
1156,226.21849,3.6475055,0.6896625,2.4904282,347.1974,72.67012
1157,278.44818,5.5716457,0.61059594,2.5895348,308.62393,64.33326
1158,166.31808,4.029755,1.0388275,2.505272,275.49673,66.76837
1159,180.0191,4.3884907,0.76137483,2.0791855,389.0952,100.34276
1160,229.99814,5.952743,0.75879216,2.8622017,364.16852,77.26639
1161,201.18861,3.5228772,0.7803561,2.6232247,410.2912,110.48536
1162,226.46559,6.759233,1.1420068,2.9458866,397.25952,95.890724
1163,227.60434,4.1473885,0.5479914,2.6426792,375.48062,94.82059
1164,381.94476,7.8630505,0.5815295,2.9556656,330.39062,63.750114
1165,165.44736,3.9899662,1.0143996,2.5025766,279.33548,66.61719
1166,167.12672,4.711951,1.0746942,2.4334505,405.32266,90.21176
1167,160.49162,3.9344292,1.0202999,2.4915302,276.75873,64.6199
1168,205.80756,3.7673826,0.73380214,2.6513443,408.92148,102.98929
1169,234.08432,3.9962678,0.58914405,2.6337543,392.79935,89.0019
1170,176.01582,4.491219,1.0005801,2.2807035,378.3182,87.13277
1171,223.98433,2.9670806,0.58103144,2.412091,378.4657,72.586205
1172,166.63792,4.038122,1.0343325,2.5059917,275.34814,66.23987
1173,344.06894,7.5256085,0.68232155,2.928601,302.7432,63.274197
1174,224.87148,3.9582396,1.0160606,2.5540211,349.69614,74.56186
1175,250.90906,4.335343,1.0445708,2.7407577,411.6362,100.905174
1176,235.5759,5.068183,0.59751594,2.8319862,410.5459,98.811554
1177,250.32306,6.649135,0.73734593,2.30929,306.59216,71.304535
1178,208.22598,3.6831908,0.63297516,2.6741765,399.79166,96.616875
1179,225.89479,6.593994,1.1686325,2.9897692,394.38657,92.89789
1180,221.81898,3.3573008,0.6619295,2.4835985,409.7609,91.62824
1181,202.63428,3.673893,0.76464784,2.613382,452.63593,113.37398
1182,182.1257,4.3622165,0.79248106,2.0630488,396.9874,106.44612
1183,330.6877,7.0028086,0.6621033,2.8674834,330.5963,71.56525
1184,157.86922,5.3008857,1.1301115,2.4276571,371.33905,90.37225
1185,277.2777,6.5254135,0.7453959,2.4304342,318.99252,74.363914
1186,213.68236,4.1180825,0.76592,2.8329997,433.11145,108.29568
1187,229.50511,6.689249,1.0687537,2.921085,359.7093,93.43907
1188,226.10822,4.9869576,0.6047517,2.775619,376.6922,93.925804
1189,209.07263,4.0678234,0.7475443,2.7175345,436.73685,108.97377
1190,330.64972,7.1366158,0.59802806,2.8813143,304.3156,60.965797
1191,215.74155,5.080514,0.86221015,2.2404652,389.80475,125.20618
1192,225.45305,4.315524,1.0227575,2.6344943,354.46393,73.19582
1193,164.3014,3.9739969,0.88135964,2.4951596,276.36212,61.83568
1194,215.7124,3.7959743,0.67351997,2.6920125,427.5566,101.317314
1195,171.79999,4.8268485,1.0531493,2.4066095,359.03833,86.46848
1196,221.47353,3.6494234,0.6867852,2.4965127,365.74994,71.138466
1197,167.42331,5.406058,1.1130543,2.4887385,369.7626,88.37332
1198,217.54971,3.9105835,0.7423722,2.67113,432.36954,108.561584
1199,231.43236,5.9288254,0.855118,2.9496727,423.489,98.91723
1200,232.03671,5.297196,0.9739081,2.8325505,411.0342,86.19127
1201,164.57721,5.5225554,1.1453345,2.4626088,370.47144,90.3462
1202,221.81277,2.8431354,0.6303051,2.414541,398.38705,98.23675
1203,198.89015,3.4358687,0.8432324,2.5783758,431.97705,113.32528
1204,226.96338,5.814125,1.0184431,2.9424586,432.36743,98.860435
1205,169.0526,4.017864,1.0235567,2.4617782,260.8509,65.58815
1206,235.06828,4.599444,0.55480003,2.7108045,392.4818,95.61105
1207,226.82448,6.682184,1.0399884,2.987205,411.6239,107.557365
1208,206.1199,3.6986098,0.68659955,2.6176155,434.17163,101.604416
1209,227.58356,3.1980531,0.59579206,2.4493787,403.1994,77.688705
1210,156.9224,5.522164,1.1338001,2.3771076,364.365,89.13757
1211,161.34128,5.6299686,1.1782209,2.507303,380.67822,93.97196
1212,165.76004,4.0150285,1.005012,2.5002375,270.96603,64.969
1213,225.20715,6.8705626,1.1088768,2.9941278,402.602,104.88842
1214,202.05144,3.594441,0.7531395,2.599975,433.08,101.74541
1215,181.27399,4.9090514,1.1016331,2.5743408,397.12476,90.930115
1216,208.09601,3.9212213,0.7998161,2.708366,444.53345,112.23878
1217,164.3644,4.0131154,0.94699764,2.5071065,276.22086,62.419037
1218,161.83168,3.962965,1.0371644,2.4845738,273.4483,64.92776
1219,166.8262,4.7717204,1.0272888,2.3260996,352.52548,83.8111
1220,292.33884,7.2739096,0.80004215,2.4924893,318.32123,83.32718
1221,226.42506,6.850369,1.1273664,3.0535078,419.09433,106.173386
1222,217.016,4.5220575,0.55824786,2.635349,416.59262,98.279945
1223,230.54999,4.9802814,0.71783113,2.7177353,310.37064,76.348465
1224,197.61987,3.6867104,0.6418273,2.807847,481.41895,107.99501
1225,180.65538,4.3646517,0.7957622,2.075152,393.43497,95.87436
1226,232.53621,5.438727,0.62980217,2.8408642,380.8619,103.8349
1227,230.90024,4.9585156,0.635377,2.7637663,371.58856,95.06722
1228,209.04079,3.9089952,0.6843796,2.6626663,447.1249,91.71317
1229,377.33173,8.194849,0.6354519,3.0428014,314.64346,66.78371
1230,169.4421,4.0293307,1.0262768,2.4991262,272.3525,67.0977
1231,207.03972,3.8523767,0.7448339,2.6680682,403.7224,113.06615
1232,303.11255,7.2516184,0.8286121,2.7868176,269.98938,59.529892
1233,229.65945,6.2449517,0.92227495,2.9728348,393.70413,89.873436
1234,201.60077,3.352292,0.691741,2.2670672,310.4241,65.25678
1235,221.14551,4.165529,0.8781117,2.6728013,439.59277,92.69811
1236,223.71568,3.9347646,0.7154731,2.5533495,307.84363,71.84822
1237,207.46844,3.2777052,0.66201675,2.223373,329.86063,78.872
1238,228.0592,6.2812376,0.9814535,2.9672785,401.73096,81.63957
1239,164.00595,5.5419564,1.1591012,2.5190706,384.67752,91.41762
1240,381.19705,7.800108,0.5903077,2.9502263,332.32153,66.93566
1241,165.15642,5.7296667,1.1404117,2.4509203,356.06268,89.640785
1242,193.89897,4.153209,0.8103684,3.401763,450.3296,124.11247
1243,161.9847,5.3654523,1.1117519,2.3939054,349.19397,88.7315
1244,167.87666,5.7146783,1.1368496,2.4754133,353.7872,93.6538
1245,200.838,3.7437477,0.69647795,2.755944,438.72217,102.289635
1246,208.99312,3.8914409,0.65007204,2.6545854,420.29068,103.931595
1247,332.53326,6.463105,0.5691212,2.598409,296.35812,53.650692
1248,204.47256,3.2244225,0.7899003,2.5490425,418.1241,108.125885
1249,212.50735,4.9260826,0.7890028,2.2216394,371.07718,117.85539
1250,232.71054,6.217306,0.7500332,2.3266692,317.40598,66.98163
1251,229.6167,5.8703356,1.1027116,2.9017763,351.82895,86.61107
1252,164.88551,5.5292654,1.1110778,2.4183621,351.81036,89.37515
1253,231.97107,3.9411013,0.6828679,2.614706,364.00897,72.95525
1254,161.70764,3.970472,0.8482371,2.5106127,279.3381,61.24079
1255,232.73434,3.7506714,0.61822855,2.5808141,379.62296,83.551346
1256,225.4893,7.018953,1.0797764,2.981526,391.4084,92.29561
1257,187.0091,4.521855,0.7516917,2.1203427,377.38748,101.39664
1258,223.58101,4.737773,0.8005861,2.6101384,395.6553,93.36873
1259,208.567,3.7942405,0.7326615,2.648807,441.82385,109.815834
1260,229.76863,3.778216,0.85537684,2.547636,354.2964,70.85461
1261,224.9084,6.837729,0.8947457,3.008889,391.51062,97.0415
1262,223.89708,6.737982,1.1087028,3.0004067,419.79803,105.00578
1263,213.98341,3.896881,0.68811685,2.7287664,379.9814,105.13689
1264,226.11424,6.1585917,1.097353,3.0615263,397.347,97.55406
1265,226.81097,5.3059,1.0978868,2.787649,346.51627,73.93382
1266,216.10504,3.7422786,0.7634061,2.4673624,336.16473,70.44023
1267,223.98476,6.734388,1.1018465,3.0070632,414.41537,102.45845
1268,162.204,5.591989,1.144203,2.435555,360.5555,88.69671
1269,225.1684,5.074827,0.7405488,2.8594933,440.1918,103.249405
1270,248.11505,6.4579387,0.7548379,2.333482,301.6672,66.346375
1271,227.77525,5.7118144,0.741015,2.848141,374.1838,79.0642
1272,225.11255,6.4933195,1.1421583,2.9779756,392.33264,96.87744
1273,188.45094,3.3523006,0.7951509,2.1230402,417.87198,93.091125
1274,205.05463,3.8368475,0.72593504,2.6613839,446.41693,108.31909
1275,158.97755,3.9156127,1.0015566,2.502002,282.99414,63.701576
1276,216.69405,3.5443828,0.66889507,2.5769615,431.46066,105.41681
1277,158.79709,5.2567644,1.112946,2.3737657,347.39307,87.75443
1278,203.46616,3.5678,0.7012596,2.610748,435.96768,107.00776
1279,204.89607,3.276646,0.6994531,2.2755663,322.34457,64.390495
1280,231.80933,5.5432286,0.7475131,2.853495,385.84454,90.574234
1281,217.83865,2.8711472,0.71220815,2.440274,408.7441,97.25689
1282,228.16302,3.4065442,0.6054775,2.4609535,355.9218,75.61463
1283,233.18767,4.34041,0.6687469,2.6726465,345.65875,78.47895
1284,203.9328,3.1633563,0.6575944,2.5253975,403.89014,102.785934
1285,326.34796,6.9560328,0.59128153,2.8787162,304.4281,56.094826
1286,214.80127,5.0023723,0.73338556,3.1607988,468.21857,107.379974
1287,169.3934,4.9639344,1.1099387,2.549392,422.3885,90.778564
1288,228.88446,5.889466,1.0072026,2.9097438,340.36255,90.538246
1289,222.70341,3.6716697,0.7130704,2.466208,321.23758,71.79538
1290,208.86783,4.3009386,0.71668243,3.1818287,430.60324,105.50827
1291,200.96484,3.512104,0.7102398,2.5935986,442.39856,103.91176
1292,220.65285,4.1427956,0.761963,2.7264013,449.06958,103.29993
1293,200.15137,3.461391,0.69939715,2.585166,431.89413,103.8349
1294,227.43512,6.643869,1.1403116,2.9422936,382.9526,94.93535
1295,215.94487,3.274792,0.64048,2.3338063,307.19836,71.47331
1296,202.62198,2.998971,0.64922446,2.4201756,365.74545,72.40752
1297,259.65344,6.65818,0.76520824,2.3579364,284.82043,74.26687
1298,214.60553,3.80871,0.73541987,2.640907,392.1462,108.61182
1299,208.30312,3.6934175,0.6740493,2.6596718,415.95844,111.63386
1300,229.90062,4.9622536,0.59450245,2.7425056,393.7064,94.555176
1301,162.53897,4.924178,1.079226,2.3661778,349.24026,87.3249
1302,226.22905,2.8942528,0.5766094,2.3639789,376.11865,77.53813
1303,211.6697,4.788511,0.77589077,2.21585,371.49127,116.0294
1304,166.60059,4.0379086,1.0242234,2.5071316,275.4443,66.47916
1305,221.77711,4.1200957,0.6614344,2.6687932,390.10812,85.926926
1306,231.2587,5.192277,0.62750316,2.8722777,373.5314,93.04975
1307,234.49495,4.698034,1.176371,2.7362378,407.7044,112.88004
1308,225.25906,4.366549,0.774277,2.6464403,334.78302,73.698654
1309,230.87778,4.4366336,0.73121053,2.681806,351.18542,72.91566
1310,203.64491,3.750207,0.7378834,2.6423385,452.21857,102.639175
1311,163.05382,5.632082,1.1692538,2.5196042,380.77954,90.84303
1312,231.56711,4.6888504,1.0176158,2.7930937,458.45703,103.107475
1313,244.38943,3.2245219,0.77239364,2.5764325,440.255,116.99226
1314,208.77187,3.476142,0.8147538,2.3288548,343.06964,60.58316
1315,231.4951,3.4565578,0.6664321,2.464364,324.57666,80.01671
1316,235.42545,5.2591534,0.69092727,2.8564358,428.45996,96.32598
1317,259.5547,6.8525023,0.7633661,2.314957,331.62045,77.76701
1318,165.17525,5.229865,1.1238823,2.4844205,385.42535,90.04136
1319,208.67957,2.6089377,0.55523175,2.402245,449.81625,92.561844
1320,185.29929,4.247695,0.7603545,2.10702,371.26944,100.13909
1321,228.72813,5.910807,1.0163572,2.917117,433.56534,97.809616
1322,167.84396,5.6663575,1.140126,2.4959893,406.41843,94.122536
1323,184.20761,4.570524,0.9126572,2.2787452,395.84793,102.6131
1324,215.89502,3.6845593,0.7208345,2.6051843,442.69806,110.53171
1325,220.19908,3.7022476,0.8817989,2.4920974,348.21985,73.03165
1326,224.29745,4.4387136,0.80974877,2.7165112,420.7442,91.5763
1327,220.61105,3.6517572,0.6980735,2.4864268,347.20334,68.61833
1328,275.91037,6.8508744,0.7725195,2.4260645,302.4272,77.506424
1329,159.0838,5.292511,1.073742,2.3270872,344.68814,82.99465
1330,228.61606,6.4296656,1.0706785,2.986585,368.01593,88.51958
1331,195.17688,4.237468,1.0678922,2.5306034,374.53012,92.96061
1332,166.81935,5.43655,1.1020015,2.4047678,351.24072,85.55757
1333,226.9533,6.955124,1.0933148,3.060682,422.99814,105.43492
1334,207.2432,3.9583728,0.6625705,2.759761,437.76862,100.06317
1335,177.55464,2.9476604,0.6791725,2.7923582,461.00287,128.78398
1336,166.00055,5.394232,1.1008497,2.4602196,359.11536,91.690414
1337,196.13857,3.2140539,0.6965197,2.621634,430.36008,111.978035
1338,158.50485,5.169004,1.1445113,2.4258664,411.7394,94.00713
1339,288.0913,7.2142935,0.6428205,2.7416427,279.0385,57.181156
1340,168.10884,5.806865,1.1544505,2.4800613,357.99155,90.36285
1341,199.10728,3.6977754,0.7473815,2.8248768,427.90683,108.66803
1342,230.07457,4.0128155,0.6830025,2.6141152,361.60175,78.14018
1343,226.41461,6.9704094,1.1566164,2.9787247,400.35577,105.904205
1344,224.9353,4.0422535,0.76600933,2.5883431,362.18808,73.49687
1345,273.4617,6.7788854,0.7433893,2.4312637,364.94882,76.41605
1346,346.0696,7.4465146,0.5969826,2.9351454,306.8717,57.475178
1347,204.57147,3.7353063,0.72775555,2.6534162,440.96234,110.03079
1348,163.53552,4.938143,1.0414417,2.3247619,342.45212,83.54021
1349,212.62605,4.519492,0.81381845,3.4160962,458.56546,107.62533
1350,168.98509,5.8357487,1.122363,2.393083,341.58792,85.29412
1351,234.95534,6.2022934,0.7535948,2.3277996,314.11905,66.80218
1352,164.272,5.5672474,1.113061,2.4223151,351.07556,88.680305
1353,228.52524,6.092347,0.8032495,2.9158702,393.27573,78.83685
1354,200.78589,3.1040037,0.65466017,2.5204403,434.76385,100.62637
1355,232.20876,5.555456,0.60412145,2.9038477,387.38858,95.99911
1356,272.38596,6.744732,0.72596705,2.4505808,344.69144,74.20764
1357,161.01314,5.5818815,1.1400461,2.44336,364.8954,90.38577
1358,211.41322,4.6565814,0.8602982,2.2395248,407.58975,119.538124
1359,166.26875,4.00814,1.0113807,2.4676952,261.29825,64.645905
1360,286.53134,6.9941235,0.74422956,2.441509,381.69257,77.98483
1361,296.99048,6.395351,0.72143495,2.6291072,327.76562,77.36302
1362,292.98227,6.790921,0.75281537,2.5161479,291.1887,80.14537
1363,221.42647,3.7552223,0.67081946,2.4825413,304.68182,65.972275
1364,209.9509,3.9486635,0.82794076,2.710335,439.88736,114.654686
1365,322.3834,7.6212893,0.66820174,3.0982623,307.31195,64.107605
1366,213.35748,3.9929338,0.65599716,2.7297182,441.66867,101.73196
1367,203.54137,3.7755446,0.70094436,2.6439557,443.35788,102.31522
1368,210.70572,3.9942553,0.6809834,2.6769655,419.1612,94.69607
1369,231.11281,5.6345444,0.78186744,2.8820934,372.62982,80.24388
1370,226.91643,5.5860806,1.1220123,2.8322406,340.71268,84.5291
1371,227.27763,5.6455526,1.0165757,2.8305254,330.45544,78.01672
1372,311.68115,6.55463,0.6209456,2.5925756,288.79776,58.41469
1373,233.00433,5.3253274,0.93416655,2.842036,368.2751,86.296745
1374,230.70557,3.1182523,0.50530255,2.4641132,396.7166,92.34824
1375,164.54271,3.972381,1.0053467,2.5058093,276.51187,64.82087
1376,182.18475,4.5385118,1.0315423,2.4429643,372.9801,87.9632
1377,224.643,6.757674,1.1185243,2.971943,394.03436,101.2216
1378,210.56915,3.7878096,0.7771277,2.6639626,414.0559,106.653725
1379,216.30428,3.0201826,0.5696521,2.4225452,396.98514,90.61838
1380,207.40794,3.7502244,0.7598731,2.657545,415.69385,115.65214
1381,183.87567,4.4856977,0.8747332,2.0805695,402.79794,108.37633
1382,203.94652,2.3134177,0.61934966,2.0910432,388.59454,81.07427
1383,368.43976,8.061757,0.62169766,3.0351527,314.38116,60.36137
1384,276.66553,6.9729996,0.7442235,2.4057214,333.23203,76.91066
1385,273.5656,6.3131466,0.77097005,2.4901717,337.5436,79.94707
1386,175.32294,4.3480854,0.7982688,2.0477977,396.34216,102.65476
1387,258.1425,6.7085266,0.75838405,2.3336046,318.89627,69.126465
1388,255.62787,6.799975,0.76482666,2.317077,331.35568,73.94027
1389,212.48796,3.6026187,0.7157759,2.6480186,430.5547,106.79709
1390,286.8525,6.826146,0.7722262,2.5187755,320.2816,83.10732
1391,235.7113,5.04018,0.99600846,2.8270113,434.89108,94.82252
1392,235.44528,4.6846833,0.8954123,2.750914,390.55908,95.023636
1393,293.18112,6.982424,0.7861202,2.5548651,402.2478,84.57506
1394,207.36404,3.9364388,0.7332819,2.7172773,418.05316,112.07293
1395,172.78262,5.163715,1.0998955,2.4623725,381.18036,91.284386
1396,165.27759,3.9887042,1.0142395,2.5000896,278.83408,66.312035
1397,163.57585,5.2061367,1.1152984,2.437046,350.17416,88.24419
1398,283.6225,7.531617,0.6348023,2.6796334,297.29483,56.540024
1399,159.80132,5.11847,1.0946815,2.3683631,353.88983,87.46024
1400,163.43878,3.9635017,1.0432286,2.5018466,279.1324,66.43659
1401,286.04807,6.999131,0.6369318,2.746372,260.32382,56.073803
1402,317.37866,6.93083,0.6788852,2.7748759,307.93542,66.43605
1403,250.43991,6.7823906,0.7471418,2.3006926,296.9609,68.29147
1404,167.12856,4.0260572,1.0362146,2.4678235,260.53247,66.32028
1405,163.59335,5.6223884,1.1340451,2.4313366,357.4901,91.664955
1406,166.3296,5.508698,1.1123164,2.4191551,351.63513,87.500404
1407,199.47067,3.280984,0.6072386,2.5593247,439.6606,91.5915
1408,230.2353,5.0385647,0.969351,2.77865,370.2734,88.124664
1409,182.59468,4.485983,1.0310909,2.385145,398.02667,88.15831
1410,247.44351,6.6983023,0.75643516,2.302732,295.10226,69.106186
1411,327.71732,6.8799877,0.63691866,2.7939208,319.6845,72.56828
1412,229.99342,5.154502,0.7283225,2.7949283,361.9828,85.009705
1413,230.56326,5.9620886,0.66686624,2.9594116,391.87018,98.07368
1414,204.29349,3.6153178,0.69439095,2.6067646,418.1865,101.49064
1415,211.62047,4.049342,0.62377536,2.7815523,431.20255,97.85079
1416,159.22737,5.168038,1.1034428,2.4287124,368.34384,86.87292
1417,195.2313,3.985447,0.73966926,3.034851,442.90573,115.744316
1418,165.67899,5.3394513,1.1171801,2.4817274,367.39954,88.626015
1419,167.29254,5.241713,1.1109055,2.4757104,355.1243,89.09428
1420,225.0626,6.2700844,0.85926145,2.9368906,391.28943,80.4321
1421,161.9799,5.5721245,1.1389545,2.4491694,377.08765,90.10061
1422,227.74654,6.6789217,1.1134919,2.9550078,414.85623,110.517876
1423,322.54306,6.9755387,0.5991745,2.8919365,293.04446,56.759594
1424,252.7915,6.680587,0.75048304,2.3137796,301.1487,68.79666
1425,212.81445,5.0743856,0.8490789,2.228186,398.29068,123.20102
1426,204.23772,3.8874826,0.82340825,2.1824358,421.51346,100.512955
1427,204.77472,3.4239628,0.74758565,2.6041534,427.3263,94.88992
1428,209.40286,4.480096,0.721151,2.9133654,441.81308,105.327
1429,159.65083,3.9208884,1.0418657,2.5016477,280.10742,65.929535
1430,211.73792,3.4995747,0.7204708,2.3821325,336.45993,69.98218
1431,231.51038,5.165607,0.75597095,2.7936435,382.8344,81.16129
1432,227.23271,3.5472867,0.67677474,2.522075,393.59995,82.34877
1433,163.33421,3.9492269,0.85708773,2.4807377,275.60883,61.124123
1434,175.672,5.0062857,1.1004306,2.489272,359.64734,91.05645
1435,215.2747,3.5603724,0.69838786,2.5694673,408.18375,94.5233
1436,167.96733,4.012825,1.0183349,2.5013454,278.61624,66.44514
1437,202.2706,3.2167716,0.85966176,2.2372417,333.11847,73.24389
1438,338.32507,6.768324,0.54596066,2.797332,306.5503,52.191643
1439,210.09203,4.0797343,0.76959366,2.1242561,405.2337,113.474785
1440,204.6243,3.5806093,0.80386007,2.6118548,448.43777,117.05391
1441,203.8063,3.8354237,0.72776794,2.7687607,433.0914,109.25046
1442,232.11525,3.2855806,0.6182165,2.4506335,356.9331,80.099495
1443,170.28598,4.8505383,1.0859357,2.4842281,385.8845,92.357765
1444,231.52722,3.570146,0.6792546,2.5304954,352.46057,77.72085
1445,219.88374,4.6417947,0.760103,2.55042,382.42712,106.99605
1446,262.44952,7.2331133,0.71219826,2.2327247,282.64474,69.60435
1447,162.51309,5.4052052,1.126241,2.4651449,349.08627,90.449524
1448,163.33365,5.72824,1.1540253,2.4954863,370.60696,90.287735
1449,219.66562,4.144758,0.6643996,2.678505,430.3745,105.33019
1450,251.79303,6.6582646,0.7322231,2.324834,297.14316,69.98888
1451,228.88895,5.3423038,0.61096513,2.8290248,377.83206,96.03294
1452,208.9974,2.3044252,0.6782264,2.1777875,408.45422,76.78254
1453,227.08528,5.271458,0.60212505,2.7812002,382.27405,92.4858
1454,211.26291,3.4574878,0.8236176,2.3611884,340.19922,73.036766
1455,225.64627,6.4116683,0.8323503,2.9549983,406.52582,101.067856
1456,216.11978,3.1265137,0.7011843,2.473443,364.7955,74.19182
1457,156.08646,5.622712,1.1711102,2.4568207,370.79114,90.55201
1458,220.69217,3.8052895,0.65367484,2.6131039,438.26224,102.56264
1459,157.95172,3.901178,1.0214189,2.4974616,282.52896,63.77775
1460,213.92682,3.3749619,0.81370926,2.3649225,342.49622,62.613594
1461,200.5066,4.1486707,0.7278016,2.9416614,438.68884,115.1552
1462,290.75092,5.9710817,0.6395216,2.5547585,302.44095,64.267105
1463,169.5695,4.9944596,1.067661,2.4126976,357.8158,88.526726
1464,228.76343,5.93281,0.9574216,2.9192417,409.3927,90.425896
1465,224.35236,6.754077,1.137368,2.9615216,366.71375,93.512215
1466,248.0122,4.0432177,0.7976202,2.815631,428.96027,100.43318
1467,158.18077,5.375313,1.1038976,2.3337545,352.95023,85.57092
1468,224.61066,6.657913,1.0387686,2.9447486,364.45694,110.017075
1469,229.60124,6.000126,0.8189584,2.9225273,425.34073,91.99515
1470,202.03596,3.5609794,0.71578306,2.6218336,408.9376,103.26417
1471,166.8023,5.1081634,1.0790298,2.3984158,350.13998,86.794304
1472,232.6471,4.129938,0.5327438,2.6306417,408.09012,87.93611
1473,224.44756,6.7323885,1.1348546,2.961085,396.64233,95.42588
1474,242.30183,6.93386,0.6554982,2.3984776,258.7886,66.47571
1475,209.96231,3.7857935,0.67937624,2.6423554,416.3187,100.286285
1476,166.23807,4.009164,1.0225849,2.4682775,261.2678,65.056915
1477,230.56659,4.746445,0.7388691,2.775266,415.9687,97.11032
1478,328.8507,7.076211,0.58740133,2.8712177,312.979,57.235405
1479,290.32108,6.126516,0.6550075,2.5933046,360.10925,68.028076
1480,226.28903,4.1728945,0.91428626,2.674964,388.5883,83.944214
1481,170.59763,4.8354445,1.0063305,2.3372128,357.24127,85.15411
1482,217.96506,4.376913,0.5642542,2.8506165,444.44266,98.65564
1483,208.34032,3.4233966,0.71129704,2.3301268,308.79224,64.63928
1484,208.87817,3.3753133,0.62497103,2.6255047,421.70215,94.65143
1485,200.36443,3.1354604,0.65222865,2.5895271,431.0851,94.48665
1486,226.71167,6.357332,1.1347632,2.9055622,360.76108,87.79075
1487,326.26254,6.9996157,0.6153511,2.7145848,298.8748,56.657227
1488,204.14206,3.6452954,0.6626197,2.624582,421.98184,99.508736
1489,160.37091,3.9738421,1.0414531,2.5068524,281.80844,66.86861
1490,402.87006,8.896964,0.6261986,3.1840494,329.48346,65.64762
1491,221.91405,4.560454,1.2177703,2.7993584,435.63568,109.74823
1492,198.32562,4.006797,0.74729574,2.9880154,445.05072,113.07483
1493,213.65077,4.517637,0.73385334,2.85366,430.30325,106.20813
1494,188.66472,3.4354875,0.67835563,2.7895026,433.3948,108.825645
1495,377.0058,8.1974535,0.6813859,3.0533507,320.97626,62.92729
1496,159.27777,3.9655378,1.0461166,2.514933,275.57755,65.23168
1497,247.24915,6.405567,0.6760334,2.6021159,258.2272,70.44934
1498,212.9014,5.7659683,1.0754327,3.0553427,421.7418,110.86371
1499,212.36502,4.260706,0.6260166,2.7885766,452.1393,101.15384
1500,196.98535,4.727505,0.86339873,2.1661208,392.63263,116.385735
1501,249.65053,5.488926,1.1234756,2.8343108,424.14203,121.79172
1502,192.9331,3.907957,0.71725774,3.1747952,442.02014,121.56924
1503,202.84254,3.6569476,0.6994602,2.6340923,440.7829,101.09217
1504,225.04094,6.7884436,1.1366559,3.0022142,413.34415,108.57508
1505,170.23007,4.9484506,1.0741295,2.370308,362.92383,88.01809
1506,157.24887,5.5061073,1.127784,2.3742552,357.22528,85.7404
1507,287.63165,6.8187323,0.7405941,2.4771247,305.65402,75.039696
1508,209.22499,3.6368484,0.6404712,2.6130705,402.7763,98.69122
1509,222.86713,4.642463,0.8460368,2.2589636,436.3396,120.24173
1510,199.98262,3.163424,0.62987983,2.5339031,429.15143,101.2672
1511,206.87358,4.4739237,0.76128584,3.1049755,449.48602,115.00159
1512,206.78197,3.8386261,0.73858726,2.6427479,430.35706,107.38904
1513,161.3018,3.9433525,1.043796,2.5064132,278.29572,67.19445
1514,226.57063,6.6270623,1.172955,2.9356189,385.75497,105.99594
1515,162.2478,5.3841686,1.1363453,2.4687257,369.05722,92.45399
1516,207.98787,3.5786629,0.7130999,2.7194436,435.5701,106.34391
1517,164.31575,5.605386,1.1447387,2.455248,363.94055,90.16019
1518,156.65292,5.4893055,1.1340041,2.3818803,359.42764,88.29858
1519,162.32555,5.680929,1.1857591,2.5212991,381.5615,91.852905
1520,232.17465,4.680609,0.7570225,2.7198036,373.48102,83.58567
1521,164.12741,3.9852524,0.9429358,2.477915,272.3444,61.59771
1522,228.56451,6.680851,0.9206693,3.0028183,402.5889,86.40883
1523,215.24716,3.6515718,0.70376134,2.5918148,386.02765,97.07821
1524,233.28035,4.8774076,0.7140981,2.779505,363.28705,77.78196
1525,162.20221,4.9683433,1.0836711,2.4219718,359.1643,88.44631
1526,236.52003,3.67623,0.5935338,2.530741,406.78592,100.39171
1527,212.28868,3.4288974,0.61075336,2.3644052,319.16208,72.331314
1528,224.36449,6.760756,1.1022438,3.028795,411.79654,109.23772
1529,253.3944,6.697131,0.7455397,2.3108017,327.03934,70.61133
1530,162.36765,4.9356537,1.0821606,2.4156373,359.44333,86.82732
1531,157.40442,5.526811,1.1205436,2.3722382,360.57812,86.91326
1532,197.22253,3.7727025,0.73649794,2.8273523,436.17245,109.3058
1533,186.14671,4.673174,0.7777631,2.1018322,386.5218,107.30376
1534,157.8514,5.259289,1.1190965,2.4008274,348.49194,89.00132
1535,350.91925,7.4622097,0.5847075,2.9321976,296.52783,55.71039
1536,167.09576,5.2801313,1.123013,2.4836814,363.3505,92.7239
1537,160.0852,5.807142,1.1962074,2.5144677,372.99106,91.86866
1538,344.2062,6.9711027,0.6088251,2.8333519,312.9214,66.33954
1539,164.64066,4.0035977,1.0418724,2.4562345,259.99976,65.98529
1540,218.65414,5.122348,0.9041179,2.2521236,401.41605,125.38118
1541,230.47232,3.3882585,0.6155305,2.450803,331.3819,75.69757
1542,163.88118,5.360309,1.1302373,2.4760592,367.0886,88.32398
1543,229.76219,3.899186,0.6538903,2.537464,331.34283,72.43837
1544,207.88956,3.6777914,0.9279828,2.6023114,429.96588,115.93141
1545,166.87108,3.9856346,1.0323322,2.5041707,280.96317,66.05291
1546,159.23125,5.2180624,1.1024897,2.3778653,347.53894,85.70053
1547,205.60527,3.8328247,0.7506182,2.839419,437.88675,110.51926
1548,212.14447,4.4967904,0.722483,3.0640595,469.8904,105.69789
1549,161.43155,5.0200853,1.0980843,2.4245286,356.5072,89.20286
1550,223.28828,4.7064023,0.74659383,2.7818527,377.79828,90.117676
1551,228.2917,6.9296126,1.0962399,3.02395,377.9322,99.475365
1552,221.45905,3.9959877,0.5280277,2.6732984,394.49112,97.012695
1553,218.60353,3.1841083,0.5848731,2.3094528,324.53207,80.43635
1554,201.95567,4.551829,0.8577987,2.1796591,395.3851,113.313446
1555,209.83922,3.9526098,0.81853044,2.6930225,410.50922,112.91173
1556,267.71152,6.430644,0.63017887,2.3983572,290.91727,59.10086
1557,208.29755,4.1385746,0.7169596,2.795793,439.5432,104.35777
1558,375.71524,8.177577,0.61288416,3.0284934,321.69968,62.591812
1559,198.74341,4.498522,1.075342,2.4424007,407.85675,98.918564
1560,208.06668,3.420166,0.73710465,2.3440213,355.2355,74.91987
1561,193.8887,5.067896,1.2487371,2.5903323,431.42004,115.56685
1562,226.6122,6.7473516,1.1047238,2.995253,411.83896,105.513916
1563,215.35585,3.120675,0.63716877,2.491806,401.08713,84.36958
1564,167.24693,5.23141,1.1041865,2.461216,355.32974,88.46436
1565,210.82648,3.700076,0.73587245,2.6071794,398.60968,111.09217
1566,161.94179,5.5855794,1.0984609,2.4291458,356.09436,93.24429
1567,206.77249,3.7470496,0.67697746,2.6120548,419.36652,103.06264
1568,166.18527,4.03302,1.0386161,2.5063312,275.4727,66.95216
1569,161.58093,5.020675,1.056873,2.3465736,347.01968,85.02563
1570,205.51724,3.6473238,0.6059737,2.6538262,441.19098,101.91798
1571,182.54904,3.3955023,0.689244,2.966529,421.72144,122.6723
1572,230.37196,5.299662,0.8030539,2.803951,358.79688,78.710304
1573,180.45541,3.8909101,0.77151245,2.1054366,397.53442,95.60995
1574,205.25015,4.899271,1.1992671,2.64088,363.46576,108.46526
1575,233.9539,5.4959636,0.7522361,2.906116,404.7521,78.752174
1576,164.6691,3.9733398,1.0275928,2.503325,284.3242,65.5685
1577,273.71753,6.713415,0.774506,2.412897,304.75757,77.40726
1578,214.73569,5.0591927,0.80610496,2.2293177,393.73883,123.50737
1579,227.9032,6.1053863,1.1301265,2.9017925,328.18625,83.67514
1580,195.01057,2.9036055,0.6217946,2.4834766,409.16397,94.62735
1581,168.19878,5.0171833,1.0798868,2.43044,360.86368,84.79724
1582,188.34186,3.6475322,0.8245185,2.167924,410.38812,78.082146
1583,227.56963,3.3156586,0.70497143,2.5403783,393.91956,105.70419
1584,202.61853,3.3864045,0.6914726,2.5922315,429.22705,102.014244
1585,211.86096,3.289507,0.6233646,2.5156195,433.2166,98.570435
1586,183.65965,4.6039715,0.7743136,2.0760574,376.02295,109.2393
1587,167.15674,4.241567,0.849319,1.9957435,396.9227,101.70369
1588,223.72113,5.9509506,0.8385153,2.8368645,403.70685,90.28487
1589,204.04451,3.6070561,0.70912933,2.5870893,426.83762,103.99295
1590,249.49472,6.67911,0.7376698,2.3089287,299.20117,70.36691
1591,157.10588,5.4335203,1.1259859,2.399135,348.94388,87.932
1592,168.99577,4.7944117,1.0786722,2.4564974,375.6405,91.870476
1593,223.6469,5.7640085,1.0408597,2.8394203,387.1486,86.00326
1594,206.18774,4.1674438,0.7555999,2.9252808,443.64383,109.56101
1595,162.06853,3.9620538,1.0370476,2.4833674,273.79404,65.70117
1596,162.43076,5.2572794,1.1196389,2.4348986,350.73523,89.80207
1597,204.02571,3.7998323,0.8294574,2.653326,433.99786,113.80161
1598,202.39444,4.159155,0.8147727,2.784355,436.63654,95.03425
1599,163.6004,3.980789,1.0459695,2.4794838,273.50262,66.102066
1600,164.06625,5.223027,1.15987,2.4694693,415.10446,94.31313
1601,297.52692,7.06324,0.7864669,2.5654478,383.49933,83.64925
1602,194.35556,4.0821724,0.7878085,2.5337918,379.33203,101.03667
1603,208.86113,3.609336,0.6544119,2.6068354,403.23828,94.80314
1604,208.20549,3.7859273,0.769037,2.6294718,410.91843,112.58361
1605,193.15031,3.5223937,0.75581425,2.8566892,437.72522,112.35817
1606,160.4721,3.9319465,1.0426346,2.4990287,278.8045,66.94469
1607,226.88367,6.7569466,1.0983282,2.9751573,413.56155,107.78147
1608,161.49492,3.9750848,1.035673,2.5053685,280.70462,64.99643
1609,206.17435,3.3758774,0.67111254,2.3158975,325.6881,66.842255
1610,232.99298,5.209568,1.0350087,2.8203835,389.06522,87.15097
1611,376.15985,7.6860366,0.58671856,2.9365702,324.4191,65.00117
1612,207.92424,3.826123,0.71618855,2.6236582,426.34314,105.84731
1613,168.20578,4.0268087,1.0321432,2.499191,277.46994,66.54131
1614,221.76189,4.3113184,0.58636034,2.7854779,426.7838,94.78028
1615,158.70717,5.309158,1.0916195,2.353526,354.97922,87.99255
1616,204.14708,3.7464044,0.82397795,2.1158986,435.06458,111.1803
1617,223.22206,6.405488,1.136762,2.9504497,355.96802,95.38403
1618,235.20013,5.458945,0.9994328,2.900714,447.72232,108.83673
1619,165.5245,5.217186,1.086866,2.3762534,344.90567,85.7418
1620,228.82928,5.549319,1.0671954,2.8300438,330.42065,74.726715
1621,338.0954,6.7527194,0.5568762,2.7816856,306.40817,53.827953
1622,233.7092,3.558332,0.6371144,2.4967232,313.59018,79.073784
1623,194.28156,3.5199084,0.68436843,2.7550232,447.35626,103.24802
1624,211.61546,3.5298653,0.90448713,2.3574276,347.67926,70.990715
1625,224.15054,6.5186186,1.07902,2.975662,402.11063,87.477936
1626,178.04419,4.3509984,1.0702245,2.4418979,401.20303,94.94246
1627,232.03938,5.736676,0.68083775,2.9312334,393.85406,98.37102
1628,203.98627,3.612391,0.72186506,2.6158874,428.0096,104.3276
1629,175.72028,4.334591,0.7982774,2.0410435,398.71628,102.93942
1630,205.81807,3.3739204,0.5984184,2.5416663,422.7872,91.094
1631,179.1199,4.2977576,1.0257612,2.3464923,366.6787,84.97604
1632,230.1841,5.1321845,0.8159677,2.78681,354.00314,80.82977
1633,228.94856,3.6935291,0.91237724,2.5432394,352.68994,77.17906
1634,156.84285,5.52721,1.1279861,2.3803735,358.9546,87.50721
1635,214.67332,4.998282,0.8653005,3.7309594,458.43018,115.26986
1636,166.32306,4.963153,1.0808728,2.3860037,355.81012,90.29079
1637,203.93701,3.6294591,0.7003397,2.6219811,429.13193,98.17679
1638,290.51102,6.823922,0.7399295,2.5017455,309.7501,78.55788
1639,277.5346,7.0204163,0.6588563,2.6868527,258.9036,57.98282
1640,158.54395,5.273785,1.1022619,2.3572292,349.089,86.32262
1641,208.70946,3.4300244,0.69204783,2.5682366,439.49792,104.14132
1642,226.43729,6.563611,0.8074601,3.0515645,449.51282,94.700516
1643,231.73189,4.5583053,0.60868984,2.6771352,348.95258,78.10607
1644,231.43199,5.9368906,1.0148668,2.9229543,426.54288,98.9969
1645,227.96541,6.7733097,0.9167941,3.026917,415.6487,85.31199
1646,180.7687,4.610989,0.84615976,2.078886,387.7341,109.053856
1647,178.87872,4.4351497,0.9623889,2.3172224,404.63025,92.04043
1648,252.72466,6.864582,0.69751996,2.2838504,336.83386,67.63507
1649,275.7047,6.7833853,0.85962766,2.437913,334.28824,70.729706
1650,189.0801,3.3505228,0.7538576,2.8397841,439.98056,113.83457
1651,161.63077,4.8875294,1.0752784,2.3405035,357.42484,85.1659
1652,217.75478,3.5803175,0.6395541,2.4344673,320.26318,85.19027
1653,163.25659,5.2351174,1.1009461,2.3852897,345.15826,87.98393
1654,224.42151,6.7466187,0.8997401,2.9906514,411.01395,90.80381
1655,200.45941,3.4418488,0.7037855,2.5759397,432.10056,105.63464
1656,271.5481,6.403104,0.7704581,2.5288358,322.15872,79.33966
1657,195.7308,4.1787105,0.76214784,3.2614987,449.3036,118.05554
1658,183.34694,3.7434072,0.82287544,2.1347861,329.1696,69.43419
1659,201.69507,3.709715,0.6710667,2.7862651,427.62448,108.329544
1660,208.14479,3.7585382,0.7207282,2.6244414,417.29987,107.157166
1661,193.2319,4.320205,0.83191425,2.0815911,412.35208,109.558365
1662,220.51337,3.4535642,0.8302241,2.4146605,349.09384,78.92426
1663,215.03311,3.6843367,0.9349917,2.437164,351.55814,69.54231
1664,231.53983,4.014149,0.68232983,2.5981622,349.74484,74.54124
1665,227.7946,5.736129,0.9916428,2.8943129,401.30798,78.73593
1666,294.3119,6.7154675,0.6512036,2.5216346,295.00128,60.99518
1667,223.99046,6.8370914,1.10221,3.0019743,415.67065,105.42052
1668,165.16426,5.488787,1.112844,2.3942997,349.46677,88.40415
1669,170.61253,4.9877195,1.076658,2.456028,374.5199,88.07174
1670,226.19409,6.7213902,0.8249941,2.96486,384.7615,101.48864
1671,202.51994,3.290845,0.79709303,2.2160947,340.22308,65.53519
1672,351.22253,6.927023,0.5859517,2.8239992,307.03296,70.27559
1673,161.90924,5.5668893,1.1421256,2.4395916,356.73584,88.93634
1674,171.87494,4.3624544,0.82954663,2.0366964,404.36566,101.56684
1675,227.76952,7.0339737,1.1178458,3.0376117,362.81094,83.498955
1676,204.27501,4.5754495,0.7655311,3.1232016,444.71814,113.3453
1677,232.66255,3.8734076,0.78219426,2.5956023,354.70364,81.86307
1678,218.67012,5.7569838,1.0695342,2.9345448,413.72763,93.988
1679,228.72958,6.1415405,1.048149,2.9384751,379.71655,89.69906
1680,232.3133,4.6774316,0.696702,2.75813,403.5566,86.42971
1681,231.02832,4.7421427,0.9806651,2.763199,377.6734,75.64194
1682,202.44559,3.6006465,0.6981811,2.6510644,435.14755,99.74972
1683,164.05673,5.3234434,1.1048584,2.386044,346.96234,88.58828
1684,228.34053,6.068035,0.8073065,2.934533,384.3512,81.08675
1685,236.47707,4.817539,0.7130343,2.8072996,416.89886,86.70135
1686,208.89273,3.411976,0.6905843,2.3342912,347.2385,68.8814
1687,245.87578,4.869736,1.2660168,2.8763328,489.422,124.38023
1688,304.2491,6.7962275,0.7502477,2.8065343,315.15726,86.35091
1689,165.14664,5.4582043,1.1309677,2.464433,384.2155,90.23265
1690,197.0117,3.4640532,0.76534784,2.1465936,423.8336,101.38414
1691,379.41922,7.6157417,0.5665592,2.9352176,342.0689,63.41102
1692,227.94113,6.1858215,1.1569011,2.8858917,346.3573,83.34026
1693,412.74207,9.15406,0.6401599,3.21974,314.40494,67.76243
1694,274.6177,6.652969,0.759056,2.4460928,299.3859,80.974686
1695,169.67015,4.934277,1.0534655,2.395251,357.1813,85.22445
1696,214.89874,3.5416439,0.8989421,2.3987563,327.37192,71.09068
1697,225.1747,6.862688,1.0950269,2.9941049,421.65817,109.52345
1698,200.29056,3.337773,0.8824939,2.221897,320.44556,75.741714
1699,364.9984,8.028495,0.614064,3.030418,314.89258,63.707466
1700,165.77489,5.247615,1.1202891,2.472268,364.5569,89.29247
1701,229.2348,4.697249,0.99747247,2.714867,361.03812,72.32098
1702,221.74478,4.029891,0.727404,2.5659192,333.56522,69.4769
1703,200.43678,3.3231835,0.7305366,2.5699592,436.1503,102.167305
1704,203.02155,3.7330415,0.724486,2.6302955,433.90555,105.48508
1705,201.82704,3.6353266,0.64249605,2.6205673,399.3219,100.27504
1706,167.56175,5.553358,1.1149464,2.3865154,348.4407,86.37518
1707,228.6717,3.3994443,0.6576096,2.5567503,400.82422,97.788864
1708,208.76482,3.8425508,0.791493,2.6587226,446.01727,106.19528
1709,226.74013,5.1607623,1.0876538,2.7694197,333.34442,76.83797
1710,231.22383,4.6401973,0.7282189,2.710772,337.79843,76.92028
1711,231.26448,4.621597,0.6840143,2.6685002,304.1078,77.48253
1712,206.66133,3.5003474,0.67371625,2.589761,413.0723,103.26343
1713,157.42726,5.444608,1.1526792,2.4385862,362.14462,89.36633
1714,229.29016,6.0939107,0.7625823,2.8610198,384.2206,98.828705
1715,203.55771,4.33667,0.7831624,3.3503385,437.72626,111.752266
1716,216.03052,5.177225,0.6969365,2.9389071,448.50412,104.46537
1717,214.80173,4.139533,0.6524953,2.6590025,411.35263,95.197044
1718,174.30347,4.8808336,1.0958778,2.4896681,382.49442,92.44111
1719,225.58807,6.5897636,0.81739515,2.9742494,421.18387,107.471016
1720,198.87976,3.2499962,0.63835424,2.5381763,404.69327,94.87297
1721,270.4973,6.59209,0.77211016,2.4537473,302.7547,77.37619
1722,199.6612,4.667633,1.084212,2.4378784,374.81882,100.75085
1723,343.1372,7.649851,0.64938134,2.998957,287.14493,66.08655
1724,221.59877,4.2645483,0.66976964,2.672248,380.69373,77.48081
1725,380.3396,7.6652365,0.5798044,2.9405072,339.18353,69.43451
1726,212.44386,4.2471275,0.676248,2.7670898,440.89856,104.516396
1727,208.46104,3.6440454,0.6835036,2.6057127,422.458,100.621506
1728,233.73566,3.5831943,0.58560634,2.5591295,391.77264,80.38924
1729,232.29657,3.3796635,0.76715535,2.4737492,369.87344,90.51033
1730,159.60516,5.094007,1.1064305,2.4208753,385.55838,90.44198
1731,296.40204,6.884556,0.747924,2.5183742,299.0912,76.20498
1732,187.94505,3.4626799,0.6315302,2.7782726,475.39047,107.290764
1733,254.43462,4.7134576,0.9960233,2.7884104,412.3647,93.63892
1734,165.5823,5.1190934,1.1002012,2.4599066,362.1403,91.3049
1735,202.10687,3.6038487,0.69687784,2.60164,398.44937,97.69968
1736,212.5171,3.6946354,0.84509313,2.6207821,401.88144,106.52994
1737,224.20367,6.5891824,0.8730016,2.9590187,396.95523,86.97125
1738,195.73311,4.7771325,0.8683067,2.1203172,407.49783,117.73517
1739,227.89143,3.2969737,0.55076736,2.495991,368.29623,93.61706
1740,161.31775,3.9459429,1.0344651,2.5001695,283.2946,65.16544
1741,204.74533,4.78088,0.8367646,2.1642237,416.3681,112.86197
1742,178.68059,4.542862,0.8616972,2.0418305,407.82397,102.60011
1743,230.50499,5.701398,0.8031129,2.8904192,376.4733,81.75089
1744,231.6966,3.365075,0.6105746,2.4951718,381.52814,75.15004
1745,226.1136,3.871575,0.9254416,2.5283315,331.33926,65.30122
1746,210.24625,4.025895,0.68520856,2.7877421,436.96686,101.99134
1747,229.91933,5.735405,0.90668917,2.9052684,393.3412,90.604126
1748,208.81203,2.025504,0.51221144,2.0886903,383.17526,77.219986
1749,163.86646,3.9969025,1.0225483,2.5051877,278.45053,65.346634
1750,271.68753,6.6880517,0.7672459,2.4458466,310.58533,82.12123
1751,203.93185,3.7548828,0.68915594,2.6502798,456.19727,112.71419
1752,172.06607,5.051423,1.1682959,2.46173,417.8187,101.25709
1753,344.8211,6.9718065,0.6020756,2.783196,319.45624,66.70837
1754,205.38274,3.3158922,0.67998934,2.5574708,432.86304,101.94536
1755,224.02718,6.5593843,1.1548828,2.997489,402.77542,99.43167
1756,158.62045,5.2955565,1.0943503,2.3489,353.70203,87.282104
1757,227.48044,5.781713,1.1566398,2.859367,339.50485,80.36073
1758,342.214,7.3933516,0.57828695,2.9275641,301.02478,56.401283
1759,231.86102,4.9522347,0.69169635,2.7782307,387.41797,76.14433
1760,263.54913,6.7782564,0.7193946,2.3471487,315.80392,70.92376
1761,221.66365,4.52476,0.64919937,2.8133209,444.32727,103.26389
1762,213.26306,4.0916433,0.719586,2.606618,350.84747,77.29601
1763,230.56334,5.514379,0.82903016,2.85861,335.31345,83.32631
1764,171.50484,4.094006,0.98885036,2.489533,261.60605,65.22044
1765,163.68422,5.521576,1.1164985,2.4051778,350.2437,86.71211
1766,159.09512,3.9123054,1.0295095,2.4942827,279.77283,65.259735
1767,221.99193,3.737411,0.84479135,2.4978492,349.1278,77.32326
1768,208.64369,3.8851647,0.69079506,2.690915,423.62613,101.887505
1769,226.93513,6.972596,1.1695534,3.04426,415.5103,107.19609
1770,301.8324,7.2274933,0.772133,2.4805274,364.3248,86.45348
1771,203.79689,3.6064062,0.8117178,2.618387,453.41516,114.12538
1772,227.99414,6.460594,0.8866691,2.9206696,402.86465,84.99029
1773,225.5861,4.4320874,0.67092013,2.652539,364.13525,79.969055
1774,221.16917,3.4575648,0.70532453,2.5693567,375.5255,82.90959
1775,218.77058,2.6617067,0.57122254,2.2892013,382.5323,90.13031
1776,158.51572,5.314971,1.1199821,2.4358063,361.13153,87.108215
1777,168.89073,5.1270266,1.0822009,2.385377,344.72797,85.67389
1778,225.77512,4.2979803,0.63009953,2.630257,366.04654,87.66336
1779,231.53345,3.876731,0.86796534,2.5842025,357.2973,76.59393
1780,169.57866,4.419877,0.78803664,2.0001366,399.15515,99.82649
1781,197.35162,2.944242,0.62508106,2.5274224,410.11035,103.26616
1782,229.43474,5.1950407,0.74674225,2.8680928,379.21338,81.65522
1783,202.48575,3.3076792,0.6493685,2.5500064,427.02567,97.07021
1784,252.3702,6.675494,0.72810704,2.324972,296.69308,69.268585
1785,231.01096,5.3794026,0.6802125,2.8248081,369.01346,89.40673
1786,202.35127,4.1030574,0.7202365,2.953473,456.43683,112.422485
1787,157.7596,5.5567145,1.1215876,2.3426433,355.02167,84.578285
1788,162.04257,5.6024084,1.1336464,2.4344528,356.99747,87.77982
1789,163.52036,3.9902666,1.0299351,2.4523625,258.36823,64.69135
1790,228.41125,3.1048598,0.5584065,2.4295158,387.68533,84.67035
1791,208.97252,4.0052266,0.69629943,2.7575366,440.1396,102.24064
1792,202.81276,3.6463675,0.67218363,2.6180835,400.78604,98.82388
1793,218.0156,3.5194578,0.9351407,2.3997571,339.59744,60.923378
1794,217.6568,3.5309346,0.70156,2.4333014,358.38864,70.720795
1795,204.9438,4.1964655,0.77685285,3.010145,436.39578,102.005394
1796,215.68198,3.6154792,0.8104346,2.251645,444.26614,113.02574
1797,382.87366,8.041863,0.62843984,2.9783537,327.84918,68.01022
1798,231.62225,3.9102366,0.74687076,2.5942795,350.96335,82.11413
1799,213.60483,4.1780853,1.0226021,2.7040768,420.09,94.96123
1800,224.15161,6.7845078,1.1255144,2.9842663,419.40826,100.31721
1801,204.46243,3.6656077,0.72092533,2.75671,414.7717,110.33088
1802,201.19667,3.8495097,0.7379131,2.8911116,441.0758,110.67791
1803,210.55505,3.6017306,0.6262465,2.580154,430.42767,89.33256
1804,192.35657,4.452551,0.81622875,2.1385744,386.2536,108.758575
1805,234.44104,4.5726237,0.7927823,2.7133431,367.7148,77.77439
1806,248.42287,6.606345,0.73719573,2.3254166,317.3558,71.88165
1807,162.71298,5.7373314,1.1610799,2.5149744,379.30713,94.41792
1808,202.5389,3.6086817,0.7199762,2.5921712,440.03357,108.97459
1809,287.32092,6.6720605,0.6436712,2.4872487,293.78616,61.356136
1810,234.12848,3.5059822,0.830479,2.4883306,361.99008,76.49928
1811,210.88481,3.689725,0.71235365,2.674016,434.74854,100.64179
1812,165.19415,5.182872,1.096208,2.3996327,352.9664,86.35473
1813,232.11003,3.5280287,0.6972045,2.5241866,373.56827,75.314285
1814,199.68196,3.2498116,0.6710285,2.5461152,432.19388,94.865425
1815,162.86497,4.946901,1.0679785,2.3317578,342.31317,83.72404
1816,361.5008,7.902112,0.585816,3.021981,314.07352,56.409897
1817,231.50917,4.709581,0.70867836,2.7243912,355.54608,80.062836
1818,171.36688,4.0539002,1.0274372,2.4905922,268.27945,66.67086
1819,201.17049,3.479072,0.86557066,2.2700605,319.13385,57.646515
1820,224.2707,6.6337733,1.0613598,2.9792418,381.5327,91.84494
1821,209.53658,3.5945354,0.817306,2.36963,324.51962,65.17166
1822,382.25885,7.841807,0.5908693,2.957295,312.83167,65.167755
1823,164.29648,5.671263,1.1069119,2.3680415,342.6405,86.29653
1824,232.87663,3.779315,0.9388299,2.5862057,350.6727,80.82131
1825,293.667,6.781664,0.7700681,2.5251212,292.91382,77.94548
1826,228.83698,5.6139984,1.0048602,2.864615,378.03012,81.92124
1827,227.10806,4.684301,0.66564393,2.756968,388.18246,99.66522
1828,230.6629,3.5421448,0.46527636,2.4951174,391.09518,92.09572
1829,160.31424,3.9348364,1.0413743,2.5013537,284.35025,65.41697
1830,206.23665,4.7449856,0.7023965,3.1371677,455.33694,114.538376
1831,225.16135,6.2450023,1.0361849,2.9812505,416.22995,104.31078
1832,202.54793,4.3728685,0.7914147,3.1046176,449.1184,109.5276
1833,231.97516,5.8487606,1.1270831,2.9479933,374.36453,92.64702
1834,211.15881,3.7887042,0.7118449,2.6491053,423.00714,112.40875
1835,169.41324,5.1039495,1.0753967,2.3995311,344.13266,87.53093
1836,159.92276,3.9314644,1.0494237,2.5033116,279.7862,65.79275
1837,230.84099,5.930498,0.98195565,2.9336698,396.57852,85.308784
1838,228.46056,6.799948,0.9308119,3.0184655,402.89645,93.297714
1839,213.95476,4.69684,0.8081856,3.4936783,456.76523,113.72882
1840,227.58746,3.1284146,0.6390122,2.4710763,381.70926,93.03543
1841,211.57986,4.4999194,0.72171336,3.0120432,448.82974,109.543945
1842,376.68585,7.90928,0.61818004,2.961156,322.9003,66.85863
1843,204.23434,4.546507,0.75908136,2.672988,410.57385,107.4477
1844,216.44081,3.5778928,0.89811486,2.4273007,341.1844,71.60646
1845,163.77112,5.173496,1.093472,2.3760242,345.68936,87.50064
1846,171.0408,4.854103,1.0927491,2.5194755,416.8326,91.7173
1847,333.5543,6.7870345,0.56686056,2.8261385,294.11136,52.192238
1848,218.292,3.1673923,0.63045,2.4938285,390.99014,93.84371
1849,202.33775,3.7848196,1.0673736,2.6650932,521.197,104.56023
1850,235.13516,3.5965595,0.69705373,2.5531347,346.17715,80.14688
1851,383.81494,7.9206944,0.64741606,2.9761693,318.89288,71.9285
1852,206.34903,3.4400837,0.6420472,2.5905254,433.52377,95.22504
1853,202.35867,4.530684,0.8168409,2.1899536,387.6616,112.36409
1854,355.24796,7.695338,0.60266244,2.9911814,306.35977,58.775658
1855,229.87999,5.7368217,0.86905164,2.8932164,378.08035,91.16846
1856,340.66357,7.943736,0.81575054,2.7513287,390.46915,97.37323
1857,216.68967,4.129242,0.689904,2.6967828,430.25128,109.24962
1858,157.56676,5.4817953,1.1161926,2.359074,356.35425,86.161934
1859,210.02914,3.4964843,0.5940653,2.5319524,401.53845,81.10663
1860,167.07214,4.027002,1.0353369,2.502307,274.26486,66.6489
1861,228.79852,6.630134,1.1930318,2.944459,362.11215,86.24331
1862,200.67624,3.481549,0.7678587,2.7056289,427.25162,112.12495
1863,219.88046,3.1273427,0.53727084,2.4071543,386.25485,89.281906
1864,157.20451,3.8944886,1.053632,2.5017104,285.50873,64.86641
1865,324.9398,8.184096,0.7602369,2.6160607,387.75854,82.25534
1866,164.67172,5.2982745,1.1025447,2.40981,351.37186,87.43473
1867,201.85182,3.1444964,0.7510748,2.2020283,423.04245,88.08867
1868,231.55154,4.2905693,0.9981177,2.6915803,389.71536,89.98751
1869,225.31744,4.0462513,0.98364484,2.604014,353.11798,87.54016
1870,227.18918,5.0924897,0.6532408,2.835299,389.99368,88.016045
1871,227.97523,6.7058024,1.1272904,2.9288735,371.89648,99.71629
1872,156.32146,5.6946673,1.1556884,2.390067,353.50818,87.94162
1873,228.01456,4.0448103,0.93431693,2.5835564,349.14532,69.16615
1874,157.63737,3.9040675,0.96489024,2.5026307,278.80774,61.486137
1875,222.15591,4.493022,1.0052438,2.6293068,323.9567,71.06508
1876,272.1396,6.504937,0.75761276,2.490342,317.919,75.80782
1877,204.51027,3.8497808,0.7318271,2.6680558,434.25946,106.065605
1878,162.32365,3.9200785,0.8638362,2.481439,275.2226,63.073307
1879,165.34937,3.913173,0.98103195,2.4594576,277.31567,64.63988
1880,180.4702,4.698413,1.0760317,2.4788203,374.78116,88.47221
1881,168.39328,4.010259,1.0320878,2.4723024,263.33704,66.16117
1882,301.508,6.1040516,0.62514305,2.5744948,300.44345,69.34922
1883,170.14005,5.8856955,1.1229298,2.4278772,362.47708,88.35141
1884,158.59554,5.2004304,1.110987,2.4186778,347.71265,86.41255
1885,228.36765,6.027135,0.8047186,2.9446235,372.39258,78.6322
1886,233.12392,4.7546716,0.91164714,2.7325835,353.5402,67.14412
1887,230.42712,3.1320453,0.65563136,2.4184973,352.34598,84.99883
