sample_index,Fe,Zn,B,Cu,S,Mn
0,217.18655213270105,4.826421800947872,0.8511848341232221,2.581457345971566,26.441420996324187,89.28447867298584
1,217.18655213270105,4.826421800947872,0.8511848341232221,2.581457345971566,26.441420996324187,89.28447867298584
2,217.18655213270105,4.826421800947872,0.8511848341232221,2.581457345971566,26.441420996324187,89.28447867298584
3,217.18655213270105,4.826421800947872,0.8511848341232221,2.581457345971566,26.441420996324187,89.28447867298584
4,217.18655213270105,4.826421800947872,0.8511848341232221,2.581457345971566,26.441420996324187,89.28447867298584
5,217.18655213270105,4.826421800947872,0.8511848341232221,2.581457345971566,26.441420996324187,89.28447867298584
6,217.18655213270105,4.826421800947872,0.8511848341232221,2.581457345971566,26.441420996324187,89.28447867298584
7,217.18655213270105,4.826421800947872,0.8511848341232221,2.581457345971566,26.441420996324187,89.28447867298584
8,217.18655213270105,4.826421800947872,0.8511848341232221,2.581457345971566,26.441420996324187,89.28447867298584
9,217.18655213270105,4.826421800947872,0.8511848341232221,2.581457345971566,26.441420996324187,89.28447867298584
10,217.18655213270105,4.826421800947872,0.8511848341232221,2.581457345971566,26.441420996324187,89.28447867298584
11,217.18655213270105,4.826421800947872,0.8511848341232221,2.581457345971566,26.441420996324187,89.28447867298584
12,217.18655213270105,4.826421800947872,0.8511848341232221,2.581457345971566,26.441420996324187,89.28447867298584
13,217.18655213270105,4.826421800947872,0.8511848341232221,2.581457345971566,26.441420996324187,89.28447867298584
14,217.18655213270105,4.826421800947872,0.8511848341232221,2.581457345971566,26.441420996324187,89.28447867298584
15,217.18655213270105,4.826421800947872,0.8511848341232221,2.581457345971566,26.441420996324187,89.28447867298584
16,217.18655213270105,4.826421800947872,0.8511848341232221,2.581457345971566,26.441420996324187,89.28447867298584
17,217.18655213270105,4.826421800947872,0.8511848341232221,2.581457345971566,26.441420996324187,89.28447867298584
18,217.18655213270105,4.826421800947872,0.8511848341232221,2.581457345971566,26.441420996324187,89.28447867298584
19,217.18655213270105,4.826421800947872,0.8511848341232221,2.581457345971566,26.441420996324187,89.28447867298584
20,217.18655213270105,4.826421800947872,0.8511848341232221,2.581457345971566,26.441420996324187,89.28447867298584
21,217.18655213270105,4.826421800947872,0.8511848341232221,2.581457345971566,26.441420996324187,89.28447867298584
22,217.18655213270105,4.826421800947872,0.8511848341232221,2.581457345971566,26.441420996324187,89.28447867298584
23,217.18655213270105,4.826421800947872,0.8511848341232221,2.581457345971566,26.441420996324187,89.28447867298584
24,217.18655213270105,4.826421800947872,0.8511848341232221,2.581457345971566,26.441420996324187,89.28447867298584
25,217.18655213270105,4.826421800947872,0.8511848341232221,2.581457345971566,26.441420996324187,89.28447867298584
26,217.18655213270105,4.826421800947872,0.8511848341232221,2.581457345971566,26.441420996324187,89.28447867298584
27,217.18655213270105,4.826421800947872,0.8511848341232221,2.581457345971566,26.441420996324187,89.28447867298584
28,217.18655213270105,4.826421800947872,0.8511848341232221,2.581457345971566,26.441420996324187,89.28447867298584
29,217.18655213270105,4.826421800947872,0.8511848341232221,2.581457345971566,26.441420996324187,89.28447867298584
30,217.18655213270105,4.826421800947872,0.8511848341232221,2.581457345971566,26.441420996324187,89.28447867298584
31,217.18655213270105,4.826421800947872,0.8511848341232221,2.581457345971566,26.441420996324187,89.28447867298584
32,217.18655213270105,4.826421800947872,0.8511848341232221,2.581457345971566,26.441420996324187,89.28447867298584
33,217.18655213270105,4.826421800947872,0.8511848341232221,2.581457345971566,26.441420996324187,89.28447867298584
34,217.18655213270105,4.826421800947872,0.8511848341232221,2.581457345971566,26.441420996324187,89.28447867298584
35,217.18655213270105,4.826421800947872,0.8511848341232221,2.581457345971566,26.441420996324187,89.28447867298584
36,217.18655213270105,4.826421800947872,0.8511848341232221,2.581457345971566,26.441420996324187,89.28447867298584
37,217.18655213270105,4.826421800947872,0.8511848341232221,2.581457345971566,26.441420996324187,89.28447867298584
38,217.18655213270105,4.826421800947872,0.8511848341232221,2.581457345971566,26.441420996324187,89.28447867298584
39,217.18655213270105,4.826421800947872,0.8511848341232221,2.581457345971566,26.441420996324187,89.28447867298584
40,217.18655213270105,4.826421800947872,0.8511848341232221,2.581457345971566,26.441420996324187,89.28447867298584
41,217.18655213270105,4.826421800947872,0.8511848341232221,2.581457345971566,26.441420996324187,89.28447867298584
42,217.18655213270105,4.826421800947872,0.8511848341232221,2.581457345971566,26.441420996324187,89.28447867298584
43,217.18655213270105,4.826421800947872,0.8511848341232221,2.581457345971566,26.441420996324187,89.28447867298584
44,217.18655213270105,4.826421800947872,0.8511848341232221,2.581457345971566,26.441420996324187,89.28447867298584
45,217.18655213270105,4.826421800947872,0.8511848341232221,2.581457345971566,26.441420996324187,89.28447867298584
46,217.18655213270105,4.826421800947872,0.8511848341232221,2.581457345971566,26.441420996324187,89.28447867298584
47,217.18655213270105,4.826421800947872,0.8511848341232221,2.581457345971566,26.441420996324187,89.28447867298584
48,217.18655213270105,4.826421800947872,0.8511848341232221,2.581457345971566,26.441420996324187,89.28447867298584
49,217.18655213270105,4.826421800947872,0.8511848341232221,2.581457345971566,26.441420996324187,89.28447867298584
50,217.18655213270105,4.826421800947872,0.8511848341232221,2.581457345971566,26.441420996324187,89.28447867298584
51,217.18655213270105,4.826421800947872,0.8511848341232221,2.581457345971566,26.441420996324187,89.28447867298584
52,217.18655213270105,4.826421800947872,0.8511848341232221,2.581457345971566,26.441420996324187,89.28447867298584
53,217.18655213270105,4.826421800947872,0.8511848341232221,2.581457345971566,26.441420996324187,89.28447867298584
54,217.18655213270105,4.826421800947872,0.8511848341232221,2.581457345971566,26.441420996324187,89.28447867298584
55,217.18655213270105,4.826421800947872,0.8511848341232221,2.581457345971566,26.441420996324187,89.28447867298584
56,217.18655213270105,4.826421800947872,0.8511848341232221,2.581457345971566,26.441420996324187,89.28447867298584
57,217.18655213270105,4.826421800947872,0.8511848341232221,2.581457345971566,26.441420996324187,89.28447867298584
58,217.18655213270105,4.826421800947872,0.8511848341232221,2.581457345971566,26.441420996324187,89.28447867298584
59,217.18655213270105,4.826421800947872,0.8511848341232221,2.581457345971566,26.441420996324187,89.28447867298584
60,217.18655213270105,4.826421800947872,0.8511848341232221,2.581457345971566,26.441420996324187,89.28447867298584
61,217.18655213270105,4.826421800947872,0.8511848341232221,2.581457345971566,26.441420996324187,89.28447867298584
62,217.18655213270105,4.826421800947872,0.8511848341232221,2.581457345971566,26.441420996324187,89.28447867298584
63,217.18655213270105,4.826421800947872,0.8511848341232221,2.581457345971566,26.441420996324187,89.28447867298584
64,217.18655213270105,4.826421800947872,0.8511848341232221,2.581457345971566,26.441420996324187,89.28447867298584
65,217.18655213270105,4.826421800947872,0.8511848341232221,2.581457345971566,26.441420996324187,89.28447867298584
66,217.18655213270105,4.826421800947872,0.8511848341232221,2.581457345971566,26.441420996324187,89.28447867298584
67,217.18655213270105,4.826421800947872,0.8511848341232221,2.581457345971566,26.441420996324187,89.28447867298584
68,217.18655213270105,4.826421800947872,0.8511848341232221,2.581457345971566,26.441420996324187,89.28447867298584
69,217.18655213270105,4.826421800947872,0.8511848341232221,2.581457345971566,26.441420996324187,89.28447867298584
70,217.18655213270105,4.826421800947872,0.8511848341232221,2.581457345971566,26.441420996324187,89.28447867298584
71,217.18655213270105,4.826421800947872,0.8511848341232221,2.581457345971566,26.441420996324187,89.28447867298584
72,217.18655213270105,4.826421800947872,0.8511848341232221,2.581457345971566,26.441420996324187,89.28447867298584
73,217.18655213270105,4.826421800947872,0.8511848341232221,2.581457345971566,26.441420996324187,89.28447867298584
74,217.18655213270105,4.826421800947872,0.8511848341232221,2.581457345971566,26.441420996324187,89.28447867298584
75,217.18655213270105,4.826421800947872,0.8511848341232221,2.581457345971566,26.441420996324187,89.28447867298584
76,217.18655213270105,4.826421800947872,0.8511848341232221,2.581457345971566,26.441420996324187,89.28447867298584
77,217.18655213270105,4.826421800947872,0.8511848341232221,2.581457345971566,26.441420996324187,89.28447867298584
78,217.18655213270105,4.826421800947872,0.8511848341232221,2.581457345971566,26.441420996324187,89.28447867298584
79,217.18655213270105,4.826421800947872,0.8511848341232221,2.581457345971566,26.441420996324187,89.28447867298584
80,217.18655213270105,4.826421800947872,0.8511848341232221,2.581457345971566,26.441420996324187,89.28447867298584
81,217.18655213270105,4.826421800947872,0.8511848341232221,2.581457345971566,26.441420996324187,89.28447867298584
82,217.18655213270105,4.826421800947872,0.8511848341232221,2.581457345971566,26.441420996324187,89.28447867298584
83,217.18655213270105,4.826421800947872,0.8511848341232221,2.581457345971566,26.441420996324187,89.28447867298584
84,217.18655213270105,4.826421800947872,0.8511848341232221,2.581457345971566,26.441420996324187,89.28447867298584
85,217.18655213270105,4.826421800947872,0.8511848341232221,2.581457345971566,26.441420996324187,89.28447867298584
86,217.18655213270105,4.826421800947872,0.8511848341232221,2.581457345971566,26.441420996324187,89.28447867298584
87,217.18655213270105,4.826421800947872,0.8511848341232221,2.581457345971566,26.441420996324187,89.28447867298584
88,217.18655213270105,4.826421800947872,0.8511848341232221,2.581457345971566,26.441420996324187,89.28447867298584
89,217.18655213270105,4.826421800947872,0.8511848341232221,2.581457345971566,26.441420996324187,89.28447867298584
90,217.18655213270105,4.826421800947872,0.8511848341232221,2.581457345971566,26.441420996324187,89.28447867298584
91,217.18655213270105,4.826421800947872,0.8511848341232221,2.581457345971566,26.441420996324187,89.28447867298584
92,217.18655213270105,4.826421800947872,0.8511848341232221,2.581457345971566,26.441420996324187,89.28447867298584
93,217.18655213270105,4.826421800947872,0.8511848341232221,2.581457345971566,26.441420996324187,89.28447867298584
94,217.18655213270105,4.826421800947872,0.8511848341232221,2.581457345971566,26.441420996324187,89.28447867298584
95,217.18655213270105,4.826421800947872,0.8511848341232221,2.581457345971566,26.441420996324187,89.28447867298584
96,217.18655213270105,4.826421800947872,0.8511848341232221,2.581457345971566,26.441420996324187,89.28447867298584
97,217.18655213270105,4.826421800947872,0.8511848341232221,2.581457345971566,26.441420996324187,89.28447867298584
98,217.18655213270105,4.826421800947872,0.8511848341232221,2.581457345971566,26.441420996324187,89.28447867298584
99,217.18655213270105,4.826421800947872,0.8511848341232221,2.581457345971566,26.441420996324187,89.28447867298584
100,217.18655213270105,4.826421800947872,0.8511848341232221,2.581457345971566,26.441420996324187,89.28447867298584
101,217.18655213270105,4.826421800947872,0.8511848341232221,2.581457345971566,26.441420996324187,89.28447867298584
102,217.18655213270105,4.826421800947872,0.8511848341232221,2.581457345971566,26.441420996324187,89.28447867298584
103,217.18655213270105,4.826421800947872,0.8511848341232221,2.581457345971566,26.441420996324187,89.28447867298584
104,217.18655213270105,4.826421800947872,0.8511848341232221,2.581457345971566,26.441420996324187,89.28447867298584
105,217.18655213270105,4.826421800947872,0.8511848341232221,2.581457345971566,26.441420996324187,89.28447867298584
106,217.18655213270105,4.826421800947872,0.8511848341232221,2.581457345971566,26.441420996324187,89.28447867298584
107,217.18655213270105,4.826421800947872,0.8511848341232221,2.581457345971566,26.441420996324187,89.28447867298584
108,217.18655213270105,4.826421800947872,0.8511848341232221,2.581457345971566,26.441420996324187,89.28447867298584
109,217.18655213270105,4.826421800947872,0.8511848341232221,2.581457345971566,26.441420996324187,89.28447867298584
110,217.18655213270105,4.826421800947872,0.8511848341232221,2.581457345971566,26.441420996324187,89.28447867298584
111,217.18655213270105,4.826421800947872,0.8511848341232221,2.581457345971566,26.441420996324187,89.28447867298584
112,217.18655213270105,4.826421800947872,0.8511848341232221,2.581457345971566,26.441420996324187,89.28447867298584
113,217.18655213270105,4.826421800947872,0.8511848341232221,2.581457345971566,26.441420996324187,89.28447867298584
114,217.18655213270105,4.826421800947872,0.8511848341232221,2.581457345971566,26.441420996324187,89.28447867298584
115,217.18655213270105,4.826421800947872,0.8511848341232221,2.581457345971566,26.441420996324187,89.28447867298584
116,217.18655213270105,4.826421800947872,0.8511848341232221,2.581457345971566,26.441420996324187,89.28447867298584
117,217.18655213270105,4.826421800947872,0.8511848341232221,2.581457345971566,26.441420996324187,89.28447867298584
118,217.18655213270105,4.826421800947872,0.8511848341232221,2.581457345971566,26.441420996324187,89.28447867298584
119,217.18655213270105,4.826421800947872,0.8511848341232221,2.581457345971566,26.441420996324187,89.28447867298584
120,217.18655213270105,4.826421800947872,0.8511848341232221,2.581457345971566,26.441420996324187,89.28447867298584
121,217.18655213270105,4.826421800947872,0.8511848341232221,2.581457345971566,26.441420996324187,89.28447867298584
122,217.18655213270105,4.826421800947872,0.8511848341232221,2.581457345971566,26.441420996324187,89.28447867298584
123,217.18655213270105,4.826421800947872,0.8511848341232221,2.581457345971566,26.441420996324187,89.28447867298584
124,217.18655213270105,4.826421800947872,0.8511848341232221,2.581457345971566,26.441420996324187,89.28447867298584
125,217.18655213270105,4.826421800947872,0.8511848341232221,2.581457345971566,26.441420996324187,89.28447867298584
126,217.18655213270105,4.826421800947872,0.8511848341232221,2.581457345971566,26.441420996324187,89.28447867298584
127,217.18655213270105,4.826421800947872,0.8511848341232221,2.581457345971566,26.441420996324187,89.28447867298584
128,217.18655213270105,4.826421800947872,0.8511848341232221,2.581457345971566,26.441420996324187,89.28447867298584
129,217.18655213270105,4.826421800947872,0.8511848341232221,2.581457345971566,26.441420996324187,89.28447867298584
130,217.18655213270105,4.826421800947872,0.8511848341232221,2.581457345971566,26.441420996324187,89.28447867298584
131,217.18655213270105,4.826421800947872,0.8511848341232221,2.581457345971566,26.441420996324187,89.28447867298584
132,217.18655213270105,4.826421800947872,0.8511848341232221,2.581457345971566,26.441420996324187,89.28447867298584
133,217.18655213270105,4.826421800947872,0.8511848341232221,2.581457345971566,26.441420996324187,89.28447867298584
134,217.18655213270105,4.826421800947872,0.8511848341232221,2.581457345971566,26.441420996324187,89.28447867298584
135,217.18655213270105,4.826421800947872,0.8511848341232221,2.581457345971566,26.441420996324187,89.28447867298584
136,217.18655213270105,4.826421800947872,0.8511848341232221,2.581457345971566,26.441420996324187,89.28447867298584
137,217.18655213270105,4.826421800947872,0.8511848341232221,2.581457345971566,26.441420996324187,89.28447867298584
138,217.18655213270105,4.826421800947872,0.8511848341232221,2.581457345971566,26.441420996324187,89.28447867298584
139,217.18655213270105,4.826421800947872,0.8511848341232221,2.581457345971566,26.441420996324187,89.28447867298584
140,217.18655213270105,4.826421800947872,0.8511848341232221,2.581457345971566,26.441420996324187,89.28447867298584
141,217.18655213270105,4.826421800947872,0.8511848341232221,2.581457345971566,26.441420996324187,89.28447867298584
142,217.18655213270105,4.826421800947872,0.8511848341232221,2.581457345971566,26.441420996324187,89.28447867298584
143,217.18655213270105,4.826421800947872,0.8511848341232221,2.581457345971566,26.441420996324187,89.28447867298584
144,217.18655213270105,4.826421800947872,0.8511848341232221,2.581457345971566,26.441420996324187,89.28447867298584
145,217.18655213270105,4.826421800947872,0.8511848341232221,2.581457345971566,26.441420996324187,89.28447867298584
146,217.18655213270105,4.826421800947872,0.8511848341232221,2.581457345971566,26.441420996324187,89.28447867298584
147,217.18655213270105,4.826421800947872,0.8511848341232221,2.581457345971566,26.441420996324187,89.28447867298584
148,217.18655213270105,4.826421800947872,0.8511848341232221,2.581457345971566,26.441420996324187,89.28447867298584
149,217.18655213270105,4.826421800947872,0.8511848341232221,2.581457345971566,26.441420996324187,89.28447867298584
150,217.18655213270105,4.826421800947872,0.8511848341232221,2.581457345971566,26.441420996324187,89.28447867298584
151,217.18655213270105,4.826421800947872,0.8511848341232221,2.581457345971566,26.441420996324187,89.28447867298584
152,217.18655213270105,4.826421800947872,0.8511848341232221,2.581457345971566,26.441420996324187,89.28447867298584
153,217.18655213270105,4.826421800947872,0.8511848341232221,2.581457345971566,26.441420996324187,89.28447867298584
154,217.18655213270105,4.826421800947872,0.8511848341232221,2.581457345971566,26.441420996324187,89.28447867298584
155,217.18655213270105,4.826421800947872,0.8511848341232221,2.581457345971566,26.441420996324187,89.28447867298584
156,217.18655213270105,4.826421800947872,0.8511848341232221,2.581457345971566,26.441420996324187,89.28447867298584
157,217.18655213270105,4.826421800947872,0.8511848341232221,2.581457345971566,26.441420996324187,89.28447867298584
158,217.18655213270105,4.826421800947872,0.8511848341232221,2.581457345971566,26.441420996324187,89.28447867298584
159,217.18655213270105,4.826421800947872,0.8511848341232221,2.581457345971566,26.441420996324187,89.28447867298584
160,217.18655213270105,4.826421800947872,0.8511848341232221,2.581457345971566,26.441420996324187,89.28447867298584
161,217.18655213270105,4.826421800947872,0.8511848341232221,2.581457345971566,26.441420996324187,89.28447867298584
162,217.18655213270105,4.826421800947872,0.8511848341232221,2.581457345971566,26.441420996324187,89.28447867298584
163,217.18655213270105,4.826421800947872,0.8511848341232221,2.581457345971566,26.441420996324187,89.28447867298584
164,217.18655213270105,4.826421800947872,0.8511848341232221,2.581457345971566,26.441420996324187,89.28447867298584
165,217.18655213270105,4.826421800947872,0.8511848341232221,2.581457345971566,26.441420996324187,89.28447867298584
166,217.18655213270105,4.826421800947872,0.8511848341232221,2.581457345971566,26.441420996324187,89.28447867298584
167,217.18655213270105,4.826421800947872,0.8511848341232221,2.581457345971566,26.441420996324187,89.28447867298584
168,217.18655213270105,4.826421800947872,0.8511848341232221,2.581457345971566,26.441420996324187,89.28447867298584
169,217.18655213270105,4.826421800947872,0.8511848341232221,2.581457345971566,26.441420996324187,89.28447867298584
170,217.18655213270105,4.826421800947872,0.8511848341232221,2.581457345971566,26.441420996324187,89.28447867298584
171,217.18655213270105,4.826421800947872,0.8511848341232221,2.581457345971566,26.441420996324187,89.28447867298584
172,217.18655213270105,4.826421800947872,0.8511848341232221,2.581457345971566,26.441420996324187,89.28447867298584
173,217.18655213270105,4.826421800947872,0.8511848341232221,2.581457345971566,26.441420996324187,89.28447867298584
174,217.18655213270105,4.826421800947872,0.8511848341232221,2.581457345971566,26.441420996324187,89.28447867298584
175,217.18655213270105,4.826421800947872,0.8511848341232221,2.581457345971566,26.441420996324187,89.28447867298584
176,217.18655213270105,4.826421800947872,0.8511848341232221,2.581457345971566,26.441420996324187,89.28447867298584
177,217.18655213270105,4.826421800947872,0.8511848341232221,2.581457345971566,26.441420996324187,89.28447867298584
178,217.18655213270105,4.826421800947872,0.8511848341232221,2.581457345971566,26.441420996324187,89.28447867298584
179,217.18655213270105,4.826421800947872,0.8511848341232221,2.581457345971566,26.441420996324187,89.28447867298584
180,217.18655213270105,4.826421800947872,0.8511848341232221,2.581457345971566,26.441420996324187,89.28447867298584
181,217.18655213270105,4.826421800947872,0.8511848341232221,2.581457345971566,26.441420996324187,89.28447867298584
182,217.18655213270105,4.826421800947872,0.8511848341232221,2.581457345971566,26.441420996324187,89.28447867298584
183,217.18655213270105,4.826421800947872,0.8511848341232221,2.581457345971566,26.441420996324187,89.28447867298584
184,217.18655213270105,4.826421800947872,0.8511848341232221,2.581457345971566,26.441420996324187,89.28447867298584
185,217.18655213270105,4.826421800947872,0.8511848341232221,2.581457345971566,26.441420996324187,89.28447867298584
186,217.18655213270105,4.826421800947872,0.8511848341232221,2.581457345971566,26.441420996324187,89.28447867298584
187,217.18655213270105,4.826421800947872,0.8511848341232221,2.581457345971566,26.441420996324187,89.28447867298584
188,217.18655213270105,4.826421800947872,0.8511848341232221,2.581457345971566,26.441420996324187,89.28447867298584
189,217.18655213270105,4.826421800947872,0.8511848341232221,2.581457345971566,26.441420996324187,89.28447867298584
190,217.18655213270105,4.826421800947872,0.8511848341232221,2.581457345971566,26.441420996324187,89.28447867298584
191,217.18655213270105,4.826421800947872,0.8511848341232221,2.581457345971566,26.441420996324187,89.28447867298584
192,217.18655213270105,4.826421800947872,0.8511848341232221,2.581457345971566,26.441420996324187,89.28447867298584
193,217.18655213270105,4.826421800947872,0.8511848341232221,2.581457345971566,26.441420996324187,89.28447867298584
194,217.18655213270105,4.826421800947872,0.8511848341232221,2.581457345971566,26.441420996324187,89.28447867298584
195,217.18655213270105,4.826421800947872,0.8511848341232221,2.581457345971566,26.441420996324187,89.28447867298584
196,217.18655213270105,4.826421800947872,0.8511848341232221,2.581457345971566,26.441420996324187,89.28447867298584
197,217.18655213270105,4.826421800947872,0.8511848341232221,2.581457345971566,26.441420996324187,89.28447867298584
198,217.18655213270105,4.826421800947872,0.8511848341232221,2.581457345971566,26.441420996324187,89.28447867298584
199,217.18655213270105,4.826421800947872,0.8511848341232221,2.581457345971566,26.441420996324187,89.28447867298584
200,217.18655213270105,4.826421800947872,0.8511848341232221,2.581457345971566,26.441420996324187,89.28447867298584
201,217.18655213270105,4.826421800947872,0.8511848341232221,2.581457345971566,26.441420996324187,89.28447867298584
202,217.18655213270105,4.826421800947872,0.8511848341232221,2.581457345971566,26.441420996324187,89.28447867298584
203,217.18655213270105,4.826421800947872,0.8511848341232221,2.581457345971566,26.441420996324187,89.28447867298584
204,217.18655213270105,4.826421800947872,0.8511848341232221,2.581457345971566,26.441420996324187,89.28447867298584
205,217.18655213270105,4.826421800947872,0.8511848341232221,2.581457345971566,26.441420996324187,89.28447867298584
206,217.18655213270105,4.826421800947872,0.8511848341232221,2.581457345971566,26.441420996324187,89.28447867298584
207,217.18655213270105,4.826421800947872,0.8511848341232221,2.581457345971566,26.441420996324187,89.28447867298584
208,217.18655213270105,4.826421800947872,0.8511848341232221,2.581457345971566,26.441420996324187,89.28447867298584
209,217.18655213270105,4.826421800947872,0.8511848341232221,2.581457345971566,26.441420996324187,89.28447867298584
210,217.18655213270105,4.826421800947872,0.8511848341232221,2.581457345971566,26.441420996324187,89.28447867298584
211,217.18655213270105,4.826421800947872,0.8511848341232221,2.581457345971566,26.441420996324187,89.28447867298584
212,217.18655213270105,4.826421800947872,0.8511848341232221,2.581457345971566,26.441420996324187,89.28447867298584
213,217.18655213270105,4.826421800947872,0.8511848341232221,2.581457345971566,26.441420996324187,89.28447867298584
214,217.18655213270105,4.826421800947872,0.8511848341232221,2.581457345971566,26.441420996324187,89.28447867298584
215,217.18655213270105,4.826421800947872,0.8511848341232221,2.581457345971566,26.441420996324187,89.28447867298584
216,217.18655213270105,4.826421800947872,0.8511848341232221,2.581457345971566,26.441420996324187,89.28447867298584
217,217.18655213270105,4.826421800947872,0.8511848341232221,2.581457345971566,26.441420996324187,89.28447867298584
218,217.18655213270105,4.826421800947872,0.8511848341232221,2.581457345971566,26.441420996324187,89.28447867298584
219,217.18655213270105,4.826421800947872,0.8511848341232221,2.581457345971566,26.441420996324187,89.28447867298584
220,217.18655213270105,4.826421800947872,0.8511848341232221,2.581457345971566,26.441420996324187,89.28447867298584
221,217.18655213270105,4.826421800947872,0.8511848341232221,2.581457345971566,26.441420996324187,89.28447867298584
222,217.18655213270105,4.826421800947872,0.8511848341232221,2.581457345971566,26.441420996324187,89.28447867298584
223,217.18655213270105,4.826421800947872,0.8511848341232221,2.581457345971566,26.441420996324187,89.28447867298584
224,217.18655213270105,4.826421800947872,0.8511848341232221,2.581457345971566,26.441420996324187,89.28447867298584
225,217.18655213270105,4.826421800947872,0.8511848341232221,2.581457345971566,26.441420996324187,89.28447867298584
226,217.18655213270105,4.826421800947872,0.8511848341232221,2.581457345971566,26.441420996324187,89.28447867298584
227,217.18655213270105,4.826421800947872,0.8511848341232221,2.581457345971566,26.441420996324187,89.28447867298584
228,217.18655213270105,4.826421800947872,0.8511848341232221,2.581457345971566,26.441420996324187,89.28447867298584
229,217.18655213270105,4.826421800947872,0.8511848341232221,2.581457345971566,26.441420996324187,89.28447867298584
230,217.18655213270105,4.826421800947872,0.8511848341232221,2.581457345971566,26.441420996324187,89.28447867298584
231,217.18655213270105,4.826421800947872,0.8511848341232221,2.581457345971566,26.441420996324187,89.28447867298584
232,217.18655213270105,4.826421800947872,0.8511848341232221,2.581457345971566,26.441420996324187,89.28447867298584
233,217.18655213270105,4.826421800947872,0.8511848341232221,2.581457345971566,26.441420996324187,89.28447867298584
234,217.18655213270105,4.826421800947872,0.8511848341232221,2.581457345971566,26.441420996324187,89.28447867298584
235,217.18655213270105,4.826421800947872,0.8511848341232221,2.581457345971566,26.441420996324187,89.28447867298584
236,217.18655213270105,4.826421800947872,0.8511848341232221,2.581457345971566,26.441420996324187,89.28447867298584
237,217.18655213270105,4.826421800947872,0.8511848341232221,2.581457345971566,26.441420996324187,89.28447867298584
238,217.18655213270105,4.826421800947872,0.8511848341232221,2.581457345971566,26.441420996324187,89.28447867298584
239,217.18655213270105,4.826421800947872,0.8511848341232221,2.581457345971566,26.441420996324187,89.28447867298584
240,217.18655213270105,4.826421800947872,0.8511848341232221,2.581457345971566,26.441420996324187,89.28447867298584
241,217.18655213270105,4.826421800947872,0.8511848341232221,2.581457345971566,26.441420996324187,89.28447867298584
242,217.18655213270105,4.826421800947872,0.8511848341232221,2.581457345971566,26.441420996324187,89.28447867298584
243,217.18655213270105,4.826421800947872,0.8511848341232221,2.581457345971566,26.441420996324187,89.28447867298584
244,217.18655213270105,4.826421800947872,0.8511848341232221,2.581457345971566,26.441420996324187,89.28447867298584
245,217.18655213270105,4.826421800947872,0.8511848341232221,2.581457345971566,26.441420996324187,89.28447867298584
246,217.18655213270105,4.826421800947872,0.8511848341232221,2.581457345971566,26.441420996324187,89.28447867298584
247,217.18655213270105,4.826421800947872,0.8511848341232221,2.581457345971566,26.441420996324187,89.28447867298584
248,217.18655213270105,4.826421800947872,0.8511848341232221,2.581457345971566,26.441420996324187,89.28447867298584
249,217.18655213270105,4.826421800947872,0.8511848341232221,2.581457345971566,26.441420996324187,89.28447867298584
250,217.18655213270105,4.826421800947872,0.8511848341232221,2.581457345971566,26.441420996324187,89.28447867298584
251,217.18655213270105,4.826421800947872,0.8511848341232221,2.581457345971566,26.441420996324187,89.28447867298584
252,217.18655213270105,4.826421800947872,0.8511848341232221,2.581457345971566,26.441420996324187,89.28447867298584
253,217.18655213270105,4.826421800947872,0.8511848341232221,2.581457345971566,26.441420996324187,89.28447867298584
254,217.18655213270105,4.826421800947872,0.8511848341232221,2.581457345971566,26.441420996324187,89.28447867298584
255,217.18655213270105,4.826421800947872,0.8511848341232221,2.581457345971566,26.441420996324187,89.28447867298584
256,217.18655213270105,4.826421800947872,0.8511848341232221,2.581457345971566,26.441420996324187,89.28447867298584
257,217.18655213270105,4.826421800947872,0.8511848341232221,2.581457345971566,26.441420996324187,89.28447867298584
258,217.18655213270105,4.826421800947872,0.8511848341232221,2.581457345971566,26.441420996324187,89.28447867298584
259,217.18655213270105,4.826421800947872,0.8511848341232221,2.581457345971566,26.441420996324187,89.28447867298584
260,217.18655213270105,4.826421800947872,0.8511848341232221,2.581457345971566,26.441420996324187,89.28447867298584
261,217.18655213270105,4.826421800947872,0.8511848341232221,2.581457345971566,26.441420996324187,89.28447867298584
262,217.18655213270105,4.826421800947872,0.8511848341232221,2.581457345971566,26.441420996324187,89.28447867298584
263,217.18655213270105,4.826421800947872,0.8511848341232221,2.581457345971566,26.441420996324187,89.28447867298584
264,217.18655213270105,4.826421800947872,0.8511848341232221,2.581457345971566,26.441420996324187,89.28447867298584
265,217.18655213270105,4.826421800947872,0.8511848341232221,2.581457345971566,26.441420996324187,89.28447867298584
266,217.18655213270105,4.826421800947872,0.8511848341232221,2.581457345971566,26.441420996324187,89.28447867298584
267,217.18655213270105,4.826421800947872,0.8511848341232221,2.581457345971566,26.441420996324187,89.28447867298584
268,217.18655213270105,4.826421800947872,0.8511848341232221,2.581457345971566,26.441420996324187,89.28447867298584
269,217.18655213270105,4.826421800947872,0.8511848341232221,2.581457345971566,26.441420996324187,89.28447867298584
270,217.18655213270105,4.826421800947872,0.8511848341232221,2.581457345971566,26.441420996324187,89.28447867298584
271,217.18655213270105,4.826421800947872,0.8511848341232221,2.581457345971566,26.441420996324187,89.28447867298584
272,217.18655213270105,4.826421800947872,0.8511848341232221,2.581457345971566,26.441420996324187,89.28447867298584
273,217.18655213270105,4.826421800947872,0.8511848341232221,2.581457345971566,26.441420996324187,89.28447867298584
274,217.18655213270105,4.826421800947872,0.8511848341232221,2.581457345971566,26.441420996324187,89.28447867298584
275,217.18655213270105,4.826421800947872,0.8511848341232221,2.581457345971566,26.441420996324187,89.28447867298584
276,217.18655213270105,4.826421800947872,0.8511848341232221,2.581457345971566,26.441420996324187,89.28447867298584
277,217.18655213270105,4.826421800947872,0.8511848341232221,2.581457345971566,26.441420996324187,89.28447867298584
278,217.18655213270105,4.826421800947872,0.8511848341232221,2.581457345971566,26.441420996324187,89.28447867298584
279,217.18655213270105,4.826421800947872,0.8511848341232221,2.581457345971566,26.441420996324187,89.28447867298584
280,217.18655213270105,4.826421800947872,0.8511848341232221,2.581457345971566,26.441420996324187,89.28447867298584
281,217.18655213270105,4.826421800947872,0.8511848341232221,2.581457345971566,26.441420996324187,89.28447867298584
282,217.18655213270105,4.826421800947872,0.8511848341232221,2.581457345971566,26.441420996324187,89.28447867298584
283,217.18655213270105,4.826421800947872,0.8511848341232221,2.581457345971566,26.441420996324187,89.28447867298584
284,217.18655213270105,4.826421800947872,0.8511848341232221,2.581457345971566,26.441420996324187,89.28447867298584
285,217.18655213270105,4.826421800947872,0.8511848341232221,2.581457345971566,26.441420996324187,89.28447867298584
286,217.18655213270105,4.826421800947872,0.8511848341232221,2.581457345971566,26.441420996324187,89.28447867298584
287,217.18655213270105,4.826421800947872,0.8511848341232221,2.581457345971566,26.441420996324187,89.28447867298584
288,217.18655213270105,4.826421800947872,0.8511848341232221,2.581457345971566,26.441420996324187,89.28447867298584
289,217.18655213270105,4.826421800947872,0.8511848341232221,2.581457345971566,26.441420996324187,89.28447867298584
290,217.18655213270105,4.826421800947872,0.8511848341232221,2.581457345971566,26.441420996324187,89.28447867298584
291,217.18655213270105,4.826421800947872,0.8511848341232221,2.581457345971566,26.441420996324187,89.28447867298584
292,217.18655213270105,4.826421800947872,0.8511848341232221,2.581457345971566,26.441420996324187,89.28447867298584
293,217.18655213270105,4.826421800947872,0.8511848341232221,2.581457345971566,26.441420996324187,89.28447867298584
294,217.18655213270105,4.826421800947872,0.8511848341232221,2.581457345971566,26.441420996324187,89.28447867298584
295,217.18655213270105,4.826421800947872,0.8511848341232221,2.581457345971566,26.441420996324187,89.28447867298584
296,217.18655213270105,4.826421800947872,0.8511848341232221,2.581457345971566,26.441420996324187,89.28447867298584
297,217.18655213270105,4.826421800947872,0.8511848341232221,2.581457345971566,26.441420996324187,89.28447867298584
298,217.18655213270105,4.826421800947872,0.8511848341232221,2.581457345971566,26.441420996324187,89.28447867298584
299,217.18655213270105,4.826421800947872,0.8511848341232221,2.581457345971566,26.441420996324187,89.28447867298584
300,217.18655213270105,4.826421800947872,0.8511848341232221,2.581457345971566,26.441420996324187,89.28447867298584
301,217.18655213270105,4.826421800947872,0.8511848341232221,2.581457345971566,26.441420996324187,89.28447867298584
302,217.18655213270105,4.826421800947872,0.8511848341232221,2.581457345971566,26.441420996324187,89.28447867298584
303,217.18655213270105,4.826421800947872,0.8511848341232221,2.581457345971566,26.441420996324187,89.28447867298584
304,217.18655213270105,4.826421800947872,0.8511848341232221,2.581457345971566,26.441420996324187,89.28447867298584
305,217.18655213270105,4.826421800947872,0.8511848341232221,2.581457345971566,26.441420996324187,89.28447867298584
306,217.18655213270105,4.826421800947872,0.8511848341232221,2.581457345971566,26.441420996324187,89.28447867298584
307,217.18655213270105,4.826421800947872,0.8511848341232221,2.581457345971566,26.441420996324187,89.28447867298584
308,217.18655213270105,4.826421800947872,0.8511848341232221,2.581457345971566,26.441420996324187,89.28447867298584
309,217.18655213270105,4.826421800947872,0.8511848341232221,2.581457345971566,26.441420996324187,89.28447867298584
310,217.18655213270105,4.826421800947872,0.8511848341232221,2.581457345971566,26.441420996324187,89.28447867298584
311,217.18655213270105,4.826421800947872,0.8511848341232221,2.581457345971566,26.441420996324187,89.28447867298584
312,217.18655213270105,4.826421800947872,0.8511848341232221,2.581457345971566,26.441420996324187,89.28447867298584
313,217.18655213270105,4.826421800947872,0.8511848341232221,2.581457345971566,26.441420996324187,89.28447867298584
314,217.18655213270105,4.826421800947872,0.8511848341232221,2.581457345971566,26.441420996324187,89.28447867298584
315,217.18655213270105,4.826421800947872,0.8511848341232221,2.581457345971566,26.441420996324187,89.28447867298584
316,217.18655213270105,4.826421800947872,0.8511848341232221,2.581457345971566,26.441420996324187,89.28447867298584
317,217.18655213270105,4.826421800947872,0.8511848341232221,2.581457345971566,26.441420996324187,89.28447867298584
318,217.18655213270105,4.826421800947872,0.8511848341232221,2.581457345971566,26.441420996324187,89.28447867298584
319,217.18655213270105,4.826421800947872,0.8511848341232221,2.581457345971566,26.441420996324187,89.28447867298584
320,217.18655213270105,4.826421800947872,0.8511848341232221,2.581457345971566,26.441420996324187,89.28447867298584
321,217.18655213270105,4.826421800947872,0.8511848341232221,2.581457345971566,26.441420996324187,89.28447867298584
322,217.18655213270105,4.826421800947872,0.8511848341232221,2.581457345971566,26.441420996324187,89.28447867298584
323,217.18655213270105,4.826421800947872,0.8511848341232221,2.581457345971566,26.441420996324187,89.28447867298584
324,217.18655213270105,4.826421800947872,0.8511848341232221,2.581457345971566,26.441420996324187,89.28447867298584
325,217.18655213270105,4.826421800947872,0.8511848341232221,2.581457345971566,26.441420996324187,89.28447867298584
326,217.18655213270105,4.826421800947872,0.8511848341232221,2.581457345971566,26.441420996324187,89.28447867298584
327,217.18655213270105,4.826421800947872,0.8511848341232221,2.581457345971566,26.441420996324187,89.28447867298584
328,217.18655213270105,4.826421800947872,0.8511848341232221,2.581457345971566,26.441420996324187,89.28447867298584
329,217.18655213270105,4.826421800947872,0.8511848341232221,2.581457345971566,26.441420996324187,89.28447867298584
330,217.18655213270105,4.826421800947872,0.8511848341232221,2.581457345971566,26.441420996324187,89.28447867298584
331,217.18655213270105,4.826421800947872,0.8511848341232221,2.581457345971566,26.441420996324187,89.28447867298584
332,217.18655213270105,4.826421800947872,0.8511848341232221,2.581457345971566,26.441420996324187,89.28447867298584
333,217.18655213270105,4.826421800947872,0.8511848341232221,2.581457345971566,26.441420996324187,89.28447867298584
334,217.18655213270105,4.826421800947872,0.8511848341232221,2.581457345971566,26.441420996324187,89.28447867298584
335,217.18655213270105,4.826421800947872,0.8511848341232221,2.581457345971566,26.441420996324187,89.28447867298584
336,217.18655213270105,4.826421800947872,0.8511848341232221,2.581457345971566,26.441420996324187,89.28447867298584
337,217.18655213270105,4.826421800947872,0.8511848341232221,2.581457345971566,26.441420996324187,89.28447867298584
338,217.18655213270105,4.826421800947872,0.8511848341232221,2.581457345971566,26.441420996324187,89.28447867298584
339,217.18655213270105,4.826421800947872,0.8511848341232221,2.581457345971566,26.441420996324187,89.28447867298584
340,217.18655213270105,4.826421800947872,0.8511848341232221,2.581457345971566,26.441420996324187,89.28447867298584
341,217.18655213270105,4.826421800947872,0.8511848341232221,2.581457345971566,26.441420996324187,89.28447867298584
342,217.18655213270105,4.826421800947872,0.8511848341232221,2.581457345971566,26.441420996324187,89.28447867298584
343,217.18655213270105,4.826421800947872,0.8511848341232221,2.581457345971566,26.441420996324187,89.28447867298584
344,217.18655213270105,4.826421800947872,0.8511848341232221,2.581457345971566,26.441420996324187,89.28447867298584
345,217.18655213270105,4.826421800947872,0.8511848341232221,2.581457345971566,26.441420996324187,89.28447867298584
346,217.18655213270105,4.826421800947872,0.8511848341232221,2.581457345971566,26.441420996324187,89.28447867298584
347,217.18655213270105,4.826421800947872,0.8511848341232221,2.581457345971566,26.441420996324187,89.28447867298584
348,217.18655213270105,4.826421800947872,0.8511848341232221,2.581457345971566,26.441420996324187,89.28447867298584
349,217.18655213270105,4.826421800947872,0.8511848341232221,2.581457345971566,26.441420996324187,89.28447867298584
350,217.18655213270105,4.826421800947872,0.8511848341232221,2.581457345971566,26.441420996324187,89.28447867298584
351,217.18655213270105,4.826421800947872,0.8511848341232221,2.581457345971566,26.441420996324187,89.28447867298584
352,217.18655213270105,4.826421800947872,0.8511848341232221,2.581457345971566,26.441420996324187,89.28447867298584
353,217.18655213270105,4.826421800947872,0.8511848341232221,2.581457345971566,26.441420996324187,89.28447867298584
354,217.18655213270105,4.826421800947872,0.8511848341232221,2.581457345971566,26.441420996324187,89.28447867298584
355,217.18655213270105,4.826421800947872,0.8511848341232221,2.581457345971566,26.441420996324187,89.28447867298584
356,217.18655213270105,4.826421800947872,0.8511848341232221,2.581457345971566,26.441420996324187,89.28447867298584
357,217.18655213270105,4.826421800947872,0.8511848341232221,2.581457345971566,26.441420996324187,89.28447867298584
358,217.18655213270105,4.826421800947872,0.8511848341232221,2.581457345971566,26.441420996324187,89.28447867298584
359,217.18655213270105,4.826421800947872,0.8511848341232221,2.581457345971566,26.441420996324187,89.28447867298584
360,217.18655213270105,4.826421800947872,0.8511848341232221,2.581457345971566,26.441420996324187,89.28447867298584
361,217.18655213270105,4.826421800947872,0.8511848341232221,2.581457345971566,26.441420996324187,89.28447867298584
362,217.18655213270105,4.826421800947872,0.8511848341232221,2.581457345971566,26.441420996324187,89.28447867298584
363,217.18655213270105,4.826421800947872,0.8511848341232221,2.581457345971566,26.441420996324187,89.28447867298584
364,217.18655213270105,4.826421800947872,0.8511848341232221,2.581457345971566,26.441420996324187,89.28447867298584
365,217.18655213270105,4.826421800947872,0.8511848341232221,2.581457345971566,26.441420996324187,89.28447867298584
366,217.18655213270105,4.826421800947872,0.8511848341232221,2.581457345971566,26.441420996324187,89.28447867298584
367,217.18655213270105,4.826421800947872,0.8511848341232221,2.581457345971566,26.441420996324187,89.28447867298584
368,217.18655213270105,4.826421800947872,0.8511848341232221,2.581457345971566,26.441420996324187,89.28447867298584
369,217.18655213270105,4.826421800947872,0.8511848341232221,2.581457345971566,26.441420996324187,89.28447867298584
370,217.18655213270105,4.826421800947872,0.8511848341232221,2.581457345971566,26.441420996324187,89.28447867298584
371,217.18655213270105,4.826421800947872,0.8511848341232221,2.581457345971566,26.441420996324187,89.28447867298584
372,217.18655213270105,4.826421800947872,0.8511848341232221,2.581457345971566,26.441420996324187,89.28447867298584
373,217.18655213270105,4.826421800947872,0.8511848341232221,2.581457345971566,26.441420996324187,89.28447867298584
374,217.18655213270105,4.826421800947872,0.8511848341232221,2.581457345971566,26.441420996324187,89.28447867298584
375,217.18655213270105,4.826421800947872,0.8511848341232221,2.581457345971566,26.441420996324187,89.28447867298584
376,217.18655213270105,4.826421800947872,0.8511848341232221,2.581457345971566,26.441420996324187,89.28447867298584
377,217.18655213270105,4.826421800947872,0.8511848341232221,2.581457345971566,26.441420996324187,89.28447867298584
378,217.18655213270105,4.826421800947872,0.8511848341232221,2.581457345971566,26.441420996324187,89.28447867298584
379,217.18655213270105,4.826421800947872,0.8511848341232221,2.581457345971566,26.441420996324187,89.28447867298584
380,217.18655213270105,4.826421800947872,0.8511848341232221,2.581457345971566,26.441420996324187,89.28447867298584
381,217.18655213270105,4.826421800947872,0.8511848341232221,2.581457345971566,26.441420996324187,89.28447867298584
382,217.18655213270105,4.826421800947872,0.8511848341232221,2.581457345971566,26.441420996324187,89.28447867298584
383,217.18655213270105,4.826421800947872,0.8511848341232221,2.581457345971566,26.441420996324187,89.28447867298584
384,217.18655213270105,4.826421800947872,0.8511848341232221,2.581457345971566,26.441420996324187,89.28447867298584
385,217.18655213270105,4.826421800947872,0.8511848341232221,2.581457345971566,26.441420996324187,89.28447867298584
386,217.18655213270105,4.826421800947872,0.8511848341232221,2.581457345971566,26.441420996324187,89.28447867298584
387,217.18655213270105,4.826421800947872,0.8511848341232221,2.581457345971566,26.441420996324187,89.28447867298584
388,217.18655213270105,4.826421800947872,0.8511848341232221,2.581457345971566,26.441420996324187,89.28447867298584
389,217.18655213270105,4.826421800947872,0.8511848341232221,2.581457345971566,26.441420996324187,89.28447867298584
390,217.18655213270105,4.826421800947872,0.8511848341232221,2.581457345971566,26.441420996324187,89.28447867298584
391,217.18655213270105,4.826421800947872,0.8511848341232221,2.581457345971566,26.441420996324187,89.28447867298584
392,217.18655213270105,4.826421800947872,0.8511848341232221,2.581457345971566,26.441420996324187,89.28447867298584
393,217.18655213270105,4.826421800947872,0.8511848341232221,2.581457345971566,26.441420996324187,89.28447867298584
394,217.18655213270105,4.826421800947872,0.8511848341232221,2.581457345971566,26.441420996324187,89.28447867298584
395,217.18655213270105,4.826421800947872,0.8511848341232221,2.581457345971566,26.441420996324187,89.28447867298584
396,217.18655213270105,4.826421800947872,0.8511848341232221,2.581457345971566,26.441420996324187,89.28447867298584
397,217.18655213270105,4.826421800947872,0.8511848341232221,2.581457345971566,26.441420996324187,89.28447867298584
398,217.18655213270105,4.826421800947872,0.8511848341232221,2.581457345971566,26.441420996324187,89.28447867298584
399,217.18655213270105,4.826421800947872,0.8511848341232221,2.581457345971566,26.441420996324187,89.28447867298584
400,217.18655213270105,4.826421800947872,0.8511848341232221,2.581457345971566,26.441420996324187,89.28447867298584
401,217.18655213270105,4.826421800947872,0.8511848341232221,2.581457345971566,26.441420996324187,89.28447867298584
402,217.18655213270105,4.826421800947872,0.8511848341232221,2.581457345971566,26.441420996324187,89.28447867298584
403,217.18655213270105,4.826421800947872,0.8511848341232221,2.581457345971566,26.441420996324187,89.28447867298584
404,217.18655213270105,4.826421800947872,0.8511848341232221,2.581457345971566,26.441420996324187,89.28447867298584
405,217.18655213270105,4.826421800947872,0.8511848341232221,2.581457345971566,26.441420996324187,89.28447867298584
406,217.18655213270105,4.826421800947872,0.8511848341232221,2.581457345971566,26.441420996324187,89.28447867298584
407,217.18655213270105,4.826421800947872,0.8511848341232221,2.581457345971566,26.441420996324187,89.28447867298584
408,217.18655213270105,4.826421800947872,0.8511848341232221,2.581457345971566,26.441420996324187,89.28447867298584
409,217.18655213270105,4.826421800947872,0.8511848341232221,2.581457345971566,26.441420996324187,89.28447867298584
410,217.18655213270105,4.826421800947872,0.8511848341232221,2.581457345971566,26.441420996324187,89.28447867298584
411,217.18655213270105,4.826421800947872,0.8511848341232221,2.581457345971566,26.441420996324187,89.28447867298584
412,217.18655213270105,4.826421800947872,0.8511848341232221,2.581457345971566,26.441420996324187,89.28447867298584
413,217.18655213270105,4.826421800947872,0.8511848341232221,2.581457345971566,26.441420996324187,89.28447867298584
414,217.18655213270105,4.826421800947872,0.8511848341232221,2.581457345971566,26.441420996324187,89.28447867298584
415,217.18655213270105,4.826421800947872,0.8511848341232221,2.581457345971566,26.441420996324187,89.28447867298584
416,217.18655213270105,4.826421800947872,0.8511848341232221,2.581457345971566,26.441420996324187,89.28447867298584
417,217.18655213270105,4.826421800947872,0.8511848341232221,2.581457345971566,26.441420996324187,89.28447867298584
418,217.18655213270105,4.826421800947872,0.8511848341232221,2.581457345971566,26.441420996324187,89.28447867298584
419,217.18655213270105,4.826421800947872,0.8511848341232221,2.581457345971566,26.441420996324187,89.28447867298584
420,217.18655213270105,4.826421800947872,0.8511848341232221,2.581457345971566,26.441420996324187,89.28447867298584
421,217.18655213270105,4.826421800947872,0.8511848341232221,2.581457345971566,26.441420996324187,89.28447867298584
422,217.18655213270105,4.826421800947872,0.8511848341232221,2.581457345971566,26.441420996324187,89.28447867298584
423,217.18655213270105,4.826421800947872,0.8511848341232221,2.581457345971566,26.441420996324187,89.28447867298584
424,217.18655213270105,4.826421800947872,0.8511848341232221,2.581457345971566,26.441420996324187,89.28447867298584
425,217.18655213270105,4.826421800947872,0.8511848341232221,2.581457345971566,26.441420996324187,89.28447867298584
426,217.18655213270105,4.826421800947872,0.8511848341232221,2.581457345971566,26.441420996324187,89.28447867298584
427,217.18655213270105,4.826421800947872,0.8511848341232221,2.581457345971566,26.441420996324187,89.28447867298584
428,217.18655213270105,4.826421800947872,0.8511848341232221,2.581457345971566,26.441420996324187,89.28447867298584
429,217.18655213270105,4.826421800947872,0.8511848341232221,2.581457345971566,26.441420996324187,89.28447867298584
430,217.18655213270105,4.826421800947872,0.8511848341232221,2.581457345971566,26.441420996324187,89.28447867298584
431,217.18655213270105,4.826421800947872,0.8511848341232221,2.581457345971566,26.441420996324187,89.28447867298584
432,217.18655213270105,4.826421800947872,0.8511848341232221,2.581457345971566,26.441420996324187,89.28447867298584
433,217.18655213270105,4.826421800947872,0.8511848341232221,2.581457345971566,26.441420996324187,89.28447867298584
434,217.18655213270105,4.826421800947872,0.8511848341232221,2.581457345971566,26.441420996324187,89.28447867298584
435,217.18655213270105,4.826421800947872,0.8511848341232221,2.581457345971566,26.441420996324187,89.28447867298584
436,217.18655213270105,4.826421800947872,0.8511848341232221,2.581457345971566,26.441420996324187,89.28447867298584
437,217.18655213270105,4.826421800947872,0.8511848341232221,2.581457345971566,26.441420996324187,89.28447867298584
438,217.18655213270105,4.826421800947872,0.8511848341232221,2.581457345971566,26.441420996324187,89.28447867298584
439,217.18655213270105,4.826421800947872,0.8511848341232221,2.581457345971566,26.441420996324187,89.28447867298584
440,217.18655213270105,4.826421800947872,0.8511848341232221,2.581457345971566,26.441420996324187,89.28447867298584
441,217.18655213270105,4.826421800947872,0.8511848341232221,2.581457345971566,26.441420996324187,89.28447867298584
442,217.18655213270105,4.826421800947872,0.8511848341232221,2.581457345971566,26.441420996324187,89.28447867298584
443,217.18655213270105,4.826421800947872,0.8511848341232221,2.581457345971566,26.441420996324187,89.28447867298584
444,217.18655213270105,4.826421800947872,0.8511848341232221,2.581457345971566,26.441420996324187,89.28447867298584
445,217.18655213270105,4.826421800947872,0.8511848341232221,2.581457345971566,26.441420996324187,89.28447867298584
446,217.18655213270105,4.826421800947872,0.8511848341232221,2.581457345971566,26.441420996324187,89.28447867298584
447,217.18655213270105,4.826421800947872,0.8511848341232221,2.581457345971566,26.441420996324187,89.28447867298584
448,217.18655213270105,4.826421800947872,0.8511848341232221,2.581457345971566,26.441420996324187,89.28447867298584
449,217.18655213270105,4.826421800947872,0.8511848341232221,2.581457345971566,26.441420996324187,89.28447867298584
450,217.18655213270105,4.826421800947872,0.8511848341232221,2.581457345971566,26.441420996324187,89.28447867298584
451,217.18655213270105,4.826421800947872,0.8511848341232221,2.581457345971566,26.441420996324187,89.28447867298584
452,217.18655213270105,4.826421800947872,0.8511848341232221,2.581457345971566,26.441420996324187,89.28447867298584
453,217.18655213270105,4.826421800947872,0.8511848341232221,2.581457345971566,26.441420996324187,89.28447867298584
454,217.18655213270105,4.826421800947872,0.8511848341232221,2.581457345971566,26.441420996324187,89.28447867298584
455,217.18655213270105,4.826421800947872,0.8511848341232221,2.581457345971566,26.441420996324187,89.28447867298584
456,217.18655213270105,4.826421800947872,0.8511848341232221,2.581457345971566,26.441420996324187,89.28447867298584
457,217.18655213270105,4.826421800947872,0.8511848341232221,2.581457345971566,26.441420996324187,89.28447867298584
458,217.18655213270105,4.826421800947872,0.8511848341232221,2.581457345971566,26.441420996324187,89.28447867298584
459,217.18655213270105,4.826421800947872,0.8511848341232221,2.581457345971566,26.441420996324187,89.28447867298584
460,217.18655213270105,4.826421800947872,0.8511848341232221,2.581457345971566,26.441420996324187,89.28447867298584
461,217.18655213270105,4.826421800947872,0.8511848341232221,2.581457345971566,26.441420996324187,89.28447867298584
462,217.18655213270105,4.826421800947872,0.8511848341232221,2.581457345971566,26.441420996324187,89.28447867298584
463,217.18655213270105,4.826421800947872,0.8511848341232221,2.581457345971566,26.441420996324187,89.28447867298584
464,217.18655213270105,4.826421800947872,0.8511848341232221,2.581457345971566,26.441420996324187,89.28447867298584
465,217.18655213270105,4.826421800947872,0.8511848341232221,2.581457345971566,26.441420996324187,89.28447867298584
466,217.18655213270105,4.826421800947872,0.8511848341232221,2.581457345971566,26.441420996324187,89.28447867298584
467,217.18655213270105,4.826421800947872,0.8511848341232221,2.581457345971566,26.441420996324187,89.28447867298584
468,217.18655213270105,4.826421800947872,0.8511848341232221,2.581457345971566,26.441420996324187,89.28447867298584
469,217.18655213270105,4.826421800947872,0.8511848341232221,2.581457345971566,26.441420996324187,89.28447867298584
470,217.18655213270105,4.826421800947872,0.8511848341232221,2.581457345971566,26.441420996324187,89.28447867298584
471,217.18655213270105,4.826421800947872,0.8511848341232221,2.581457345971566,26.441420996324187,89.28447867298584
472,217.18655213270105,4.826421800947872,0.8511848341232221,2.581457345971566,26.441420996324187,89.28447867298584
473,217.18655213270105,4.826421800947872,0.8511848341232221,2.581457345971566,26.441420996324187,89.28447867298584
474,217.18655213270105,4.826421800947872,0.8511848341232221,2.581457345971566,26.441420996324187,89.28447867298584
475,217.18655213270105,4.826421800947872,0.8511848341232221,2.581457345971566,26.441420996324187,89.28447867298584
476,217.18655213270105,4.826421800947872,0.8511848341232221,2.581457345971566,26.441420996324187,89.28447867298584
477,217.18655213270105,4.826421800947872,0.8511848341232221,2.581457345971566,26.441420996324187,89.28447867298584
478,217.18655213270105,4.826421800947872,0.8511848341232221,2.581457345971566,26.441420996324187,89.28447867298584
479,217.18655213270105,4.826421800947872,0.8511848341232221,2.581457345971566,26.441420996324187,89.28447867298584
480,217.18655213270105,4.826421800947872,0.8511848341232221,2.581457345971566,26.441420996324187,89.28447867298584
481,217.18655213270105,4.826421800947872,0.8511848341232221,2.581457345971566,26.441420996324187,89.28447867298584
482,217.18655213270105,4.826421800947872,0.8511848341232221,2.581457345971566,26.441420996324187,89.28447867298584
483,217.18655213270105,4.826421800947872,0.8511848341232221,2.581457345971566,26.441420996324187,89.28447867298584
484,217.18655213270105,4.826421800947872,0.8511848341232221,2.581457345971566,26.441420996324187,89.28447867298584
485,217.18655213270105,4.826421800947872,0.8511848341232221,2.581457345971566,26.441420996324187,89.28447867298584
486,217.18655213270105,4.826421800947872,0.8511848341232221,2.581457345971566,26.441420996324187,89.28447867298584
487,217.18655213270105,4.826421800947872,0.8511848341232221,2.581457345971566,26.441420996324187,89.28447867298584
488,217.18655213270105,4.826421800947872,0.8511848341232221,2.581457345971566,26.441420996324187,89.28447867298584
489,217.18655213270105,4.826421800947872,0.8511848341232221,2.581457345971566,26.441420996324187,89.28447867298584
490,217.18655213270105,4.826421800947872,0.8511848341232221,2.581457345971566,26.441420996324187,89.28447867298584
491,217.18655213270105,4.826421800947872,0.8511848341232221,2.581457345971566,26.441420996324187,89.28447867298584
492,217.18655213270105,4.826421800947872,0.8511848341232221,2.581457345971566,26.441420996324187,89.28447867298584
493,217.18655213270105,4.826421800947872,0.8511848341232221,2.581457345971566,26.441420996324187,89.28447867298584
494,217.18655213270105,4.826421800947872,0.8511848341232221,2.581457345971566,26.441420996324187,89.28447867298584
495,217.18655213270105,4.826421800947872,0.8511848341232221,2.581457345971566,26.441420996324187,89.28447867298584
496,217.18655213270105,4.826421800947872,0.8511848341232221,2.581457345971566,26.441420996324187,89.28447867298584
497,217.18655213270105,4.826421800947872,0.8511848341232221,2.581457345971566,26.441420996324187,89.28447867298584
498,217.18655213270105,4.826421800947872,0.8511848341232221,2.581457345971566,26.441420996324187,89.28447867298584
499,217.18655213270105,4.826421800947872,0.8511848341232221,2.581457345971566,26.441420996324187,89.28447867298584
500,217.18655213270105,4.826421800947872,0.8511848341232221,2.581457345971566,26.441420996324187,89.28447867298584
501,217.18655213270105,4.826421800947872,0.8511848341232221,2.581457345971566,26.441420996324187,89.28447867298584
502,217.18655213270105,4.826421800947872,0.8511848341232221,2.581457345971566,26.441420996324187,89.28447867298584
503,217.18655213270105,4.826421800947872,0.8511848341232221,2.581457345971566,26.441420996324187,89.28447867298584
504,217.18655213270105,4.826421800947872,0.8511848341232221,2.581457345971566,26.441420996324187,89.28447867298584
505,217.18655213270105,4.826421800947872,0.8511848341232221,2.581457345971566,26.441420996324187,89.28447867298584
506,217.18655213270105,4.826421800947872,0.8511848341232221,2.581457345971566,26.441420996324187,89.28447867298584
507,217.18655213270105,4.826421800947872,0.8511848341232221,2.581457345971566,26.441420996324187,89.28447867298584
508,217.18655213270105,4.826421800947872,0.8511848341232221,2.581457345971566,26.441420996324187,89.28447867298584
509,217.18655213270105,4.826421800947872,0.8511848341232221,2.581457345971566,26.441420996324187,89.28447867298584
510,217.18655213270105,4.826421800947872,0.8511848341232221,2.581457345971566,26.441420996324187,89.28447867298584
511,217.18655213270105,4.826421800947872,0.8511848341232221,2.581457345971566,26.441420996324187,89.28447867298584
512,217.18655213270105,4.826421800947872,0.8511848341232221,2.581457345971566,26.441420996324187,89.28447867298584
513,217.18655213270105,4.826421800947872,0.8511848341232221,2.581457345971566,26.441420996324187,89.28447867298584
514,217.18655213270105,4.826421800947872,0.8511848341232221,2.581457345971566,26.441420996324187,89.28447867298584
515,217.18655213270105,4.826421800947872,0.8511848341232221,2.581457345971566,26.441420996324187,89.28447867298584
516,217.18655213270105,4.826421800947872,0.8511848341232221,2.581457345971566,26.441420996324187,89.28447867298584
517,217.18655213270105,4.826421800947872,0.8511848341232221,2.581457345971566,26.441420996324187,89.28447867298584
518,217.18655213270105,4.826421800947872,0.8511848341232221,2.581457345971566,26.441420996324187,89.28447867298584
519,217.18655213270105,4.826421800947872,0.8511848341232221,2.581457345971566,26.441420996324187,89.28447867298584
520,217.18655213270105,4.826421800947872,0.8511848341232221,2.581457345971566,26.441420996324187,89.28447867298584
521,217.18655213270105,4.826421800947872,0.8511848341232221,2.581457345971566,26.441420996324187,89.28447867298584
522,217.18655213270105,4.826421800947872,0.8511848341232221,2.581457345971566,26.441420996324187,89.28447867298584
523,217.18655213270105,4.826421800947872,0.8511848341232221,2.581457345971566,26.441420996324187,89.28447867298584
524,217.18655213270105,4.826421800947872,0.8511848341232221,2.581457345971566,26.441420996324187,89.28447867298584
525,217.18655213270105,4.826421800947872,0.8511848341232221,2.581457345971566,26.441420996324187,89.28447867298584
526,217.18655213270105,4.826421800947872,0.8511848341232221,2.581457345971566,26.441420996324187,89.28447867298584
527,217.18655213270105,4.826421800947872,0.8511848341232221,2.581457345971566,26.441420996324187,89.28447867298584
528,217.18655213270105,4.826421800947872,0.8511848341232221,2.581457345971566,26.441420996324187,89.28447867298584
529,217.18655213270105,4.826421800947872,0.8511848341232221,2.581457345971566,26.441420996324187,89.28447867298584
530,217.18655213270105,4.826421800947872,0.8511848341232221,2.581457345971566,26.441420996324187,89.28447867298584
531,217.18655213270105,4.826421800947872,0.8511848341232221,2.581457345971566,26.441420996324187,89.28447867298584
532,217.18655213270105,4.826421800947872,0.8511848341232221,2.581457345971566,26.441420996324187,89.28447867298584
533,217.18655213270105,4.826421800947872,0.8511848341232221,2.581457345971566,26.441420996324187,89.28447867298584
534,217.18655213270105,4.826421800947872,0.8511848341232221,2.581457345971566,26.441420996324187,89.28447867298584
535,217.18655213270105,4.826421800947872,0.8511848341232221,2.581457345971566,26.441420996324187,89.28447867298584
536,217.18655213270105,4.826421800947872,0.8511848341232221,2.581457345971566,26.441420996324187,89.28447867298584
537,217.18655213270105,4.826421800947872,0.8511848341232221,2.581457345971566,26.441420996324187,89.28447867298584
538,217.18655213270105,4.826421800947872,0.8511848341232221,2.581457345971566,26.441420996324187,89.28447867298584
539,217.18655213270105,4.826421800947872,0.8511848341232221,2.581457345971566,26.441420996324187,89.28447867298584
540,217.18655213270105,4.826421800947872,0.8511848341232221,2.581457345971566,26.441420996324187,89.28447867298584
541,217.18655213270105,4.826421800947872,0.8511848341232221,2.581457345971566,26.441420996324187,89.28447867298584
542,217.18655213270105,4.826421800947872,0.8511848341232221,2.581457345971566,26.441420996324187,89.28447867298584
543,217.18655213270105,4.826421800947872,0.8511848341232221,2.581457345971566,26.441420996324187,89.28447867298584
544,217.18655213270105,4.826421800947872,0.8511848341232221,2.581457345971566,26.441420996324187,89.28447867298584
545,217.18655213270105,4.826421800947872,0.8511848341232221,2.581457345971566,26.441420996324187,89.28447867298584
546,217.18655213270105,4.826421800947872,0.8511848341232221,2.581457345971566,26.441420996324187,89.28447867298584
547,217.18655213270105,4.826421800947872,0.8511848341232221,2.581457345971566,26.441420996324187,89.28447867298584
548,217.18655213270105,4.826421800947872,0.8511848341232221,2.581457345971566,26.441420996324187,89.28447867298584
549,217.18655213270105,4.826421800947872,0.8511848341232221,2.581457345971566,26.441420996324187,89.28447867298584
550,217.18655213270105,4.826421800947872,0.8511848341232221,2.581457345971566,26.441420996324187,89.28447867298584
551,217.18655213270105,4.826421800947872,0.8511848341232221,2.581457345971566,26.441420996324187,89.28447867298584
552,217.18655213270105,4.826421800947872,0.8511848341232221,2.581457345971566,26.441420996324187,89.28447867298584
553,217.18655213270105,4.826421800947872,0.8511848341232221,2.581457345971566,26.441420996324187,89.28447867298584
554,217.18655213270105,4.826421800947872,0.8511848341232221,2.581457345971566,26.441420996324187,89.28447867298584
555,217.18655213270105,4.826421800947872,0.8511848341232221,2.581457345971566,26.441420996324187,89.28447867298584
556,217.18655213270105,4.826421800947872,0.8511848341232221,2.581457345971566,26.441420996324187,89.28447867298584
557,217.18655213270105,4.826421800947872,0.8511848341232221,2.581457345971566,26.441420996324187,89.28447867298584
558,217.18655213270105,4.826421800947872,0.8511848341232221,2.581457345971566,26.441420996324187,89.28447867298584
559,217.18655213270105,4.826421800947872,0.8511848341232221,2.581457345971566,26.441420996324187,89.28447867298584
560,217.18655213270105,4.826421800947872,0.8511848341232221,2.581457345971566,26.441420996324187,89.28447867298584
561,217.18655213270105,4.826421800947872,0.8511848341232221,2.581457345971566,26.441420996324187,89.28447867298584
562,217.18655213270105,4.826421800947872,0.8511848341232221,2.581457345971566,26.441420996324187,89.28447867298584
563,217.18655213270105,4.826421800947872,0.8511848341232221,2.581457345971566,26.441420996324187,89.28447867298584
564,217.18655213270105,4.826421800947872,0.8511848341232221,2.581457345971566,26.441420996324187,89.28447867298584
565,217.18655213270105,4.826421800947872,0.8511848341232221,2.581457345971566,26.441420996324187,89.28447867298584
566,217.18655213270105,4.826421800947872,0.8511848341232221,2.581457345971566,26.441420996324187,89.28447867298584
567,217.18655213270105,4.826421800947872,0.8511848341232221,2.581457345971566,26.441420996324187,89.28447867298584
568,217.18655213270105,4.826421800947872,0.8511848341232221,2.581457345971566,26.441420996324187,89.28447867298584
569,217.18655213270105,4.826421800947872,0.8511848341232221,2.581457345971566,26.441420996324187,89.28447867298584
570,217.18655213270105,4.826421800947872,0.8511848341232221,2.581457345971566,26.441420996324187,89.28447867298584
571,217.18655213270105,4.826421800947872,0.8511848341232221,2.581457345971566,26.441420996324187,89.28447867298584
572,217.18655213270105,4.826421800947872,0.8511848341232221,2.581457345971566,26.441420996324187,89.28447867298584
573,217.18655213270105,4.826421800947872,0.8511848341232221,2.581457345971566,26.441420996324187,89.28447867298584
574,217.18655213270105,4.826421800947872,0.8511848341232221,2.581457345971566,26.441420996324187,89.28447867298584
575,217.18655213270105,4.826421800947872,0.8511848341232221,2.581457345971566,26.441420996324187,89.28447867298584
576,217.18655213270105,4.826421800947872,0.8511848341232221,2.581457345971566,26.441420996324187,89.28447867298584
577,217.18655213270105,4.826421800947872,0.8511848341232221,2.581457345971566,26.441420996324187,89.28447867298584
578,217.18655213270105,4.826421800947872,0.8511848341232221,2.581457345971566,26.441420996324187,89.28447867298584
579,217.18655213270105,4.826421800947872,0.8511848341232221,2.581457345971566,26.441420996324187,89.28447867298584
580,217.18655213270105,4.826421800947872,0.8511848341232221,2.581457345971566,26.441420996324187,89.28447867298584
581,217.18655213270105,4.826421800947872,0.8511848341232221,2.581457345971566,26.441420996324187,89.28447867298584
582,217.18655213270105,4.826421800947872,0.8511848341232221,2.581457345971566,26.441420996324187,89.28447867298584
583,217.18655213270105,4.826421800947872,0.8511848341232221,2.581457345971566,26.441420996324187,89.28447867298584
584,217.18655213270105,4.826421800947872,0.8511848341232221,2.581457345971566,26.441420996324187,89.28447867298584
585,217.18655213270105,4.826421800947872,0.8511848341232221,2.581457345971566,26.441420996324187,89.28447867298584
586,217.18655213270105,4.826421800947872,0.8511848341232221,2.581457345971566,26.441420996324187,89.28447867298584
587,217.18655213270105,4.826421800947872,0.8511848341232221,2.581457345971566,26.441420996324187,89.28447867298584
588,217.18655213270105,4.826421800947872,0.8511848341232221,2.581457345971566,26.441420996324187,89.28447867298584
589,217.18655213270105,4.826421800947872,0.8511848341232221,2.581457345971566,26.441420996324187,89.28447867298584
590,217.18655213270105,4.826421800947872,0.8511848341232221,2.581457345971566,26.441420996324187,89.28447867298584
591,217.18655213270105,4.826421800947872,0.8511848341232221,2.581457345971566,26.441420996324187,89.28447867298584
592,217.18655213270105,4.826421800947872,0.8511848341232221,2.581457345971566,26.441420996324187,89.28447867298584
593,217.18655213270105,4.826421800947872,0.8511848341232221,2.581457345971566,26.441420996324187,89.28447867298584
594,217.18655213270105,4.826421800947872,0.8511848341232221,2.581457345971566,26.441420996324187,89.28447867298584
595,217.18655213270105,4.826421800947872,0.8511848341232221,2.581457345971566,26.441420996324187,89.28447867298584
596,217.18655213270105,4.826421800947872,0.8511848341232221,2.581457345971566,26.441420996324187,89.28447867298584
597,217.18655213270105,4.826421800947872,0.8511848341232221,2.581457345971566,26.441420996324187,89.28447867298584
598,217.18655213270105,4.826421800947872,0.8511848341232221,2.581457345971566,26.441420996324187,89.28447867298584
599,217.18655213270105,4.826421800947872,0.8511848341232221,2.581457345971566,26.441420996324187,89.28447867298584
600,217.18655213270105,4.826421800947872,0.8511848341232221,2.581457345971566,26.441420996324187,89.28447867298584
601,217.18655213270105,4.826421800947872,0.8511848341232221,2.581457345971566,26.441420996324187,89.28447867298584
602,217.18655213270105,4.826421800947872,0.8511848341232221,2.581457345971566,26.441420996324187,89.28447867298584
603,217.18655213270105,4.826421800947872,0.8511848341232221,2.581457345971566,26.441420996324187,89.28447867298584
604,217.18655213270105,4.826421800947872,0.8511848341232221,2.581457345971566,26.441420996324187,89.28447867298584
605,217.18655213270105,4.826421800947872,0.8511848341232221,2.581457345971566,26.441420996324187,89.28447867298584
606,217.18655213270105,4.826421800947872,0.8511848341232221,2.581457345971566,26.441420996324187,89.28447867298584
607,217.18655213270105,4.826421800947872,0.8511848341232221,2.581457345971566,26.441420996324187,89.28447867298584
608,217.18655213270105,4.826421800947872,0.8511848341232221,2.581457345971566,26.441420996324187,89.28447867298584
609,217.18655213270105,4.826421800947872,0.8511848341232221,2.581457345971566,26.441420996324187,89.28447867298584
610,217.18655213270105,4.826421800947872,0.8511848341232221,2.581457345971566,26.441420996324187,89.28447867298584
611,217.18655213270105,4.826421800947872,0.8511848341232221,2.581457345971566,26.441420996324187,89.28447867298584
612,217.18655213270105,4.826421800947872,0.8511848341232221,2.581457345971566,26.441420996324187,89.28447867298584
613,217.18655213270105,4.826421800947872,0.8511848341232221,2.581457345971566,26.441420996324187,89.28447867298584
614,217.18655213270105,4.826421800947872,0.8511848341232221,2.581457345971566,26.441420996324187,89.28447867298584
615,217.18655213270105,4.826421800947872,0.8511848341232221,2.581457345971566,26.441420996324187,89.28447867298584
616,217.18655213270105,4.826421800947872,0.8511848341232221,2.581457345971566,26.441420996324187,89.28447867298584
617,217.18655213270105,4.826421800947872,0.8511848341232221,2.581457345971566,26.441420996324187,89.28447867298584
618,217.18655213270105,4.826421800947872,0.8511848341232221,2.581457345971566,26.441420996324187,89.28447867298584
619,217.18655213270105,4.826421800947872,0.8511848341232221,2.581457345971566,26.441420996324187,89.28447867298584
620,217.18655213270105,4.826421800947872,0.8511848341232221,2.581457345971566,26.441420996324187,89.28447867298584
621,217.18655213270105,4.826421800947872,0.8511848341232221,2.581457345971566,26.441420996324187,89.28447867298584
622,217.18655213270105,4.826421800947872,0.8511848341232221,2.581457345971566,26.441420996324187,89.28447867298584
623,217.18655213270105,4.826421800947872,0.8511848341232221,2.581457345971566,26.441420996324187,89.28447867298584
624,217.18655213270105,4.826421800947872,0.8511848341232221,2.581457345971566,26.441420996324187,89.28447867298584
625,217.18655213270105,4.826421800947872,0.8511848341232221,2.581457345971566,26.441420996324187,89.28447867298584
626,217.18655213270105,4.826421800947872,0.8511848341232221,2.581457345971566,26.441420996324187,89.28447867298584
627,217.18655213270105,4.826421800947872,0.8511848341232221,2.581457345971566,26.441420996324187,89.28447867298584
628,217.18655213270105,4.826421800947872,0.8511848341232221,2.581457345971566,26.441420996324187,89.28447867298584
629,217.18655213270105,4.826421800947872,0.8511848341232221,2.581457345971566,26.441420996324187,89.28447867298584
630,217.18655213270105,4.826421800947872,0.8511848341232221,2.581457345971566,26.441420996324187,89.28447867298584
631,217.18655213270105,4.826421800947872,0.8511848341232221,2.581457345971566,26.441420996324187,89.28447867298584
632,217.18655213270105,4.826421800947872,0.8511848341232221,2.581457345971566,26.441420996324187,89.28447867298584
633,217.18655213270105,4.826421800947872,0.8511848341232221,2.581457345971566,26.441420996324187,89.28447867298584
634,217.18655213270105,4.826421800947872,0.8511848341232221,2.581457345971566,26.441420996324187,89.28447867298584
635,217.18655213270105,4.826421800947872,0.8511848341232221,2.581457345971566,26.441420996324187,89.28447867298584
636,217.18655213270105,4.826421800947872,0.8511848341232221,2.581457345971566,26.441420996324187,89.28447867298584
637,217.18655213270105,4.826421800947872,0.8511848341232221,2.581457345971566,26.441420996324187,89.28447867298584
638,217.18655213270105,4.826421800947872,0.8511848341232221,2.581457345971566,26.441420996324187,89.28447867298584
639,217.18655213270105,4.826421800947872,0.8511848341232221,2.581457345971566,26.441420996324187,89.28447867298584
640,217.18655213270105,4.826421800947872,0.8511848341232221,2.581457345971566,26.441420996324187,89.28447867298584
641,217.18655213270105,4.826421800947872,0.8511848341232221,2.581457345971566,26.441420996324187,89.28447867298584
642,217.18655213270105,4.826421800947872,0.8511848341232221,2.581457345971566,26.441420996324187,89.28447867298584
643,217.18655213270105,4.826421800947872,0.8511848341232221,2.581457345971566,26.441420996324187,89.28447867298584
644,217.18655213270105,4.826421800947872,0.8511848341232221,2.581457345971566,26.441420996324187,89.28447867298584
645,217.18655213270105,4.826421800947872,0.8511848341232221,2.581457345971566,26.441420996324187,89.28447867298584
646,217.18655213270105,4.826421800947872,0.8511848341232221,2.581457345971566,26.441420996324187,89.28447867298584
647,217.18655213270105,4.826421800947872,0.8511848341232221,2.581457345971566,26.441420996324187,89.28447867298584
648,217.18655213270105,4.826421800947872,0.8511848341232221,2.581457345971566,26.441420996324187,89.28447867298584
649,217.18655213270105,4.826421800947872,0.8511848341232221,2.581457345971566,26.441420996324187,89.28447867298584
650,217.18655213270105,4.826421800947872,0.8511848341232221,2.581457345971566,26.441420996324187,89.28447867298584
651,217.18655213270105,4.826421800947872,0.8511848341232221,2.581457345971566,26.441420996324187,89.28447867298584
652,217.18655213270105,4.826421800947872,0.8511848341232221,2.581457345971566,26.441420996324187,89.28447867298584
653,217.18655213270105,4.826421800947872,0.8511848341232221,2.581457345971566,26.441420996324187,89.28447867298584
654,217.18655213270105,4.826421800947872,0.8511848341232221,2.581457345971566,26.441420996324187,89.28447867298584
655,217.18655213270105,4.826421800947872,0.8511848341232221,2.581457345971566,26.441420996324187,89.28447867298584
656,217.18655213270105,4.826421800947872,0.8511848341232221,2.581457345971566,26.441420996324187,89.28447867298584
657,217.18655213270105,4.826421800947872,0.8511848341232221,2.581457345971566,26.441420996324187,89.28447867298584
658,217.18655213270105,4.826421800947872,0.8511848341232221,2.581457345971566,26.441420996324187,89.28447867298584
659,217.18655213270105,4.826421800947872,0.8511848341232221,2.581457345971566,26.441420996324187,89.28447867298584
660,217.18655213270105,4.826421800947872,0.8511848341232221,2.581457345971566,26.441420996324187,89.28447867298584
661,217.18655213270105,4.826421800947872,0.8511848341232221,2.581457345971566,26.441420996324187,89.28447867298584
662,217.18655213270105,4.826421800947872,0.8511848341232221,2.581457345971566,26.441420996324187,89.28447867298584
663,217.18655213270105,4.826421800947872,0.8511848341232221,2.581457345971566,26.441420996324187,89.28447867298584
664,217.18655213270105,4.826421800947872,0.8511848341232221,2.581457345971566,26.441420996324187,89.28447867298584
665,217.18655213270105,4.826421800947872,0.8511848341232221,2.581457345971566,26.441420996324187,89.28447867298584
666,217.18655213270105,4.826421800947872,0.8511848341232221,2.581457345971566,26.441420996324187,89.28447867298584
667,217.18655213270105,4.826421800947872,0.8511848341232221,2.581457345971566,26.441420996324187,89.28447867298584
668,217.18655213270105,4.826421800947872,0.8511848341232221,2.581457345971566,26.441420996324187,89.28447867298584
669,217.18655213270105,4.826421800947872,0.8511848341232221,2.581457345971566,26.441420996324187,89.28447867298584
670,217.18655213270105,4.826421800947872,0.8511848341232221,2.581457345971566,26.441420996324187,89.28447867298584
671,217.18655213270105,4.826421800947872,0.8511848341232221,2.581457345971566,26.441420996324187,89.28447867298584
672,217.18655213270105,4.826421800947872,0.8511848341232221,2.581457345971566,26.441420996324187,89.28447867298584
673,217.18655213270105,4.826421800947872,0.8511848341232221,2.581457345971566,26.441420996324187,89.28447867298584
674,217.18655213270105,4.826421800947872,0.8511848341232221,2.581457345971566,26.441420996324187,89.28447867298584
675,217.18655213270105,4.826421800947872,0.8511848341232221,2.581457345971566,26.441420996324187,89.28447867298584
676,217.18655213270105,4.826421800947872,0.8511848341232221,2.581457345971566,26.441420996324187,89.28447867298584
677,217.18655213270105,4.826421800947872,0.8511848341232221,2.581457345971566,26.441420996324187,89.28447867298584
678,217.18655213270105,4.826421800947872,0.8511848341232221,2.581457345971566,26.441420996324187,89.28447867298584
679,217.18655213270105,4.826421800947872,0.8511848341232221,2.581457345971566,26.441420996324187,89.28447867298584
680,217.18655213270105,4.826421800947872,0.8511848341232221,2.581457345971566,26.441420996324187,89.28447867298584
681,217.18655213270105,4.826421800947872,0.8511848341232221,2.581457345971566,26.441420996324187,89.28447867298584
682,217.18655213270105,4.826421800947872,0.8511848341232221,2.581457345971566,26.441420996324187,89.28447867298584
683,217.18655213270105,4.826421800947872,0.8511848341232221,2.581457345971566,26.441420996324187,89.28447867298584
684,217.18655213270105,4.826421800947872,0.8511848341232221,2.581457345971566,26.441420996324187,89.28447867298584
685,217.18655213270105,4.826421800947872,0.8511848341232221,2.581457345971566,26.441420996324187,89.28447867298584
686,217.18655213270105,4.826421800947872,0.8511848341232221,2.581457345971566,26.441420996324187,89.28447867298584
687,217.18655213270105,4.826421800947872,0.8511848341232221,2.581457345971566,26.441420996324187,89.28447867298584
688,217.18655213270105,4.826421800947872,0.8511848341232221,2.581457345971566,26.441420996324187,89.28447867298584
689,217.18655213270105,4.826421800947872,0.8511848341232221,2.581457345971566,26.441420996324187,89.28447867298584
690,217.18655213270105,4.826421800947872,0.8511848341232221,2.581457345971566,26.441420996324187,89.28447867298584
691,217.18655213270105,4.826421800947872,0.8511848341232221,2.581457345971566,26.441420996324187,89.28447867298584
692,217.18655213270105,4.826421800947872,0.8511848341232221,2.581457345971566,26.441420996324187,89.28447867298584
693,217.18655213270105,4.826421800947872,0.8511848341232221,2.581457345971566,26.441420996324187,89.28447867298584
694,217.18655213270105,4.826421800947872,0.8511848341232221,2.581457345971566,26.441420996324187,89.28447867298584
695,217.18655213270105,4.826421800947872,0.8511848341232221,2.581457345971566,26.441420996324187,89.28447867298584
696,217.18655213270105,4.826421800947872,0.8511848341232221,2.581457345971566,26.441420996324187,89.28447867298584
697,217.18655213270105,4.826421800947872,0.8511848341232221,2.581457345971566,26.441420996324187,89.28447867298584
698,217.18655213270105,4.826421800947872,0.8511848341232221,2.581457345971566,26.441420996324187,89.28447867298584
699,217.18655213270105,4.826421800947872,0.8511848341232221,2.581457345971566,26.441420996324187,89.28447867298584
700,217.18655213270105,4.826421800947872,0.8511848341232221,2.581457345971566,26.441420996324187,89.28447867298584
701,217.18655213270105,4.826421800947872,0.8511848341232221,2.581457345971566,26.441420996324187,89.28447867298584
702,217.18655213270105,4.826421800947872,0.8511848341232221,2.581457345971566,26.441420996324187,89.28447867298584
703,217.18655213270105,4.826421800947872,0.8511848341232221,2.581457345971566,26.441420996324187,89.28447867298584
704,217.18655213270105,4.826421800947872,0.8511848341232221,2.581457345971566,26.441420996324187,89.28447867298584
705,217.18655213270105,4.826421800947872,0.8511848341232221,2.581457345971566,26.441420996324187,89.28447867298584
706,217.18655213270105,4.826421800947872,0.8511848341232221,2.581457345971566,26.441420996324187,89.28447867298584
707,217.18655213270105,4.826421800947872,0.8511848341232221,2.581457345971566,26.441420996324187,89.28447867298584
708,217.18655213270105,4.826421800947872,0.8511848341232221,2.581457345971566,26.441420996324187,89.28447867298584
709,217.18655213270105,4.826421800947872,0.8511848341232221,2.581457345971566,26.441420996324187,89.28447867298584
710,217.18655213270105,4.826421800947872,0.8511848341232221,2.581457345971566,26.441420996324187,89.28447867298584
711,217.18655213270105,4.826421800947872,0.8511848341232221,2.581457345971566,26.441420996324187,89.28447867298584
712,217.18655213270105,4.826421800947872,0.8511848341232221,2.581457345971566,26.441420996324187,89.28447867298584
713,217.18655213270105,4.826421800947872,0.8511848341232221,2.581457345971566,26.441420996324187,89.28447867298584
714,217.18655213270105,4.826421800947872,0.8511848341232221,2.581457345971566,26.441420996324187,89.28447867298584
715,217.18655213270105,4.826421800947872,0.8511848341232221,2.581457345971566,26.441420996324187,89.28447867298584
716,217.18655213270105,4.826421800947872,0.8511848341232221,2.581457345971566,26.441420996324187,89.28447867298584
717,217.18655213270105,4.826421800947872,0.8511848341232221,2.581457345971566,26.441420996324187,89.28447867298584
718,217.18655213270105,4.826421800947872,0.8511848341232221,2.581457345971566,26.441420996324187,89.28447867298584
719,217.18655213270105,4.826421800947872,0.8511848341232221,2.581457345971566,26.441420996324187,89.28447867298584
720,217.18655213270105,4.826421800947872,0.8511848341232221,2.581457345971566,26.441420996324187,89.28447867298584
721,217.18655213270105,4.826421800947872,0.8511848341232221,2.581457345971566,26.441420996324187,89.28447867298584
722,217.18655213270105,4.826421800947872,0.8511848341232221,2.581457345971566,26.441420996324187,89.28447867298584
723,217.18655213270105,4.826421800947872,0.8511848341232221,2.581457345971566,26.441420996324187,89.28447867298584
724,217.18655213270105,4.826421800947872,0.8511848341232221,2.581457345971566,26.441420996324187,89.28447867298584
725,217.18655213270105,4.826421800947872,0.8511848341232221,2.581457345971566,26.441420996324187,89.28447867298584
726,217.18655213270105,4.826421800947872,0.8511848341232221,2.581457345971566,26.441420996324187,89.28447867298584
727,217.18655213270105,4.826421800947872,0.8511848341232221,2.581457345971566,26.441420996324187,89.28447867298584
728,217.18655213270105,4.826421800947872,0.8511848341232221,2.581457345971566,26.441420996324187,89.28447867298584
729,217.18655213270105,4.826421800947872,0.8511848341232221,2.581457345971566,26.441420996324187,89.28447867298584
730,217.18655213270105,4.826421800947872,0.8511848341232221,2.581457345971566,26.441420996324187,89.28447867298584
731,217.18655213270105,4.826421800947872,0.8511848341232221,2.581457345971566,26.441420996324187,89.28447867298584
732,217.18655213270105,4.826421800947872,0.8511848341232221,2.581457345971566,26.441420996324187,89.28447867298584
733,217.18655213270105,4.826421800947872,0.8511848341232221,2.581457345971566,26.441420996324187,89.28447867298584
734,217.18655213270105,4.826421800947872,0.8511848341232221,2.581457345971566,26.441420996324187,89.28447867298584
735,217.18655213270105,4.826421800947872,0.8511848341232221,2.581457345971566,26.441420996324187,89.28447867298584
736,217.18655213270105,4.826421800947872,0.8511848341232221,2.581457345971566,26.441420996324187,89.28447867298584
737,217.18655213270105,4.826421800947872,0.8511848341232221,2.581457345971566,26.441420996324187,89.28447867298584
738,217.18655213270105,4.826421800947872,0.8511848341232221,2.581457345971566,26.441420996324187,89.28447867298584
739,217.18655213270105,4.826421800947872,0.8511848341232221,2.581457345971566,26.441420996324187,89.28447867298584
740,217.18655213270105,4.826421800947872,0.8511848341232221,2.581457345971566,26.441420996324187,89.28447867298584
741,217.18655213270105,4.826421800947872,0.8511848341232221,2.581457345971566,26.441420996324187,89.28447867298584
742,217.18655213270105,4.826421800947872,0.8511848341232221,2.581457345971566,26.441420996324187,89.28447867298584
743,217.18655213270105,4.826421800947872,0.8511848341232221,2.581457345971566,26.441420996324187,89.28447867298584
744,217.18655213270105,4.826421800947872,0.8511848341232221,2.581457345971566,26.441420996324187,89.28447867298584
745,217.18655213270105,4.826421800947872,0.8511848341232221,2.581457345971566,26.441420996324187,89.28447867298584
746,217.18655213270105,4.826421800947872,0.8511848341232221,2.581457345971566,26.441420996324187,89.28447867298584
747,217.18655213270105,4.826421800947872,0.8511848341232221,2.581457345971566,26.441420996324187,89.28447867298584
748,217.18655213270105,4.826421800947872,0.8511848341232221,2.581457345971566,26.441420996324187,89.28447867298584
749,217.18655213270105,4.826421800947872,0.8511848341232221,2.581457345971566,26.441420996324187,89.28447867298584
750,217.18655213270105,4.826421800947872,0.8511848341232221,2.581457345971566,26.441420996324187,89.28447867298584
751,217.18655213270105,4.826421800947872,0.8511848341232221,2.581457345971566,26.441420996324187,89.28447867298584
752,217.18655213270105,4.826421800947872,0.8511848341232221,2.581457345971566,26.441420996324187,89.28447867298584
753,217.18655213270105,4.826421800947872,0.8511848341232221,2.581457345971566,26.441420996324187,89.28447867298584
754,217.18655213270105,4.826421800947872,0.8511848341232221,2.581457345971566,26.441420996324187,89.28447867298584
755,217.18655213270105,4.826421800947872,0.8511848341232221,2.581457345971566,26.441420996324187,89.28447867298584
756,217.18655213270105,4.826421800947872,0.8511848341232221,2.581457345971566,26.441420996324187,89.28447867298584
757,217.18655213270105,4.826421800947872,0.8511848341232221,2.581457345971566,26.441420996324187,89.28447867298584
758,217.18655213270105,4.826421800947872,0.8511848341232221,2.581457345971566,26.441420996324187,89.28447867298584
759,217.18655213270105,4.826421800947872,0.8511848341232221,2.581457345971566,26.441420996324187,89.28447867298584
760,217.18655213270105,4.826421800947872,0.8511848341232221,2.581457345971566,26.441420996324187,89.28447867298584
761,217.18655213270105,4.826421800947872,0.8511848341232221,2.581457345971566,26.441420996324187,89.28447867298584
762,217.18655213270105,4.826421800947872,0.8511848341232221,2.581457345971566,26.441420996324187,89.28447867298584
763,217.18655213270105,4.826421800947872,0.8511848341232221,2.581457345971566,26.441420996324187,89.28447867298584
764,217.18655213270105,4.826421800947872,0.8511848341232221,2.581457345971566,26.441420996324187,89.28447867298584
765,217.18655213270105,4.826421800947872,0.8511848341232221,2.581457345971566,26.441420996324187,89.28447867298584
766,217.18655213270105,4.826421800947872,0.8511848341232221,2.581457345971566,26.441420996324187,89.28447867298584
767,217.18655213270105,4.826421800947872,0.8511848341232221,2.581457345971566,26.441420996324187,89.28447867298584
768,217.18655213270105,4.826421800947872,0.8511848341232221,2.581457345971566,26.441420996324187,89.28447867298584
769,217.18655213270105,4.826421800947872,0.8511848341232221,2.581457345971566,26.441420996324187,89.28447867298584
770,217.18655213270105,4.826421800947872,0.8511848341232221,2.581457345971566,26.441420996324187,89.28447867298584
771,217.18655213270105,4.826421800947872,0.8511848341232221,2.581457345971566,26.441420996324187,89.28447867298584
772,217.18655213270105,4.826421800947872,0.8511848341232221,2.581457345971566,26.441420996324187,89.28447867298584
773,217.18655213270105,4.826421800947872,0.8511848341232221,2.581457345971566,26.441420996324187,89.28447867298584
774,217.18655213270105,4.826421800947872,0.8511848341232221,2.581457345971566,26.441420996324187,89.28447867298584
775,217.18655213270105,4.826421800947872,0.8511848341232221,2.581457345971566,26.441420996324187,89.28447867298584
776,217.18655213270105,4.826421800947872,0.8511848341232221,2.581457345971566,26.441420996324187,89.28447867298584
777,217.18655213270105,4.826421800947872,0.8511848341232221,2.581457345971566,26.441420996324187,89.28447867298584
778,217.18655213270105,4.826421800947872,0.8511848341232221,2.581457345971566,26.441420996324187,89.28447867298584
779,217.18655213270105,4.826421800947872,0.8511848341232221,2.581457345971566,26.441420996324187,89.28447867298584
780,217.18655213270105,4.826421800947872,0.8511848341232221,2.581457345971566,26.441420996324187,89.28447867298584
781,217.18655213270105,4.826421800947872,0.8511848341232221,2.581457345971566,26.441420996324187,89.28447867298584
782,217.18655213270105,4.826421800947872,0.8511848341232221,2.581457345971566,26.441420996324187,89.28447867298584
783,217.18655213270105,4.826421800947872,0.8511848341232221,2.581457345971566,26.441420996324187,89.28447867298584
784,217.18655213270105,4.826421800947872,0.8511848341232221,2.581457345971566,26.441420996324187,89.28447867298584
785,217.18655213270105,4.826421800947872,0.8511848341232221,2.581457345971566,26.441420996324187,89.28447867298584
786,217.18655213270105,4.826421800947872,0.8511848341232221,2.581457345971566,26.441420996324187,89.28447867298584
787,217.18655213270105,4.826421800947872,0.8511848341232221,2.581457345971566,26.441420996324187,89.28447867298584
788,217.18655213270105,4.826421800947872,0.8511848341232221,2.581457345971566,26.441420996324187,89.28447867298584
789,217.18655213270105,4.826421800947872,0.8511848341232221,2.581457345971566,26.441420996324187,89.28447867298584
790,217.18655213270105,4.826421800947872,0.8511848341232221,2.581457345971566,26.441420996324187,89.28447867298584
791,217.18655213270105,4.826421800947872,0.8511848341232221,2.581457345971566,26.441420996324187,89.28447867298584
792,217.18655213270105,4.826421800947872,0.8511848341232221,2.581457345971566,26.441420996324187,89.28447867298584
793,217.18655213270105,4.826421800947872,0.8511848341232221,2.581457345971566,26.441420996324187,89.28447867298584
794,217.18655213270105,4.826421800947872,0.8511848341232221,2.581457345971566,26.441420996324187,89.28447867298584
795,217.18655213270105,4.826421800947872,0.8511848341232221,2.581457345971566,26.441420996324187,89.28447867298584
796,217.18655213270105,4.826421800947872,0.8511848341232221,2.581457345971566,26.441420996324187,89.28447867298584
797,217.18655213270105,4.826421800947872,0.8511848341232221,2.581457345971566,26.441420996324187,89.28447867298584
798,217.18655213270105,4.826421800947872,0.8511848341232221,2.581457345971566,26.441420996324187,89.28447867298584
799,217.18655213270105,4.826421800947872,0.8511848341232221,2.581457345971566,26.441420996324187,89.28447867298584
800,217.18655213270105,4.826421800947872,0.8511848341232221,2.581457345971566,26.441420996324187,89.28447867298584
801,217.18655213270105,4.826421800947872,0.8511848341232221,2.581457345971566,26.441420996324187,89.28447867298584
802,217.18655213270105,4.826421800947872,0.8511848341232221,2.581457345971566,26.441420996324187,89.28447867298584
803,217.18655213270105,4.826421800947872,0.8511848341232221,2.581457345971566,26.441420996324187,89.28447867298584
804,217.18655213270105,4.826421800947872,0.8511848341232221,2.581457345971566,26.441420996324187,89.28447867298584
805,217.18655213270105,4.826421800947872,0.8511848341232221,2.581457345971566,26.441420996324187,89.28447867298584
806,217.18655213270105,4.826421800947872,0.8511848341232221,2.581457345971566,26.441420996324187,89.28447867298584
807,217.18655213270105,4.826421800947872,0.8511848341232221,2.581457345971566,26.441420996324187,89.28447867298584
808,217.18655213270105,4.826421800947872,0.8511848341232221,2.581457345971566,26.441420996324187,89.28447867298584
809,217.18655213270105,4.826421800947872,0.8511848341232221,2.581457345971566,26.441420996324187,89.28447867298584
810,217.18655213270105,4.826421800947872,0.8511848341232221,2.581457345971566,26.441420996324187,89.28447867298584
811,217.18655213270105,4.826421800947872,0.8511848341232221,2.581457345971566,26.441420996324187,89.28447867298584
812,217.18655213270105,4.826421800947872,0.8511848341232221,2.581457345971566,26.441420996324187,89.28447867298584
813,217.18655213270105,4.826421800947872,0.8511848341232221,2.581457345971566,26.441420996324187,89.28447867298584
814,217.18655213270105,4.826421800947872,0.8511848341232221,2.581457345971566,26.441420996324187,89.28447867298584
815,217.18655213270105,4.826421800947872,0.8511848341232221,2.581457345971566,26.441420996324187,89.28447867298584
816,217.18655213270105,4.826421800947872,0.8511848341232221,2.581457345971566,26.441420996324187,89.28447867298584
817,217.18655213270105,4.826421800947872,0.8511848341232221,2.581457345971566,26.441420996324187,89.28447867298584
818,217.18655213270105,4.826421800947872,0.8511848341232221,2.581457345971566,26.441420996324187,89.28447867298584
819,217.18655213270105,4.826421800947872,0.8511848341232221,2.581457345971566,26.441420996324187,89.28447867298584
820,217.18655213270105,4.826421800947872,0.8511848341232221,2.581457345971566,26.441420996324187,89.28447867298584
821,217.18655213270105,4.826421800947872,0.8511848341232221,2.581457345971566,26.441420996324187,89.28447867298584
822,217.18655213270105,4.826421800947872,0.8511848341232221,2.581457345971566,26.441420996324187,89.28447867298584
823,217.18655213270105,4.826421800947872,0.8511848341232221,2.581457345971566,26.441420996324187,89.28447867298584
824,217.18655213270105,4.826421800947872,0.8511848341232221,2.581457345971566,26.441420996324187,89.28447867298584
825,217.18655213270105,4.826421800947872,0.8511848341232221,2.581457345971566,26.441420996324187,89.28447867298584
826,217.18655213270105,4.826421800947872,0.8511848341232221,2.581457345971566,26.441420996324187,89.28447867298584
827,217.18655213270105,4.826421800947872,0.8511848341232221,2.581457345971566,26.441420996324187,89.28447867298584
828,217.18655213270105,4.826421800947872,0.8511848341232221,2.581457345971566,26.441420996324187,89.28447867298584
829,217.18655213270105,4.826421800947872,0.8511848341232221,2.581457345971566,26.441420996324187,89.28447867298584
830,217.18655213270105,4.826421800947872,0.8511848341232221,2.581457345971566,26.441420996324187,89.28447867298584
831,217.18655213270105,4.826421800947872,0.8511848341232221,2.581457345971566,26.441420996324187,89.28447867298584
832,217.18655213270105,4.826421800947872,0.8511848341232221,2.581457345971566,26.441420996324187,89.28447867298584
833,217.18655213270105,4.826421800947872,0.8511848341232221,2.581457345971566,26.441420996324187,89.28447867298584
834,217.18655213270105,4.826421800947872,0.8511848341232221,2.581457345971566,26.441420996324187,89.28447867298584
835,217.18655213270105,4.826421800947872,0.8511848341232221,2.581457345971566,26.441420996324187,89.28447867298584
836,217.18655213270105,4.826421800947872,0.8511848341232221,2.581457345971566,26.441420996324187,89.28447867298584
837,217.18655213270105,4.826421800947872,0.8511848341232221,2.581457345971566,26.441420996324187,89.28447867298584
838,217.18655213270105,4.826421800947872,0.8511848341232221,2.581457345971566,26.441420996324187,89.28447867298584
839,217.18655213270105,4.826421800947872,0.8511848341232221,2.581457345971566,26.441420996324187,89.28447867298584
840,217.18655213270105,4.826421800947872,0.8511848341232221,2.581457345971566,26.441420996324187,89.28447867298584
841,217.18655213270105,4.826421800947872,0.8511848341232221,2.581457345971566,26.441420996324187,89.28447867298584
842,217.18655213270105,4.826421800947872,0.8511848341232221,2.581457345971566,26.441420996324187,89.28447867298584
843,217.18655213270105,4.826421800947872,0.8511848341232221,2.581457345971566,26.441420996324187,89.28447867298584
844,217.18655213270105,4.826421800947872,0.8511848341232221,2.581457345971566,26.441420996324187,89.28447867298584
845,217.18655213270105,4.826421800947872,0.8511848341232221,2.581457345971566,26.441420996324187,89.28447867298584
846,217.18655213270105,4.826421800947872,0.8511848341232221,2.581457345971566,26.441420996324187,89.28447867298584
847,217.18655213270105,4.826421800947872,0.8511848341232221,2.581457345971566,26.441420996324187,89.28447867298584
848,217.18655213270105,4.826421800947872,0.8511848341232221,2.581457345971566,26.441420996324187,89.28447867298584
849,217.18655213270105,4.826421800947872,0.8511848341232221,2.581457345971566,26.441420996324187,89.28447867298584
850,217.18655213270105,4.826421800947872,0.8511848341232221,2.581457345971566,26.441420996324187,89.28447867298584
851,217.18655213270105,4.826421800947872,0.8511848341232221,2.581457345971566,26.441420996324187,89.28447867298584
852,217.18655213270105,4.826421800947872,0.8511848341232221,2.581457345971566,26.441420996324187,89.28447867298584
853,217.18655213270105,4.826421800947872,0.8511848341232221,2.581457345971566,26.441420996324187,89.28447867298584
854,217.18655213270105,4.826421800947872,0.8511848341232221,2.581457345971566,26.441420996324187,89.28447867298584
855,217.18655213270105,4.826421800947872,0.8511848341232221,2.581457345971566,26.441420996324187,89.28447867298584
856,217.18655213270105,4.826421800947872,0.8511848341232221,2.581457345971566,26.441420996324187,89.28447867298584
857,217.18655213270105,4.826421800947872,0.8511848341232221,2.581457345971566,26.441420996324187,89.28447867298584
858,217.18655213270105,4.826421800947872,0.8511848341232221,2.581457345971566,26.441420996324187,89.28447867298584
859,217.18655213270105,4.826421800947872,0.8511848341232221,2.581457345971566,26.441420996324187,89.28447867298584
860,217.18655213270105,4.826421800947872,0.8511848341232221,2.581457345971566,26.441420996324187,89.28447867298584
861,217.18655213270105,4.826421800947872,0.8511848341232221,2.581457345971566,26.441420996324187,89.28447867298584
862,217.18655213270105,4.826421800947872,0.8511848341232221,2.581457345971566,26.441420996324187,89.28447867298584
863,217.18655213270105,4.826421800947872,0.8511848341232221,2.581457345971566,26.441420996324187,89.28447867298584
864,217.18655213270105,4.826421800947872,0.8511848341232221,2.581457345971566,26.441420996324187,89.28447867298584
865,217.18655213270105,4.826421800947872,0.8511848341232221,2.581457345971566,26.441420996324187,89.28447867298584
866,217.18655213270105,4.826421800947872,0.8511848341232221,2.581457345971566,26.441420996324187,89.28447867298584
867,217.18655213270105,4.826421800947872,0.8511848341232221,2.581457345971566,26.441420996324187,89.28447867298584
868,217.18655213270105,4.826421800947872,0.8511848341232221,2.581457345971566,26.441420996324187,89.28447867298584
869,217.18655213270105,4.826421800947872,0.8511848341232221,2.581457345971566,26.441420996324187,89.28447867298584
870,217.18655213270105,4.826421800947872,0.8511848341232221,2.581457345971566,26.441420996324187,89.28447867298584
871,217.18655213270105,4.826421800947872,0.8511848341232221,2.581457345971566,26.441420996324187,89.28447867298584
872,217.18655213270105,4.826421800947872,0.8511848341232221,2.581457345971566,26.441420996324187,89.28447867298584
873,217.18655213270105,4.826421800947872,0.8511848341232221,2.581457345971566,26.441420996324187,89.28447867298584
874,217.18655213270105,4.826421800947872,0.8511848341232221,2.581457345971566,26.441420996324187,89.28447867298584
875,217.18655213270105,4.826421800947872,0.8511848341232221,2.581457345971566,26.441420996324187,89.28447867298584
876,217.18655213270105,4.826421800947872,0.8511848341232221,2.581457345971566,26.441420996324187,89.28447867298584
877,217.18655213270105,4.826421800947872,0.8511848341232221,2.581457345971566,26.441420996324187,89.28447867298584
878,217.18655213270105,4.826421800947872,0.8511848341232221,2.581457345971566,26.441420996324187,89.28447867298584
879,217.18655213270105,4.826421800947872,0.8511848341232221,2.581457345971566,26.441420996324187,89.28447867298584
880,217.18655213270105,4.826421800947872,0.8511848341232221,2.581457345971566,26.441420996324187,89.28447867298584
881,217.18655213270105,4.826421800947872,0.8511848341232221,2.581457345971566,26.441420996324187,89.28447867298584
882,217.18655213270105,4.826421800947872,0.8511848341232221,2.581457345971566,26.441420996324187,89.28447867298584
883,217.18655213270105,4.826421800947872,0.8511848341232221,2.581457345971566,26.441420996324187,89.28447867298584
884,217.18655213270105,4.826421800947872,0.8511848341232221,2.581457345971566,26.441420996324187,89.28447867298584
885,217.18655213270105,4.826421800947872,0.8511848341232221,2.581457345971566,26.441420996324187,89.28447867298584
886,217.18655213270105,4.826421800947872,0.8511848341232221,2.581457345971566,26.441420996324187,89.28447867298584
887,217.18655213270105,4.826421800947872,0.8511848341232221,2.581457345971566,26.441420996324187,89.28447867298584
888,217.18655213270105,4.826421800947872,0.8511848341232221,2.581457345971566,26.441420996324187,89.28447867298584
889,217.18655213270105,4.826421800947872,0.8511848341232221,2.581457345971566,26.441420996324187,89.28447867298584
890,217.18655213270105,4.826421800947872,0.8511848341232221,2.581457345971566,26.441420996324187,89.28447867298584
891,217.18655213270105,4.826421800947872,0.8511848341232221,2.581457345971566,26.441420996324187,89.28447867298584
892,217.18655213270105,4.826421800947872,0.8511848341232221,2.581457345971566,26.441420996324187,89.28447867298584
893,217.18655213270105,4.826421800947872,0.8511848341232221,2.581457345971566,26.441420996324187,89.28447867298584
894,217.18655213270105,4.826421800947872,0.8511848341232221,2.581457345971566,26.441420996324187,89.28447867298584
895,217.18655213270105,4.826421800947872,0.8511848341232221,2.581457345971566,26.441420996324187,89.28447867298584
896,217.18655213270105,4.826421800947872,0.8511848341232221,2.581457345971566,26.441420996324187,89.28447867298584
897,217.18655213270105,4.826421800947872,0.8511848341232221,2.581457345971566,26.441420996324187,89.28447867298584
898,217.18655213270105,4.826421800947872,0.8511848341232221,2.581457345971566,26.441420996324187,89.28447867298584
899,217.18655213270105,4.826421800947872,0.8511848341232221,2.581457345971566,26.441420996324187,89.28447867298584
900,217.18655213270105,4.826421800947872,0.8511848341232221,2.581457345971566,26.441420996324187,89.28447867298584
901,217.18655213270105,4.826421800947872,0.8511848341232221,2.581457345971566,26.441420996324187,89.28447867298584
902,217.18655213270105,4.826421800947872,0.8511848341232221,2.581457345971566,26.441420996324187,89.28447867298584
903,217.18655213270105,4.826421800947872,0.8511848341232221,2.581457345971566,26.441420996324187,89.28447867298584
904,217.18655213270105,4.826421800947872,0.8511848341232221,2.581457345971566,26.441420996324187,89.28447867298584
905,217.18655213270105,4.826421800947872,0.8511848341232221,2.581457345971566,26.441420996324187,89.28447867298584
906,217.18655213270105,4.826421800947872,0.8511848341232221,2.581457345971566,26.441420996324187,89.28447867298584
907,217.18655213270105,4.826421800947872,0.8511848341232221,2.581457345971566,26.441420996324187,89.28447867298584
908,217.18655213270105,4.826421800947872,0.8511848341232221,2.581457345971566,26.441420996324187,89.28447867298584
909,217.18655213270105,4.826421800947872,0.8511848341232221,2.581457345971566,26.441420996324187,89.28447867298584
910,217.18655213270105,4.826421800947872,0.8511848341232221,2.581457345971566,26.441420996324187,89.28447867298584
911,217.18655213270105,4.826421800947872,0.8511848341232221,2.581457345971566,26.441420996324187,89.28447867298584
912,217.18655213270105,4.826421800947872,0.8511848341232221,2.581457345971566,26.441420996324187,89.28447867298584
913,217.18655213270105,4.826421800947872,0.8511848341232221,2.581457345971566,26.441420996324187,89.28447867298584
914,217.18655213270105,4.826421800947872,0.8511848341232221,2.581457345971566,26.441420996324187,89.28447867298584
915,217.18655213270105,4.826421800947872,0.8511848341232221,2.581457345971566,26.441420996324187,89.28447867298584
916,217.18655213270105,4.826421800947872,0.8511848341232221,2.581457345971566,26.441420996324187,89.28447867298584
917,217.18655213270105,4.826421800947872,0.8511848341232221,2.581457345971566,26.441420996324187,89.28447867298584
918,217.18655213270105,4.826421800947872,0.8511848341232221,2.581457345971566,26.441420996324187,89.28447867298584
919,217.18655213270105,4.826421800947872,0.8511848341232221,2.581457345971566,26.441420996324187,89.28447867298584
920,217.18655213270105,4.826421800947872,0.8511848341232221,2.581457345971566,26.441420996324187,89.28447867298584
921,217.18655213270105,4.826421800947872,0.8511848341232221,2.581457345971566,26.441420996324187,89.28447867298584
922,217.18655213270105,4.826421800947872,0.8511848341232221,2.581457345971566,26.441420996324187,89.28447867298584
923,217.18655213270105,4.826421800947872,0.8511848341232221,2.581457345971566,26.441420996324187,89.28447867298584
924,217.18655213270105,4.826421800947872,0.8511848341232221,2.581457345971566,26.441420996324187,89.28447867298584
925,217.18655213270105,4.826421800947872,0.8511848341232221,2.581457345971566,26.441420996324187,89.28447867298584
926,217.18655213270105,4.826421800947872,0.8511848341232221,2.581457345971566,26.441420996324187,89.28447867298584
927,217.18655213270105,4.826421800947872,0.8511848341232221,2.581457345971566,26.441420996324187,89.28447867298584
928,217.18655213270105,4.826421800947872,0.8511848341232221,2.581457345971566,26.441420996324187,89.28447867298584
929,217.18655213270105,4.826421800947872,0.8511848341232221,2.581457345971566,26.441420996324187,89.28447867298584
930,217.18655213270105,4.826421800947872,0.8511848341232221,2.581457345971566,26.441420996324187,89.28447867298584
931,217.18655213270105,4.826421800947872,0.8511848341232221,2.581457345971566,26.441420996324187,89.28447867298584
932,217.18655213270105,4.826421800947872,0.8511848341232221,2.581457345971566,26.441420996324187,89.28447867298584
933,217.18655213270105,4.826421800947872,0.8511848341232221,2.581457345971566,26.441420996324187,89.28447867298584
934,217.18655213270105,4.826421800947872,0.8511848341232221,2.581457345971566,26.441420996324187,89.28447867298584
935,217.18655213270105,4.826421800947872,0.8511848341232221,2.581457345971566,26.441420996324187,89.28447867298584
936,217.18655213270105,4.826421800947872,0.8511848341232221,2.581457345971566,26.441420996324187,89.28447867298584
937,217.18655213270105,4.826421800947872,0.8511848341232221,2.581457345971566,26.441420996324187,89.28447867298584
938,217.18655213270105,4.826421800947872,0.8511848341232221,2.581457345971566,26.441420996324187,89.28447867298584
939,217.18655213270105,4.826421800947872,0.8511848341232221,2.581457345971566,26.441420996324187,89.28447867298584
940,217.18655213270105,4.826421800947872,0.8511848341232221,2.581457345971566,26.441420996324187,89.28447867298584
941,217.18655213270105,4.826421800947872,0.8511848341232221,2.581457345971566,26.441420996324187,89.28447867298584
942,217.18655213270105,4.826421800947872,0.8511848341232221,2.581457345971566,26.441420996324187,89.28447867298584
943,217.18655213270105,4.826421800947872,0.8511848341232221,2.581457345971566,26.441420996324187,89.28447867298584
944,217.18655213270105,4.826421800947872,0.8511848341232221,2.581457345971566,26.441420996324187,89.28447867298584
945,217.18655213270105,4.826421800947872,0.8511848341232221,2.581457345971566,26.441420996324187,89.28447867298584
946,217.18655213270105,4.826421800947872,0.8511848341232221,2.581457345971566,26.441420996324187,89.28447867298584
947,217.18655213270105,4.826421800947872,0.8511848341232221,2.581457345971566,26.441420996324187,89.28447867298584
948,217.18655213270105,4.826421800947872,0.8511848341232221,2.581457345971566,26.441420996324187,89.28447867298584
949,217.18655213270105,4.826421800947872,0.8511848341232221,2.581457345971566,26.441420996324187,89.28447867298584
950,217.18655213270105,4.826421800947872,0.8511848341232221,2.581457345971566,26.441420996324187,89.28447867298584
951,217.18655213270105,4.826421800947872,0.8511848341232221,2.581457345971566,26.441420996324187,89.28447867298584
952,217.18655213270105,4.826421800947872,0.8511848341232221,2.581457345971566,26.441420996324187,89.28447867298584
953,217.18655213270105,4.826421800947872,0.8511848341232221,2.581457345971566,26.441420996324187,89.28447867298584
954,217.18655213270105,4.826421800947872,0.8511848341232221,2.581457345971566,26.441420996324187,89.28447867298584
955,217.18655213270105,4.826421800947872,0.8511848341232221,2.581457345971566,26.441420996324187,89.28447867298584
956,217.18655213270105,4.826421800947872,0.8511848341232221,2.581457345971566,26.441420996324187,89.28447867298584
957,217.18655213270105,4.826421800947872,0.8511848341232221,2.581457345971566,26.441420996324187,89.28447867298584
958,217.18655213270105,4.826421800947872,0.8511848341232221,2.581457345971566,26.441420996324187,89.28447867298584
959,217.18655213270105,4.826421800947872,0.8511848341232221,2.581457345971566,26.441420996324187,89.28447867298584
960,217.18655213270105,4.826421800947872,0.8511848341232221,2.581457345971566,26.441420996324187,89.28447867298584
961,217.18655213270105,4.826421800947872,0.8511848341232221,2.581457345971566,26.441420996324187,89.28447867298584
962,217.18655213270105,4.826421800947872,0.8511848341232221,2.581457345971566,26.441420996324187,89.28447867298584
963,217.18655213270105,4.826421800947872,0.8511848341232221,2.581457345971566,26.441420996324187,89.28447867298584
964,217.18655213270105,4.826421800947872,0.8511848341232221,2.581457345971566,26.441420996324187,89.28447867298584
965,217.18655213270105,4.826421800947872,0.8511848341232221,2.581457345971566,26.441420996324187,89.28447867298584
966,217.18655213270105,4.826421800947872,0.8511848341232221,2.581457345971566,26.441420996324187,89.28447867298584
967,217.18655213270105,4.826421800947872,0.8511848341232221,2.581457345971566,26.441420996324187,89.28447867298584
968,217.18655213270105,4.826421800947872,0.8511848341232221,2.581457345971566,26.441420996324187,89.28447867298584
969,217.18655213270105,4.826421800947872,0.8511848341232221,2.581457345971566,26.441420996324187,89.28447867298584
970,217.18655213270105,4.826421800947872,0.8511848341232221,2.581457345971566,26.441420996324187,89.28447867298584
971,217.18655213270105,4.826421800947872,0.8511848341232221,2.581457345971566,26.441420996324187,89.28447867298584
972,217.18655213270105,4.826421800947872,0.8511848341232221,2.581457345971566,26.441420996324187,89.28447867298584
973,217.18655213270105,4.826421800947872,0.8511848341232221,2.581457345971566,26.441420996324187,89.28447867298584
974,217.18655213270105,4.826421800947872,0.8511848341232221,2.581457345971566,26.441420996324187,89.28447867298584
975,217.18655213270105,4.826421800947872,0.8511848341232221,2.581457345971566,26.441420996324187,89.28447867298584
976,217.18655213270105,4.826421800947872,0.8511848341232221,2.581457345971566,26.441420996324187,89.28447867298584
977,217.18655213270105,4.826421800947872,0.8511848341232221,2.581457345971566,26.441420996324187,89.28447867298584
978,217.18655213270105,4.826421800947872,0.8511848341232221,2.581457345971566,26.441420996324187,89.28447867298584
979,217.18655213270105,4.826421800947872,0.8511848341232221,2.581457345971566,26.441420996324187,89.28447867298584
980,217.18655213270105,4.826421800947872,0.8511848341232221,2.581457345971566,26.441420996324187,89.28447867298584
981,217.18655213270105,4.826421800947872,0.8511848341232221,2.581457345971566,26.441420996324187,89.28447867298584
982,217.18655213270105,4.826421800947872,0.8511848341232221,2.581457345971566,26.441420996324187,89.28447867298584
983,217.18655213270105,4.826421800947872,0.8511848341232221,2.581457345971566,26.441420996324187,89.28447867298584
984,217.18655213270105,4.826421800947872,0.8511848341232221,2.581457345971566,26.441420996324187,89.28447867298584
985,217.18655213270105,4.826421800947872,0.8511848341232221,2.581457345971566,26.441420996324187,89.28447867298584
986,217.18655213270105,4.826421800947872,0.8511848341232221,2.581457345971566,26.441420996324187,89.28447867298584
987,217.18655213270105,4.826421800947872,0.8511848341232221,2.581457345971566,26.441420996324187,89.28447867298584
988,217.18655213270105,4.826421800947872,0.8511848341232221,2.581457345971566,26.441420996324187,89.28447867298584
989,217.18655213270105,4.826421800947872,0.8511848341232221,2.581457345971566,26.441420996324187,89.28447867298584
990,217.18655213270105,4.826421800947872,0.8511848341232221,2.581457345971566,26.441420996324187,89.28447867298584
991,217.18655213270105,4.826421800947872,0.8511848341232221,2.581457345971566,26.441420996324187,89.28447867298584
992,217.18655213270105,4.826421800947872,0.8511848341232221,2.581457345971566,26.441420996324187,89.28447867298584
993,217.18655213270105,4.826421800947872,0.8511848341232221,2.581457345971566,26.441420996324187,89.28447867298584
994,217.18655213270105,4.826421800947872,0.8511848341232221,2.581457345971566,26.441420996324187,89.28447867298584
995,217.18655213270105,4.826421800947872,0.8511848341232221,2.581457345971566,26.441420996324187,89.28447867298584
996,217.18655213270105,4.826421800947872,0.8511848341232221,2.581457345971566,26.441420996324187,89.28447867298584
997,217.18655213270105,4.826421800947872,0.8511848341232221,2.581457345971566,26.441420996324187,89.28447867298584
998,217.18655213270105,4.826421800947872,0.8511848341232221,2.581457345971566,26.441420996324187,89.28447867298584
999,217.18655213270105,4.826421800947872,0.8511848341232221,2.581457345971566,26.441420996324187,89.28447867298584
1000,217.18655213270105,4.826421800947872,0.8511848341232221,2.581457345971566,26.441420996324187,89.28447867298584
1001,217.18655213270105,4.826421800947872,0.8511848341232221,2.581457345971566,26.441420996324187,89.28447867298584
1002,217.18655213270105,4.826421800947872,0.8511848341232221,2.581457345971566,26.441420996324187,89.28447867298584
1003,217.18655213270105,4.826421800947872,0.8511848341232221,2.581457345971566,26.441420996324187,89.28447867298584
1004,217.18655213270105,4.826421800947872,0.8511848341232221,2.581457345971566,26.441420996324187,89.28447867298584
1005,217.18655213270105,4.826421800947872,0.8511848341232221,2.581457345971566,26.441420996324187,89.28447867298584
1006,217.18655213270105,4.826421800947872,0.8511848341232221,2.581457345971566,26.441420996324187,89.28447867298584
1007,217.18655213270105,4.826421800947872,0.8511848341232221,2.581457345971566,26.441420996324187,89.28447867298584
1008,217.18655213270105,4.826421800947872,0.8511848341232221,2.581457345971566,26.441420996324187,89.28447867298584
1009,217.18655213270105,4.826421800947872,0.8511848341232221,2.581457345971566,26.441420996324187,89.28447867298584
1010,217.18655213270105,4.826421800947872,0.8511848341232221,2.581457345971566,26.441420996324187,89.28447867298584
1011,217.18655213270105,4.826421800947872,0.8511848341232221,2.581457345971566,26.441420996324187,89.28447867298584
1012,217.18655213270105,4.826421800947872,0.8511848341232221,2.581457345971566,26.441420996324187,89.28447867298584
1013,217.18655213270105,4.826421800947872,0.8511848341232221,2.581457345971566,26.441420996324187,89.28447867298584
1014,217.18655213270105,4.826421800947872,0.8511848341232221,2.581457345971566,26.441420996324187,89.28447867298584
1015,217.18655213270105,4.826421800947872,0.8511848341232221,2.581457345971566,26.441420996324187,89.28447867298584
1016,217.18655213270105,4.826421800947872,0.8511848341232221,2.581457345971566,26.441420996324187,89.28447867298584
1017,217.18655213270105,4.826421800947872,0.8511848341232221,2.581457345971566,26.441420996324187,89.28447867298584
1018,217.18655213270105,4.826421800947872,0.8511848341232221,2.581457345971566,26.441420996324187,89.28447867298584
1019,217.18655213270105,4.826421800947872,0.8511848341232221,2.581457345971566,26.441420996324187,89.28447867298584
1020,217.18655213270105,4.826421800947872,0.8511848341232221,2.581457345971566,26.441420996324187,89.28447867298584
1021,217.18655213270105,4.826421800947872,0.8511848341232221,2.581457345971566,26.441420996324187,89.28447867298584
1022,217.18655213270105,4.826421800947872,0.8511848341232221,2.581457345971566,26.441420996324187,89.28447867298584
1023,217.18655213270105,4.826421800947872,0.8511848341232221,2.581457345971566,26.441420996324187,89.28447867298584
1024,217.18655213270105,4.826421800947872,0.8511848341232221,2.581457345971566,26.441420996324187,89.28447867298584
1025,217.18655213270105,4.826421800947872,0.8511848341232221,2.581457345971566,26.441420996324187,89.28447867298584
1026,217.18655213270105,4.826421800947872,0.8511848341232221,2.581457345971566,26.441420996324187,89.28447867298584
1027,217.18655213270105,4.826421800947872,0.8511848341232221,2.581457345971566,26.441420996324187,89.28447867298584
1028,217.18655213270105,4.826421800947872,0.8511848341232221,2.581457345971566,26.441420996324187,89.28447867298584
1029,217.18655213270105,4.826421800947872,0.8511848341232221,2.581457345971566,26.441420996324187,89.28447867298584
1030,217.18655213270105,4.826421800947872,0.8511848341232221,2.581457345971566,26.441420996324187,89.28447867298584
1031,217.18655213270105,4.826421800947872,0.8511848341232221,2.581457345971566,26.441420996324187,89.28447867298584
1032,217.18655213270105,4.826421800947872,0.8511848341232221,2.581457345971566,26.441420996324187,89.28447867298584
1033,217.18655213270105,4.826421800947872,0.8511848341232221,2.581457345971566,26.441420996324187,89.28447867298584
1034,217.18655213270105,4.826421800947872,0.8511848341232221,2.581457345971566,26.441420996324187,89.28447867298584
1035,217.18655213270105,4.826421800947872,0.8511848341232221,2.581457345971566,26.441420996324187,89.28447867298584
1036,217.18655213270105,4.826421800947872,0.8511848341232221,2.581457345971566,26.441420996324187,89.28447867298584
1037,217.18655213270105,4.826421800947872,0.8511848341232221,2.581457345971566,26.441420996324187,89.28447867298584
1038,217.18655213270105,4.826421800947872,0.8511848341232221,2.581457345971566,26.441420996324187,89.28447867298584
1039,217.18655213270105,4.826421800947872,0.8511848341232221,2.581457345971566,26.441420996324187,89.28447867298584
1040,217.18655213270105,4.826421800947872,0.8511848341232221,2.581457345971566,26.441420996324187,89.28447867298584
1041,217.18655213270105,4.826421800947872,0.8511848341232221,2.581457345971566,26.441420996324187,89.28447867298584
1042,217.18655213270105,4.826421800947872,0.8511848341232221,2.581457345971566,26.441420996324187,89.28447867298584
1043,217.18655213270105,4.826421800947872,0.8511848341232221,2.581457345971566,26.441420996324187,89.28447867298584
1044,217.18655213270105,4.826421800947872,0.8511848341232221,2.581457345971566,26.441420996324187,89.28447867298584
1045,217.18655213270105,4.826421800947872,0.8511848341232221,2.581457345971566,26.441420996324187,89.28447867298584
1046,217.18655213270105,4.826421800947872,0.8511848341232221,2.581457345971566,26.441420996324187,89.28447867298584
1047,217.18655213270105,4.826421800947872,0.8511848341232221,2.581457345971566,26.441420996324187,89.28447867298584
1048,217.18655213270105,4.826421800947872,0.8511848341232221,2.581457345971566,26.441420996324187,89.28447867298584
1049,217.18655213270105,4.826421800947872,0.8511848341232221,2.581457345971566,26.441420996324187,89.28447867298584
1050,217.18655213270105,4.826421800947872,0.8511848341232221,2.581457345971566,26.441420996324187,89.28447867298584
1051,217.18655213270105,4.826421800947872,0.8511848341232221,2.581457345971566,26.441420996324187,89.28447867298584
1052,217.18655213270105,4.826421800947872,0.8511848341232221,2.581457345971566,26.441420996324187,89.28447867298584
1053,217.18655213270105,4.826421800947872,0.8511848341232221,2.581457345971566,26.441420996324187,89.28447867298584
1054,217.18655213270105,4.826421800947872,0.8511848341232221,2.581457345971566,26.441420996324187,89.28447867298584
1055,217.18655213270105,4.826421800947872,0.8511848341232221,2.581457345971566,26.441420996324187,89.28447867298584
1056,217.18655213270105,4.826421800947872,0.8511848341232221,2.581457345971566,26.441420996324187,89.28447867298584
1057,217.18655213270105,4.826421800947872,0.8511848341232221,2.581457345971566,26.441420996324187,89.28447867298584
1058,217.18655213270105,4.826421800947872,0.8511848341232221,2.581457345971566,26.441420996324187,89.28447867298584
1059,217.18655213270105,4.826421800947872,0.8511848341232221,2.581457345971566,26.441420996324187,89.28447867298584
1060,217.18655213270105,4.826421800947872,0.8511848341232221,2.581457345971566,26.441420996324187,89.28447867298584
1061,217.18655213270105,4.826421800947872,0.8511848341232221,2.581457345971566,26.441420996324187,89.28447867298584
1062,217.18655213270105,4.826421800947872,0.8511848341232221,2.581457345971566,26.441420996324187,89.28447867298584
1063,217.18655213270105,4.826421800947872,0.8511848341232221,2.581457345971566,26.441420996324187,89.28447867298584
1064,217.18655213270105,4.826421800947872,0.8511848341232221,2.581457345971566,26.441420996324187,89.28447867298584
1065,217.18655213270105,4.826421800947872,0.8511848341232221,2.581457345971566,26.441420996324187,89.28447867298584
1066,217.18655213270105,4.826421800947872,0.8511848341232221,2.581457345971566,26.441420996324187,89.28447867298584
1067,217.18655213270105,4.826421800947872,0.8511848341232221,2.581457345971566,26.441420996324187,89.28447867298584
1068,217.18655213270105,4.826421800947872,0.8511848341232221,2.581457345971566,26.441420996324187,89.28447867298584
1069,217.18655213270105,4.826421800947872,0.8511848341232221,2.581457345971566,26.441420996324187,89.28447867298584
1070,217.18655213270105,4.826421800947872,0.8511848341232221,2.581457345971566,26.441420996324187,89.28447867298584
1071,217.18655213270105,4.826421800947872,0.8511848341232221,2.581457345971566,26.441420996324187,89.28447867298584
1072,217.18655213270105,4.826421800947872,0.8511848341232221,2.581457345971566,26.441420996324187,89.28447867298584
1073,217.18655213270105,4.826421800947872,0.8511848341232221,2.581457345971566,26.441420996324187,89.28447867298584
1074,217.18655213270105,4.826421800947872,0.8511848341232221,2.581457345971566,26.441420996324187,89.28447867298584
1075,217.18655213270105,4.826421800947872,0.8511848341232221,2.581457345971566,26.441420996324187,89.28447867298584
1076,217.18655213270105,4.826421800947872,0.8511848341232221,2.581457345971566,26.441420996324187,89.28447867298584
1077,217.18655213270105,4.826421800947872,0.8511848341232221,2.581457345971566,26.441420996324187,89.28447867298584
1078,217.18655213270105,4.826421800947872,0.8511848341232221,2.581457345971566,26.441420996324187,89.28447867298584
1079,217.18655213270105,4.826421800947872,0.8511848341232221,2.581457345971566,26.441420996324187,89.28447867298584
1080,217.18655213270105,4.826421800947872,0.8511848341232221,2.581457345971566,26.441420996324187,89.28447867298584
1081,217.18655213270105,4.826421800947872,0.8511848341232221,2.581457345971566,26.441420996324187,89.28447867298584
1082,217.18655213270105,4.826421800947872,0.8511848341232221,2.581457345971566,26.441420996324187,89.28447867298584
1083,217.18655213270105,4.826421800947872,0.8511848341232221,2.581457345971566,26.441420996324187,89.28447867298584
1084,217.18655213270105,4.826421800947872,0.8511848341232221,2.581457345971566,26.441420996324187,89.28447867298584
1085,217.18655213270105,4.826421800947872,0.8511848341232221,2.581457345971566,26.441420996324187,89.28447867298584
1086,217.18655213270105,4.826421800947872,0.8511848341232221,2.581457345971566,26.441420996324187,89.28447867298584
1087,217.18655213270105,4.826421800947872,0.8511848341232221,2.581457345971566,26.441420996324187,89.28447867298584
1088,217.18655213270105,4.826421800947872,0.8511848341232221,2.581457345971566,26.441420996324187,89.28447867298584
1089,217.18655213270105,4.826421800947872,0.8511848341232221,2.581457345971566,26.441420996324187,89.28447867298584
1090,217.18655213270105,4.826421800947872,0.8511848341232221,2.581457345971566,26.441420996324187,89.28447867298584
1091,217.18655213270105,4.826421800947872,0.8511848341232221,2.581457345971566,26.441420996324187,89.28447867298584
1092,217.18655213270105,4.826421800947872,0.8511848341232221,2.581457345971566,26.441420996324187,89.28447867298584
1093,217.18655213270105,4.826421800947872,0.8511848341232221,2.581457345971566,26.441420996324187,89.28447867298584
1094,217.18655213270105,4.826421800947872,0.8511848341232221,2.581457345971566,26.441420996324187,89.28447867298584
1095,217.18655213270105,4.826421800947872,0.8511848341232221,2.581457345971566,26.441420996324187,89.28447867298584
1096,217.18655213270105,4.826421800947872,0.8511848341232221,2.581457345971566,26.441420996324187,89.28447867298584
1097,217.18655213270105,4.826421800947872,0.8511848341232221,2.581457345971566,26.441420996324187,89.28447867298584
1098,217.18655213270105,4.826421800947872,0.8511848341232221,2.581457345971566,26.441420996324187,89.28447867298584
1099,217.18655213270105,4.826421800947872,0.8511848341232221,2.581457345971566,26.441420996324187,89.28447867298584
1100,217.18655213270105,4.826421800947872,0.8511848341232221,2.581457345971566,26.441420996324187,89.28447867298584
1101,217.18655213270105,4.826421800947872,0.8511848341232221,2.581457345971566,26.441420996324187,89.28447867298584
1102,217.18655213270105,4.826421800947872,0.8511848341232221,2.581457345971566,26.441420996324187,89.28447867298584
1103,217.18655213270105,4.826421800947872,0.8511848341232221,2.581457345971566,26.441420996324187,89.28447867298584
1104,217.18655213270105,4.826421800947872,0.8511848341232221,2.581457345971566,26.441420996324187,89.28447867298584
1105,217.18655213270105,4.826421800947872,0.8511848341232221,2.581457345971566,26.441420996324187,89.28447867298584
1106,217.18655213270105,4.826421800947872,0.8511848341232221,2.581457345971566,26.441420996324187,89.28447867298584
1107,217.18655213270105,4.826421800947872,0.8511848341232221,2.581457345971566,26.441420996324187,89.28447867298584
1108,217.18655213270105,4.826421800947872,0.8511848341232221,2.581457345971566,26.441420996324187,89.28447867298584
1109,217.18655213270105,4.826421800947872,0.8511848341232221,2.581457345971566,26.441420996324187,89.28447867298584
1110,217.18655213270105,4.826421800947872,0.8511848341232221,2.581457345971566,26.441420996324187,89.28447867298584
1111,217.18655213270105,4.826421800947872,0.8511848341232221,2.581457345971566,26.441420996324187,89.28447867298584
1112,217.18655213270105,4.826421800947872,0.8511848341232221,2.581457345971566,26.441420996324187,89.28447867298584
1113,217.18655213270105,4.826421800947872,0.8511848341232221,2.581457345971566,26.441420996324187,89.28447867298584
1114,217.18655213270105,4.826421800947872,0.8511848341232221,2.581457345971566,26.441420996324187,89.28447867298584
1115,217.18655213270105,4.826421800947872,0.8511848341232221,2.581457345971566,26.441420996324187,89.28447867298584
1116,217.18655213270105,4.826421800947872,0.8511848341232221,2.581457345971566,26.441420996324187,89.28447867298584
1117,217.18655213270105,4.826421800947872,0.8511848341232221,2.581457345971566,26.441420996324187,89.28447867298584
1118,217.18655213270105,4.826421800947872,0.8511848341232221,2.581457345971566,26.441420996324187,89.28447867298584
1119,217.18655213270105,4.826421800947872,0.8511848341232221,2.581457345971566,26.441420996324187,89.28447867298584
1120,217.18655213270105,4.826421800947872,0.8511848341232221,2.581457345971566,26.441420996324187,89.28447867298584
1121,217.18655213270105,4.826421800947872,0.8511848341232221,2.581457345971566,26.441420996324187,89.28447867298584
1122,217.18655213270105,4.826421800947872,0.8511848341232221,2.581457345971566,26.441420996324187,89.28447867298584
1123,217.18655213270105,4.826421800947872,0.8511848341232221,2.581457345971566,26.441420996324187,89.28447867298584
1124,217.18655213270105,4.826421800947872,0.8511848341232221,2.581457345971566,26.441420996324187,89.28447867298584
1125,217.18655213270105,4.826421800947872,0.8511848341232221,2.581457345971566,26.441420996324187,89.28447867298584
1126,217.18655213270105,4.826421800947872,0.8511848341232221,2.581457345971566,26.441420996324187,89.28447867298584
1127,217.18655213270105,4.826421800947872,0.8511848341232221,2.581457345971566,26.441420996324187,89.28447867298584
1128,217.18655213270105,4.826421800947872,0.8511848341232221,2.581457345971566,26.441420996324187,89.28447867298584
1129,217.18655213270105,4.826421800947872,0.8511848341232221,2.581457345971566,26.441420996324187,89.28447867298584
1130,217.18655213270105,4.826421800947872,0.8511848341232221,2.581457345971566,26.441420996324187,89.28447867298584
1131,217.18655213270105,4.826421800947872,0.8511848341232221,2.581457345971566,26.441420996324187,89.28447867298584
1132,217.18655213270105,4.826421800947872,0.8511848341232221,2.581457345971566,26.441420996324187,89.28447867298584
1133,217.18655213270105,4.826421800947872,0.8511848341232221,2.581457345971566,26.441420996324187,89.28447867298584
1134,217.18655213270105,4.826421800947872,0.8511848341232221,2.581457345971566,26.441420996324187,89.28447867298584
1135,217.18655213270105,4.826421800947872,0.8511848341232221,2.581457345971566,26.441420996324187,89.28447867298584
1136,217.18655213270105,4.826421800947872,0.8511848341232221,2.581457345971566,26.441420996324187,89.28447867298584
1137,217.18655213270105,4.826421800947872,0.8511848341232221,2.581457345971566,26.441420996324187,89.28447867298584
1138,217.18655213270105,4.826421800947872,0.8511848341232221,2.581457345971566,26.441420996324187,89.28447867298584
1139,217.18655213270105,4.826421800947872,0.8511848341232221,2.581457345971566,26.441420996324187,89.28447867298584
1140,217.18655213270105,4.826421800947872,0.8511848341232221,2.581457345971566,26.441420996324187,89.28447867298584
1141,217.18655213270105,4.826421800947872,0.8511848341232221,2.581457345971566,26.441420996324187,89.28447867298584
1142,217.18655213270105,4.826421800947872,0.8511848341232221,2.581457345971566,26.441420996324187,89.28447867298584
1143,217.18655213270105,4.826421800947872,0.8511848341232221,2.581457345971566,26.441420996324187,89.28447867298584
1144,217.18655213270105,4.826421800947872,0.8511848341232221,2.581457345971566,26.441420996324187,89.28447867298584
1145,217.18655213270105,4.826421800947872,0.8511848341232221,2.581457345971566,26.441420996324187,89.28447867298584
1146,217.18655213270105,4.826421800947872,0.8511848341232221,2.581457345971566,26.441420996324187,89.28447867298584
1147,217.18655213270105,4.826421800947872,0.8511848341232221,2.581457345971566,26.441420996324187,89.28447867298584
1148,217.18655213270105,4.826421800947872,0.8511848341232221,2.581457345971566,26.441420996324187,89.28447867298584
1149,217.18655213270105,4.826421800947872,0.8511848341232221,2.581457345971566,26.441420996324187,89.28447867298584
1150,217.18655213270105,4.826421800947872,0.8511848341232221,2.581457345971566,26.441420996324187,89.28447867298584
1151,217.18655213270105,4.826421800947872,0.8511848341232221,2.581457345971566,26.441420996324187,89.28447867298584
1152,217.18655213270105,4.826421800947872,0.8511848341232221,2.581457345971566,26.441420996324187,89.28447867298584
1153,217.18655213270105,4.826421800947872,0.8511848341232221,2.581457345971566,26.441420996324187,89.28447867298584
1154,217.18655213270105,4.826421800947872,0.8511848341232221,2.581457345971566,26.441420996324187,89.28447867298584
1155,217.18655213270105,4.826421800947872,0.8511848341232221,2.581457345971566,26.441420996324187,89.28447867298584
1156,217.18655213270105,4.826421800947872,0.8511848341232221,2.581457345971566,26.441420996324187,89.28447867298584
1157,217.18655213270105,4.826421800947872,0.8511848341232221,2.581457345971566,26.441420996324187,89.28447867298584
1158,217.18655213270105,4.826421800947872,0.8511848341232221,2.581457345971566,26.441420996324187,89.28447867298584
1159,217.18655213270105,4.826421800947872,0.8511848341232221,2.581457345971566,26.441420996324187,89.28447867298584
1160,217.18655213270105,4.826421800947872,0.8511848341232221,2.581457345971566,26.441420996324187,89.28447867298584
1161,217.18655213270105,4.826421800947872,0.8511848341232221,2.581457345971566,26.441420996324187,89.28447867298584
1162,217.18655213270105,4.826421800947872,0.8511848341232221,2.581457345971566,26.441420996324187,89.28447867298584
1163,217.18655213270105,4.826421800947872,0.8511848341232221,2.581457345971566,26.441420996324187,89.28447867298584
1164,217.18655213270105,4.826421800947872,0.8511848341232221,2.581457345971566,26.441420996324187,89.28447867298584
1165,217.18655213270105,4.826421800947872,0.8511848341232221,2.581457345971566,26.441420996324187,89.28447867298584
1166,217.18655213270105,4.826421800947872,0.8511848341232221,2.581457345971566,26.441420996324187,89.28447867298584
1167,217.18655213270105,4.826421800947872,0.8511848341232221,2.581457345971566,26.441420996324187,89.28447867298584
1168,217.18655213270105,4.826421800947872,0.8511848341232221,2.581457345971566,26.441420996324187,89.28447867298584
1169,217.18655213270105,4.826421800947872,0.8511848341232221,2.581457345971566,26.441420996324187,89.28447867298584
1170,217.18655213270105,4.826421800947872,0.8511848341232221,2.581457345971566,26.441420996324187,89.28447867298584
1171,217.18655213270105,4.826421800947872,0.8511848341232221,2.581457345971566,26.441420996324187,89.28447867298584
1172,217.18655213270105,4.826421800947872,0.8511848341232221,2.581457345971566,26.441420996324187,89.28447867298584
1173,217.18655213270105,4.826421800947872,0.8511848341232221,2.581457345971566,26.441420996324187,89.28447867298584
1174,217.18655213270105,4.826421800947872,0.8511848341232221,2.581457345971566,26.441420996324187,89.28447867298584
1175,217.18655213270105,4.826421800947872,0.8511848341232221,2.581457345971566,26.441420996324187,89.28447867298584
1176,217.18655213270105,4.826421800947872,0.8511848341232221,2.581457345971566,26.441420996324187,89.28447867298584
1177,217.18655213270105,4.826421800947872,0.8511848341232221,2.581457345971566,26.441420996324187,89.28447867298584
1178,217.18655213270105,4.826421800947872,0.8511848341232221,2.581457345971566,26.441420996324187,89.28447867298584
1179,217.18655213270105,4.826421800947872,0.8511848341232221,2.581457345971566,26.441420996324187,89.28447867298584
1180,217.18655213270105,4.826421800947872,0.8511848341232221,2.581457345971566,26.441420996324187,89.28447867298584
1181,217.18655213270105,4.826421800947872,0.8511848341232221,2.581457345971566,26.441420996324187,89.28447867298584
1182,217.18655213270105,4.826421800947872,0.8511848341232221,2.581457345971566,26.441420996324187,89.28447867298584
1183,217.18655213270105,4.826421800947872,0.8511848341232221,2.581457345971566,26.441420996324187,89.28447867298584
1184,217.18655213270105,4.826421800947872,0.8511848341232221,2.581457345971566,26.441420996324187,89.28447867298584
1185,217.18655213270105,4.826421800947872,0.8511848341232221,2.581457345971566,26.441420996324187,89.28447867298584
1186,217.18655213270105,4.826421800947872,0.8511848341232221,2.581457345971566,26.441420996324187,89.28447867298584
1187,217.18655213270105,4.826421800947872,0.8511848341232221,2.581457345971566,26.441420996324187,89.28447867298584
1188,217.18655213270105,4.826421800947872,0.8511848341232221,2.581457345971566,26.441420996324187,89.28447867298584
1189,217.18655213270105,4.826421800947872,0.8511848341232221,2.581457345971566,26.441420996324187,89.28447867298584
1190,217.18655213270105,4.826421800947872,0.8511848341232221,2.581457345971566,26.441420996324187,89.28447867298584
1191,217.18655213270105,4.826421800947872,0.8511848341232221,2.581457345971566,26.441420996324187,89.28447867298584
1192,217.18655213270105,4.826421800947872,0.8511848341232221,2.581457345971566,26.441420996324187,89.28447867298584
1193,217.18655213270105,4.826421800947872,0.8511848341232221,2.581457345971566,26.441420996324187,89.28447867298584
1194,217.18655213270105,4.826421800947872,0.8511848341232221,2.581457345971566,26.441420996324187,89.28447867298584
1195,217.18655213270105,4.826421800947872,0.8511848341232221,2.581457345971566,26.441420996324187,89.28447867298584
1196,217.18655213270105,4.826421800947872,0.8511848341232221,2.581457345971566,26.441420996324187,89.28447867298584
1197,217.18655213270105,4.826421800947872,0.8511848341232221,2.581457345971566,26.441420996324187,89.28447867298584
1198,217.18655213270105,4.826421800947872,0.8511848341232221,2.581457345971566,26.441420996324187,89.28447867298584
1199,217.18655213270105,4.826421800947872,0.8511848341232221,2.581457345971566,26.441420996324187,89.28447867298584
1200,217.18655213270105,4.826421800947872,0.8511848341232221,2.581457345971566,26.441420996324187,89.28447867298584
1201,217.18655213270105,4.826421800947872,0.8511848341232221,2.581457345971566,26.441420996324187,89.28447867298584
1202,217.18655213270105,4.826421800947872,0.8511848341232221,2.581457345971566,26.441420996324187,89.28447867298584
1203,217.18655213270105,4.826421800947872,0.8511848341232221,2.581457345971566,26.441420996324187,89.28447867298584
1204,217.18655213270105,4.826421800947872,0.8511848341232221,2.581457345971566,26.441420996324187,89.28447867298584
1205,217.18655213270105,4.826421800947872,0.8511848341232221,2.581457345971566,26.441420996324187,89.28447867298584
1206,217.18655213270105,4.826421800947872,0.8511848341232221,2.581457345971566,26.441420996324187,89.28447867298584
1207,217.18655213270105,4.826421800947872,0.8511848341232221,2.581457345971566,26.441420996324187,89.28447867298584
1208,217.18655213270105,4.826421800947872,0.8511848341232221,2.581457345971566,26.441420996324187,89.28447867298584
1209,217.18655213270105,4.826421800947872,0.8511848341232221,2.581457345971566,26.441420996324187,89.28447867298584
1210,217.18655213270105,4.826421800947872,0.8511848341232221,2.581457345971566,26.441420996324187,89.28447867298584
1211,217.18655213270105,4.826421800947872,0.8511848341232221,2.581457345971566,26.441420996324187,89.28447867298584
1212,217.18655213270105,4.826421800947872,0.8511848341232221,2.581457345971566,26.441420996324187,89.28447867298584
1213,217.18655213270105,4.826421800947872,0.8511848341232221,2.581457345971566,26.441420996324187,89.28447867298584
1214,217.18655213270105,4.826421800947872,0.8511848341232221,2.581457345971566,26.441420996324187,89.28447867298584
1215,217.18655213270105,4.826421800947872,0.8511848341232221,2.581457345971566,26.441420996324187,89.28447867298584
1216,217.18655213270105,4.826421800947872,0.8511848341232221,2.581457345971566,26.441420996324187,89.28447867298584
1217,217.18655213270105,4.826421800947872,0.8511848341232221,2.581457345971566,26.441420996324187,89.28447867298584
1218,217.18655213270105,4.826421800947872,0.8511848341232221,2.581457345971566,26.441420996324187,89.28447867298584
1219,217.18655213270105,4.826421800947872,0.8511848341232221,2.581457345971566,26.441420996324187,89.28447867298584
1220,217.18655213270105,4.826421800947872,0.8511848341232221,2.581457345971566,26.441420996324187,89.28447867298584
1221,217.18655213270105,4.826421800947872,0.8511848341232221,2.581457345971566,26.441420996324187,89.28447867298584
1222,217.18655213270105,4.826421800947872,0.8511848341232221,2.581457345971566,26.441420996324187,89.28447867298584
1223,217.18655213270105,4.826421800947872,0.8511848341232221,2.581457345971566,26.441420996324187,89.28447867298584
1224,217.18655213270105,4.826421800947872,0.8511848341232221,2.581457345971566,26.441420996324187,89.28447867298584
1225,217.18655213270105,4.826421800947872,0.8511848341232221,2.581457345971566,26.441420996324187,89.28447867298584
1226,217.18655213270105,4.826421800947872,0.8511848341232221,2.581457345971566,26.441420996324187,89.28447867298584
1227,217.18655213270105,4.826421800947872,0.8511848341232221,2.581457345971566,26.441420996324187,89.28447867298584
1228,217.18655213270105,4.826421800947872,0.8511848341232221,2.581457345971566,26.441420996324187,89.28447867298584
1229,217.18655213270105,4.826421800947872,0.8511848341232221,2.581457345971566,26.441420996324187,89.28447867298584
1230,217.18655213270105,4.826421800947872,0.8511848341232221,2.581457345971566,26.441420996324187,89.28447867298584
1231,217.18655213270105,4.826421800947872,0.8511848341232221,2.581457345971566,26.441420996324187,89.28447867298584
1232,217.18655213270105,4.826421800947872,0.8511848341232221,2.581457345971566,26.441420996324187,89.28447867298584
1233,217.18655213270105,4.826421800947872,0.8511848341232221,2.581457345971566,26.441420996324187,89.28447867298584
1234,217.18655213270105,4.826421800947872,0.8511848341232221,2.581457345971566,26.441420996324187,89.28447867298584
1235,217.18655213270105,4.826421800947872,0.8511848341232221,2.581457345971566,26.441420996324187,89.28447867298584
1236,217.18655213270105,4.826421800947872,0.8511848341232221,2.581457345971566,26.441420996324187,89.28447867298584
1237,217.18655213270105,4.826421800947872,0.8511848341232221,2.581457345971566,26.441420996324187,89.28447867298584
1238,217.18655213270105,4.826421800947872,0.8511848341232221,2.581457345971566,26.441420996324187,89.28447867298584
1239,217.18655213270105,4.826421800947872,0.8511848341232221,2.581457345971566,26.441420996324187,89.28447867298584
1240,217.18655213270105,4.826421800947872,0.8511848341232221,2.581457345971566,26.441420996324187,89.28447867298584
1241,217.18655213270105,4.826421800947872,0.8511848341232221,2.581457345971566,26.441420996324187,89.28447867298584
1242,217.18655213270105,4.826421800947872,0.8511848341232221,2.581457345971566,26.441420996324187,89.28447867298584
1243,217.18655213270105,4.826421800947872,0.8511848341232221,2.581457345971566,26.441420996324187,89.28447867298584
1244,217.18655213270105,4.826421800947872,0.8511848341232221,2.581457345971566,26.441420996324187,89.28447867298584
1245,217.18655213270105,4.826421800947872,0.8511848341232221,2.581457345971566,26.441420996324187,89.28447867298584
1246,217.18655213270105,4.826421800947872,0.8511848341232221,2.581457345971566,26.441420996324187,89.28447867298584
1247,217.18655213270105,4.826421800947872,0.8511848341232221,2.581457345971566,26.441420996324187,89.28447867298584
1248,217.18655213270105,4.826421800947872,0.8511848341232221,2.581457345971566,26.441420996324187,89.28447867298584
1249,217.18655213270105,4.826421800947872,0.8511848341232221,2.581457345971566,26.441420996324187,89.28447867298584
1250,217.18655213270105,4.826421800947872,0.8511848341232221,2.581457345971566,26.441420996324187,89.28447867298584
1251,217.18655213270105,4.826421800947872,0.8511848341232221,2.581457345971566,26.441420996324187,89.28447867298584
1252,217.18655213270105,4.826421800947872,0.8511848341232221,2.581457345971566,26.441420996324187,89.28447867298584
1253,217.18655213270105,4.826421800947872,0.8511848341232221,2.581457345971566,26.441420996324187,89.28447867298584
1254,217.18655213270105,4.826421800947872,0.8511848341232221,2.581457345971566,26.441420996324187,89.28447867298584
1255,217.18655213270105,4.826421800947872,0.8511848341232221,2.581457345971566,26.441420996324187,89.28447867298584
1256,217.18655213270105,4.826421800947872,0.8511848341232221,2.581457345971566,26.441420996324187,89.28447867298584
1257,217.18655213270105,4.826421800947872,0.8511848341232221,2.581457345971566,26.441420996324187,89.28447867298584
1258,217.18655213270105,4.826421800947872,0.8511848341232221,2.581457345971566,26.441420996324187,89.28447867298584
1259,217.18655213270105,4.826421800947872,0.8511848341232221,2.581457345971566,26.441420996324187,89.28447867298584
1260,217.18655213270105,4.826421800947872,0.8511848341232221,2.581457345971566,26.441420996324187,89.28447867298584
1261,217.18655213270105,4.826421800947872,0.8511848341232221,2.581457345971566,26.441420996324187,89.28447867298584
1262,217.18655213270105,4.826421800947872,0.8511848341232221,2.581457345971566,26.441420996324187,89.28447867298584
1263,217.18655213270105,4.826421800947872,0.8511848341232221,2.581457345971566,26.441420996324187,89.28447867298584
1264,217.18655213270105,4.826421800947872,0.8511848341232221,2.581457345971566,26.441420996324187,89.28447867298584
1265,217.18655213270105,4.826421800947872,0.8511848341232221,2.581457345971566,26.441420996324187,89.28447867298584
1266,217.18655213270105,4.826421800947872,0.8511848341232221,2.581457345971566,26.441420996324187,89.28447867298584
1267,217.18655213270105,4.826421800947872,0.8511848341232221,2.581457345971566,26.441420996324187,89.28447867298584
1268,217.18655213270105,4.826421800947872,0.8511848341232221,2.581457345971566,26.441420996324187,89.28447867298584
1269,217.18655213270105,4.826421800947872,0.8511848341232221,2.581457345971566,26.441420996324187,89.28447867298584
1270,217.18655213270105,4.826421800947872,0.8511848341232221,2.581457345971566,26.441420996324187,89.28447867298584
1271,217.18655213270105,4.826421800947872,0.8511848341232221,2.581457345971566,26.441420996324187,89.28447867298584
1272,217.18655213270105,4.826421800947872,0.8511848341232221,2.581457345971566,26.441420996324187,89.28447867298584
1273,217.18655213270105,4.826421800947872,0.8511848341232221,2.581457345971566,26.441420996324187,89.28447867298584
1274,217.18655213270105,4.826421800947872,0.8511848341232221,2.581457345971566,26.441420996324187,89.28447867298584
1275,217.18655213270105,4.826421800947872,0.8511848341232221,2.581457345971566,26.441420996324187,89.28447867298584
1276,217.18655213270105,4.826421800947872,0.8511848341232221,2.581457345971566,26.441420996324187,89.28447867298584
1277,217.18655213270105,4.826421800947872,0.8511848341232221,2.581457345971566,26.441420996324187,89.28447867298584
1278,217.18655213270105,4.826421800947872,0.8511848341232221,2.581457345971566,26.441420996324187,89.28447867298584
1279,217.18655213270105,4.826421800947872,0.8511848341232221,2.581457345971566,26.441420996324187,89.28447867298584
1280,217.18655213270105,4.826421800947872,0.8511848341232221,2.581457345971566,26.441420996324187,89.28447867298584
1281,217.18655213270105,4.826421800947872,0.8511848341232221,2.581457345971566,26.441420996324187,89.28447867298584
1282,217.18655213270105,4.826421800947872,0.8511848341232221,2.581457345971566,26.441420996324187,89.28447867298584
1283,217.18655213270105,4.826421800947872,0.8511848341232221,2.581457345971566,26.441420996324187,89.28447867298584
1284,217.18655213270105,4.826421800947872,0.8511848341232221,2.581457345971566,26.441420996324187,89.28447867298584
1285,217.18655213270105,4.826421800947872,0.8511848341232221,2.581457345971566,26.441420996324187,89.28447867298584
1286,217.18655213270105,4.826421800947872,0.8511848341232221,2.581457345971566,26.441420996324187,89.28447867298584
1287,217.18655213270105,4.826421800947872,0.8511848341232221,2.581457345971566,26.441420996324187,89.28447867298584
1288,217.18655213270105,4.826421800947872,0.8511848341232221,2.581457345971566,26.441420996324187,89.28447867298584
1289,217.18655213270105,4.826421800947872,0.8511848341232221,2.581457345971566,26.441420996324187,89.28447867298584
1290,217.18655213270105,4.826421800947872,0.8511848341232221,2.581457345971566,26.441420996324187,89.28447867298584
1291,217.18655213270105,4.826421800947872,0.8511848341232221,2.581457345971566,26.441420996324187,89.28447867298584
1292,217.18655213270105,4.826421800947872,0.8511848341232221,2.581457345971566,26.441420996324187,89.28447867298584
1293,217.18655213270105,4.826421800947872,0.8511848341232221,2.581457345971566,26.441420996324187,89.28447867298584
1294,217.18655213270105,4.826421800947872,0.8511848341232221,2.581457345971566,26.441420996324187,89.28447867298584
1295,217.18655213270105,4.826421800947872,0.8511848341232221,2.581457345971566,26.441420996324187,89.28447867298584
1296,217.18655213270105,4.826421800947872,0.8511848341232221,2.581457345971566,26.441420996324187,89.28447867298584
1297,217.18655213270105,4.826421800947872,0.8511848341232221,2.581457345971566,26.441420996324187,89.28447867298584
1298,217.18655213270105,4.826421800947872,0.8511848341232221,2.581457345971566,26.441420996324187,89.28447867298584
1299,217.18655213270105,4.826421800947872,0.8511848341232221,2.581457345971566,26.441420996324187,89.28447867298584
1300,217.18655213270105,4.826421800947872,0.8511848341232221,2.581457345971566,26.441420996324187,89.28447867298584
1301,217.18655213270105,4.826421800947872,0.8511848341232221,2.581457345971566,26.441420996324187,89.28447867298584
1302,217.18655213270105,4.826421800947872,0.8511848341232221,2.581457345971566,26.441420996324187,89.28447867298584
1303,217.18655213270105,4.826421800947872,0.8511848341232221,2.581457345971566,26.441420996324187,89.28447867298584
1304,217.18655213270105,4.826421800947872,0.8511848341232221,2.581457345971566,26.441420996324187,89.28447867298584
1305,217.18655213270105,4.826421800947872,0.8511848341232221,2.581457345971566,26.441420996324187,89.28447867298584
1306,217.18655213270105,4.826421800947872,0.8511848341232221,2.581457345971566,26.441420996324187,89.28447867298584
1307,217.18655213270105,4.826421800947872,0.8511848341232221,2.581457345971566,26.441420996324187,89.28447867298584
1308,217.18655213270105,4.826421800947872,0.8511848341232221,2.581457345971566,26.441420996324187,89.28447867298584
1309,217.18655213270105,4.826421800947872,0.8511848341232221,2.581457345971566,26.441420996324187,89.28447867298584
1310,217.18655213270105,4.826421800947872,0.8511848341232221,2.581457345971566,26.441420996324187,89.28447867298584
1311,217.18655213270105,4.826421800947872,0.8511848341232221,2.581457345971566,26.441420996324187,89.28447867298584
1312,217.18655213270105,4.826421800947872,0.8511848341232221,2.581457345971566,26.441420996324187,89.28447867298584
1313,217.18655213270105,4.826421800947872,0.8511848341232221,2.581457345971566,26.441420996324187,89.28447867298584
1314,217.18655213270105,4.826421800947872,0.8511848341232221,2.581457345971566,26.441420996324187,89.28447867298584
1315,217.18655213270105,4.826421800947872,0.8511848341232221,2.581457345971566,26.441420996324187,89.28447867298584
1316,217.18655213270105,4.826421800947872,0.8511848341232221,2.581457345971566,26.441420996324187,89.28447867298584
1317,217.18655213270105,4.826421800947872,0.8511848341232221,2.581457345971566,26.441420996324187,89.28447867298584
1318,217.18655213270105,4.826421800947872,0.8511848341232221,2.581457345971566,26.441420996324187,89.28447867298584
1319,217.18655213270105,4.826421800947872,0.8511848341232221,2.581457345971566,26.441420996324187,89.28447867298584
1320,217.18655213270105,4.826421800947872,0.8511848341232221,2.581457345971566,26.441420996324187,89.28447867298584
1321,217.18655213270105,4.826421800947872,0.8511848341232221,2.581457345971566,26.441420996324187,89.28447867298584
1322,217.18655213270105,4.826421800947872,0.8511848341232221,2.581457345971566,26.441420996324187,89.28447867298584
1323,217.18655213270105,4.826421800947872,0.8511848341232221,2.581457345971566,26.441420996324187,89.28447867298584
1324,217.18655213270105,4.826421800947872,0.8511848341232221,2.581457345971566,26.441420996324187,89.28447867298584
1325,217.18655213270105,4.826421800947872,0.8511848341232221,2.581457345971566,26.441420996324187,89.28447867298584
1326,217.18655213270105,4.826421800947872,0.8511848341232221,2.581457345971566,26.441420996324187,89.28447867298584
1327,217.18655213270105,4.826421800947872,0.8511848341232221,2.581457345971566,26.441420996324187,89.28447867298584
1328,217.18655213270105,4.826421800947872,0.8511848341232221,2.581457345971566,26.441420996324187,89.28447867298584
1329,217.18655213270105,4.826421800947872,0.8511848341232221,2.581457345971566,26.441420996324187,89.28447867298584
1330,217.18655213270105,4.826421800947872,0.8511848341232221,2.581457345971566,26.441420996324187,89.28447867298584
1331,217.18655213270105,4.826421800947872,0.8511848341232221,2.581457345971566,26.441420996324187,89.28447867298584
1332,217.18655213270105,4.826421800947872,0.8511848341232221,2.581457345971566,26.441420996324187,89.28447867298584
1333,217.18655213270105,4.826421800947872,0.8511848341232221,2.581457345971566,26.441420996324187,89.28447867298584
1334,217.18655213270105,4.826421800947872,0.8511848341232221,2.581457345971566,26.441420996324187,89.28447867298584
1335,217.18655213270105,4.826421800947872,0.8511848341232221,2.581457345971566,26.441420996324187,89.28447867298584
1336,217.18655213270105,4.826421800947872,0.8511848341232221,2.581457345971566,26.441420996324187,89.28447867298584
1337,217.18655213270105,4.826421800947872,0.8511848341232221,2.581457345971566,26.441420996324187,89.28447867298584
1338,217.18655213270105,4.826421800947872,0.8511848341232221,2.581457345971566,26.441420996324187,89.28447867298584
1339,217.18655213270105,4.826421800947872,0.8511848341232221,2.581457345971566,26.441420996324187,89.28447867298584
1340,217.18655213270105,4.826421800947872,0.8511848341232221,2.581457345971566,26.441420996324187,89.28447867298584
1341,217.18655213270105,4.826421800947872,0.8511848341232221,2.581457345971566,26.441420996324187,89.28447867298584
1342,217.18655213270105,4.826421800947872,0.8511848341232221,2.581457345971566,26.441420996324187,89.28447867298584
1343,217.18655213270105,4.826421800947872,0.8511848341232221,2.581457345971566,26.441420996324187,89.28447867298584
1344,217.18655213270105,4.826421800947872,0.8511848341232221,2.581457345971566,26.441420996324187,89.28447867298584
1345,217.18655213270105,4.826421800947872,0.8511848341232221,2.581457345971566,26.441420996324187,89.28447867298584
1346,217.18655213270105,4.826421800947872,0.8511848341232221,2.581457345971566,26.441420996324187,89.28447867298584
1347,217.18655213270105,4.826421800947872,0.8511848341232221,2.581457345971566,26.441420996324187,89.28447867298584
1348,217.18655213270105,4.826421800947872,0.8511848341232221,2.581457345971566,26.441420996324187,89.28447867298584
1349,217.18655213270105,4.826421800947872,0.8511848341232221,2.581457345971566,26.441420996324187,89.28447867298584
1350,217.18655213270105,4.826421800947872,0.8511848341232221,2.581457345971566,26.441420996324187,89.28447867298584
1351,217.18655213270105,4.826421800947872,0.8511848341232221,2.581457345971566,26.441420996324187,89.28447867298584
1352,217.18655213270105,4.826421800947872,0.8511848341232221,2.581457345971566,26.441420996324187,89.28447867298584
1353,217.18655213270105,4.826421800947872,0.8511848341232221,2.581457345971566,26.441420996324187,89.28447867298584
1354,217.18655213270105,4.826421800947872,0.8511848341232221,2.581457345971566,26.441420996324187,89.28447867298584
1355,217.18655213270105,4.826421800947872,0.8511848341232221,2.581457345971566,26.441420996324187,89.28447867298584
1356,217.18655213270105,4.826421800947872,0.8511848341232221,2.581457345971566,26.441420996324187,89.28447867298584
1357,217.18655213270105,4.826421800947872,0.8511848341232221,2.581457345971566,26.441420996324187,89.28447867298584
1358,217.18655213270105,4.826421800947872,0.8511848341232221,2.581457345971566,26.441420996324187,89.28447867298584
1359,217.18655213270105,4.826421800947872,0.8511848341232221,2.581457345971566,26.441420996324187,89.28447867298584
1360,217.18655213270105,4.826421800947872,0.8511848341232221,2.581457345971566,26.441420996324187,89.28447867298584
1361,217.18655213270105,4.826421800947872,0.8511848341232221,2.581457345971566,26.441420996324187,89.28447867298584
1362,217.18655213270105,4.826421800947872,0.8511848341232221,2.581457345971566,26.441420996324187,89.28447867298584
1363,217.18655213270105,4.826421800947872,0.8511848341232221,2.581457345971566,26.441420996324187,89.28447867298584
1364,217.18655213270105,4.826421800947872,0.8511848341232221,2.581457345971566,26.441420996324187,89.28447867298584
1365,217.18655213270105,4.826421800947872,0.8511848341232221,2.581457345971566,26.441420996324187,89.28447867298584
1366,217.18655213270105,4.826421800947872,0.8511848341232221,2.581457345971566,26.441420996324187,89.28447867298584
1367,217.18655213270105,4.826421800947872,0.8511848341232221,2.581457345971566,26.441420996324187,89.28447867298584
1368,217.18655213270105,4.826421800947872,0.8511848341232221,2.581457345971566,26.441420996324187,89.28447867298584
1369,217.18655213270105,4.826421800947872,0.8511848341232221,2.581457345971566,26.441420996324187,89.28447867298584
1370,217.18655213270105,4.826421800947872,0.8511848341232221,2.581457345971566,26.441420996324187,89.28447867298584
1371,217.18655213270105,4.826421800947872,0.8511848341232221,2.581457345971566,26.441420996324187,89.28447867298584
1372,217.18655213270105,4.826421800947872,0.8511848341232221,2.581457345971566,26.441420996324187,89.28447867298584
1373,217.18655213270105,4.826421800947872,0.8511848341232221,2.581457345971566,26.441420996324187,89.28447867298584
1374,217.18655213270105,4.826421800947872,0.8511848341232221,2.581457345971566,26.441420996324187,89.28447867298584
1375,217.18655213270105,4.826421800947872,0.8511848341232221,2.581457345971566,26.441420996324187,89.28447867298584
1376,217.18655213270105,4.826421800947872,0.8511848341232221,2.581457345971566,26.441420996324187,89.28447867298584
1377,217.18655213270105,4.826421800947872,0.8511848341232221,2.581457345971566,26.441420996324187,89.28447867298584
1378,217.18655213270105,4.826421800947872,0.8511848341232221,2.581457345971566,26.441420996324187,89.28447867298584
1379,217.18655213270105,4.826421800947872,0.8511848341232221,2.581457345971566,26.441420996324187,89.28447867298584
1380,217.18655213270105,4.826421800947872,0.8511848341232221,2.581457345971566,26.441420996324187,89.28447867298584
1381,217.18655213270105,4.826421800947872,0.8511848341232221,2.581457345971566,26.441420996324187,89.28447867298584
1382,217.18655213270105,4.826421800947872,0.8511848341232221,2.581457345971566,26.441420996324187,89.28447867298584
1383,217.18655213270105,4.826421800947872,0.8511848341232221,2.581457345971566,26.441420996324187,89.28447867298584
1384,217.18655213270105,4.826421800947872,0.8511848341232221,2.581457345971566,26.441420996324187,89.28447867298584
1385,217.18655213270105,4.826421800947872,0.8511848341232221,2.581457345971566,26.441420996324187,89.28447867298584
1386,217.18655213270105,4.826421800947872,0.8511848341232221,2.581457345971566,26.441420996324187,89.28447867298584
1387,217.18655213270105,4.826421800947872,0.8511848341232221,2.581457345971566,26.441420996324187,89.28447867298584
1388,217.18655213270105,4.826421800947872,0.8511848341232221,2.581457345971566,26.441420996324187,89.28447867298584
1389,217.18655213270105,4.826421800947872,0.8511848341232221,2.581457345971566,26.441420996324187,89.28447867298584
1390,217.18655213270105,4.826421800947872,0.8511848341232221,2.581457345971566,26.441420996324187,89.28447867298584
1391,217.18655213270105,4.826421800947872,0.8511848341232221,2.581457345971566,26.441420996324187,89.28447867298584
1392,217.18655213270105,4.826421800947872,0.8511848341232221,2.581457345971566,26.441420996324187,89.28447867298584
1393,217.18655213270105,4.826421800947872,0.8511848341232221,2.581457345971566,26.441420996324187,89.28447867298584
1394,217.18655213270105,4.826421800947872,0.8511848341232221,2.581457345971566,26.441420996324187,89.28447867298584
1395,217.18655213270105,4.826421800947872,0.8511848341232221,2.581457345971566,26.441420996324187,89.28447867298584
1396,217.18655213270105,4.826421800947872,0.8511848341232221,2.581457345971566,26.441420996324187,89.28447867298584
1397,217.18655213270105,4.826421800947872,0.8511848341232221,2.581457345971566,26.441420996324187,89.28447867298584
1398,217.18655213270105,4.826421800947872,0.8511848341232221,2.581457345971566,26.441420996324187,89.28447867298584
1399,217.18655213270105,4.826421800947872,0.8511848341232221,2.581457345971566,26.441420996324187,89.28447867298584
1400,217.18655213270105,4.826421800947872,0.8511848341232221,2.581457345971566,26.441420996324187,89.28447867298584
1401,217.18655213270105,4.826421800947872,0.8511848341232221,2.581457345971566,26.441420996324187,89.28447867298584
1402,217.18655213270105,4.826421800947872,0.8511848341232221,2.581457345971566,26.441420996324187,89.28447867298584
1403,217.18655213270105,4.826421800947872,0.8511848341232221,2.581457345971566,26.441420996324187,89.28447867298584
1404,217.18655213270105,4.826421800947872,0.8511848341232221,2.581457345971566,26.441420996324187,89.28447867298584
1405,217.18655213270105,4.826421800947872,0.8511848341232221,2.581457345971566,26.441420996324187,89.28447867298584
1406,217.18655213270105,4.826421800947872,0.8511848341232221,2.581457345971566,26.441420996324187,89.28447867298584
1407,217.18655213270105,4.826421800947872,0.8511848341232221,2.581457345971566,26.441420996324187,89.28447867298584
1408,217.18655213270105,4.826421800947872,0.8511848341232221,2.581457345971566,26.441420996324187,89.28447867298584
1409,217.18655213270105,4.826421800947872,0.8511848341232221,2.581457345971566,26.441420996324187,89.28447867298584
1410,217.18655213270105,4.826421800947872,0.8511848341232221,2.581457345971566,26.441420996324187,89.28447867298584
1411,217.18655213270105,4.826421800947872,0.8511848341232221,2.581457345971566,26.441420996324187,89.28447867298584
1412,217.18655213270105,4.826421800947872,0.8511848341232221,2.581457345971566,26.441420996324187,89.28447867298584
1413,217.18655213270105,4.826421800947872,0.8511848341232221,2.581457345971566,26.441420996324187,89.28447867298584
1414,217.18655213270105,4.826421800947872,0.8511848341232221,2.581457345971566,26.441420996324187,89.28447867298584
1415,217.18655213270105,4.826421800947872,0.8511848341232221,2.581457345971566,26.441420996324187,89.28447867298584
1416,217.18655213270105,4.826421800947872,0.8511848341232221,2.581457345971566,26.441420996324187,89.28447867298584
1417,217.18655213270105,4.826421800947872,0.8511848341232221,2.581457345971566,26.441420996324187,89.28447867298584
1418,217.18655213270105,4.826421800947872,0.8511848341232221,2.581457345971566,26.441420996324187,89.28447867298584
1419,217.18655213270105,4.826421800947872,0.8511848341232221,2.581457345971566,26.441420996324187,89.28447867298584
1420,217.18655213270105,4.826421800947872,0.8511848341232221,2.581457345971566,26.441420996324187,89.28447867298584
1421,217.18655213270105,4.826421800947872,0.8511848341232221,2.581457345971566,26.441420996324187,89.28447867298584
1422,217.18655213270105,4.826421800947872,0.8511848341232221,2.581457345971566,26.441420996324187,89.28447867298584
1423,217.18655213270105,4.826421800947872,0.8511848341232221,2.581457345971566,26.441420996324187,89.28447867298584
1424,217.18655213270105,4.826421800947872,0.8511848341232221,2.581457345971566,26.441420996324187,89.28447867298584
1425,217.18655213270105,4.826421800947872,0.8511848341232221,2.581457345971566,26.441420996324187,89.28447867298584
1426,217.18655213270105,4.826421800947872,0.8511848341232221,2.581457345971566,26.441420996324187,89.28447867298584
1427,217.18655213270105,4.826421800947872,0.8511848341232221,2.581457345971566,26.441420996324187,89.28447867298584
1428,217.18655213270105,4.826421800947872,0.8511848341232221,2.581457345971566,26.441420996324187,89.28447867298584
1429,217.18655213270105,4.826421800947872,0.8511848341232221,2.581457345971566,26.441420996324187,89.28447867298584
1430,217.18655213270105,4.826421800947872,0.8511848341232221,2.581457345971566,26.441420996324187,89.28447867298584
1431,217.18655213270105,4.826421800947872,0.8511848341232221,2.581457345971566,26.441420996324187,89.28447867298584
1432,217.18655213270105,4.826421800947872,0.8511848341232221,2.581457345971566,26.441420996324187,89.28447867298584
1433,217.18655213270105,4.826421800947872,0.8511848341232221,2.581457345971566,26.441420996324187,89.28447867298584
1434,217.18655213270105,4.826421800947872,0.8511848341232221,2.581457345971566,26.441420996324187,89.28447867298584
1435,217.18655213270105,4.826421800947872,0.8511848341232221,2.581457345971566,26.441420996324187,89.28447867298584
1436,217.18655213270105,4.826421800947872,0.8511848341232221,2.581457345971566,26.441420996324187,89.28447867298584
1437,217.18655213270105,4.826421800947872,0.8511848341232221,2.581457345971566,26.441420996324187,89.28447867298584
1438,217.18655213270105,4.826421800947872,0.8511848341232221,2.581457345971566,26.441420996324187,89.28447867298584
1439,217.18655213270105,4.826421800947872,0.8511848341232221,2.581457345971566,26.441420996324187,89.28447867298584
1440,217.18655213270105,4.826421800947872,0.8511848341232221,2.581457345971566,26.441420996324187,89.28447867298584
1441,217.18655213270105,4.826421800947872,0.8511848341232221,2.581457345971566,26.441420996324187,89.28447867298584
1442,217.18655213270105,4.826421800947872,0.8511848341232221,2.581457345971566,26.441420996324187,89.28447867298584
1443,217.18655213270105,4.826421800947872,0.8511848341232221,2.581457345971566,26.441420996324187,89.28447867298584
1444,217.18655213270105,4.826421800947872,0.8511848341232221,2.581457345971566,26.441420996324187,89.28447867298584
1445,217.18655213270105,4.826421800947872,0.8511848341232221,2.581457345971566,26.441420996324187,89.28447867298584
1446,217.18655213270105,4.826421800947872,0.8511848341232221,2.581457345971566,26.441420996324187,89.28447867298584
1447,217.18655213270105,4.826421800947872,0.8511848341232221,2.581457345971566,26.441420996324187,89.28447867298584
1448,217.18655213270105,4.826421800947872,0.8511848341232221,2.581457345971566,26.441420996324187,89.28447867298584
1449,217.18655213270105,4.826421800947872,0.8511848341232221,2.581457345971566,26.441420996324187,89.28447867298584
1450,217.18655213270105,4.826421800947872,0.8511848341232221,2.581457345971566,26.441420996324187,89.28447867298584
1451,217.18655213270105,4.826421800947872,0.8511848341232221,2.581457345971566,26.441420996324187,89.28447867298584
1452,217.18655213270105,4.826421800947872,0.8511848341232221,2.581457345971566,26.441420996324187,89.28447867298584
1453,217.18655213270105,4.826421800947872,0.8511848341232221,2.581457345971566,26.441420996324187,89.28447867298584
1454,217.18655213270105,4.826421800947872,0.8511848341232221,2.581457345971566,26.441420996324187,89.28447867298584
1455,217.18655213270105,4.826421800947872,0.8511848341232221,2.581457345971566,26.441420996324187,89.28447867298584
1456,217.18655213270105,4.826421800947872,0.8511848341232221,2.581457345971566,26.441420996324187,89.28447867298584
1457,217.18655213270105,4.826421800947872,0.8511848341232221,2.581457345971566,26.441420996324187,89.28447867298584
1458,217.18655213270105,4.826421800947872,0.8511848341232221,2.581457345971566,26.441420996324187,89.28447867298584
1459,217.18655213270105,4.826421800947872,0.8511848341232221,2.581457345971566,26.441420996324187,89.28447867298584
1460,217.18655213270105,4.826421800947872,0.8511848341232221,2.581457345971566,26.441420996324187,89.28447867298584
1461,217.18655213270105,4.826421800947872,0.8511848341232221,2.581457345971566,26.441420996324187,89.28447867298584
1462,217.18655213270105,4.826421800947872,0.8511848341232221,2.581457345971566,26.441420996324187,89.28447867298584
1463,217.18655213270105,4.826421800947872,0.8511848341232221,2.581457345971566,26.441420996324187,89.28447867298584
1464,217.18655213270105,4.826421800947872,0.8511848341232221,2.581457345971566,26.441420996324187,89.28447867298584
1465,217.18655213270105,4.826421800947872,0.8511848341232221,2.581457345971566,26.441420996324187,89.28447867298584
1466,217.18655213270105,4.826421800947872,0.8511848341232221,2.581457345971566,26.441420996324187,89.28447867298584
1467,217.18655213270105,4.826421800947872,0.8511848341232221,2.581457345971566,26.441420996324187,89.28447867298584
1468,217.18655213270105,4.826421800947872,0.8511848341232221,2.581457345971566,26.441420996324187,89.28447867298584
1469,217.18655213270105,4.826421800947872,0.8511848341232221,2.581457345971566,26.441420996324187,89.28447867298584
1470,217.18655213270105,4.826421800947872,0.8511848341232221,2.581457345971566,26.441420996324187,89.28447867298584
1471,217.18655213270105,4.826421800947872,0.8511848341232221,2.581457345971566,26.441420996324187,89.28447867298584
1472,217.18655213270105,4.826421800947872,0.8511848341232221,2.581457345971566,26.441420996324187,89.28447867298584
1473,217.18655213270105,4.826421800947872,0.8511848341232221,2.581457345971566,26.441420996324187,89.28447867298584
1474,217.18655213270105,4.826421800947872,0.8511848341232221,2.581457345971566,26.441420996324187,89.28447867298584
1475,217.18655213270105,4.826421800947872,0.8511848341232221,2.581457345971566,26.441420996324187,89.28447867298584
1476,217.18655213270105,4.826421800947872,0.8511848341232221,2.581457345971566,26.441420996324187,89.28447867298584
1477,217.18655213270105,4.826421800947872,0.8511848341232221,2.581457345971566,26.441420996324187,89.28447867298584
1478,217.18655213270105,4.826421800947872,0.8511848341232221,2.581457345971566,26.441420996324187,89.28447867298584
1479,217.18655213270105,4.826421800947872,0.8511848341232221,2.581457345971566,26.441420996324187,89.28447867298584
1480,217.18655213270105,4.826421800947872,0.8511848341232221,2.581457345971566,26.441420996324187,89.28447867298584
1481,217.18655213270105,4.826421800947872,0.8511848341232221,2.581457345971566,26.441420996324187,89.28447867298584
1482,217.18655213270105,4.826421800947872,0.8511848341232221,2.581457345971566,26.441420996324187,89.28447867298584
1483,217.18655213270105,4.826421800947872,0.8511848341232221,2.581457345971566,26.441420996324187,89.28447867298584
1484,217.18655213270105,4.826421800947872,0.8511848341232221,2.581457345971566,26.441420996324187,89.28447867298584
1485,217.18655213270105,4.826421800947872,0.8511848341232221,2.581457345971566,26.441420996324187,89.28447867298584
1486,217.18655213270105,4.826421800947872,0.8511848341232221,2.581457345971566,26.441420996324187,89.28447867298584
1487,217.18655213270105,4.826421800947872,0.8511848341232221,2.581457345971566,26.441420996324187,89.28447867298584
1488,217.18655213270105,4.826421800947872,0.8511848341232221,2.581457345971566,26.441420996324187,89.28447867298584
1489,217.18655213270105,4.826421800947872,0.8511848341232221,2.581457345971566,26.441420996324187,89.28447867298584
1490,217.18655213270105,4.826421800947872,0.8511848341232221,2.581457345971566,26.441420996324187,89.28447867298584
1491,217.18655213270105,4.826421800947872,0.8511848341232221,2.581457345971566,26.441420996324187,89.28447867298584
1492,217.18655213270105,4.826421800947872,0.8511848341232221,2.581457345971566,26.441420996324187,89.28447867298584
1493,217.18655213270105,4.826421800947872,0.8511848341232221,2.581457345971566,26.441420996324187,89.28447867298584
1494,217.18655213270105,4.826421800947872,0.8511848341232221,2.581457345971566,26.441420996324187,89.28447867298584
1495,217.18655213270105,4.826421800947872,0.8511848341232221,2.581457345971566,26.441420996324187,89.28447867298584
1496,217.18655213270105,4.826421800947872,0.8511848341232221,2.581457345971566,26.441420996324187,89.28447867298584
1497,217.18655213270105,4.826421800947872,0.8511848341232221,2.581457345971566,26.441420996324187,89.28447867298584
1498,217.18655213270105,4.826421800947872,0.8511848341232221,2.581457345971566,26.441420996324187,89.28447867298584
1499,217.18655213270105,4.826421800947872,0.8511848341232221,2.581457345971566,26.441420996324187,89.28447867298584
1500,217.18655213270105,4.826421800947872,0.8511848341232221,2.581457345971566,26.441420996324187,89.28447867298584
1501,217.18655213270105,4.826421800947872,0.8511848341232221,2.581457345971566,26.441420996324187,89.28447867298584
1502,217.18655213270105,4.826421800947872,0.8511848341232221,2.581457345971566,26.441420996324187,89.28447867298584
1503,217.18655213270105,4.826421800947872,0.8511848341232221,2.581457345971566,26.441420996324187,89.28447867298584
1504,217.18655213270105,4.826421800947872,0.8511848341232221,2.581457345971566,26.441420996324187,89.28447867298584
1505,217.18655213270105,4.826421800947872,0.8511848341232221,2.581457345971566,26.441420996324187,89.28447867298584
1506,217.18655213270105,4.826421800947872,0.8511848341232221,2.581457345971566,26.441420996324187,89.28447867298584
1507,217.18655213270105,4.826421800947872,0.8511848341232221,2.581457345971566,26.441420996324187,89.28447867298584
1508,217.18655213270105,4.826421800947872,0.8511848341232221,2.581457345971566,26.441420996324187,89.28447867298584
1509,217.18655213270105,4.826421800947872,0.8511848341232221,2.581457345971566,26.441420996324187,89.28447867298584
1510,217.18655213270105,4.826421800947872,0.8511848341232221,2.581457345971566,26.441420996324187,89.28447867298584
1511,217.18655213270105,4.826421800947872,0.8511848341232221,2.581457345971566,26.441420996324187,89.28447867298584
1512,217.18655213270105,4.826421800947872,0.8511848341232221,2.581457345971566,26.441420996324187,89.28447867298584
1513,217.18655213270105,4.826421800947872,0.8511848341232221,2.581457345971566,26.441420996324187,89.28447867298584
1514,217.18655213270105,4.826421800947872,0.8511848341232221,2.581457345971566,26.441420996324187,89.28447867298584
1515,217.18655213270105,4.826421800947872,0.8511848341232221,2.581457345971566,26.441420996324187,89.28447867298584
1516,217.18655213270105,4.826421800947872,0.8511848341232221,2.581457345971566,26.441420996324187,89.28447867298584
1517,217.18655213270105,4.826421800947872,0.8511848341232221,2.581457345971566,26.441420996324187,89.28447867298584
1518,217.18655213270105,4.826421800947872,0.8511848341232221,2.581457345971566,26.441420996324187,89.28447867298584
1519,217.18655213270105,4.826421800947872,0.8511848341232221,2.581457345971566,26.441420996324187,89.28447867298584
1520,217.18655213270105,4.826421800947872,0.8511848341232221,2.581457345971566,26.441420996324187,89.28447867298584
1521,217.18655213270105,4.826421800947872,0.8511848341232221,2.581457345971566,26.441420996324187,89.28447867298584
1522,217.18655213270105,4.826421800947872,0.8511848341232221,2.581457345971566,26.441420996324187,89.28447867298584
1523,217.18655213270105,4.826421800947872,0.8511848341232221,2.581457345971566,26.441420996324187,89.28447867298584
1524,217.18655213270105,4.826421800947872,0.8511848341232221,2.581457345971566,26.441420996324187,89.28447867298584
1525,217.18655213270105,4.826421800947872,0.8511848341232221,2.581457345971566,26.441420996324187,89.28447867298584
1526,217.18655213270105,4.826421800947872,0.8511848341232221,2.581457345971566,26.441420996324187,89.28447867298584
1527,217.18655213270105,4.826421800947872,0.8511848341232221,2.581457345971566,26.441420996324187,89.28447867298584
1528,217.18655213270105,4.826421800947872,0.8511848341232221,2.581457345971566,26.441420996324187,89.28447867298584
1529,217.18655213270105,4.826421800947872,0.8511848341232221,2.581457345971566,26.441420996324187,89.28447867298584
1530,217.18655213270105,4.826421800947872,0.8511848341232221,2.581457345971566,26.441420996324187,89.28447867298584
1531,217.18655213270105,4.826421800947872,0.8511848341232221,2.581457345971566,26.441420996324187,89.28447867298584
1532,217.18655213270105,4.826421800947872,0.8511848341232221,2.581457345971566,26.441420996324187,89.28447867298584
1533,217.18655213270105,4.826421800947872,0.8511848341232221,2.581457345971566,26.441420996324187,89.28447867298584
1534,217.18655213270105,4.826421800947872,0.8511848341232221,2.581457345971566,26.441420996324187,89.28447867298584
1535,217.18655213270105,4.826421800947872,0.8511848341232221,2.581457345971566,26.441420996324187,89.28447867298584
1536,217.18655213270105,4.826421800947872,0.8511848341232221,2.581457345971566,26.441420996324187,89.28447867298584
1537,217.18655213270105,4.826421800947872,0.8511848341232221,2.581457345971566,26.441420996324187,89.28447867298584
1538,217.18655213270105,4.826421800947872,0.8511848341232221,2.581457345971566,26.441420996324187,89.28447867298584
1539,217.18655213270105,4.826421800947872,0.8511848341232221,2.581457345971566,26.441420996324187,89.28447867298584
1540,217.18655213270105,4.826421800947872,0.8511848341232221,2.581457345971566,26.441420996324187,89.28447867298584
1541,217.18655213270105,4.826421800947872,0.8511848341232221,2.581457345971566,26.441420996324187,89.28447867298584
1542,217.18655213270105,4.826421800947872,0.8511848341232221,2.581457345971566,26.441420996324187,89.28447867298584
1543,217.18655213270105,4.826421800947872,0.8511848341232221,2.581457345971566,26.441420996324187,89.28447867298584
1544,217.18655213270105,4.826421800947872,0.8511848341232221,2.581457345971566,26.441420996324187,89.28447867298584
1545,217.18655213270105,4.826421800947872,0.8511848341232221,2.581457345971566,26.441420996324187,89.28447867298584
1546,217.18655213270105,4.826421800947872,0.8511848341232221,2.581457345971566,26.441420996324187,89.28447867298584
1547,217.18655213270105,4.826421800947872,0.8511848341232221,2.581457345971566,26.441420996324187,89.28447867298584
1548,217.18655213270105,4.826421800947872,0.8511848341232221,2.581457345971566,26.441420996324187,89.28447867298584
1549,217.18655213270105,4.826421800947872,0.8511848341232221,2.581457345971566,26.441420996324187,89.28447867298584
1550,217.18655213270105,4.826421800947872,0.8511848341232221,2.581457345971566,26.441420996324187,89.28447867298584
1551,217.18655213270105,4.826421800947872,0.8511848341232221,2.581457345971566,26.441420996324187,89.28447867298584
1552,217.18655213270105,4.826421800947872,0.8511848341232221,2.581457345971566,26.441420996324187,89.28447867298584
1553,217.18655213270105,4.826421800947872,0.8511848341232221,2.581457345971566,26.441420996324187,89.28447867298584
1554,217.18655213270105,4.826421800947872,0.8511848341232221,2.581457345971566,26.441420996324187,89.28447867298584
1555,217.18655213270105,4.826421800947872,0.8511848341232221,2.581457345971566,26.441420996324187,89.28447867298584
1556,217.18655213270105,4.826421800947872,0.8511848341232221,2.581457345971566,26.441420996324187,89.28447867298584
1557,217.18655213270105,4.826421800947872,0.8511848341232221,2.581457345971566,26.441420996324187,89.28447867298584
1558,217.18655213270105,4.826421800947872,0.8511848341232221,2.581457345971566,26.441420996324187,89.28447867298584
1559,217.18655213270105,4.826421800947872,0.8511848341232221,2.581457345971566,26.441420996324187,89.28447867298584
1560,217.18655213270105,4.826421800947872,0.8511848341232221,2.581457345971566,26.441420996324187,89.28447867298584
1561,217.18655213270105,4.826421800947872,0.8511848341232221,2.581457345971566,26.441420996324187,89.28447867298584
1562,217.18655213270105,4.826421800947872,0.8511848341232221,2.581457345971566,26.441420996324187,89.28447867298584
1563,217.18655213270105,4.826421800947872,0.8511848341232221,2.581457345971566,26.441420996324187,89.28447867298584
1564,217.18655213270105,4.826421800947872,0.8511848341232221,2.581457345971566,26.441420996324187,89.28447867298584
1565,217.18655213270105,4.826421800947872,0.8511848341232221,2.581457345971566,26.441420996324187,89.28447867298584
1566,217.18655213270105,4.826421800947872,0.8511848341232221,2.581457345971566,26.441420996324187,89.28447867298584
1567,217.18655213270105,4.826421800947872,0.8511848341232221,2.581457345971566,26.441420996324187,89.28447867298584
1568,217.18655213270105,4.826421800947872,0.8511848341232221,2.581457345971566,26.441420996324187,89.28447867298584
1569,217.18655213270105,4.826421800947872,0.8511848341232221,2.581457345971566,26.441420996324187,89.28447867298584
1570,217.18655213270105,4.826421800947872,0.8511848341232221,2.581457345971566,26.441420996324187,89.28447867298584
1571,217.18655213270105,4.826421800947872,0.8511848341232221,2.581457345971566,26.441420996324187,89.28447867298584
1572,217.18655213270105,4.826421800947872,0.8511848341232221,2.581457345971566,26.441420996324187,89.28447867298584
1573,217.18655213270105,4.826421800947872,0.8511848341232221,2.581457345971566,26.441420996324187,89.28447867298584
1574,217.18655213270105,4.826421800947872,0.8511848341232221,2.581457345971566,26.441420996324187,89.28447867298584
1575,217.18655213270105,4.826421800947872,0.8511848341232221,2.581457345971566,26.441420996324187,89.28447867298584
1576,217.18655213270105,4.826421800947872,0.8511848341232221,2.581457345971566,26.441420996324187,89.28447867298584
1577,217.18655213270105,4.826421800947872,0.8511848341232221,2.581457345971566,26.441420996324187,89.28447867298584
1578,217.18655213270105,4.826421800947872,0.8511848341232221,2.581457345971566,26.441420996324187,89.28447867298584
1579,217.18655213270105,4.826421800947872,0.8511848341232221,2.581457345971566,26.441420996324187,89.28447867298584
1580,217.18655213270105,4.826421800947872,0.8511848341232221,2.581457345971566,26.441420996324187,89.28447867298584
1581,217.18655213270105,4.826421800947872,0.8511848341232221,2.581457345971566,26.441420996324187,89.28447867298584
1582,217.18655213270105,4.826421800947872,0.8511848341232221,2.581457345971566,26.441420996324187,89.28447867298584
1583,217.18655213270105,4.826421800947872,0.8511848341232221,2.581457345971566,26.441420996324187,89.28447867298584
1584,217.18655213270105,4.826421800947872,0.8511848341232221,2.581457345971566,26.441420996324187,89.28447867298584
1585,217.18655213270105,4.826421800947872,0.8511848341232221,2.581457345971566,26.441420996324187,89.28447867298584
1586,217.18655213270105,4.826421800947872,0.8511848341232221,2.581457345971566,26.441420996324187,89.28447867298584
1587,217.18655213270105,4.826421800947872,0.8511848341232221,2.581457345971566,26.441420996324187,89.28447867298584
1588,217.18655213270105,4.826421800947872,0.8511848341232221,2.581457345971566,26.441420996324187,89.28447867298584
1589,217.18655213270105,4.826421800947872,0.8511848341232221,2.581457345971566,26.441420996324187,89.28447867298584
1590,217.18655213270105,4.826421800947872,0.8511848341232221,2.581457345971566,26.441420996324187,89.28447867298584
1591,217.18655213270105,4.826421800947872,0.8511848341232221,2.581457345971566,26.441420996324187,89.28447867298584
1592,217.18655213270105,4.826421800947872,0.8511848341232221,2.581457345971566,26.441420996324187,89.28447867298584
1593,217.18655213270105,4.826421800947872,0.8511848341232221,2.581457345971566,26.441420996324187,89.28447867298584
1594,217.18655213270105,4.826421800947872,0.8511848341232221,2.581457345971566,26.441420996324187,89.28447867298584
1595,217.18655213270105,4.826421800947872,0.8511848341232221,2.581457345971566,26.441420996324187,89.28447867298584
1596,217.18655213270105,4.826421800947872,0.8511848341232221,2.581457345971566,26.441420996324187,89.28447867298584
1597,217.18655213270105,4.826421800947872,0.8511848341232221,2.581457345971566,26.441420996324187,89.28447867298584
1598,217.18655213270105,4.826421800947872,0.8511848341232221,2.581457345971566,26.441420996324187,89.28447867298584
1599,217.18655213270105,4.826421800947872,0.8511848341232221,2.581457345971566,26.441420996324187,89.28447867298584
1600,217.18655213270105,4.826421800947872,0.8511848341232221,2.581457345971566,26.441420996324187,89.28447867298584
1601,217.18655213270105,4.826421800947872,0.8511848341232221,2.581457345971566,26.441420996324187,89.28447867298584
1602,217.18655213270105,4.826421800947872,0.8511848341232221,2.581457345971566,26.441420996324187,89.28447867298584
1603,217.18655213270105,4.826421800947872,0.8511848341232221,2.581457345971566,26.441420996324187,89.28447867298584
1604,217.18655213270105,4.826421800947872,0.8511848341232221,2.581457345971566,26.441420996324187,89.28447867298584
1605,217.18655213270105,4.826421800947872,0.8511848341232221,2.581457345971566,26.441420996324187,89.28447867298584
1606,217.18655213270105,4.826421800947872,0.8511848341232221,2.581457345971566,26.441420996324187,89.28447867298584
1607,217.18655213270105,4.826421800947872,0.8511848341232221,2.581457345971566,26.441420996324187,89.28447867298584
1608,217.18655213270105,4.826421800947872,0.8511848341232221,2.581457345971566,26.441420996324187,89.28447867298584
1609,217.18655213270105,4.826421800947872,0.8511848341232221,2.581457345971566,26.441420996324187,89.28447867298584
1610,217.18655213270105,4.826421800947872,0.8511848341232221,2.581457345971566,26.441420996324187,89.28447867298584
1611,217.18655213270105,4.826421800947872,0.8511848341232221,2.581457345971566,26.441420996324187,89.28447867298584
1612,217.18655213270105,4.826421800947872,0.8511848341232221,2.581457345971566,26.441420996324187,89.28447867298584
1613,217.18655213270105,4.826421800947872,0.8511848341232221,2.581457345971566,26.441420996324187,89.28447867298584
1614,217.18655213270105,4.826421800947872,0.8511848341232221,2.581457345971566,26.441420996324187,89.28447867298584
1615,217.18655213270105,4.826421800947872,0.8511848341232221,2.581457345971566,26.441420996324187,89.28447867298584
1616,217.18655213270105,4.826421800947872,0.8511848341232221,2.581457345971566,26.441420996324187,89.28447867298584
1617,217.18655213270105,4.826421800947872,0.8511848341232221,2.581457345971566,26.441420996324187,89.28447867298584
1618,217.18655213270105,4.826421800947872,0.8511848341232221,2.581457345971566,26.441420996324187,89.28447867298584
1619,217.18655213270105,4.826421800947872,0.8511848341232221,2.581457345971566,26.441420996324187,89.28447867298584
1620,217.18655213270105,4.826421800947872,0.8511848341232221,2.581457345971566,26.441420996324187,89.28447867298584
1621,217.18655213270105,4.826421800947872,0.8511848341232221,2.581457345971566,26.441420996324187,89.28447867298584
1622,217.18655213270105,4.826421800947872,0.8511848341232221,2.581457345971566,26.441420996324187,89.28447867298584
1623,217.18655213270105,4.826421800947872,0.8511848341232221,2.581457345971566,26.441420996324187,89.28447867298584
1624,217.18655213270105,4.826421800947872,0.8511848341232221,2.581457345971566,26.441420996324187,89.28447867298584
1625,217.18655213270105,4.826421800947872,0.8511848341232221,2.581457345971566,26.441420996324187,89.28447867298584
1626,217.18655213270105,4.826421800947872,0.8511848341232221,2.581457345971566,26.441420996324187,89.28447867298584
1627,217.18655213270105,4.826421800947872,0.8511848341232221,2.581457345971566,26.441420996324187,89.28447867298584
1628,217.18655213270105,4.826421800947872,0.8511848341232221,2.581457345971566,26.441420996324187,89.28447867298584
1629,217.18655213270105,4.826421800947872,0.8511848341232221,2.581457345971566,26.441420996324187,89.28447867298584
1630,217.18655213270105,4.826421800947872,0.8511848341232221,2.581457345971566,26.441420996324187,89.28447867298584
1631,217.18655213270105,4.826421800947872,0.8511848341232221,2.581457345971566,26.441420996324187,89.28447867298584
1632,217.18655213270105,4.826421800947872,0.8511848341232221,2.581457345971566,26.441420996324187,89.28447867298584
1633,217.18655213270105,4.826421800947872,0.8511848341232221,2.581457345971566,26.441420996324187,89.28447867298584
1634,217.18655213270105,4.826421800947872,0.8511848341232221,2.581457345971566,26.441420996324187,89.28447867298584
1635,217.18655213270105,4.826421800947872,0.8511848341232221,2.581457345971566,26.441420996324187,89.28447867298584
1636,217.18655213270105,4.826421800947872,0.8511848341232221,2.581457345971566,26.441420996324187,89.28447867298584
1637,217.18655213270105,4.826421800947872,0.8511848341232221,2.581457345971566,26.441420996324187,89.28447867298584
1638,217.18655213270105,4.826421800947872,0.8511848341232221,2.581457345971566,26.441420996324187,89.28447867298584
1639,217.18655213270105,4.826421800947872,0.8511848341232221,2.581457345971566,26.441420996324187,89.28447867298584
1640,217.18655213270105,4.826421800947872,0.8511848341232221,2.581457345971566,26.441420996324187,89.28447867298584
1641,217.18655213270105,4.826421800947872,0.8511848341232221,2.581457345971566,26.441420996324187,89.28447867298584
1642,217.18655213270105,4.826421800947872,0.8511848341232221,2.581457345971566,26.441420996324187,89.28447867298584
1643,217.18655213270105,4.826421800947872,0.8511848341232221,2.581457345971566,26.441420996324187,89.28447867298584
1644,217.18655213270105,4.826421800947872,0.8511848341232221,2.581457345971566,26.441420996324187,89.28447867298584
1645,217.18655213270105,4.826421800947872,0.8511848341232221,2.581457345971566,26.441420996324187,89.28447867298584
1646,217.18655213270105,4.826421800947872,0.8511848341232221,2.581457345971566,26.441420996324187,89.28447867298584
1647,217.18655213270105,4.826421800947872,0.8511848341232221,2.581457345971566,26.441420996324187,89.28447867298584
1648,217.18655213270105,4.826421800947872,0.8511848341232221,2.581457345971566,26.441420996324187,89.28447867298584
1649,217.18655213270105,4.826421800947872,0.8511848341232221,2.581457345971566,26.441420996324187,89.28447867298584
1650,217.18655213270105,4.826421800947872,0.8511848341232221,2.581457345971566,26.441420996324187,89.28447867298584
1651,217.18655213270105,4.826421800947872,0.8511848341232221,2.581457345971566,26.441420996324187,89.28447867298584
1652,217.18655213270105,4.826421800947872,0.8511848341232221,2.581457345971566,26.441420996324187,89.28447867298584
1653,217.18655213270105,4.826421800947872,0.8511848341232221,2.581457345971566,26.441420996324187,89.28447867298584
1654,217.18655213270105,4.826421800947872,0.8511848341232221,2.581457345971566,26.441420996324187,89.28447867298584
1655,217.18655213270105,4.826421800947872,0.8511848341232221,2.581457345971566,26.441420996324187,89.28447867298584
1656,217.18655213270105,4.826421800947872,0.8511848341232221,2.581457345971566,26.441420996324187,89.28447867298584
1657,217.18655213270105,4.826421800947872,0.8511848341232221,2.581457345971566,26.441420996324187,89.28447867298584
1658,217.18655213270105,4.826421800947872,0.8511848341232221,2.581457345971566,26.441420996324187,89.28447867298584
1659,217.18655213270105,4.826421800947872,0.8511848341232221,2.581457345971566,26.441420996324187,89.28447867298584
1660,217.18655213270105,4.826421800947872,0.8511848341232221,2.581457345971566,26.441420996324187,89.28447867298584
1661,217.18655213270105,4.826421800947872,0.8511848341232221,2.581457345971566,26.441420996324187,89.28447867298584
1662,217.18655213270105,4.826421800947872,0.8511848341232221,2.581457345971566,26.441420996324187,89.28447867298584
1663,217.18655213270105,4.826421800947872,0.8511848341232221,2.581457345971566,26.441420996324187,89.28447867298584
1664,217.18655213270105,4.826421800947872,0.8511848341232221,2.581457345971566,26.441420996324187,89.28447867298584
1665,217.18655213270105,4.826421800947872,0.8511848341232221,2.581457345971566,26.441420996324187,89.28447867298584
1666,217.18655213270105,4.826421800947872,0.8511848341232221,2.581457345971566,26.441420996324187,89.28447867298584
1667,217.18655213270105,4.826421800947872,0.8511848341232221,2.581457345971566,26.441420996324187,89.28447867298584
1668,217.18655213270105,4.826421800947872,0.8511848341232221,2.581457345971566,26.441420996324187,89.28447867298584
1669,217.18655213270105,4.826421800947872,0.8511848341232221,2.581457345971566,26.441420996324187,89.28447867298584
1670,217.18655213270105,4.826421800947872,0.8511848341232221,2.581457345971566,26.441420996324187,89.28447867298584
1671,217.18655213270105,4.826421800947872,0.8511848341232221,2.581457345971566,26.441420996324187,89.28447867298584
1672,217.18655213270105,4.826421800947872,0.8511848341232221,2.581457345971566,26.441420996324187,89.28447867298584
1673,217.18655213270105,4.826421800947872,0.8511848341232221,2.581457345971566,26.441420996324187,89.28447867298584
1674,217.18655213270105,4.826421800947872,0.8511848341232221,2.581457345971566,26.441420996324187,89.28447867298584
1675,217.18655213270105,4.826421800947872,0.8511848341232221,2.581457345971566,26.441420996324187,89.28447867298584
1676,217.18655213270105,4.826421800947872,0.8511848341232221,2.581457345971566,26.441420996324187,89.28447867298584
1677,217.18655213270105,4.826421800947872,0.8511848341232221,2.581457345971566,26.441420996324187,89.28447867298584
1678,217.18655213270105,4.826421800947872,0.8511848341232221,2.581457345971566,26.441420996324187,89.28447867298584
1679,217.18655213270105,4.826421800947872,0.8511848341232221,2.581457345971566,26.441420996324187,89.28447867298584
1680,217.18655213270105,4.826421800947872,0.8511848341232221,2.581457345971566,26.441420996324187,89.28447867298584
1681,217.18655213270105,4.826421800947872,0.8511848341232221,2.581457345971566,26.441420996324187,89.28447867298584
1682,217.18655213270105,4.826421800947872,0.8511848341232221,2.581457345971566,26.441420996324187,89.28447867298584
1683,217.18655213270105,4.826421800947872,0.8511848341232221,2.581457345971566,26.441420996324187,89.28447867298584
1684,217.18655213270105,4.826421800947872,0.8511848341232221,2.581457345971566,26.441420996324187,89.28447867298584
1685,217.18655213270105,4.826421800947872,0.8511848341232221,2.581457345971566,26.441420996324187,89.28447867298584
1686,217.18655213270105,4.826421800947872,0.8511848341232221,2.581457345971566,26.441420996324187,89.28447867298584
1687,217.18655213270105,4.826421800947872,0.8511848341232221,2.581457345971566,26.441420996324187,89.28447867298584
1688,217.18655213270105,4.826421800947872,0.8511848341232221,2.581457345971566,26.441420996324187,89.28447867298584
1689,217.18655213270105,4.826421800947872,0.8511848341232221,2.581457345971566,26.441420996324187,89.28447867298584
1690,217.18655213270105,4.826421800947872,0.8511848341232221,2.581457345971566,26.441420996324187,89.28447867298584
1691,217.18655213270105,4.826421800947872,0.8511848341232221,2.581457345971566,26.441420996324187,89.28447867298584
1692,217.18655213270105,4.826421800947872,0.8511848341232221,2.581457345971566,26.441420996324187,89.28447867298584
1693,217.18655213270105,4.826421800947872,0.8511848341232221,2.581457345971566,26.441420996324187,89.28447867298584
1694,217.18655213270105,4.826421800947872,0.8511848341232221,2.581457345971566,26.441420996324187,89.28447867298584
1695,217.18655213270105,4.826421800947872,0.8511848341232221,2.581457345971566,26.441420996324187,89.28447867298584
1696,217.18655213270105,4.826421800947872,0.8511848341232221,2.581457345971566,26.441420996324187,89.28447867298584
1697,217.18655213270105,4.826421800947872,0.8511848341232221,2.581457345971566,26.441420996324187,89.28447867298584
1698,217.18655213270105,4.826421800947872,0.8511848341232221,2.581457345971566,26.441420996324187,89.28447867298584
1699,217.18655213270105,4.826421800947872,0.8511848341232221,2.581457345971566,26.441420996324187,89.28447867298584
1700,217.18655213270105,4.826421800947872,0.8511848341232221,2.581457345971566,26.441420996324187,89.28447867298584
1701,217.18655213270105,4.826421800947872,0.8511848341232221,2.581457345971566,26.441420996324187,89.28447867298584
1702,217.18655213270105,4.826421800947872,0.8511848341232221,2.581457345971566,26.441420996324187,89.28447867298584
1703,217.18655213270105,4.826421800947872,0.8511848341232221,2.581457345971566,26.441420996324187,89.28447867298584
1704,217.18655213270105,4.826421800947872,0.8511848341232221,2.581457345971566,26.441420996324187,89.28447867298584
1705,217.18655213270105,4.826421800947872,0.8511848341232221,2.581457345971566,26.441420996324187,89.28447867298584
1706,217.18655213270105,4.826421800947872,0.8511848341232221,2.581457345971566,26.441420996324187,89.28447867298584
1707,217.18655213270105,4.826421800947872,0.8511848341232221,2.581457345971566,26.441420996324187,89.28447867298584
1708,217.18655213270105,4.826421800947872,0.8511848341232221,2.581457345971566,26.441420996324187,89.28447867298584
1709,217.18655213270105,4.826421800947872,0.8511848341232221,2.581457345971566,26.441420996324187,89.28447867298584
1710,217.18655213270105,4.826421800947872,0.8511848341232221,2.581457345971566,26.441420996324187,89.28447867298584
1711,217.18655213270105,4.826421800947872,0.8511848341232221,2.581457345971566,26.441420996324187,89.28447867298584
1712,217.18655213270105,4.826421800947872,0.8511848341232221,2.581457345971566,26.441420996324187,89.28447867298584
1713,217.18655213270105,4.826421800947872,0.8511848341232221,2.581457345971566,26.441420996324187,89.28447867298584
1714,217.18655213270105,4.826421800947872,0.8511848341232221,2.581457345971566,26.441420996324187,89.28447867298584
1715,217.18655213270105,4.826421800947872,0.8511848341232221,2.581457345971566,26.441420996324187,89.28447867298584
1716,217.18655213270105,4.826421800947872,0.8511848341232221,2.581457345971566,26.441420996324187,89.28447867298584
1717,217.18655213270105,4.826421800947872,0.8511848341232221,2.581457345971566,26.441420996324187,89.28447867298584
1718,217.18655213270105,4.826421800947872,0.8511848341232221,2.581457345971566,26.441420996324187,89.28447867298584
1719,217.18655213270105,4.826421800947872,0.8511848341232221,2.581457345971566,26.441420996324187,89.28447867298584
1720,217.18655213270105,4.826421800947872,0.8511848341232221,2.581457345971566,26.441420996324187,89.28447867298584
1721,217.18655213270105,4.826421800947872,0.8511848341232221,2.581457345971566,26.441420996324187,89.28447867298584
1722,217.18655213270105,4.826421800947872,0.8511848341232221,2.581457345971566,26.441420996324187,89.28447867298584
1723,217.18655213270105,4.826421800947872,0.8511848341232221,2.581457345971566,26.441420996324187,89.28447867298584
1724,217.18655213270105,4.826421800947872,0.8511848341232221,2.581457345971566,26.441420996324187,89.28447867298584
1725,217.18655213270105,4.826421800947872,0.8511848341232221,2.581457345971566,26.441420996324187,89.28447867298584
1726,217.18655213270105,4.826421800947872,0.8511848341232221,2.581457345971566,26.441420996324187,89.28447867298584
1727,217.18655213270105,4.826421800947872,0.8511848341232221,2.581457345971566,26.441420996324187,89.28447867298584
1728,217.18655213270105,4.826421800947872,0.8511848341232221,2.581457345971566,26.441420996324187,89.28447867298584
1729,217.18655213270105,4.826421800947872,0.8511848341232221,2.581457345971566,26.441420996324187,89.28447867298584
1730,217.18655213270105,4.826421800947872,0.8511848341232221,2.581457345971566,26.441420996324187,89.28447867298584
1731,217.18655213270105,4.826421800947872,0.8511848341232221,2.581457345971566,26.441420996324187,89.28447867298584
1732,217.18655213270105,4.826421800947872,0.8511848341232221,2.581457345971566,26.441420996324187,89.28447867298584
1733,217.18655213270105,4.826421800947872,0.8511848341232221,2.581457345971566,26.441420996324187,89.28447867298584
1734,217.18655213270105,4.826421800947872,0.8511848341232221,2.581457345971566,26.441420996324187,89.28447867298584
1735,217.18655213270105,4.826421800947872,0.8511848341232221,2.581457345971566,26.441420996324187,89.28447867298584
1736,217.18655213270105,4.826421800947872,0.8511848341232221,2.581457345971566,26.441420996324187,89.28447867298584
1737,217.18655213270105,4.826421800947872,0.8511848341232221,2.581457345971566,26.441420996324187,89.28447867298584
1738,217.18655213270105,4.826421800947872,0.8511848341232221,2.581457345971566,26.441420996324187,89.28447867298584
1739,217.18655213270105,4.826421800947872,0.8511848341232221,2.581457345971566,26.441420996324187,89.28447867298584
1740,217.18655213270105,4.826421800947872,0.8511848341232221,2.581457345971566,26.441420996324187,89.28447867298584
1741,217.18655213270105,4.826421800947872,0.8511848341232221,2.581457345971566,26.441420996324187,89.28447867298584
1742,217.18655213270105,4.826421800947872,0.8511848341232221,2.581457345971566,26.441420996324187,89.28447867298584
1743,217.18655213270105,4.826421800947872,0.8511848341232221,2.581457345971566,26.441420996324187,89.28447867298584
1744,217.18655213270105,4.826421800947872,0.8511848341232221,2.581457345971566,26.441420996324187,89.28447867298584
1745,217.18655213270105,4.826421800947872,0.8511848341232221,2.581457345971566,26.441420996324187,89.28447867298584
1746,217.18655213270105,4.826421800947872,0.8511848341232221,2.581457345971566,26.441420996324187,89.28447867298584
1747,217.18655213270105,4.826421800947872,0.8511848341232221,2.581457345971566,26.441420996324187,89.28447867298584
1748,217.18655213270105,4.826421800947872,0.8511848341232221,2.581457345971566,26.441420996324187,89.28447867298584
1749,217.18655213270105,4.826421800947872,0.8511848341232221,2.581457345971566,26.441420996324187,89.28447867298584
1750,217.18655213270105,4.826421800947872,0.8511848341232221,2.581457345971566,26.441420996324187,89.28447867298584
1751,217.18655213270105,4.826421800947872,0.8511848341232221,2.581457345971566,26.441420996324187,89.28447867298584
1752,217.18655213270105,4.826421800947872,0.8511848341232221,2.581457345971566,26.441420996324187,89.28447867298584
1753,217.18655213270105,4.826421800947872,0.8511848341232221,2.581457345971566,26.441420996324187,89.28447867298584
1754,217.18655213270105,4.826421800947872,0.8511848341232221,2.581457345971566,26.441420996324187,89.28447867298584
1755,217.18655213270105,4.826421800947872,0.8511848341232221,2.581457345971566,26.441420996324187,89.28447867298584
1756,217.18655213270105,4.826421800947872,0.8511848341232221,2.581457345971566,26.441420996324187,89.28447867298584
1757,217.18655213270105,4.826421800947872,0.8511848341232221,2.581457345971566,26.441420996324187,89.28447867298584
1758,217.18655213270105,4.826421800947872,0.8511848341232221,2.581457345971566,26.441420996324187,89.28447867298584
1759,217.18655213270105,4.826421800947872,0.8511848341232221,2.581457345971566,26.441420996324187,89.28447867298584
1760,217.18655213270105,4.826421800947872,0.8511848341232221,2.581457345971566,26.441420996324187,89.28447867298584
1761,217.18655213270105,4.826421800947872,0.8511848341232221,2.581457345971566,26.441420996324187,89.28447867298584
1762,217.18655213270105,4.826421800947872,0.8511848341232221,2.581457345971566,26.441420996324187,89.28447867298584
1763,217.18655213270105,4.826421800947872,0.8511848341232221,2.581457345971566,26.441420996324187,89.28447867298584
1764,217.18655213270105,4.826421800947872,0.8511848341232221,2.581457345971566,26.441420996324187,89.28447867298584
1765,217.18655213270105,4.826421800947872,0.8511848341232221,2.581457345971566,26.441420996324187,89.28447867298584
1766,217.18655213270105,4.826421800947872,0.8511848341232221,2.581457345971566,26.441420996324187,89.28447867298584
1767,217.18655213270105,4.826421800947872,0.8511848341232221,2.581457345971566,26.441420996324187,89.28447867298584
1768,217.18655213270105,4.826421800947872,0.8511848341232221,2.581457345971566,26.441420996324187,89.28447867298584
1769,217.18655213270105,4.826421800947872,0.8511848341232221,2.581457345971566,26.441420996324187,89.28447867298584
1770,217.18655213270105,4.826421800947872,0.8511848341232221,2.581457345971566,26.441420996324187,89.28447867298584
1771,217.18655213270105,4.826421800947872,0.8511848341232221,2.581457345971566,26.441420996324187,89.28447867298584
1772,217.18655213270105,4.826421800947872,0.8511848341232221,2.581457345971566,26.441420996324187,89.28447867298584
1773,217.18655213270105,4.826421800947872,0.8511848341232221,2.581457345971566,26.441420996324187,89.28447867298584
1774,217.18655213270105,4.826421800947872,0.8511848341232221,2.581457345971566,26.441420996324187,89.28447867298584
1775,217.18655213270105,4.826421800947872,0.8511848341232221,2.581457345971566,26.441420996324187,89.28447867298584
1776,217.18655213270105,4.826421800947872,0.8511848341232221,2.581457345971566,26.441420996324187,89.28447867298584
1777,217.18655213270105,4.826421800947872,0.8511848341232221,2.581457345971566,26.441420996324187,89.28447867298584
1778,217.18655213270105,4.826421800947872,0.8511848341232221,2.581457345971566,26.441420996324187,89.28447867298584
1779,217.18655213270105,4.826421800947872,0.8511848341232221,2.581457345971566,26.441420996324187,89.28447867298584
1780,217.18655213270105,4.826421800947872,0.8511848341232221,2.581457345971566,26.441420996324187,89.28447867298584
1781,217.18655213270105,4.826421800947872,0.8511848341232221,2.581457345971566,26.441420996324187,89.28447867298584
1782,217.18655213270105,4.826421800947872,0.8511848341232221,2.581457345971566,26.441420996324187,89.28447867298584
1783,217.18655213270105,4.826421800947872,0.8511848341232221,2.581457345971566,26.441420996324187,89.28447867298584
1784,217.18655213270105,4.826421800947872,0.8511848341232221,2.581457345971566,26.441420996324187,89.28447867298584
1785,217.18655213270105,4.826421800947872,0.8511848341232221,2.581457345971566,26.441420996324187,89.28447867298584
1786,217.18655213270105,4.826421800947872,0.8511848341232221,2.581457345971566,26.441420996324187,89.28447867298584
1787,217.18655213270105,4.826421800947872,0.8511848341232221,2.581457345971566,26.441420996324187,89.28447867298584
1788,217.18655213270105,4.826421800947872,0.8511848341232221,2.581457345971566,26.441420996324187,89.28447867298584
1789,217.18655213270105,4.826421800947872,0.8511848341232221,2.581457345971566,26.441420996324187,89.28447867298584
1790,217.18655213270105,4.826421800947872,0.8511848341232221,2.581457345971566,26.441420996324187,89.28447867298584
1791,217.18655213270105,4.826421800947872,0.8511848341232221,2.581457345971566,26.441420996324187,89.28447867298584
1792,217.18655213270105,4.826421800947872,0.8511848341232221,2.581457345971566,26.441420996324187,89.28447867298584
1793,217.18655213270105,4.826421800947872,0.8511848341232221,2.581457345971566,26.441420996324187,89.28447867298584
1794,217.18655213270105,4.826421800947872,0.8511848341232221,2.581457345971566,26.441420996324187,89.28447867298584
1795,217.18655213270105,4.826421800947872,0.8511848341232221,2.581457345971566,26.441420996324187,89.28447867298584
1796,217.18655213270105,4.826421800947872,0.8511848341232221,2.581457345971566,26.441420996324187,89.28447867298584
1797,217.18655213270105,4.826421800947872,0.8511848341232221,2.581457345971566,26.441420996324187,89.28447867298584
1798,217.18655213270105,4.826421800947872,0.8511848341232221,2.581457345971566,26.441420996324187,89.28447867298584
1799,217.18655213270105,4.826421800947872,0.8511848341232221,2.581457345971566,26.441420996324187,89.28447867298584
1800,217.18655213270105,4.826421800947872,0.8511848341232221,2.581457345971566,26.441420996324187,89.28447867298584
1801,217.18655213270105,4.826421800947872,0.8511848341232221,2.581457345971566,26.441420996324187,89.28447867298584
1802,217.18655213270105,4.826421800947872,0.8511848341232221,2.581457345971566,26.441420996324187,89.28447867298584
1803,217.18655213270105,4.826421800947872,0.8511848341232221,2.581457345971566,26.441420996324187,89.28447867298584
1804,217.18655213270105,4.826421800947872,0.8511848341232221,2.581457345971566,26.441420996324187,89.28447867298584
1805,217.18655213270105,4.826421800947872,0.8511848341232221,2.581457345971566,26.441420996324187,89.28447867298584
1806,217.18655213270105,4.826421800947872,0.8511848341232221,2.581457345971566,26.441420996324187,89.28447867298584
1807,217.18655213270105,4.826421800947872,0.8511848341232221,2.581457345971566,26.441420996324187,89.28447867298584
1808,217.18655213270105,4.826421800947872,0.8511848341232221,2.581457345971566,26.441420996324187,89.28447867298584
1809,217.18655213270105,4.826421800947872,0.8511848341232221,2.581457345971566,26.441420996324187,89.28447867298584
1810,217.18655213270105,4.826421800947872,0.8511848341232221,2.581457345971566,26.441420996324187,89.28447867298584
1811,217.18655213270105,4.826421800947872,0.8511848341232221,2.581457345971566,26.441420996324187,89.28447867298584
1812,217.18655213270105,4.826421800947872,0.8511848341232221,2.581457345971566,26.441420996324187,89.28447867298584
1813,217.18655213270105,4.826421800947872,0.8511848341232221,2.581457345971566,26.441420996324187,89.28447867298584
1814,217.18655213270105,4.826421800947872,0.8511848341232221,2.581457345971566,26.441420996324187,89.28447867298584
1815,217.18655213270105,4.826421800947872,0.8511848341232221,2.581457345971566,26.441420996324187,89.28447867298584
1816,217.18655213270105,4.826421800947872,0.8511848341232221,2.581457345971566,26.441420996324187,89.28447867298584
1817,217.18655213270105,4.826421800947872,0.8511848341232221,2.581457345971566,26.441420996324187,89.28447867298584
1818,217.18655213270105,4.826421800947872,0.8511848341232221,2.581457345971566,26.441420996324187,89.28447867298584
1819,217.18655213270105,4.826421800947872,0.8511848341232221,2.581457345971566,26.441420996324187,89.28447867298584
1820,217.18655213270105,4.826421800947872,0.8511848341232221,2.581457345971566,26.441420996324187,89.28447867298584
1821,217.18655213270105,4.826421800947872,0.8511848341232221,2.581457345971566,26.441420996324187,89.28447867298584
1822,217.18655213270105,4.826421800947872,0.8511848341232221,2.581457345971566,26.441420996324187,89.28447867298584
1823,217.18655213270105,4.826421800947872,0.8511848341232221,2.581457345971566,26.441420996324187,89.28447867298584
1824,217.18655213270105,4.826421800947872,0.8511848341232221,2.581457345971566,26.441420996324187,89.28447867298584
1825,217.18655213270105,4.826421800947872,0.8511848341232221,2.581457345971566,26.441420996324187,89.28447867298584
1826,217.18655213270105,4.826421800947872,0.8511848341232221,2.581457345971566,26.441420996324187,89.28447867298584
1827,217.18655213270105,4.826421800947872,0.8511848341232221,2.581457345971566,26.441420996324187,89.28447867298584
1828,217.18655213270105,4.826421800947872,0.8511848341232221,2.581457345971566,26.441420996324187,89.28447867298584
1829,217.18655213270105,4.826421800947872,0.8511848341232221,2.581457345971566,26.441420996324187,89.28447867298584
1830,217.18655213270105,4.826421800947872,0.8511848341232221,2.581457345971566,26.441420996324187,89.28447867298584
1831,217.18655213270105,4.826421800947872,0.8511848341232221,2.581457345971566,26.441420996324187,89.28447867298584
1832,217.18655213270105,4.826421800947872,0.8511848341232221,2.581457345971566,26.441420996324187,89.28447867298584
1833,217.18655213270105,4.826421800947872,0.8511848341232221,2.581457345971566,26.441420996324187,89.28447867298584
1834,217.18655213270105,4.826421800947872,0.8511848341232221,2.581457345971566,26.441420996324187,89.28447867298584
1835,217.18655213270105,4.826421800947872,0.8511848341232221,2.581457345971566,26.441420996324187,89.28447867298584
1836,217.18655213270105,4.826421800947872,0.8511848341232221,2.581457345971566,26.441420996324187,89.28447867298584
1837,217.18655213270105,4.826421800947872,0.8511848341232221,2.581457345971566,26.441420996324187,89.28447867298584
1838,217.18655213270105,4.826421800947872,0.8511848341232221,2.581457345971566,26.441420996324187,89.28447867298584
1839,217.18655213270105,4.826421800947872,0.8511848341232221,2.581457345971566,26.441420996324187,89.28447867298584
1840,217.18655213270105,4.826421800947872,0.8511848341232221,2.581457345971566,26.441420996324187,89.28447867298584
1841,217.18655213270105,4.826421800947872,0.8511848341232221,2.581457345971566,26.441420996324187,89.28447867298584
1842,217.18655213270105,4.826421800947872,0.8511848341232221,2.581457345971566,26.441420996324187,89.28447867298584
1843,217.18655213270105,4.826421800947872,0.8511848341232221,2.581457345971566,26.441420996324187,89.28447867298584
1844,217.18655213270105,4.826421800947872,0.8511848341232221,2.581457345971566,26.441420996324187,89.28447867298584
1845,217.18655213270105,4.826421800947872,0.8511848341232221,2.581457345971566,26.441420996324187,89.28447867298584
1846,217.18655213270105,4.826421800947872,0.8511848341232221,2.581457345971566,26.441420996324187,89.28447867298584
1847,217.18655213270105,4.826421800947872,0.8511848341232221,2.581457345971566,26.441420996324187,89.28447867298584
1848,217.18655213270105,4.826421800947872,0.8511848341232221,2.581457345971566,26.441420996324187,89.28447867298584
1849,217.18655213270105,4.826421800947872,0.8511848341232221,2.581457345971566,26.441420996324187,89.28447867298584
1850,217.18655213270105,4.826421800947872,0.8511848341232221,2.581457345971566,26.441420996324187,89.28447867298584
1851,217.18655213270105,4.826421800947872,0.8511848341232221,2.581457345971566,26.441420996324187,89.28447867298584
1852,217.18655213270105,4.826421800947872,0.8511848341232221,2.581457345971566,26.441420996324187,89.28447867298584
1853,217.18655213270105,4.826421800947872,0.8511848341232221,2.581457345971566,26.441420996324187,89.28447867298584
1854,217.18655213270105,4.826421800947872,0.8511848341232221,2.581457345971566,26.441420996324187,89.28447867298584
1855,217.18655213270105,4.826421800947872,0.8511848341232221,2.581457345971566,26.441420996324187,89.28447867298584
1856,217.18655213270105,4.826421800947872,0.8511848341232221,2.581457345971566,26.441420996324187,89.28447867298584
1857,217.18655213270105,4.826421800947872,0.8511848341232221,2.581457345971566,26.441420996324187,89.28447867298584
1858,217.18655213270105,4.826421800947872,0.8511848341232221,2.581457345971566,26.441420996324187,89.28447867298584
1859,217.18655213270105,4.826421800947872,0.8511848341232221,2.581457345971566,26.441420996324187,89.28447867298584
1860,217.18655213270105,4.826421800947872,0.8511848341232221,2.581457345971566,26.441420996324187,89.28447867298584
1861,217.18655213270105,4.826421800947872,0.8511848341232221,2.581457345971566,26.441420996324187,89.28447867298584
1862,217.18655213270105,4.826421800947872,0.8511848341232221,2.581457345971566,26.441420996324187,89.28447867298584
1863,217.18655213270105,4.826421800947872,0.8511848341232221,2.581457345971566,26.441420996324187,89.28447867298584
1864,217.18655213270105,4.826421800947872,0.8511848341232221,2.581457345971566,26.441420996324187,89.28447867298584
1865,217.18655213270105,4.826421800947872,0.8511848341232221,2.581457345971566,26.441420996324187,89.28447867298584
1866,217.18655213270105,4.826421800947872,0.8511848341232221,2.581457345971566,26.441420996324187,89.28447867298584
1867,217.18655213270105,4.826421800947872,0.8511848341232221,2.581457345971566,26.441420996324187,89.28447867298584
1868,217.18655213270105,4.826421800947872,0.8511848341232221,2.581457345971566,26.441420996324187,89.28447867298584
1869,217.18655213270105,4.826421800947872,0.8511848341232221,2.581457345971566,26.441420996324187,89.28447867298584
1870,217.18655213270105,4.826421800947872,0.8511848341232221,2.581457345971566,26.441420996324187,89.28447867298584
1871,217.18655213270105,4.826421800947872,0.8511848341232221,2.581457345971566,26.441420996324187,89.28447867298584
1872,217.18655213270105,4.826421800947872,0.8511848341232221,2.581457345971566,26.441420996324187,89.28447867298584
1873,217.18655213270105,4.826421800947872,0.8511848341232221,2.581457345971566,26.441420996324187,89.28447867298584
1874,217.18655213270105,4.826421800947872,0.8511848341232221,2.581457345971566,26.441420996324187,89.28447867298584
1875,217.18655213270105,4.826421800947872,0.8511848341232221,2.581457345971566,26.441420996324187,89.28447867298584
1876,217.18655213270105,4.826421800947872,0.8511848341232221,2.581457345971566,26.441420996324187,89.28447867298584
1877,217.18655213270105,4.826421800947872,0.8511848341232221,2.581457345971566,26.441420996324187,89.28447867298584
1878,217.18655213270105,4.826421800947872,0.8511848341232221,2.581457345971566,26.441420996324187,89.28447867298584
1879,217.18655213270105,4.826421800947872,0.8511848341232221,2.581457345971566,26.441420996324187,89.28447867298584
1880,217.18655213270105,4.826421800947872,0.8511848341232221,2.581457345971566,26.441420996324187,89.28447867298584
1881,217.18655213270105,4.826421800947872,0.8511848341232221,2.581457345971566,26.441420996324187,89.28447867298584
1882,217.18655213270105,4.826421800947872,0.8511848341232221,2.581457345971566,26.441420996324187,89.28447867298584
1883,217.18655213270105,4.826421800947872,0.8511848341232221,2.581457345971566,26.441420996324187,89.28447867298584
1884,217.18655213270105,4.826421800947872,0.8511848341232221,2.581457345971566,26.441420996324187,89.28447867298584
1885,217.18655213270105,4.826421800947872,0.8511848341232221,2.581457345971566,26.441420996324187,89.28447867298584
1886,217.18655213270105,4.826421800947872,0.8511848341232221,2.581457345971566,26.441420996324187,89.28447867298584
1887,217.18655213270105,4.826421800947872,0.8511848341232221,2.581457345971566,26.441420996324187,89.28447867298584
