sample_index,Fe,Zn,B,Cu,S,Mn
0,214.1187,5.3174214,3.3471007,-0.51935333,26.533003,83.9398
1,214.1187,5.3174214,3.3471007,-0.51935333,26.533003,83.9398
2,214.1187,5.3174214,3.3471007,-0.51935333,26.533003,83.9398
3,214.1187,5.3174214,3.3471007,-0.51935333,26.533003,83.9398
4,214.1187,5.3174214,3.3471007,-0.51935333,26.533003,83.9398
5,214.1187,5.3174214,3.3471007,-0.51935333,26.533003,83.9398
6,214.1187,5.3174214,3.3471007,-0.51935333,26.533003,83.9398
7,214.1187,5.3174214,3.3471007,-0.51935333,26.533003,83.9398
8,214.11845,5.3174205,3.3471034,-0.51935345,26.533003,83.93977
9,214.11845,5.3174205,3.3471034,-0.51935345,26.533003,83.93977
10,214.11845,5.3174205,3.3471034,-0.51935345,26.533003,83.93977
11,214.11845,5.3174205,3.3471034,-0.51935345,26.533003,83.93977
12,214.11845,5.3174205,3.3471034,-0.51935345,26.533003,83.93977
13,214.11845,5.3174205,3.3471034,-0.51935345,26.533003,83.93977
14,214.11845,5.3174205,3.3471034,-0.51935345,26.533003,83.93977
15,214.11845,5.3174205,3.3471034,-0.51935345,26.533003,83.93977
16,214.11855,5.3174224,3.3470962,-0.51935345,26.533,83.93975
17,214.11855,5.3174224,3.3470962,-0.51935345,26.533,83.93975
18,214.11855,5.3174224,3.3470962,-0.51935345,26.533,83.93975
19,214.11855,5.3174224,3.3470962,-0.51935345,26.533,83.93975
20,214.11855,5.3174224,3.3470962,-0.51935345,26.533,83.93975
21,214.11855,5.3174224,3.3470962,-0.51935345,26.533,83.93975
22,214.11855,5.3174224,3.3470962,-0.51935345,26.533,83.93975
23,214.11855,5.3174224,3.3470962,-0.51935345,26.533,83.93975
24,214.11862,5.3174267,3.3470948,-0.5193539,26.533018,83.93971
25,214.11862,5.3174267,3.3470948,-0.5193539,26.533018,83.93971
26,214.11862,5.3174267,3.3470948,-0.5193539,26.533018,83.93971
27,214.11862,5.3174267,3.3470948,-0.5193539,26.533018,83.93971
28,214.11862,5.3174267,3.3470948,-0.5193539,26.533018,83.93971
29,214.11862,5.3174267,3.3470948,-0.5193539,26.533018,83.93971
30,214.11862,5.3174267,3.3470948,-0.5193539,26.533018,83.93971
31,214.11862,5.3174267,3.3470948,-0.5193539,26.533018,83.93971
32,214.11867,5.3174276,3.347082,-0.519354,26.533003,83.9397
33,214.11867,5.3174276,3.347082,-0.519354,26.533003,83.9397
34,214.11867,5.3174276,3.347082,-0.519354,26.533003,83.9397
35,214.11867,5.3174276,3.347082,-0.519354,26.533003,83.9397
36,214.11867,5.3174276,3.347082,-0.519354,26.533003,83.9397
37,214.11867,5.3174276,3.347082,-0.519354,26.533003,83.9397
38,214.11867,5.3174276,3.347082,-0.519354,26.533003,83.9397
39,214.11867,5.3174276,3.347082,-0.519354,26.533003,83.9397
40,214.11864,5.3174176,3.347079,-0.5193538,26.533007,83.93971
41,214.11864,5.3174176,3.347079,-0.5193538,26.533007,83.93971
42,214.11864,5.3174176,3.347079,-0.5193538,26.533007,83.93971
43,214.11864,5.3174176,3.347079,-0.5193538,26.533007,83.93971
44,214.11864,5.3174176,3.347079,-0.5193538,26.533007,83.93971
45,214.11864,5.3174176,3.347079,-0.5193538,26.533007,83.93971
46,214.11864,5.3174176,3.347079,-0.5193538,26.533007,83.93971
47,214.11864,5.3174176,3.347079,-0.5193538,26.533007,83.93971
48,214.11874,5.317434,3.3470724,-0.5193541,26.533,83.93976
49,214.11874,5.317434,3.3470724,-0.5193541,26.533,83.93976
50,214.11874,5.317434,3.3470724,-0.5193541,26.533,83.93976
51,214.11874,5.317434,3.3470724,-0.5193541,26.533,83.93976
52,214.11874,5.317434,3.3470724,-0.5193541,26.533,83.93976
53,214.11874,5.317434,3.3470724,-0.5193541,26.533,83.93976
54,214.11874,5.317434,3.3470724,-0.5193541,26.533,83.93976
55,214.11874,5.317434,3.3470724,-0.5193541,26.533,83.93976
56,214.11888,5.317423,3.3470802,-0.5193544,26.532991,83.93977
57,214.11888,5.317423,3.3470802,-0.5193544,26.532991,83.93977
58,214.11888,5.317423,3.3470802,-0.5193544,26.532991,83.93977
59,214.11888,5.317423,3.3470802,-0.5193544,26.532991,83.93977
60,214.11888,5.317423,3.3470802,-0.5193544,26.532991,83.93977
61,214.11888,5.317423,3.3470802,-0.5193544,26.532991,83.93977
62,214.11888,5.317423,3.3470802,-0.5193544,26.532991,83.93977
63,214.11888,5.317423,3.3470802,-0.5193544,26.532991,83.93977
64,214.1189,5.3174133,3.3470504,-0.51935446,26.533016,83.93977
65,214.1189,5.3174133,3.3470504,-0.51935446,26.533016,83.93977
66,214.1189,5.3174133,3.3470504,-0.51935446,26.533016,83.93977
67,214.1189,5.3174133,3.3470504,-0.51935446,26.533016,83.93977
68,214.1189,5.3174133,3.3470504,-0.51935446,26.533016,83.93977
69,214.1189,5.3174133,3.3470504,-0.51935446,26.533016,83.93977
70,214.1189,5.3174133,3.3470504,-0.51935446,26.533016,83.93977
71,214.1189,5.3174133,3.3470504,-0.51935446,26.533016,83.93977
72,214.11896,5.3174214,3.347073,-0.5193541,26.533009,83.93972
73,214.11896,5.3174214,3.347073,-0.5193541,26.533009,83.93972
74,214.11896,5.3174214,3.347073,-0.5193541,26.533009,83.93972
75,214.11896,5.3174214,3.347073,-0.5193541,26.533009,83.93972
76,214.11896,5.3174214,3.347073,-0.5193541,26.533009,83.93972
77,214.11896,5.3174214,3.347073,-0.5193541,26.533009,83.93972
78,214.11896,5.3174214,3.347073,-0.5193541,26.533009,83.93972
79,214.11896,5.3174214,3.347073,-0.5193541,26.533009,83.93972
80,214.119,5.3174415,3.3470864,-0.519354,26.533028,83.93973
81,214.119,5.3174415,3.3470864,-0.519354,26.533028,83.93973
82,214.119,5.3174415,3.3470864,-0.519354,26.533028,83.93973
83,214.119,5.3174415,3.3470864,-0.519354,26.533028,83.93973
84,214.119,5.3174415,3.3470864,-0.519354,26.533028,83.93973
85,214.119,5.3174415,3.3470864,-0.519354,26.533028,83.93973
86,214.119,5.3174415,3.3470864,-0.519354,26.533028,83.93973
87,214.119,5.3174415,3.3470864,-0.519354,26.533028,83.93973
88,214.11906,5.3174405,3.347094,-0.5193538,26.533031,83.93971
89,214.11906,5.3174405,3.347094,-0.5193538,26.533031,83.93971
90,214.11906,5.3174405,3.347094,-0.5193538,26.533031,83.93971
91,214.11906,5.3174405,3.347094,-0.5193538,26.533031,83.93971
92,214.11906,5.3174405,3.347094,-0.5193538,26.533031,83.93971
93,214.11906,5.3174405,3.347094,-0.5193538,26.533031,83.93971
94,214.11906,5.3174405,3.347094,-0.5193538,26.533031,83.93971
95,214.11906,5.3174405,3.347094,-0.5193538,26.533031,83.93971
96,214.11913,5.317434,3.347098,-0.51935357,26.533018,83.93968
97,214.11913,5.317434,3.347098,-0.51935357,26.533018,83.93968
98,214.11913,5.317434,3.347098,-0.51935357,26.533018,83.93968
99,214.11913,5.317434,3.347098,-0.51935357,26.533018,83.93968
100,214.11913,5.317434,3.347098,-0.51935357,26.533018,83.93968
101,214.11913,5.317434,3.347098,-0.51935357,26.533018,83.93968
102,214.11913,5.317434,3.347098,-0.51935357,26.533018,83.93968
103,214.11913,5.317434,3.347098,-0.51935357,26.533018,83.93968
104,214.11903,5.317435,3.3471024,-0.5193536,26.533009,83.93967
105,214.11903,5.317435,3.3471024,-0.5193536,26.533009,83.93967
106,214.11903,5.317435,3.3471024,-0.5193536,26.533009,83.93967
107,214.11903,5.317435,3.3471024,-0.5193536,26.533009,83.93967
108,214.11903,5.317435,3.3471024,-0.5193536,26.533009,83.93967
109,214.11903,5.317435,3.3471024,-0.5193536,26.533009,83.93967
110,214.11903,5.317435,3.3471024,-0.5193536,26.533009,83.93967
111,214.11903,5.317435,3.3471024,-0.5193536,26.533009,83.93967
112,214.11905,5.317423,3.3471093,-0.51935375,26.53297,83.93971
113,214.11905,5.317423,3.3471093,-0.51935375,26.53297,83.93971
114,214.11905,5.317423,3.3471093,-0.51935375,26.53297,83.93971
115,214.11905,5.317423,3.3471093,-0.51935375,26.53297,83.93971
116,214.11905,5.317423,3.3471093,-0.51935375,26.53297,83.93971
117,214.11905,5.317423,3.3471093,-0.51935375,26.53297,83.93971
118,214.11905,5.317423,3.3471093,-0.51935375,26.53297,83.93971
119,214.11905,5.317423,3.3471093,-0.51935375,26.53297,83.93971
120,214.11903,5.3174167,3.3470948,-0.51935405,26.53297,83.93976
121,214.11903,5.3174167,3.3470948,-0.51935405,26.53297,83.93976
122,214.11903,5.3174167,3.3470948,-0.51935405,26.53297,83.93976
123,214.11903,5.3174167,3.3470948,-0.51935405,26.53297,83.93976
124,214.11903,5.3174167,3.3470948,-0.51935405,26.53297,83.93976
125,214.11903,5.3174167,3.3470948,-0.51935405,26.53297,83.93976
126,214.11903,5.3174167,3.3470948,-0.51935405,26.53297,83.93976
127,214.11903,5.3174167,3.3470948,-0.51935405,26.53297,83.93976
128,214.11903,5.317413,3.3470955,-0.5193541,26.532991,83.93976
129,214.11903,5.317413,3.3470955,-0.5193541,26.532991,83.93976
130,214.11903,5.317413,3.3470955,-0.5193541,26.532991,83.93976
131,214.11903,5.317413,3.3470955,-0.5193541,26.532991,83.93976
132,214.11903,5.317413,3.3470955,-0.5193541,26.532991,83.93976
133,214.11903,5.317413,3.3470955,-0.5193541,26.532991,83.93976
134,214.11903,5.317413,3.3470955,-0.5193541,26.532991,83.93976
135,214.11903,5.317413,3.3470955,-0.5193541,26.532991,83.93976
136,214.11903,5.317419,3.3470824,-0.51935405,26.532986,83.93976
137,214.11903,5.317419,3.3470824,-0.51935405,26.532986,83.93976
138,214.11903,5.317419,3.3470824,-0.51935405,26.532986,83.93976
139,214.11903,5.317419,3.3470824,-0.51935405,26.532986,83.93976
140,214.11903,5.317419,3.3470824,-0.51935405,26.532986,83.93976
141,214.11903,5.317419,3.3470824,-0.51935405,26.532986,83.93976
142,214.11903,5.317419,3.3470824,-0.51935405,26.532986,83.93976
143,214.11903,5.317419,3.3470824,-0.51935405,26.532986,83.93976
144,214.11908,5.3174195,3.347088,-0.5193541,26.532969,83.93978
145,214.11908,5.3174195,3.347088,-0.5193541,26.532969,83.93978
146,214.11908,5.3174195,3.347088,-0.5193541,26.532969,83.93978
147,214.11908,5.3174195,3.347088,-0.5193541,26.532969,83.93978
148,214.11908,5.3174195,3.347088,-0.5193541,26.532969,83.93978
149,214.11908,5.3174195,3.347088,-0.5193541,26.532969,83.93978
150,214.11908,5.3174195,3.347088,-0.5193541,26.532969,83.93978
151,214.11908,5.3174195,3.347088,-0.5193541,26.532969,83.93978
152,214.11902,5.317421,3.3470867,-0.5193541,26.532965,83.9398
153,214.11902,5.317421,3.3470867,-0.5193541,26.532965,83.9398
154,214.11902,5.317421,3.3470867,-0.5193541,26.532965,83.9398
155,214.11902,5.317421,3.3470867,-0.5193541,26.532965,83.9398
156,214.11902,5.317421,3.3470867,-0.5193541,26.532965,83.9398
157,214.11902,5.317421,3.3470867,-0.5193541,26.532965,83.9398
158,214.11902,5.317421,3.3470867,-0.5193541,26.532965,83.9398
159,214.11902,5.317421,3.3470867,-0.5193541,26.532965,83.9398
160,214.11903,5.3174276,3.347087,-0.5193541,26.532959,83.939804
161,214.11903,5.3174276,3.347087,-0.5193541,26.532959,83.939804
162,214.11903,5.3174276,3.347087,-0.5193541,26.532959,83.939804
163,214.11903,5.3174276,3.347087,-0.5193541,26.532959,83.939804
164,214.11903,5.3174276,3.347087,-0.5193541,26.532959,83.939804
165,214.11903,5.3174276,3.347087,-0.5193541,26.532959,83.939804
166,214.11903,5.3174276,3.347087,-0.5193541,26.532959,83.939804
167,214.11903,5.3174276,3.347087,-0.5193541,26.532959,83.939804
168,214.11896,5.3174157,3.3470776,-0.51935387,26.532938,83.939766
169,214.11896,5.3174157,3.3470776,-0.51935387,26.532938,83.939766
170,214.11896,5.3174157,3.3470776,-0.51935387,26.532938,83.939766
171,214.11896,5.3174157,3.3470776,-0.51935387,26.532938,83.939766
172,214.11896,5.3174157,3.3470776,-0.51935387,26.532938,83.939766
173,214.11896,5.3174157,3.3470776,-0.51935387,26.532938,83.939766
174,214.11896,5.3174157,3.3470776,-0.51935387,26.532938,83.939766
175,214.11896,5.3174157,3.3470776,-0.51935387,26.532938,83.939766
176,214.11884,5.317418,3.347084,-0.51935387,26.53296,83.93971
177,214.11884,5.317418,3.347084,-0.51935387,26.53296,83.93971
178,214.11884,5.317418,3.347084,-0.51935387,26.53296,83.93971
179,214.11884,5.317418,3.347084,-0.51935387,26.53296,83.93971
180,214.11884,5.317418,3.347084,-0.51935387,26.53296,83.93971
181,214.11884,5.317418,3.347084,-0.51935387,26.53296,83.93971
182,214.11884,5.317418,3.347084,-0.51935387,26.53296,83.93971
183,214.11884,5.317418,3.347084,-0.51935387,26.53296,83.93971
184,214.11879,5.317425,3.3470778,-0.519354,26.53296,83.93969
185,214.11879,5.317425,3.3470778,-0.519354,26.53296,83.93969
186,214.11879,5.317425,3.3470778,-0.519354,26.53296,83.93969
187,214.11879,5.317425,3.3470778,-0.519354,26.53296,83.93969
188,214.11879,5.317425,3.3470778,-0.519354,26.53296,83.93969
189,214.11879,5.317425,3.3470778,-0.519354,26.53296,83.93969
190,214.11879,5.317425,3.3470778,-0.519354,26.53296,83.93969
191,214.11879,5.317425,3.3470778,-0.519354,26.53296,83.93969
192,214.11874,5.317433,3.347096,-0.5193537,26.532986,83.93972
193,214.11874,5.317433,3.347096,-0.5193537,26.532986,83.93972
194,214.11874,5.317433,3.347096,-0.5193537,26.532986,83.93972
195,214.11874,5.317433,3.347096,-0.5193537,26.532986,83.93972
196,214.11874,5.317433,3.347096,-0.5193537,26.532986,83.93972
197,214.11874,5.317433,3.347096,-0.5193537,26.532986,83.93972
198,214.11874,5.317433,3.347096,-0.5193537,26.532986,83.93972
199,214.11874,5.317433,3.347096,-0.5193537,26.532986,83.93972
200,214.11865,5.3174305,3.3470948,-0.51935387,26.532988,83.93972
201,214.11865,5.3174305,3.3470948,-0.51935387,26.532988,83.93972
202,214.11865,5.3174305,3.3470948,-0.51935387,26.532988,83.93972
203,214.11865,5.3174305,3.3470948,-0.51935387,26.532988,83.93972
204,214.11865,5.3174305,3.3470948,-0.51935387,26.532988,83.93972
205,214.11865,5.3174305,3.3470948,-0.51935387,26.532988,83.93972
206,214.11865,5.3174305,3.3470948,-0.51935387,26.532988,83.93972
207,214.11865,5.3174305,3.3470948,-0.51935387,26.532988,83.93972
208,214.11864,5.3174295,3.3470845,-0.51935387,26.532988,83.93976
209,214.11864,5.3174295,3.3470845,-0.51935387,26.532988,83.93976
210,214.11864,5.3174295,3.3470845,-0.51935387,26.532988,83.93976
211,214.11864,5.3174295,3.3470845,-0.51935387,26.532988,83.93976
212,214.11864,5.3174295,3.3470845,-0.51935387,26.532988,83.93976
213,214.11864,5.3174295,3.3470845,-0.51935387,26.532988,83.93976
214,214.11864,5.3174295,3.3470845,-0.51935387,26.532988,83.93976
215,214.11864,5.3174295,3.3470845,-0.51935387,26.532988,83.93976
216,214.1187,5.317435,3.34709,-0.5193543,26.532995,83.939804
217,214.1187,5.317435,3.34709,-0.5193543,26.532995,83.939804
218,214.1187,5.317435,3.34709,-0.5193543,26.532995,83.939804
219,214.1187,5.317435,3.34709,-0.5193543,26.532995,83.939804
220,214.1187,5.317435,3.34709,-0.5193543,26.532995,83.939804
221,214.1187,5.317435,3.34709,-0.5193543,26.532995,83.939804
222,214.1187,5.317435,3.34709,-0.5193543,26.532995,83.939804
223,214.1187,5.317435,3.34709,-0.5193543,26.532995,83.939804
224,214.11873,5.317422,3.347086,-0.5193541,26.532976,83.93981
225,214.11873,5.317422,3.347086,-0.5193541,26.532976,83.93981
226,214.11873,5.317422,3.347086,-0.5193541,26.532976,83.93981
227,214.11873,5.317422,3.347086,-0.5193541,26.532976,83.93981
228,214.11873,5.317422,3.347086,-0.5193541,26.532976,83.93981
229,214.11873,5.317422,3.347086,-0.5193541,26.532976,83.93981
230,214.11873,5.317422,3.347086,-0.5193541,26.532976,83.93981
231,214.11873,5.317422,3.347086,-0.5193541,26.532976,83.93981
232,214.11877,5.317419,3.3470836,-0.5193537,26.532974,83.93985
233,214.11877,5.317419,3.3470836,-0.5193537,26.532974,83.93985
234,214.11877,5.317419,3.3470836,-0.5193537,26.532974,83.93985
235,214.11877,5.317419,3.3470836,-0.5193537,26.532974,83.93985
236,214.11877,5.317419,3.3470836,-0.5193537,26.532974,83.93985
237,214.11877,5.317419,3.3470836,-0.5193537,26.532974,83.93985
238,214.11877,5.317419,3.3470836,-0.5193537,26.532974,83.93985
239,214.11877,5.317419,3.3470836,-0.5193537,26.532974,83.93985
240,214.11876,5.31742,3.3470988,-0.51935345,26.53299,83.93979
241,214.11876,5.31742,3.3470988,-0.51935345,26.53299,83.93979
242,214.11876,5.31742,3.3470988,-0.51935345,26.53299,83.93979
243,214.11876,5.31742,3.3470988,-0.51935345,26.53299,83.93979
244,214.11876,5.31742,3.3470988,-0.51935345,26.53299,83.93979
245,214.11876,5.31742,3.3470988,-0.51935345,26.53299,83.93979
246,214.11876,5.31742,3.3470988,-0.51935345,26.53299,83.93979
247,214.11876,5.31742,3.3470988,-0.51935345,26.53299,83.93979
248,214.11865,5.317418,3.3471026,-0.51935345,26.53301,83.93982
249,214.11865,5.317418,3.3471026,-0.51935345,26.53301,83.93982
250,214.11865,5.317418,3.3471026,-0.51935345,26.53301,83.93982
251,214.11865,5.317418,3.3471026,-0.51935345,26.53301,83.93982
252,214.11865,5.317418,3.3471026,-0.51935345,26.53301,83.93982
253,214.11865,5.317418,3.3471026,-0.51935345,26.53301,83.93982
254,214.11865,5.317418,3.3471026,-0.51935345,26.53301,83.93982
255,214.11865,5.317418,3.3471026,-0.51935345,26.53301,83.93982
256,214.1187,5.3174214,3.3471007,-0.51935333,26.533003,83.9398
257,214.1187,5.3174214,3.3471007,-0.51935333,26.533003,83.9398
258,214.1187,5.3174214,3.3471007,-0.51935333,26.533003,83.9398
259,214.1187,5.3174214,3.3471007,-0.51935333,26.533003,83.9398
260,214.1187,5.3174214,3.3471007,-0.51935333,26.533003,83.9398
261,214.1187,5.3174214,3.3471007,-0.51935333,26.533003,83.9398
262,214.1187,5.3174214,3.3471007,-0.51935333,26.533003,83.9398
263,214.1187,5.3174214,3.3471007,-0.51935333,26.533003,83.9398
264,214.11845,5.3174205,3.3471034,-0.51935345,26.533003,83.93977
265,214.11845,5.3174205,3.3471034,-0.51935345,26.533003,83.93977
266,214.11845,5.3174205,3.3471034,-0.51935345,26.533003,83.93977
267,214.11845,5.3174205,3.3471034,-0.51935345,26.533003,83.93977
268,214.11845,5.3174205,3.3471034,-0.51935345,26.533003,83.93977
269,214.11845,5.3174205,3.3471034,-0.51935345,26.533003,83.93977
270,214.11845,5.3174205,3.3471034,-0.51935345,26.533003,83.93977
271,214.11845,5.3174205,3.3471034,-0.51935345,26.533003,83.93977
272,214.11855,5.3174224,3.3470962,-0.51935345,26.533,83.93975
273,214.11855,5.3174224,3.3470962,-0.51935345,26.533,83.93975
274,214.11855,5.3174224,3.3470962,-0.51935345,26.533,83.93975
275,214.11855,5.3174224,3.3470962,-0.51935345,26.533,83.93975
276,214.11855,5.3174224,3.3470962,-0.51935345,26.533,83.93975
277,214.11855,5.3174224,3.3470962,-0.51935345,26.533,83.93975
278,214.11855,5.3174224,3.3470962,-0.51935345,26.533,83.93975
279,214.11855,5.3174224,3.3470962,-0.51935345,26.533,83.93975
280,214.11862,5.3174267,3.3470948,-0.5193539,26.533018,83.93971
281,214.11862,5.3174267,3.3470948,-0.5193539,26.533018,83.93971
282,214.11862,5.3174267,3.3470948,-0.5193539,26.533018,83.93971
283,214.11862,5.3174267,3.3470948,-0.5193539,26.533018,83.93971
284,214.11862,5.3174267,3.3470948,-0.5193539,26.533018,83.93971
285,214.11862,5.3174267,3.3470948,-0.5193539,26.533018,83.93971
286,214.11862,5.3174267,3.3470948,-0.5193539,26.533018,83.93971
287,214.11862,5.3174267,3.3470948,-0.5193539,26.533018,83.93971
288,214.11867,5.3174276,3.347082,-0.519354,26.533003,83.9397
289,214.11867,5.3174276,3.347082,-0.519354,26.533003,83.9397
290,214.11867,5.3174276,3.347082,-0.519354,26.533003,83.9397
291,214.11867,5.3174276,3.347082,-0.519354,26.533003,83.9397
292,214.11867,5.3174276,3.347082,-0.519354,26.533003,83.9397
293,214.11867,5.3174276,3.347082,-0.519354,26.533003,83.9397
294,214.11867,5.3174276,3.347082,-0.519354,26.533003,83.9397
295,214.11867,5.3174276,3.347082,-0.519354,26.533003,83.9397
296,214.11864,5.3174176,3.347079,-0.5193538,26.533007,83.93971
297,214.11864,5.3174176,3.347079,-0.5193538,26.533007,83.93971
298,214.11864,5.3174176,3.347079,-0.5193538,26.533007,83.93971
299,214.11864,5.3174176,3.347079,-0.5193538,26.533007,83.93971
300,214.11864,5.3174176,3.347079,-0.5193538,26.533007,83.93971
301,214.11864,5.3174176,3.347079,-0.5193538,26.533007,83.93971
302,214.11864,5.3174176,3.347079,-0.5193538,26.533007,83.93971
303,214.11864,5.3174176,3.347079,-0.5193538,26.533007,83.93971
304,214.11874,5.317434,3.3470724,-0.5193541,26.533,83.93976
305,214.11874,5.317434,3.3470724,-0.5193541,26.533,83.93976
306,214.11874,5.317434,3.3470724,-0.5193541,26.533,83.93976
307,214.11874,5.317434,3.3470724,-0.5193541,26.533,83.93976
308,214.11874,5.317434,3.3470724,-0.5193541,26.533,83.93976
309,214.11874,5.317434,3.3470724,-0.5193541,26.533,83.93976
310,214.11874,5.317434,3.3470724,-0.5193541,26.533,83.93976
311,214.11874,5.317434,3.3470724,-0.5193541,26.533,83.93976
312,214.11888,5.317423,3.3470802,-0.5193544,26.532991,83.93977
313,214.11888,5.317423,3.3470802,-0.5193544,26.532991,83.93977
314,214.11888,5.317423,3.3470802,-0.5193544,26.532991,83.93977
315,214.11888,5.317423,3.3470802,-0.5193544,26.532991,83.93977
316,214.11888,5.317423,3.3470802,-0.5193544,26.532991,83.93977
317,214.11888,5.317423,3.3470802,-0.5193544,26.532991,83.93977
318,214.11888,5.317423,3.3470802,-0.5193544,26.532991,83.93977
319,214.11888,5.317423,3.3470802,-0.5193544,26.532991,83.93977
320,214.1189,5.3174133,3.3470504,-0.51935446,26.533016,83.93977
321,214.1189,5.3174133,3.3470504,-0.51935446,26.533016,83.93977
322,214.1189,5.3174133,3.3470504,-0.51935446,26.533016,83.93977
323,214.1189,5.3174133,3.3470504,-0.51935446,26.533016,83.93977
324,214.1189,5.3174133,3.3470504,-0.51935446,26.533016,83.93977
325,214.1189,5.3174133,3.3470504,-0.51935446,26.533016,83.93977
326,214.1189,5.3174133,3.3470504,-0.51935446,26.533016,83.93977
327,214.1189,5.3174133,3.3470504,-0.51935446,26.533016,83.93977
328,214.11896,5.3174214,3.347073,-0.5193541,26.533009,83.93972
329,214.11896,5.3174214,3.347073,-0.5193541,26.533009,83.93972
330,214.11896,5.3174214,3.347073,-0.5193541,26.533009,83.93972
331,214.11896,5.3174214,3.347073,-0.5193541,26.533009,83.93972
332,214.11896,5.3174214,3.347073,-0.5193541,26.533009,83.93972
333,214.11896,5.3174214,3.347073,-0.5193541,26.533009,83.93972
334,214.11896,5.3174214,3.347073,-0.5193541,26.533009,83.93972
335,214.11896,5.3174214,3.347073,-0.5193541,26.533009,83.93972
336,214.119,5.3174415,3.3470864,-0.519354,26.533028,83.93973
337,214.119,5.3174415,3.3470864,-0.519354,26.533028,83.93973
338,214.119,5.3174415,3.3470864,-0.519354,26.533028,83.93973
339,214.119,5.3174415,3.3470864,-0.519354,26.533028,83.93973
340,214.119,5.3174415,3.3470864,-0.519354,26.533028,83.93973
341,214.119,5.3174415,3.3470864,-0.519354,26.533028,83.93973
342,214.119,5.3174415,3.3470864,-0.519354,26.533028,83.93973
343,214.119,5.3174415,3.3470864,-0.519354,26.533028,83.93973
344,214.11906,5.3174405,3.347094,-0.5193538,26.533031,83.93971
345,214.11906,5.3174405,3.347094,-0.5193538,26.533031,83.93971
346,214.11906,5.3174405,3.347094,-0.5193538,26.533031,83.93971
347,214.11906,5.3174405,3.347094,-0.5193538,26.533031,83.93971
348,214.11906,5.3174405,3.347094,-0.5193538,26.533031,83.93971
349,214.11906,5.3174405,3.347094,-0.5193538,26.533031,83.93971
350,214.11906,5.3174405,3.347094,-0.5193538,26.533031,83.93971
351,214.11906,5.3174405,3.347094,-0.5193538,26.533031,83.93971
352,214.11913,5.317434,3.347098,-0.51935357,26.533018,83.93968
353,214.11913,5.317434,3.347098,-0.51935357,26.533018,83.93968
354,214.11913,5.317434,3.347098,-0.51935357,26.533018,83.93968
355,214.11913,5.317434,3.347098,-0.51935357,26.533018,83.93968
356,214.11913,5.317434,3.347098,-0.51935357,26.533018,83.93968
357,214.11913,5.317434,3.347098,-0.51935357,26.533018,83.93968
358,214.11913,5.317434,3.347098,-0.51935357,26.533018,83.93968
359,214.11913,5.317434,3.347098,-0.51935357,26.533018,83.93968
360,214.11903,5.317435,3.3471024,-0.5193536,26.533009,83.93967
361,214.11903,5.317435,3.3471024,-0.5193536,26.533009,83.93967
362,214.11903,5.317435,3.3471024,-0.5193536,26.533009,83.93967
363,214.11903,5.317435,3.3471024,-0.5193536,26.533009,83.93967
364,214.11903,5.317435,3.3471024,-0.5193536,26.533009,83.93967
365,214.11903,5.317435,3.3471024,-0.5193536,26.533009,83.93967
366,214.11903,5.317435,3.3471024,-0.5193536,26.533009,83.93967
367,214.11903,5.317435,3.3471024,-0.5193536,26.533009,83.93967
368,214.11905,5.317423,3.3471093,-0.51935375,26.53297,83.93971
369,214.11905,5.317423,3.3471093,-0.51935375,26.53297,83.93971
370,214.11905,5.317423,3.3471093,-0.51935375,26.53297,83.93971
371,214.11905,5.317423,3.3471093,-0.51935375,26.53297,83.93971
372,214.11905,5.317423,3.3471093,-0.51935375,26.53297,83.93971
373,214.11905,5.317423,3.3471093,-0.51935375,26.53297,83.93971
374,214.11905,5.317423,3.3471093,-0.51935375,26.53297,83.93971
375,214.11905,5.317423,3.3471093,-0.51935375,26.53297,83.93971
376,214.11903,5.3174167,3.3470948,-0.51935405,26.53297,83.93976
377,214.11903,5.3174167,3.3470948,-0.51935405,26.53297,83.93976
378,214.11903,5.3174167,3.3470948,-0.51935405,26.53297,83.93976
379,214.11903,5.3174167,3.3470948,-0.51935405,26.53297,83.93976
380,214.11903,5.3174167,3.3470948,-0.51935405,26.53297,83.93976
381,214.11903,5.3174167,3.3470948,-0.51935405,26.53297,83.93976
382,214.11903,5.3174167,3.3470948,-0.51935405,26.53297,83.93976
383,214.11903,5.3174167,3.3470948,-0.51935405,26.53297,83.93976
384,214.11903,5.317413,3.3470955,-0.5193541,26.532991,83.93976
385,214.11903,5.317413,3.3470955,-0.5193541,26.532991,83.93976
386,214.11903,5.317413,3.3470955,-0.5193541,26.532991,83.93976
387,214.11903,5.317413,3.3470955,-0.5193541,26.532991,83.93976
388,214.11903,5.317413,3.3470955,-0.5193541,26.532991,83.93976
389,214.11903,5.317413,3.3470955,-0.5193541,26.532991,83.93976
390,214.11903,5.317413,3.3470955,-0.5193541,26.532991,83.93976
391,214.11903,5.317413,3.3470955,-0.5193541,26.532991,83.93976
392,214.11903,5.317419,3.3470824,-0.51935405,26.532986,83.93976
393,214.11903,5.317419,3.3470824,-0.51935405,26.532986,83.93976
394,214.11903,5.317419,3.3470824,-0.51935405,26.532986,83.93976
395,214.11903,5.317419,3.3470824,-0.51935405,26.532986,83.93976
396,214.11903,5.317419,3.3470824,-0.51935405,26.532986,83.93976
397,214.11903,5.317419,3.3470824,-0.51935405,26.532986,83.93976
398,214.11903,5.317419,3.3470824,-0.51935405,26.532986,83.93976
399,214.11903,5.317419,3.3470824,-0.51935405,26.532986,83.93976
400,214.11908,5.3174195,3.347088,-0.5193541,26.532969,83.93978
401,214.11908,5.3174195,3.347088,-0.5193541,26.532969,83.93978
402,214.11908,5.3174195,3.347088,-0.5193541,26.532969,83.93978
403,214.11908,5.3174195,3.347088,-0.5193541,26.532969,83.93978
404,214.11908,5.3174195,3.347088,-0.5193541,26.532969,83.93978
405,214.11908,5.3174195,3.347088,-0.5193541,26.532969,83.93978
406,214.11908,5.3174195,3.347088,-0.5193541,26.532969,83.93978
407,214.11908,5.3174195,3.347088,-0.5193541,26.532969,83.93978
408,214.11902,5.317421,3.3470867,-0.5193541,26.532965,83.9398
409,214.11902,5.317421,3.3470867,-0.5193541,26.532965,83.9398
410,214.11902,5.317421,3.3470867,-0.5193541,26.532965,83.9398
411,214.11902,5.317421,3.3470867,-0.5193541,26.532965,83.9398
412,214.11902,5.317421,3.3470867,-0.5193541,26.532965,83.9398
413,214.11902,5.317421,3.3470867,-0.5193541,26.532965,83.9398
414,214.11902,5.317421,3.3470867,-0.5193541,26.532965,83.9398
415,214.11902,5.317421,3.3470867,-0.5193541,26.532965,83.9398
416,214.11903,5.3174276,3.347087,-0.5193541,26.532959,83.939804
417,214.11903,5.3174276,3.347087,-0.5193541,26.532959,83.939804
418,214.11903,5.3174276,3.347087,-0.5193541,26.532959,83.939804
419,214.11903,5.3174276,3.347087,-0.5193541,26.532959,83.939804
420,214.11903,5.3174276,3.347087,-0.5193541,26.532959,83.939804
421,214.11903,5.3174276,3.347087,-0.5193541,26.532959,83.939804
422,214.11903,5.3174276,3.347087,-0.5193541,26.532959,83.939804
423,214.11903,5.3174276,3.347087,-0.5193541,26.532959,83.939804
424,214.11896,5.3174157,3.3470776,-0.51935387,26.532938,83.939766
425,214.11896,5.3174157,3.3470776,-0.51935387,26.532938,83.939766
426,214.11896,5.3174157,3.3470776,-0.51935387,26.532938,83.939766
427,214.11896,5.3174157,3.3470776,-0.51935387,26.532938,83.939766
428,214.11896,5.3174157,3.3470776,-0.51935387,26.532938,83.939766
429,214.11896,5.3174157,3.3470776,-0.51935387,26.532938,83.939766
430,214.11896,5.3174157,3.3470776,-0.51935387,26.532938,83.939766
431,214.11896,5.3174157,3.3470776,-0.51935387,26.532938,83.939766
432,214.11884,5.317418,3.347084,-0.51935387,26.53296,83.93971
433,214.11884,5.317418,3.347084,-0.51935387,26.53296,83.93971
434,214.11884,5.317418,3.347084,-0.51935387,26.53296,83.93971
435,214.11884,5.317418,3.347084,-0.51935387,26.53296,83.93971
436,214.11884,5.317418,3.347084,-0.51935387,26.53296,83.93971
437,214.11884,5.317418,3.347084,-0.51935387,26.53296,83.93971
438,214.11884,5.317418,3.347084,-0.51935387,26.53296,83.93971
439,214.11884,5.317418,3.347084,-0.51935387,26.53296,83.93971
440,214.11879,5.317425,3.3470778,-0.519354,26.53296,83.93969
441,214.11879,5.317425,3.3470778,-0.519354,26.53296,83.93969
442,214.11879,5.317425,3.3470778,-0.519354,26.53296,83.93969
443,214.11879,5.317425,3.3470778,-0.519354,26.53296,83.93969
444,214.11879,5.317425,3.3470778,-0.519354,26.53296,83.93969
445,214.11879,5.317425,3.3470778,-0.519354,26.53296,83.93969
446,214.11879,5.317425,3.3470778,-0.519354,26.53296,83.93969
447,214.11879,5.317425,3.3470778,-0.519354,26.53296,83.93969
448,214.11874,5.317433,3.347096,-0.5193537,26.532986,83.93972
449,214.11874,5.317433,3.347096,-0.5193537,26.532986,83.93972
450,214.11874,5.317433,3.347096,-0.5193537,26.532986,83.93972
451,214.11874,5.317433,3.347096,-0.5193537,26.532986,83.93972
452,214.11874,5.317433,3.347096,-0.5193537,26.532986,83.93972
453,214.11874,5.317433,3.347096,-0.5193537,26.532986,83.93972
454,214.11874,5.317433,3.347096,-0.5193537,26.532986,83.93972
455,214.11874,5.317433,3.347096,-0.5193537,26.532986,83.93972
456,214.11865,5.3174305,3.3470948,-0.51935387,26.532988,83.93972
457,214.11865,5.3174305,3.3470948,-0.51935387,26.532988,83.93972
458,214.11865,5.3174305,3.3470948,-0.51935387,26.532988,83.93972
459,214.11865,5.3174305,3.3470948,-0.51935387,26.532988,83.93972
460,214.11865,5.3174305,3.3470948,-0.51935387,26.532988,83.93972
461,214.11865,5.3174305,3.3470948,-0.51935387,26.532988,83.93972
462,214.11865,5.3174305,3.3470948,-0.51935387,26.532988,83.93972
463,214.11865,5.3174305,3.3470948,-0.51935387,26.532988,83.93972
464,214.11864,5.3174295,3.3470845,-0.51935387,26.532988,83.93976
465,214.11864,5.3174295,3.3470845,-0.51935387,26.532988,83.93976
466,214.11864,5.3174295,3.3470845,-0.51935387,26.532988,83.93976
467,214.11864,5.3174295,3.3470845,-0.51935387,26.532988,83.93976
468,214.11864,5.3174295,3.3470845,-0.51935387,26.532988,83.93976
469,214.11864,5.3174295,3.3470845,-0.51935387,26.532988,83.93976
470,214.11864,5.3174295,3.3470845,-0.51935387,26.532988,83.93976
471,214.11864,5.3174295,3.3470845,-0.51935387,26.532988,83.93976
472,214.1187,5.317435,3.34709,-0.5193543,26.532995,83.939804
473,214.1187,5.317435,3.34709,-0.5193543,26.532995,83.939804
474,214.1187,5.317435,3.34709,-0.5193543,26.532995,83.939804
475,214.1187,5.317435,3.34709,-0.5193543,26.532995,83.939804
476,214.1187,5.317435,3.34709,-0.5193543,26.532995,83.939804
477,214.1187,5.317435,3.34709,-0.5193543,26.532995,83.939804
478,214.1187,5.317435,3.34709,-0.5193543,26.532995,83.939804
479,214.1187,5.317435,3.34709,-0.5193543,26.532995,83.939804
480,214.11873,5.317422,3.347086,-0.5193541,26.532976,83.93981
481,214.11873,5.317422,3.347086,-0.5193541,26.532976,83.93981
482,214.11873,5.317422,3.347086,-0.5193541,26.532976,83.93981
483,214.11873,5.317422,3.347086,-0.5193541,26.532976,83.93981
484,214.11873,5.317422,3.347086,-0.5193541,26.532976,83.93981
485,214.11873,5.317422,3.347086,-0.5193541,26.532976,83.93981
486,214.11873,5.317422,3.347086,-0.5193541,26.532976,83.93981
487,214.11873,5.317422,3.347086,-0.5193541,26.532976,83.93981
488,214.11877,5.317419,3.3470836,-0.5193537,26.532974,83.93985
489,214.11877,5.317419,3.3470836,-0.5193537,26.532974,83.93985
490,214.11877,5.317419,3.3470836,-0.5193537,26.532974,83.93985
491,214.11877,5.317419,3.3470836,-0.5193537,26.532974,83.93985
492,214.11877,5.317419,3.3470836,-0.5193537,26.532974,83.93985
493,214.11877,5.317419,3.3470836,-0.5193537,26.532974,83.93985
494,214.11877,5.317419,3.3470836,-0.5193537,26.532974,83.93985
495,214.11877,5.317419,3.3470836,-0.5193537,26.532974,83.93985
496,214.11876,5.31742,3.3470988,-0.51935345,26.53299,83.93979
497,214.11876,5.31742,3.3470988,-0.51935345,26.53299,83.93979
498,214.11876,5.31742,3.3470988,-0.51935345,26.53299,83.93979
499,214.11876,5.31742,3.3470988,-0.51935345,26.53299,83.93979
500,214.11876,5.31742,3.3470988,-0.51935345,26.53299,83.93979
501,214.11876,5.31742,3.3470988,-0.51935345,26.53299,83.93979
502,214.11876,5.31742,3.3470988,-0.51935345,26.53299,83.93979
503,214.11876,5.31742,3.3470988,-0.51935345,26.53299,83.93979
504,214.11865,5.317418,3.3471026,-0.51935345,26.53301,83.93982
505,214.11865,5.317418,3.3471026,-0.51935345,26.53301,83.93982
506,214.11865,5.317418,3.3471026,-0.51935345,26.53301,83.93982
507,214.11865,5.317418,3.3471026,-0.51935345,26.53301,83.93982
508,214.11865,5.317418,3.3471026,-0.51935345,26.53301,83.93982
509,214.11865,5.317418,3.3471026,-0.51935345,26.53301,83.93982
510,214.11865,5.317418,3.3471026,-0.51935345,26.53301,83.93982
511,214.11865,5.317418,3.3471026,-0.51935345,26.53301,83.93982
512,214.1187,5.3174214,3.3471007,-0.51935333,26.533003,83.9398
513,214.1187,5.3174214,3.3471007,-0.51935333,26.533003,83.9398
514,214.1187,5.3174214,3.3471007,-0.51935333,26.533003,83.9398
515,214.1187,5.3174214,3.3471007,-0.51935333,26.533003,83.9398
516,214.1187,5.3174214,3.3471007,-0.51935333,26.533003,83.9398
517,214.1187,5.3174214,3.3471007,-0.51935333,26.533003,83.9398
518,214.1187,5.3174214,3.3471007,-0.51935333,26.533003,83.9398
519,214.1187,5.3174214,3.3471007,-0.51935333,26.533003,83.9398
520,214.11845,5.3174205,3.3471034,-0.51935345,26.533003,83.93977
521,214.11845,5.3174205,3.3471034,-0.51935345,26.533003,83.93977
522,214.11845,5.3174205,3.3471034,-0.51935345,26.533003,83.93977
523,214.11845,5.3174205,3.3471034,-0.51935345,26.533003,83.93977
524,214.11845,5.3174205,3.3471034,-0.51935345,26.533003,83.93977
525,214.11845,5.3174205,3.3471034,-0.51935345,26.533003,83.93977
526,214.11845,5.3174205,3.3471034,-0.51935345,26.533003,83.93977
527,214.11845,5.3174205,3.3471034,-0.51935345,26.533003,83.93977
528,214.11855,5.3174224,3.3470962,-0.51935345,26.533,83.93975
529,214.11855,5.3174224,3.3470962,-0.51935345,26.533,83.93975
530,214.11855,5.3174224,3.3470962,-0.51935345,26.533,83.93975
531,214.11855,5.3174224,3.3470962,-0.51935345,26.533,83.93975
532,214.11855,5.3174224,3.3470962,-0.51935345,26.533,83.93975
533,214.11855,5.3174224,3.3470962,-0.51935345,26.533,83.93975
534,214.11855,5.3174224,3.3470962,-0.51935345,26.533,83.93975
535,214.11855,5.3174224,3.3470962,-0.51935345,26.533,83.93975
536,214.11862,5.3174267,3.3470948,-0.5193539,26.533018,83.93971
537,214.11862,5.3174267,3.3470948,-0.5193539,26.533018,83.93971
538,214.11862,5.3174267,3.3470948,-0.5193539,26.533018,83.93971
539,214.11862,5.3174267,3.3470948,-0.5193539,26.533018,83.93971
540,214.11862,5.3174267,3.3470948,-0.5193539,26.533018,83.93971
541,214.11862,5.3174267,3.3470948,-0.5193539,26.533018,83.93971
542,214.11862,5.3174267,3.3470948,-0.5193539,26.533018,83.93971
543,214.11862,5.3174267,3.3470948,-0.5193539,26.533018,83.93971
544,214.11867,5.3174276,3.347082,-0.519354,26.533003,83.9397
545,214.11867,5.3174276,3.347082,-0.519354,26.533003,83.9397
546,214.11867,5.3174276,3.347082,-0.519354,26.533003,83.9397
547,214.11867,5.3174276,3.347082,-0.519354,26.533003,83.9397
548,214.11867,5.3174276,3.347082,-0.519354,26.533003,83.9397
549,214.11867,5.3174276,3.347082,-0.519354,26.533003,83.9397
550,214.11867,5.3174276,3.347082,-0.519354,26.533003,83.9397
551,214.11867,5.3174276,3.347082,-0.519354,26.533003,83.9397
552,214.11864,5.3174176,3.347079,-0.5193538,26.533007,83.93971
553,214.11864,5.3174176,3.347079,-0.5193538,26.533007,83.93971
554,214.11864,5.3174176,3.347079,-0.5193538,26.533007,83.93971
555,214.11864,5.3174176,3.347079,-0.5193538,26.533007,83.93971
556,214.11864,5.3174176,3.347079,-0.5193538,26.533007,83.93971
557,214.11864,5.3174176,3.347079,-0.5193538,26.533007,83.93971
558,214.11864,5.3174176,3.347079,-0.5193538,26.533007,83.93971
559,214.11864,5.3174176,3.347079,-0.5193538,26.533007,83.93971
560,214.11874,5.317434,3.3470724,-0.5193541,26.533,83.93976
561,214.11874,5.317434,3.3470724,-0.5193541,26.533,83.93976
562,214.11874,5.317434,3.3470724,-0.5193541,26.533,83.93976
563,214.11874,5.317434,3.3470724,-0.5193541,26.533,83.93976
564,214.11874,5.317434,3.3470724,-0.5193541,26.533,83.93976
565,214.11874,5.317434,3.3470724,-0.5193541,26.533,83.93976
566,214.11874,5.317434,3.3470724,-0.5193541,26.533,83.93976
567,214.11874,5.317434,3.3470724,-0.5193541,26.533,83.93976
568,214.11888,5.317423,3.3470802,-0.5193544,26.532991,83.93977
569,214.11888,5.317423,3.3470802,-0.5193544,26.532991,83.93977
570,214.11888,5.317423,3.3470802,-0.5193544,26.532991,83.93977
571,214.11888,5.317423,3.3470802,-0.5193544,26.532991,83.93977
572,214.11888,5.317423,3.3470802,-0.5193544,26.532991,83.93977
573,214.11888,5.317423,3.3470802,-0.5193544,26.532991,83.93977
574,214.11888,5.317423,3.3470802,-0.5193544,26.532991,83.93977
575,214.11888,5.317423,3.3470802,-0.5193544,26.532991,83.93977
576,214.1189,5.3174133,3.3470504,-0.51935446,26.533016,83.93977
577,214.1189,5.3174133,3.3470504,-0.51935446,26.533016,83.93977
578,214.1189,5.3174133,3.3470504,-0.51935446,26.533016,83.93977
579,214.1189,5.3174133,3.3470504,-0.51935446,26.533016,83.93977
580,214.1189,5.3174133,3.3470504,-0.51935446,26.533016,83.93977
581,214.1189,5.3174133,3.3470504,-0.51935446,26.533016,83.93977
582,214.1189,5.3174133,3.3470504,-0.51935446,26.533016,83.93977
583,214.1189,5.3174133,3.3470504,-0.51935446,26.533016,83.93977
584,214.11896,5.3174214,3.347073,-0.5193541,26.533009,83.93972
585,214.11896,5.3174214,3.347073,-0.5193541,26.533009,83.93972
586,214.11896,5.3174214,3.347073,-0.5193541,26.533009,83.93972
587,214.11896,5.3174214,3.347073,-0.5193541,26.533009,83.93972
588,214.11896,5.3174214,3.347073,-0.5193541,26.533009,83.93972
589,214.11896,5.3174214,3.347073,-0.5193541,26.533009,83.93972
590,214.11896,5.3174214,3.347073,-0.5193541,26.533009,83.93972
591,214.11896,5.3174214,3.347073,-0.5193541,26.533009,83.93972
592,214.119,5.3174415,3.3470864,-0.519354,26.533028,83.93973
593,214.119,5.3174415,3.3470864,-0.519354,26.533028,83.93973
594,214.119,5.3174415,3.3470864,-0.519354,26.533028,83.93973
595,214.119,5.3174415,3.3470864,-0.519354,26.533028,83.93973
596,214.119,5.3174415,3.3470864,-0.519354,26.533028,83.93973
597,214.119,5.3174415,3.3470864,-0.519354,26.533028,83.93973
598,214.119,5.3174415,3.3470864,-0.519354,26.533028,83.93973
599,214.119,5.3174415,3.3470864,-0.519354,26.533028,83.93973
600,214.11906,5.3174405,3.347094,-0.5193538,26.533031,83.93971
601,214.11906,5.3174405,3.347094,-0.5193538,26.533031,83.93971
602,214.11906,5.3174405,3.347094,-0.5193538,26.533031,83.93971
603,214.11906,5.3174405,3.347094,-0.5193538,26.533031,83.93971
604,214.11906,5.3174405,3.347094,-0.5193538,26.533031,83.93971
605,214.11906,5.3174405,3.347094,-0.5193538,26.533031,83.93971
606,214.11906,5.3174405,3.347094,-0.5193538,26.533031,83.93971
607,214.11906,5.3174405,3.347094,-0.5193538,26.533031,83.93971
608,214.11913,5.317434,3.347098,-0.51935357,26.533018,83.93968
609,214.11913,5.317434,3.347098,-0.51935357,26.533018,83.93968
610,214.11913,5.317434,3.347098,-0.51935357,26.533018,83.93968
611,214.11913,5.317434,3.347098,-0.51935357,26.533018,83.93968
612,214.11913,5.317434,3.347098,-0.51935357,26.533018,83.93968
613,214.11913,5.317434,3.347098,-0.51935357,26.533018,83.93968
614,214.11913,5.317434,3.347098,-0.51935357,26.533018,83.93968
615,214.11913,5.317434,3.347098,-0.51935357,26.533018,83.93968
616,214.11903,5.317435,3.3471024,-0.5193536,26.533009,83.93967
617,214.11903,5.317435,3.3471024,-0.5193536,26.533009,83.93967
618,214.11903,5.317435,3.3471024,-0.5193536,26.533009,83.93967
619,214.11903,5.317435,3.3471024,-0.5193536,26.533009,83.93967
620,214.11903,5.317435,3.3471024,-0.5193536,26.533009,83.93967
621,214.11903,5.317435,3.3471024,-0.5193536,26.533009,83.93967
622,214.11903,5.317435,3.3471024,-0.5193536,26.533009,83.93967
623,214.11903,5.317435,3.3471024,-0.5193536,26.533009,83.93967
624,214.11905,5.317423,3.3471093,-0.51935375,26.53297,83.93971
625,214.11905,5.317423,3.3471093,-0.51935375,26.53297,83.93971
626,214.11905,5.317423,3.3471093,-0.51935375,26.53297,83.93971
627,214.11905,5.317423,3.3471093,-0.51935375,26.53297,83.93971
628,214.11905,5.317423,3.3471093,-0.51935375,26.53297,83.93971
629,214.11905,5.317423,3.3471093,-0.51935375,26.53297,83.93971
630,214.11905,5.317423,3.3471093,-0.51935375,26.53297,83.93971
631,214.11905,5.317423,3.3471093,-0.51935375,26.53297,83.93971
632,214.11903,5.3174167,3.3470948,-0.51935405,26.53297,83.93976
633,214.11903,5.3174167,3.3470948,-0.51935405,26.53297,83.93976
634,214.11903,5.3174167,3.3470948,-0.51935405,26.53297,83.93976
635,214.11903,5.3174167,3.3470948,-0.51935405,26.53297,83.93976
636,214.11903,5.3174167,3.3470948,-0.51935405,26.53297,83.93976
637,214.11903,5.3174167,3.3470948,-0.51935405,26.53297,83.93976
638,214.11903,5.3174167,3.3470948,-0.51935405,26.53297,83.93976
639,214.11903,5.3174167,3.3470948,-0.51935405,26.53297,83.93976
640,214.11903,5.317413,3.3470955,-0.5193541,26.532991,83.93976
641,214.11903,5.317413,3.3470955,-0.5193541,26.532991,83.93976
642,214.11903,5.317413,3.3470955,-0.5193541,26.532991,83.93976
643,214.11903,5.317413,3.3470955,-0.5193541,26.532991,83.93976
644,214.11903,5.317413,3.3470955,-0.5193541,26.532991,83.93976
645,214.11903,5.317413,3.3470955,-0.5193541,26.532991,83.93976
646,214.11903,5.317413,3.3470955,-0.5193541,26.532991,83.93976
647,214.11903,5.317413,3.3470955,-0.5193541,26.532991,83.93976
648,214.11903,5.317419,3.3470824,-0.51935405,26.532986,83.93976
649,214.11903,5.317419,3.3470824,-0.51935405,26.532986,83.93976
650,214.11903,5.317419,3.3470824,-0.51935405,26.532986,83.93976
651,214.11903,5.317419,3.3470824,-0.51935405,26.532986,83.93976
652,214.11903,5.317419,3.3470824,-0.51935405,26.532986,83.93976
653,214.11903,5.317419,3.3470824,-0.51935405,26.532986,83.93976
654,214.11903,5.317419,3.3470824,-0.51935405,26.532986,83.93976
655,214.11903,5.317419,3.3470824,-0.51935405,26.532986,83.93976
656,214.11908,5.3174195,3.347088,-0.5193541,26.532969,83.93978
657,214.11908,5.3174195,3.347088,-0.5193541,26.532969,83.93978
658,214.11908,5.3174195,3.347088,-0.5193541,26.532969,83.93978
659,214.11908,5.3174195,3.347088,-0.5193541,26.532969,83.93978
660,214.11908,5.3174195,3.347088,-0.5193541,26.532969,83.93978
661,214.11908,5.3174195,3.347088,-0.5193541,26.532969,83.93978
662,214.11908,5.3174195,3.347088,-0.5193541,26.532969,83.93978
663,214.11908,5.3174195,3.347088,-0.5193541,26.532969,83.93978
664,214.11902,5.317421,3.3470867,-0.5193541,26.532965,83.9398
665,214.11902,5.317421,3.3470867,-0.5193541,26.532965,83.9398
666,214.11902,5.317421,3.3470867,-0.5193541,26.532965,83.9398
667,214.11902,5.317421,3.3470867,-0.5193541,26.532965,83.9398
668,214.11902,5.317421,3.3470867,-0.5193541,26.532965,83.9398
669,214.11902,5.317421,3.3470867,-0.5193541,26.532965,83.9398
670,214.11902,5.317421,3.3470867,-0.5193541,26.532965,83.9398
671,214.11902,5.317421,3.3470867,-0.5193541,26.532965,83.9398
672,214.11903,5.3174276,3.347087,-0.5193541,26.532959,83.939804
673,214.11903,5.3174276,3.347087,-0.5193541,26.532959,83.939804
674,214.11903,5.3174276,3.347087,-0.5193541,26.532959,83.939804
675,214.11903,5.3174276,3.347087,-0.5193541,26.532959,83.939804
676,214.11903,5.3174276,3.347087,-0.5193541,26.532959,83.939804
677,214.11903,5.3174276,3.347087,-0.5193541,26.532959,83.939804
678,214.11903,5.3174276,3.347087,-0.5193541,26.532959,83.939804
679,214.11903,5.3174276,3.347087,-0.5193541,26.532959,83.939804
680,214.11896,5.3174157,3.3470776,-0.51935387,26.532938,83.939766
681,214.11896,5.3174157,3.3470776,-0.51935387,26.532938,83.939766
682,214.11896,5.3174157,3.3470776,-0.51935387,26.532938,83.939766
683,214.11896,5.3174157,3.3470776,-0.51935387,26.532938,83.939766
684,214.11896,5.3174157,3.3470776,-0.51935387,26.532938,83.939766
685,214.11896,5.3174157,3.3470776,-0.51935387,26.532938,83.939766
686,214.11896,5.3174157,3.3470776,-0.51935387,26.532938,83.939766
687,214.11896,5.3174157,3.3470776,-0.51935387,26.532938,83.939766
688,214.11884,5.317418,3.347084,-0.51935387,26.53296,83.93971
689,214.11884,5.317418,3.347084,-0.51935387,26.53296,83.93971
690,214.11884,5.317418,3.347084,-0.51935387,26.53296,83.93971
691,214.11884,5.317418,3.347084,-0.51935387,26.53296,83.93971
692,214.11884,5.317418,3.347084,-0.51935387,26.53296,83.93971
693,214.11884,5.317418,3.347084,-0.51935387,26.53296,83.93971
694,214.11884,5.317418,3.347084,-0.51935387,26.53296,83.93971
695,214.11884,5.317418,3.347084,-0.51935387,26.53296,83.93971
696,214.11879,5.317425,3.3470778,-0.519354,26.53296,83.93969
697,214.11879,5.317425,3.3470778,-0.519354,26.53296,83.93969
698,214.11879,5.317425,3.3470778,-0.519354,26.53296,83.93969
699,214.11879,5.317425,3.3470778,-0.519354,26.53296,83.93969
700,214.11879,5.317425,3.3470778,-0.519354,26.53296,83.93969
701,214.11879,5.317425,3.3470778,-0.519354,26.53296,83.93969
702,214.11879,5.317425,3.3470778,-0.519354,26.53296,83.93969
703,214.11879,5.317425,3.3470778,-0.519354,26.53296,83.93969
704,214.11874,5.317433,3.347096,-0.5193537,26.532986,83.93972
705,214.11874,5.317433,3.347096,-0.5193537,26.532986,83.93972
706,214.11874,5.317433,3.347096,-0.5193537,26.532986,83.93972
707,214.11874,5.317433,3.347096,-0.5193537,26.532986,83.93972
708,214.11874,5.317433,3.347096,-0.5193537,26.532986,83.93972
709,214.11874,5.317433,3.347096,-0.5193537,26.532986,83.93972
710,214.11874,5.317433,3.347096,-0.5193537,26.532986,83.93972
711,214.11874,5.317433,3.347096,-0.5193537,26.532986,83.93972
712,214.11865,5.3174305,3.3470948,-0.51935387,26.532988,83.93972
713,214.11865,5.3174305,3.3470948,-0.51935387,26.532988,83.93972
714,214.11865,5.3174305,3.3470948,-0.51935387,26.532988,83.93972
715,214.11865,5.3174305,3.3470948,-0.51935387,26.532988,83.93972
716,214.11865,5.3174305,3.3470948,-0.51935387,26.532988,83.93972
717,214.11865,5.3174305,3.3470948,-0.51935387,26.532988,83.93972
718,214.11865,5.3174305,3.3470948,-0.51935387,26.532988,83.93972
719,214.11865,5.3174305,3.3470948,-0.51935387,26.532988,83.93972
720,214.11864,5.3174295,3.3470845,-0.51935387,26.532988,83.93976
721,214.11864,5.3174295,3.3470845,-0.51935387,26.532988,83.93976
722,214.11864,5.3174295,3.3470845,-0.51935387,26.532988,83.93976
723,214.11864,5.3174295,3.3470845,-0.51935387,26.532988,83.93976
724,214.11864,5.3174295,3.3470845,-0.51935387,26.532988,83.93976
725,214.11864,5.3174295,3.3470845,-0.51935387,26.532988,83.93976
726,214.11864,5.3174295,3.3470845,-0.51935387,26.532988,83.93976
727,214.11864,5.3174295,3.3470845,-0.51935387,26.532988,83.93976
728,214.1187,5.317435,3.34709,-0.5193543,26.532995,83.939804
729,214.1187,5.317435,3.34709,-0.5193543,26.532995,83.939804
730,214.1187,5.317435,3.34709,-0.5193543,26.532995,83.939804
731,214.1187,5.317435,3.34709,-0.5193543,26.532995,83.939804
732,214.1187,5.317435,3.34709,-0.5193543,26.532995,83.939804
733,214.1187,5.317435,3.34709,-0.5193543,26.532995,83.939804
734,214.1187,5.317435,3.34709,-0.5193543,26.532995,83.939804
735,214.1187,5.317435,3.34709,-0.5193543,26.532995,83.939804
736,214.11873,5.317422,3.347086,-0.5193541,26.532976,83.93981
737,214.11873,5.317422,3.347086,-0.5193541,26.532976,83.93981
738,214.11873,5.317422,3.347086,-0.5193541,26.532976,83.93981
739,214.11873,5.317422,3.347086,-0.5193541,26.532976,83.93981
740,214.11873,5.317422,3.347086,-0.5193541,26.532976,83.93981
741,214.11873,5.317422,3.347086,-0.5193541,26.532976,83.93981
742,214.11873,5.317422,3.347086,-0.5193541,26.532976,83.93981
743,214.11873,5.317422,3.347086,-0.5193541,26.532976,83.93981
744,214.11877,5.317419,3.3470836,-0.5193537,26.532974,83.93985
745,214.11877,5.317419,3.3470836,-0.5193537,26.532974,83.93985
746,214.11877,5.317419,3.3470836,-0.5193537,26.532974,83.93985
747,214.11877,5.317419,3.3470836,-0.5193537,26.532974,83.93985
748,214.11877,5.317419,3.3470836,-0.5193537,26.532974,83.93985
749,214.11877,5.317419,3.3470836,-0.5193537,26.532974,83.93985
750,214.11877,5.317419,3.3470836,-0.5193537,26.532974,83.93985
751,214.11877,5.317419,3.3470836,-0.5193537,26.532974,83.93985
752,214.11876,5.31742,3.3470988,-0.51935345,26.53299,83.93979
753,214.11876,5.31742,3.3470988,-0.51935345,26.53299,83.93979
754,214.11876,5.31742,3.3470988,-0.51935345,26.53299,83.93979
755,214.11876,5.31742,3.3470988,-0.51935345,26.53299,83.93979
756,214.11876,5.31742,3.3470988,-0.51935345,26.53299,83.93979
757,214.11876,5.31742,3.3470988,-0.51935345,26.53299,83.93979
758,214.11876,5.31742,3.3470988,-0.51935345,26.53299,83.93979
759,214.11876,5.31742,3.3470988,-0.51935345,26.53299,83.93979
760,214.11865,5.317418,3.3471026,-0.51935345,26.53301,83.93982
761,214.11865,5.317418,3.3471026,-0.51935345,26.53301,83.93982
762,214.11865,5.317418,3.3471026,-0.51935345,26.53301,83.93982
763,214.11865,5.317418,3.3471026,-0.51935345,26.53301,83.93982
764,214.11865,5.317418,3.3471026,-0.51935345,26.53301,83.93982
765,214.11865,5.317418,3.3471026,-0.51935345,26.53301,83.93982
766,214.11865,5.317418,3.3471026,-0.51935345,26.53301,83.93982
767,214.11865,5.317418,3.3471026,-0.51935345,26.53301,83.93982
768,214.1187,5.3174214,3.3471007,-0.51935333,26.533003,83.9398
769,214.1187,5.3174214,3.3471007,-0.51935333,26.533003,83.9398
770,214.1187,5.3174214,3.3471007,-0.51935333,26.533003,83.9398
771,214.1187,5.3174214,3.3471007,-0.51935333,26.533003,83.9398
772,214.1187,5.3174214,3.3471007,-0.51935333,26.533003,83.9398
773,214.1187,5.3174214,3.3471007,-0.51935333,26.533003,83.9398
774,214.1187,5.3174214,3.3471007,-0.51935333,26.533003,83.9398
775,214.1187,5.3174214,3.3471007,-0.51935333,26.533003,83.9398
776,214.11845,5.3174205,3.3471034,-0.51935345,26.533003,83.93977
777,214.11845,5.3174205,3.3471034,-0.51935345,26.533003,83.93977
778,214.11845,5.3174205,3.3471034,-0.51935345,26.533003,83.93977
779,214.11845,5.3174205,3.3471034,-0.51935345,26.533003,83.93977
780,214.11845,5.3174205,3.3471034,-0.51935345,26.533003,83.93977
781,214.11845,5.3174205,3.3471034,-0.51935345,26.533003,83.93977
782,214.11845,5.3174205,3.3471034,-0.51935345,26.533003,83.93977
783,214.11845,5.3174205,3.3471034,-0.51935345,26.533003,83.93977
784,214.11855,5.3174224,3.3470962,-0.51935345,26.533,83.93975
785,214.11855,5.3174224,3.3470962,-0.51935345,26.533,83.93975
786,214.11855,5.3174224,3.3470962,-0.51935345,26.533,83.93975
787,214.11855,5.3174224,3.3470962,-0.51935345,26.533,83.93975
788,214.11855,5.3174224,3.3470962,-0.51935345,26.533,83.93975
789,214.11855,5.3174224,3.3470962,-0.51935345,26.533,83.93975
790,214.11855,5.3174224,3.3470962,-0.51935345,26.533,83.93975
791,214.11855,5.3174224,3.3470962,-0.51935345,26.533,83.93975
792,214.11862,5.3174267,3.3470948,-0.5193539,26.533018,83.93971
793,214.11862,5.3174267,3.3470948,-0.5193539,26.533018,83.93971
794,214.11862,5.3174267,3.3470948,-0.5193539,26.533018,83.93971
795,214.11862,5.3174267,3.3470948,-0.5193539,26.533018,83.93971
796,214.11862,5.3174267,3.3470948,-0.5193539,26.533018,83.93971
797,214.11862,5.3174267,3.3470948,-0.5193539,26.533018,83.93971
798,214.11862,5.3174267,3.3470948,-0.5193539,26.533018,83.93971
799,214.11862,5.3174267,3.3470948,-0.5193539,26.533018,83.93971
800,214.11867,5.3174276,3.347082,-0.519354,26.533003,83.9397
801,214.11867,5.3174276,3.347082,-0.519354,26.533003,83.9397
802,214.11867,5.3174276,3.347082,-0.519354,26.533003,83.9397
803,214.11867,5.3174276,3.347082,-0.519354,26.533003,83.9397
804,214.11867,5.3174276,3.347082,-0.519354,26.533003,83.9397
805,214.11867,5.3174276,3.347082,-0.519354,26.533003,83.9397
806,214.11867,5.3174276,3.347082,-0.519354,26.533003,83.9397
807,214.11867,5.3174276,3.347082,-0.519354,26.533003,83.9397
808,214.11864,5.3174176,3.347079,-0.5193538,26.533007,83.93971
809,214.11864,5.3174176,3.347079,-0.5193538,26.533007,83.93971
810,214.11864,5.3174176,3.347079,-0.5193538,26.533007,83.93971
811,214.11864,5.3174176,3.347079,-0.5193538,26.533007,83.93971
812,214.11864,5.3174176,3.347079,-0.5193538,26.533007,83.93971
813,214.11864,5.3174176,3.347079,-0.5193538,26.533007,83.93971
814,214.11864,5.3174176,3.347079,-0.5193538,26.533007,83.93971
815,214.11864,5.3174176,3.347079,-0.5193538,26.533007,83.93971
816,214.11874,5.317434,3.3470724,-0.5193541,26.533,83.93976
817,214.11874,5.317434,3.3470724,-0.5193541,26.533,83.93976
818,214.11874,5.317434,3.3470724,-0.5193541,26.533,83.93976
819,214.11874,5.317434,3.3470724,-0.5193541,26.533,83.93976
820,214.11874,5.317434,3.3470724,-0.5193541,26.533,83.93976
821,214.11874,5.317434,3.3470724,-0.5193541,26.533,83.93976
822,214.11874,5.317434,3.3470724,-0.5193541,26.533,83.93976
823,214.11874,5.317434,3.3470724,-0.5193541,26.533,83.93976
824,214.11888,5.317423,3.3470802,-0.5193544,26.532991,83.93977
825,214.11888,5.317423,3.3470802,-0.5193544,26.532991,83.93977
826,214.11888,5.317423,3.3470802,-0.5193544,26.532991,83.93977
827,214.11888,5.317423,3.3470802,-0.5193544,26.532991,83.93977
828,214.11888,5.317423,3.3470802,-0.5193544,26.532991,83.93977
829,214.11888,5.317423,3.3470802,-0.5193544,26.532991,83.93977
830,214.11888,5.317423,3.3470802,-0.5193544,26.532991,83.93977
831,214.11888,5.317423,3.3470802,-0.5193544,26.532991,83.93977
832,214.1189,5.3174133,3.3470504,-0.51935446,26.533016,83.93977
833,214.1189,5.3174133,3.3470504,-0.51935446,26.533016,83.93977
834,214.1189,5.3174133,3.3470504,-0.51935446,26.533016,83.93977
835,214.1189,5.3174133,3.3470504,-0.51935446,26.533016,83.93977
836,214.1189,5.3174133,3.3470504,-0.51935446,26.533016,83.93977
837,214.1189,5.3174133,3.3470504,-0.51935446,26.533016,83.93977
838,214.1189,5.3174133,3.3470504,-0.51935446,26.533016,83.93977
839,214.1189,5.3174133,3.3470504,-0.51935446,26.533016,83.93977
840,214.11896,5.3174214,3.347073,-0.5193541,26.533009,83.93972
841,214.11896,5.3174214,3.347073,-0.5193541,26.533009,83.93972
842,214.11896,5.3174214,3.347073,-0.5193541,26.533009,83.93972
843,214.11896,5.3174214,3.347073,-0.5193541,26.533009,83.93972
844,214.11896,5.3174214,3.347073,-0.5193541,26.533009,83.93972
845,214.11896,5.3174214,3.347073,-0.5193541,26.533009,83.93972
846,214.11896,5.3174214,3.347073,-0.5193541,26.533009,83.93972
847,214.11896,5.3174214,3.347073,-0.5193541,26.533009,83.93972
848,214.119,5.3174415,3.3470864,-0.519354,26.533028,83.93973
849,214.119,5.3174415,3.3470864,-0.519354,26.533028,83.93973
850,214.119,5.3174415,3.3470864,-0.519354,26.533028,83.93973
851,214.119,5.3174415,3.3470864,-0.519354,26.533028,83.93973
852,214.119,5.3174415,3.3470864,-0.519354,26.533028,83.93973
853,214.119,5.3174415,3.3470864,-0.519354,26.533028,83.93973
854,214.119,5.3174415,3.3470864,-0.519354,26.533028,83.93973
855,214.119,5.3174415,3.3470864,-0.519354,26.533028,83.93973
856,214.11906,5.3174405,3.347094,-0.5193538,26.533031,83.93971
857,214.11906,5.3174405,3.347094,-0.5193538,26.533031,83.93971
858,214.11906,5.3174405,3.347094,-0.5193538,26.533031,83.93971
859,214.11906,5.3174405,3.347094,-0.5193538,26.533031,83.93971
860,214.11906,5.3174405,3.347094,-0.5193538,26.533031,83.93971
861,214.11906,5.3174405,3.347094,-0.5193538,26.533031,83.93971
862,214.11906,5.3174405,3.347094,-0.5193538,26.533031,83.93971
863,214.11906,5.3174405,3.347094,-0.5193538,26.533031,83.93971
864,214.11913,5.317434,3.347098,-0.51935357,26.533018,83.93968
865,214.11913,5.317434,3.347098,-0.51935357,26.533018,83.93968
866,214.11913,5.317434,3.347098,-0.51935357,26.533018,83.93968
867,214.11913,5.317434,3.347098,-0.51935357,26.533018,83.93968
868,214.11913,5.317434,3.347098,-0.51935357,26.533018,83.93968
869,214.11913,5.317434,3.347098,-0.51935357,26.533018,83.93968
870,214.11913,5.317434,3.347098,-0.51935357,26.533018,83.93968
871,214.11913,5.317434,3.347098,-0.51935357,26.533018,83.93968
872,214.11903,5.317435,3.3471024,-0.5193536,26.533009,83.93967
873,214.11903,5.317435,3.3471024,-0.5193536,26.533009,83.93967
874,214.11903,5.317435,3.3471024,-0.5193536,26.533009,83.93967
875,214.11903,5.317435,3.3471024,-0.5193536,26.533009,83.93967
876,214.11903,5.317435,3.3471024,-0.5193536,26.533009,83.93967
877,214.11903,5.317435,3.3471024,-0.5193536,26.533009,83.93967
878,214.11903,5.317435,3.3471024,-0.5193536,26.533009,83.93967
879,214.11903,5.317435,3.3471024,-0.5193536,26.533009,83.93967
880,214.11905,5.317423,3.3471093,-0.51935375,26.53297,83.93971
881,214.11905,5.317423,3.3471093,-0.51935375,26.53297,83.93971
882,214.11905,5.317423,3.3471093,-0.51935375,26.53297,83.93971
883,214.11905,5.317423,3.3471093,-0.51935375,26.53297,83.93971
884,214.11905,5.317423,3.3471093,-0.51935375,26.53297,83.93971
885,214.11905,5.317423,3.3471093,-0.51935375,26.53297,83.93971
886,214.11905,5.317423,3.3471093,-0.51935375,26.53297,83.93971
887,214.11905,5.317423,3.3471093,-0.51935375,26.53297,83.93971
888,214.11903,5.3174167,3.3470948,-0.51935405,26.53297,83.93976
889,214.11903,5.3174167,3.3470948,-0.51935405,26.53297,83.93976
890,214.11903,5.3174167,3.3470948,-0.51935405,26.53297,83.93976
891,214.11903,5.3174167,3.3470948,-0.51935405,26.53297,83.93976
892,214.11903,5.3174167,3.3470948,-0.51935405,26.53297,83.93976
893,214.11903,5.3174167,3.3470948,-0.51935405,26.53297,83.93976
894,214.11903,5.3174167,3.3470948,-0.51935405,26.53297,83.93976
895,214.11903,5.3174167,3.3470948,-0.51935405,26.53297,83.93976
896,214.11903,5.317413,3.3470955,-0.5193541,26.532991,83.93976
897,214.11903,5.317413,3.3470955,-0.5193541,26.532991,83.93976
898,214.11903,5.317413,3.3470955,-0.5193541,26.532991,83.93976
899,214.11903,5.317413,3.3470955,-0.5193541,26.532991,83.93976
900,214.11903,5.317413,3.3470955,-0.5193541,26.532991,83.93976
901,214.11903,5.317413,3.3470955,-0.5193541,26.532991,83.93976
902,214.11903,5.317413,3.3470955,-0.5193541,26.532991,83.93976
903,214.11903,5.317413,3.3470955,-0.5193541,26.532991,83.93976
904,214.11903,5.317419,3.3470824,-0.51935405,26.532986,83.93976
905,214.11903,5.317419,3.3470824,-0.51935405,26.532986,83.93976
906,214.11903,5.317419,3.3470824,-0.51935405,26.532986,83.93976
907,214.11903,5.317419,3.3470824,-0.51935405,26.532986,83.93976
908,214.11903,5.317419,3.3470824,-0.51935405,26.532986,83.93976
909,214.11903,5.317419,3.3470824,-0.51935405,26.532986,83.93976
910,214.11903,5.317419,3.3470824,-0.51935405,26.532986,83.93976
911,214.11903,5.317419,3.3470824,-0.51935405,26.532986,83.93976
912,214.11908,5.3174195,3.347088,-0.5193541,26.532969,83.93978
913,214.11908,5.3174195,3.347088,-0.5193541,26.532969,83.93978
914,214.11908,5.3174195,3.347088,-0.5193541,26.532969,83.93978
915,214.11908,5.3174195,3.347088,-0.5193541,26.532969,83.93978
916,214.11908,5.3174195,3.347088,-0.5193541,26.532969,83.93978
917,214.11908,5.3174195,3.347088,-0.5193541,26.532969,83.93978
918,214.11908,5.3174195,3.347088,-0.5193541,26.532969,83.93978
919,214.11908,5.3174195,3.347088,-0.5193541,26.532969,83.93978
920,214.11902,5.317421,3.3470867,-0.5193541,26.532965,83.9398
921,214.11902,5.317421,3.3470867,-0.5193541,26.532965,83.9398
922,214.11902,5.317421,3.3470867,-0.5193541,26.532965,83.9398
923,214.11902,5.317421,3.3470867,-0.5193541,26.532965,83.9398
924,214.11902,5.317421,3.3470867,-0.5193541,26.532965,83.9398
925,214.11902,5.317421,3.3470867,-0.5193541,26.532965,83.9398
926,214.11902,5.317421,3.3470867,-0.5193541,26.532965,83.9398
927,214.11902,5.317421,3.3470867,-0.5193541,26.532965,83.9398
928,214.11903,5.3174276,3.347087,-0.5193541,26.532959,83.939804
929,214.11903,5.3174276,3.347087,-0.5193541,26.532959,83.939804
930,214.11903,5.3174276,3.347087,-0.5193541,26.532959,83.939804
931,214.11903,5.3174276,3.347087,-0.5193541,26.532959,83.939804
932,214.11903,5.3174276,3.347087,-0.5193541,26.532959,83.939804
933,214.11903,5.3174276,3.347087,-0.5193541,26.532959,83.939804
934,214.11903,5.3174276,3.347087,-0.5193541,26.532959,83.939804
935,214.11903,5.3174276,3.347087,-0.5193541,26.532959,83.939804
936,214.11896,5.3174157,3.3470776,-0.51935387,26.532938,83.939766
937,214.11896,5.3174157,3.3470776,-0.51935387,26.532938,83.939766
938,214.11896,5.3174157,3.3470776,-0.51935387,26.532938,83.939766
939,214.11896,5.3174157,3.3470776,-0.51935387,26.532938,83.939766
940,214.11896,5.3174157,3.3470776,-0.51935387,26.532938,83.939766
941,214.11896,5.3174157,3.3470776,-0.51935387,26.532938,83.939766
942,214.11896,5.3174157,3.3470776,-0.51935387,26.532938,83.939766
943,214.11896,5.3174157,3.3470776,-0.51935387,26.532938,83.939766
944,214.11884,5.317418,3.347084,-0.51935387,26.53296,83.93971
945,214.11884,5.317418,3.347084,-0.51935387,26.53296,83.93971
946,214.11884,5.317418,3.347084,-0.51935387,26.53296,83.93971
947,214.11884,5.317418,3.347084,-0.51935387,26.53296,83.93971
948,214.11884,5.317418,3.347084,-0.51935387,26.53296,83.93971
949,214.11884,5.317418,3.347084,-0.51935387,26.53296,83.93971
950,214.11884,5.317418,3.347084,-0.51935387,26.53296,83.93971
951,214.11884,5.317418,3.347084,-0.51935387,26.53296,83.93971
952,214.11879,5.317425,3.3470778,-0.519354,26.53296,83.93969
953,214.11879,5.317425,3.3470778,-0.519354,26.53296,83.93969
954,214.11879,5.317425,3.3470778,-0.519354,26.53296,83.93969
955,214.11879,5.317425,3.3470778,-0.519354,26.53296,83.93969
956,214.11879,5.317425,3.3470778,-0.519354,26.53296,83.93969
957,214.11879,5.317425,3.3470778,-0.519354,26.53296,83.93969
958,214.11879,5.317425,3.3470778,-0.519354,26.53296,83.93969
959,214.11879,5.317425,3.3470778,-0.519354,26.53296,83.93969
960,214.11874,5.317433,3.347096,-0.5193537,26.532986,83.93972
961,214.11874,5.317433,3.347096,-0.5193537,26.532986,83.93972
962,214.11874,5.317433,3.347096,-0.5193537,26.532986,83.93972
963,214.11874,5.317433,3.347096,-0.5193537,26.532986,83.93972
964,214.11874,5.317433,3.347096,-0.5193537,26.532986,83.93972
965,214.11874,5.317433,3.347096,-0.5193537,26.532986,83.93972
966,214.11874,5.317433,3.347096,-0.5193537,26.532986,83.93972
967,214.11874,5.317433,3.347096,-0.5193537,26.532986,83.93972
968,214.11865,5.3174305,3.3470948,-0.51935387,26.532988,83.93972
969,214.11865,5.3174305,3.3470948,-0.51935387,26.532988,83.93972
970,214.11865,5.3174305,3.3470948,-0.51935387,26.532988,83.93972
971,214.11865,5.3174305,3.3470948,-0.51935387,26.532988,83.93972
972,214.11865,5.3174305,3.3470948,-0.51935387,26.532988,83.93972
973,214.11865,5.3174305,3.3470948,-0.51935387,26.532988,83.93972
974,214.11865,5.3174305,3.3470948,-0.51935387,26.532988,83.93972
975,214.11865,5.3174305,3.3470948,-0.51935387,26.532988,83.93972
976,214.11864,5.3174295,3.3470845,-0.51935387,26.532988,83.93976
977,214.11864,5.3174295,3.3470845,-0.51935387,26.532988,83.93976
978,214.11864,5.3174295,3.3470845,-0.51935387,26.532988,83.93976
979,214.11864,5.3174295,3.3470845,-0.51935387,26.532988,83.93976
980,214.11864,5.3174295,3.3470845,-0.51935387,26.532988,83.93976
981,214.11864,5.3174295,3.3470845,-0.51935387,26.532988,83.93976
982,214.11864,5.3174295,3.3470845,-0.51935387,26.532988,83.93976
983,214.11864,5.3174295,3.3470845,-0.51935387,26.532988,83.93976
984,214.1187,5.317435,3.34709,-0.5193543,26.532995,83.939804
985,214.1187,5.317435,3.34709,-0.5193543,26.532995,83.939804
986,214.1187,5.317435,3.34709,-0.5193543,26.532995,83.939804
987,214.1187,5.317435,3.34709,-0.5193543,26.532995,83.939804
988,214.1187,5.317435,3.34709,-0.5193543,26.532995,83.939804
989,214.1187,5.317435,3.34709,-0.5193543,26.532995,83.939804
990,214.1187,5.317435,3.34709,-0.5193543,26.532995,83.939804
991,214.1187,5.317435,3.34709,-0.5193543,26.532995,83.939804
992,214.11873,5.317422,3.347086,-0.5193541,26.532976,83.93981
993,214.11873,5.317422,3.347086,-0.5193541,26.532976,83.93981
994,214.11873,5.317422,3.347086,-0.5193541,26.532976,83.93981
995,214.11873,5.317422,3.347086,-0.5193541,26.532976,83.93981
996,214.11873,5.317422,3.347086,-0.5193541,26.532976,83.93981
997,214.11873,5.317422,3.347086,-0.5193541,26.532976,83.93981
998,214.11873,5.317422,3.347086,-0.5193541,26.532976,83.93981
999,214.11873,5.317422,3.347086,-0.5193541,26.532976,83.93981
1000,214.11877,5.317419,3.3470836,-0.5193537,26.532974,83.93985
1001,214.11877,5.317419,3.3470836,-0.5193537,26.532974,83.93985
1002,214.11877,5.317419,3.3470836,-0.5193537,26.532974,83.93985
1003,214.11877,5.317419,3.3470836,-0.5193537,26.532974,83.93985
1004,214.11877,5.317419,3.3470836,-0.5193537,26.532974,83.93985
1005,214.11877,5.317419,3.3470836,-0.5193537,26.532974,83.93985
1006,214.11877,5.317419,3.3470836,-0.5193537,26.532974,83.93985
1007,214.11877,5.317419,3.3470836,-0.5193537,26.532974,83.93985
1008,214.11876,5.31742,3.3470988,-0.51935345,26.53299,83.93979
1009,214.11876,5.31742,3.3470988,-0.51935345,26.53299,83.93979
1010,214.11876,5.31742,3.3470988,-0.51935345,26.53299,83.93979
1011,214.11876,5.31742,3.3470988,-0.51935345,26.53299,83.93979
1012,214.11876,5.31742,3.3470988,-0.51935345,26.53299,83.93979
1013,214.11876,5.31742,3.3470988,-0.51935345,26.53299,83.93979
1014,214.11876,5.31742,3.3470988,-0.51935345,26.53299,83.93979
1015,214.11876,5.31742,3.3470988,-0.51935345,26.53299,83.93979
1016,214.11865,5.317418,3.3471026,-0.51935345,26.53301,83.93982
1017,214.11865,5.317418,3.3471026,-0.51935345,26.53301,83.93982
1018,214.11865,5.317418,3.3471026,-0.51935345,26.53301,83.93982
1019,214.11865,5.317418,3.3471026,-0.51935345,26.53301,83.93982
1020,214.11865,5.317418,3.3471026,-0.51935345,26.53301,83.93982
1021,214.11865,5.317418,3.3471026,-0.51935345,26.53301,83.93982
1022,214.11865,5.317418,3.3471026,-0.51935345,26.53301,83.93982
1023,214.11865,5.317418,3.3471026,-0.51935345,26.53301,83.93982
1024,214.1187,5.3174214,3.3471007,-0.51935333,26.533003,83.9398
1025,214.1187,5.3174214,3.3471007,-0.51935333,26.533003,83.9398
1026,214.1187,5.3174214,3.3471007,-0.51935333,26.533003,83.9398
1027,214.1187,5.3174214,3.3471007,-0.51935333,26.533003,83.9398
1028,214.1187,5.3174214,3.3471007,-0.51935333,26.533003,83.9398
1029,214.1187,5.3174214,3.3471007,-0.51935333,26.533003,83.9398
1030,214.1187,5.3174214,3.3471007,-0.51935333,26.533003,83.9398
1031,214.1187,5.3174214,3.3471007,-0.51935333,26.533003,83.9398
1032,214.11845,5.3174205,3.3471034,-0.51935345,26.533003,83.93977
1033,214.11845,5.3174205,3.3471034,-0.51935345,26.533003,83.93977
1034,214.11845,5.3174205,3.3471034,-0.51935345,26.533003,83.93977
1035,214.11845,5.3174205,3.3471034,-0.51935345,26.533003,83.93977
1036,214.11845,5.3174205,3.3471034,-0.51935345,26.533003,83.93977
1037,214.11845,5.3174205,3.3471034,-0.51935345,26.533003,83.93977
1038,214.11845,5.3174205,3.3471034,-0.51935345,26.533003,83.93977
1039,214.11845,5.3174205,3.3471034,-0.51935345,26.533003,83.93977
1040,214.11855,5.3174224,3.3470962,-0.51935345,26.533,83.93975
1041,214.11855,5.3174224,3.3470962,-0.51935345,26.533,83.93975
1042,214.11855,5.3174224,3.3470962,-0.51935345,26.533,83.93975
1043,214.11855,5.3174224,3.3470962,-0.51935345,26.533,83.93975
1044,214.11855,5.3174224,3.3470962,-0.51935345,26.533,83.93975
1045,214.11855,5.3174224,3.3470962,-0.51935345,26.533,83.93975
1046,214.11855,5.3174224,3.3470962,-0.51935345,26.533,83.93975
1047,214.11855,5.3174224,3.3470962,-0.51935345,26.533,83.93975
1048,214.11862,5.3174267,3.3470948,-0.5193539,26.533018,83.93971
1049,214.11862,5.3174267,3.3470948,-0.5193539,26.533018,83.93971
1050,214.11862,5.3174267,3.3470948,-0.5193539,26.533018,83.93971
1051,214.11862,5.3174267,3.3470948,-0.5193539,26.533018,83.93971
1052,214.11862,5.3174267,3.3470948,-0.5193539,26.533018,83.93971
1053,214.11862,5.3174267,3.3470948,-0.5193539,26.533018,83.93971
1054,214.11862,5.3174267,3.3470948,-0.5193539,26.533018,83.93971
1055,214.11862,5.3174267,3.3470948,-0.5193539,26.533018,83.93971
1056,214.11867,5.3174276,3.347082,-0.519354,26.533003,83.9397
1057,214.11867,5.3174276,3.347082,-0.519354,26.533003,83.9397
1058,214.11867,5.3174276,3.347082,-0.519354,26.533003,83.9397
1059,214.11867,5.3174276,3.347082,-0.519354,26.533003,83.9397
1060,214.11867,5.3174276,3.347082,-0.519354,26.533003,83.9397
1061,214.11867,5.3174276,3.347082,-0.519354,26.533003,83.9397
1062,214.11867,5.3174276,3.347082,-0.519354,26.533003,83.9397
1063,214.11867,5.3174276,3.347082,-0.519354,26.533003,83.9397
1064,214.11864,5.3174176,3.347079,-0.5193538,26.533007,83.93971
1065,214.11864,5.3174176,3.347079,-0.5193538,26.533007,83.93971
1066,214.11864,5.3174176,3.347079,-0.5193538,26.533007,83.93971
1067,214.11864,5.3174176,3.347079,-0.5193538,26.533007,83.93971
1068,214.11864,5.3174176,3.347079,-0.5193538,26.533007,83.93971
1069,214.11864,5.3174176,3.347079,-0.5193538,26.533007,83.93971
1070,214.11864,5.3174176,3.347079,-0.5193538,26.533007,83.93971
1071,214.11864,5.3174176,3.347079,-0.5193538,26.533007,83.93971
1072,214.11874,5.317434,3.3470724,-0.5193541,26.533,83.93976
1073,214.11874,5.317434,3.3470724,-0.5193541,26.533,83.93976
1074,214.11874,5.317434,3.3470724,-0.5193541,26.533,83.93976
1075,214.11874,5.317434,3.3470724,-0.5193541,26.533,83.93976
1076,214.11874,5.317434,3.3470724,-0.5193541,26.533,83.93976
1077,214.11874,5.317434,3.3470724,-0.5193541,26.533,83.93976
1078,214.11874,5.317434,3.3470724,-0.5193541,26.533,83.93976
1079,214.11874,5.317434,3.3470724,-0.5193541,26.533,83.93976
1080,214.11888,5.317423,3.3470802,-0.5193544,26.532991,83.93977
1081,214.11888,5.317423,3.3470802,-0.5193544,26.532991,83.93977
1082,214.11888,5.317423,3.3470802,-0.5193544,26.532991,83.93977
1083,214.11888,5.317423,3.3470802,-0.5193544,26.532991,83.93977
1084,214.11888,5.317423,3.3470802,-0.5193544,26.532991,83.93977
1085,214.11888,5.317423,3.3470802,-0.5193544,26.532991,83.93977
1086,214.11888,5.317423,3.3470802,-0.5193544,26.532991,83.93977
1087,214.11888,5.317423,3.3470802,-0.5193544,26.532991,83.93977
1088,214.1189,5.3174133,3.3470504,-0.51935446,26.533016,83.93977
1089,214.1189,5.3174133,3.3470504,-0.51935446,26.533016,83.93977
1090,214.1189,5.3174133,3.3470504,-0.51935446,26.533016,83.93977
1091,214.1189,5.3174133,3.3470504,-0.51935446,26.533016,83.93977
1092,214.1189,5.3174133,3.3470504,-0.51935446,26.533016,83.93977
1093,214.1189,5.3174133,3.3470504,-0.51935446,26.533016,83.93977
1094,214.1189,5.3174133,3.3470504,-0.51935446,26.533016,83.93977
1095,214.1189,5.3174133,3.3470504,-0.51935446,26.533016,83.93977
1096,214.11896,5.3174214,3.347073,-0.5193541,26.533009,83.93972
1097,214.11896,5.3174214,3.347073,-0.5193541,26.533009,83.93972
1098,214.11896,5.3174214,3.347073,-0.5193541,26.533009,83.93972
1099,214.11896,5.3174214,3.347073,-0.5193541,26.533009,83.93972
1100,214.11896,5.3174214,3.347073,-0.5193541,26.533009,83.93972
1101,214.11896,5.3174214,3.347073,-0.5193541,26.533009,83.93972
1102,214.11896,5.3174214,3.347073,-0.5193541,26.533009,83.93972
1103,214.11896,5.3174214,3.347073,-0.5193541,26.533009,83.93972
1104,214.119,5.3174415,3.3470864,-0.519354,26.533028,83.93973
1105,214.119,5.3174415,3.3470864,-0.519354,26.533028,83.93973
1106,214.119,5.3174415,3.3470864,-0.519354,26.533028,83.93973
1107,214.119,5.3174415,3.3470864,-0.519354,26.533028,83.93973
1108,214.119,5.3174415,3.3470864,-0.519354,26.533028,83.93973
1109,214.119,5.3174415,3.3470864,-0.519354,26.533028,83.93973
1110,214.119,5.3174415,3.3470864,-0.519354,26.533028,83.93973
1111,214.119,5.3174415,3.3470864,-0.519354,26.533028,83.93973
1112,214.11906,5.3174405,3.347094,-0.5193538,26.533031,83.93971
1113,214.11906,5.3174405,3.347094,-0.5193538,26.533031,83.93971
1114,214.11906,5.3174405,3.347094,-0.5193538,26.533031,83.93971
1115,214.11906,5.3174405,3.347094,-0.5193538,26.533031,83.93971
1116,214.11906,5.3174405,3.347094,-0.5193538,26.533031,83.93971
1117,214.11906,5.3174405,3.347094,-0.5193538,26.533031,83.93971
1118,214.11906,5.3174405,3.347094,-0.5193538,26.533031,83.93971
1119,214.11906,5.3174405,3.347094,-0.5193538,26.533031,83.93971
1120,214.11913,5.317434,3.347098,-0.51935357,26.533018,83.93968
1121,214.11913,5.317434,3.347098,-0.51935357,26.533018,83.93968
1122,214.11913,5.317434,3.347098,-0.51935357,26.533018,83.93968
1123,214.11913,5.317434,3.347098,-0.51935357,26.533018,83.93968
1124,214.11913,5.317434,3.347098,-0.51935357,26.533018,83.93968
1125,214.11913,5.317434,3.347098,-0.51935357,26.533018,83.93968
1126,214.11913,5.317434,3.347098,-0.51935357,26.533018,83.93968
1127,214.11913,5.317434,3.347098,-0.51935357,26.533018,83.93968
1128,214.11903,5.317435,3.3471024,-0.5193536,26.533009,83.93967
1129,214.11903,5.317435,3.3471024,-0.5193536,26.533009,83.93967
1130,214.11903,5.317435,3.3471024,-0.5193536,26.533009,83.93967
1131,214.11903,5.317435,3.3471024,-0.5193536,26.533009,83.93967
1132,214.11903,5.317435,3.3471024,-0.5193536,26.533009,83.93967
1133,214.11903,5.317435,3.3471024,-0.5193536,26.533009,83.93967
1134,214.11903,5.317435,3.3471024,-0.5193536,26.533009,83.93967
1135,214.11903,5.317435,3.3471024,-0.5193536,26.533009,83.93967
1136,214.11905,5.317423,3.3471093,-0.51935375,26.53297,83.93971
1137,214.11905,5.317423,3.3471093,-0.51935375,26.53297,83.93971
1138,214.11905,5.317423,3.3471093,-0.51935375,26.53297,83.93971
1139,214.11905,5.317423,3.3471093,-0.51935375,26.53297,83.93971
1140,214.11905,5.317423,3.3471093,-0.51935375,26.53297,83.93971
1141,214.11905,5.317423,3.3471093,-0.51935375,26.53297,83.93971
1142,214.11905,5.317423,3.3471093,-0.51935375,26.53297,83.93971
1143,214.11905,5.317423,3.3471093,-0.51935375,26.53297,83.93971
1144,214.11903,5.3174167,3.3470948,-0.51935405,26.53297,83.93976
1145,214.11903,5.3174167,3.3470948,-0.51935405,26.53297,83.93976
1146,214.11903,5.3174167,3.3470948,-0.51935405,26.53297,83.93976
1147,214.11903,5.3174167,3.3470948,-0.51935405,26.53297,83.93976
1148,214.11903,5.3174167,3.3470948,-0.51935405,26.53297,83.93976
1149,214.11903,5.3174167,3.3470948,-0.51935405,26.53297,83.93976
1150,214.11903,5.3174167,3.3470948,-0.51935405,26.53297,83.93976
1151,214.11903,5.3174167,3.3470948,-0.51935405,26.53297,83.93976
1152,214.11903,5.317413,3.3470955,-0.5193541,26.532991,83.93976
1153,214.11903,5.317413,3.3470955,-0.5193541,26.532991,83.93976
1154,214.11903,5.317413,3.3470955,-0.5193541,26.532991,83.93976
1155,214.11903,5.317413,3.3470955,-0.5193541,26.532991,83.93976
1156,214.11903,5.317413,3.3470955,-0.5193541,26.532991,83.93976
1157,214.11903,5.317413,3.3470955,-0.5193541,26.532991,83.93976
1158,214.11903,5.317413,3.3470955,-0.5193541,26.532991,83.93976
1159,214.11903,5.317413,3.3470955,-0.5193541,26.532991,83.93976
1160,214.11903,5.317419,3.3470824,-0.51935405,26.532986,83.93976
1161,214.11903,5.317419,3.3470824,-0.51935405,26.532986,83.93976
1162,214.11903,5.317419,3.3470824,-0.51935405,26.532986,83.93976
1163,214.11903,5.317419,3.3470824,-0.51935405,26.532986,83.93976
1164,214.11903,5.317419,3.3470824,-0.51935405,26.532986,83.93976
1165,214.11903,5.317419,3.3470824,-0.51935405,26.532986,83.93976
1166,214.11903,5.317419,3.3470824,-0.51935405,26.532986,83.93976
1167,214.11903,5.317419,3.3470824,-0.51935405,26.532986,83.93976
1168,214.11908,5.3174195,3.347088,-0.5193541,26.532969,83.93978
1169,214.11908,5.3174195,3.347088,-0.5193541,26.532969,83.93978
1170,214.11908,5.3174195,3.347088,-0.5193541,26.532969,83.93978
1171,214.11908,5.3174195,3.347088,-0.5193541,26.532969,83.93978
1172,214.11908,5.3174195,3.347088,-0.5193541,26.532969,83.93978
1173,214.11908,5.3174195,3.347088,-0.5193541,26.532969,83.93978
1174,214.11908,5.3174195,3.347088,-0.5193541,26.532969,83.93978
1175,214.11908,5.3174195,3.347088,-0.5193541,26.532969,83.93978
1176,214.11902,5.317421,3.3470867,-0.5193541,26.532965,83.9398
1177,214.11902,5.317421,3.3470867,-0.5193541,26.532965,83.9398
1178,214.11902,5.317421,3.3470867,-0.5193541,26.532965,83.9398
1179,214.11902,5.317421,3.3470867,-0.5193541,26.532965,83.9398
1180,214.11902,5.317421,3.3470867,-0.5193541,26.532965,83.9398
1181,214.11902,5.317421,3.3470867,-0.5193541,26.532965,83.9398
1182,214.11902,5.317421,3.3470867,-0.5193541,26.532965,83.9398
1183,214.11902,5.317421,3.3470867,-0.5193541,26.532965,83.9398
1184,214.11903,5.3174276,3.347087,-0.5193541,26.532959,83.939804
1185,214.11903,5.3174276,3.347087,-0.5193541,26.532959,83.939804
1186,214.11903,5.3174276,3.347087,-0.5193541,26.532959,83.939804
1187,214.11903,5.3174276,3.347087,-0.5193541,26.532959,83.939804
1188,214.11903,5.3174276,3.347087,-0.5193541,26.532959,83.939804
1189,214.11903,5.3174276,3.347087,-0.5193541,26.532959,83.939804
1190,214.11903,5.3174276,3.347087,-0.5193541,26.532959,83.939804
1191,214.11903,5.3174276,3.347087,-0.5193541,26.532959,83.939804
1192,214.11896,5.3174157,3.3470776,-0.51935387,26.532938,83.939766
1193,214.11896,5.3174157,3.3470776,-0.51935387,26.532938,83.939766
1194,214.11896,5.3174157,3.3470776,-0.51935387,26.532938,83.939766
1195,214.11896,5.3174157,3.3470776,-0.51935387,26.532938,83.939766
1196,214.11896,5.3174157,3.3470776,-0.51935387,26.532938,83.939766
1197,214.11896,5.3174157,3.3470776,-0.51935387,26.532938,83.939766
1198,214.11896,5.3174157,3.3470776,-0.51935387,26.532938,83.939766
1199,214.11896,5.3174157,3.3470776,-0.51935387,26.532938,83.939766
1200,214.11884,5.317418,3.347084,-0.51935387,26.53296,83.93971
1201,214.11884,5.317418,3.347084,-0.51935387,26.53296,83.93971
1202,214.11884,5.317418,3.347084,-0.51935387,26.53296,83.93971
1203,214.11884,5.317418,3.347084,-0.51935387,26.53296,83.93971
1204,214.11884,5.317418,3.347084,-0.51935387,26.53296,83.93971
1205,214.11884,5.317418,3.347084,-0.51935387,26.53296,83.93971
1206,214.11884,5.317418,3.347084,-0.51935387,26.53296,83.93971
1207,214.11884,5.317418,3.347084,-0.51935387,26.53296,83.93971
1208,214.11879,5.317425,3.3470778,-0.519354,26.53296,83.93969
1209,214.11879,5.317425,3.3470778,-0.519354,26.53296,83.93969
1210,214.11879,5.317425,3.3470778,-0.519354,26.53296,83.93969
1211,214.11879,5.317425,3.3470778,-0.519354,26.53296,83.93969
1212,214.11879,5.317425,3.3470778,-0.519354,26.53296,83.93969
1213,214.11879,5.317425,3.3470778,-0.519354,26.53296,83.93969
1214,214.11879,5.317425,3.3470778,-0.519354,26.53296,83.93969
1215,214.11879,5.317425,3.3470778,-0.519354,26.53296,83.93969
1216,214.11874,5.317433,3.347096,-0.5193537,26.532986,83.93972
1217,214.11874,5.317433,3.347096,-0.5193537,26.532986,83.93972
1218,214.11874,5.317433,3.347096,-0.5193537,26.532986,83.93972
1219,214.11874,5.317433,3.347096,-0.5193537,26.532986,83.93972
1220,214.11874,5.317433,3.347096,-0.5193537,26.532986,83.93972
1221,214.11874,5.317433,3.347096,-0.5193537,26.532986,83.93972
1222,214.11874,5.317433,3.347096,-0.5193537,26.532986,83.93972
1223,214.11874,5.317433,3.347096,-0.5193537,26.532986,83.93972
1224,214.11865,5.3174305,3.3470948,-0.51935387,26.532988,83.93972
1225,214.11865,5.3174305,3.3470948,-0.51935387,26.532988,83.93972
1226,214.11865,5.3174305,3.3470948,-0.51935387,26.532988,83.93972
1227,214.11865,5.3174305,3.3470948,-0.51935387,26.532988,83.93972
1228,214.11865,5.3174305,3.3470948,-0.51935387,26.532988,83.93972
1229,214.11865,5.3174305,3.3470948,-0.51935387,26.532988,83.93972
1230,214.11865,5.3174305,3.3470948,-0.51935387,26.532988,83.93972
1231,214.11865,5.3174305,3.3470948,-0.51935387,26.532988,83.93972
1232,214.11864,5.3174295,3.3470845,-0.51935387,26.532988,83.93976
1233,214.11864,5.3174295,3.3470845,-0.51935387,26.532988,83.93976
1234,214.11864,5.3174295,3.3470845,-0.51935387,26.532988,83.93976
1235,214.11864,5.3174295,3.3470845,-0.51935387,26.532988,83.93976
1236,214.11864,5.3174295,3.3470845,-0.51935387,26.532988,83.93976
1237,214.11864,5.3174295,3.3470845,-0.51935387,26.532988,83.93976
1238,214.11864,5.3174295,3.3470845,-0.51935387,26.532988,83.93976
1239,214.11864,5.3174295,3.3470845,-0.51935387,26.532988,83.93976
1240,214.1187,5.317435,3.34709,-0.5193543,26.532995,83.939804
1241,214.1187,5.317435,3.34709,-0.5193543,26.532995,83.939804
1242,214.1187,5.317435,3.34709,-0.5193543,26.532995,83.939804
1243,214.1187,5.317435,3.34709,-0.5193543,26.532995,83.939804
1244,214.1187,5.317435,3.34709,-0.5193543,26.532995,83.939804
1245,214.1187,5.317435,3.34709,-0.5193543,26.532995,83.939804
1246,214.1187,5.317435,3.34709,-0.5193543,26.532995,83.939804
1247,214.1187,5.317435,3.34709,-0.5193543,26.532995,83.939804
1248,214.11873,5.317422,3.347086,-0.5193541,26.532976,83.93981
1249,214.11873,5.317422,3.347086,-0.5193541,26.532976,83.93981
1250,214.11873,5.317422,3.347086,-0.5193541,26.532976,83.93981
1251,214.11873,5.317422,3.347086,-0.5193541,26.532976,83.93981
1252,214.11873,5.317422,3.347086,-0.5193541,26.532976,83.93981
1253,214.11873,5.317422,3.347086,-0.5193541,26.532976,83.93981
1254,214.11873,5.317422,3.347086,-0.5193541,26.532976,83.93981
1255,214.11873,5.317422,3.347086,-0.5193541,26.532976,83.93981
1256,214.11877,5.317419,3.3470836,-0.5193537,26.532974,83.93985
1257,214.11877,5.317419,3.3470836,-0.5193537,26.532974,83.93985
1258,214.11877,5.317419,3.3470836,-0.5193537,26.532974,83.93985
1259,214.11877,5.317419,3.3470836,-0.5193537,26.532974,83.93985
1260,214.11877,5.317419,3.3470836,-0.5193537,26.532974,83.93985
1261,214.11877,5.317419,3.3470836,-0.5193537,26.532974,83.93985
1262,214.11877,5.317419,3.3470836,-0.5193537,26.532974,83.93985
1263,214.11877,5.317419,3.3470836,-0.5193537,26.532974,83.93985
1264,214.11876,5.31742,3.3470988,-0.51935345,26.53299,83.93979
1265,214.11876,5.31742,3.3470988,-0.51935345,26.53299,83.93979
1266,214.11876,5.31742,3.3470988,-0.51935345,26.53299,83.93979
1267,214.11876,5.31742,3.3470988,-0.51935345,26.53299,83.93979
1268,214.11876,5.31742,3.3470988,-0.51935345,26.53299,83.93979
1269,214.11876,5.31742,3.3470988,-0.51935345,26.53299,83.93979
1270,214.11876,5.31742,3.3470988,-0.51935345,26.53299,83.93979
1271,214.11876,5.31742,3.3470988,-0.51935345,26.53299,83.93979
1272,214.11865,5.317418,3.3471026,-0.51935345,26.53301,83.93982
1273,214.11865,5.317418,3.3471026,-0.51935345,26.53301,83.93982
1274,214.11865,5.317418,3.3471026,-0.51935345,26.53301,83.93982
1275,214.11865,5.317418,3.3471026,-0.51935345,26.53301,83.93982
1276,214.11865,5.317418,3.3471026,-0.51935345,26.53301,83.93982
1277,214.11865,5.317418,3.3471026,-0.51935345,26.53301,83.93982
1278,214.11865,5.317418,3.3471026,-0.51935345,26.53301,83.93982
1279,214.11865,5.317418,3.3471026,-0.51935345,26.53301,83.93982
1280,214.1187,5.3174214,3.3471007,-0.51935333,26.533003,83.9398
1281,214.1187,5.3174214,3.3471007,-0.51935333,26.533003,83.9398
1282,214.1187,5.3174214,3.3471007,-0.51935333,26.533003,83.9398
1283,214.1187,5.3174214,3.3471007,-0.51935333,26.533003,83.9398
1284,214.1187,5.3174214,3.3471007,-0.51935333,26.533003,83.9398
1285,214.1187,5.3174214,3.3471007,-0.51935333,26.533003,83.9398
1286,214.1187,5.3174214,3.3471007,-0.51935333,26.533003,83.9398
1287,214.1187,5.3174214,3.3471007,-0.51935333,26.533003,83.9398
1288,214.11845,5.3174205,3.3471034,-0.51935345,26.533003,83.93977
1289,214.11845,5.3174205,3.3471034,-0.51935345,26.533003,83.93977
1290,214.11845,5.3174205,3.3471034,-0.51935345,26.533003,83.93977
1291,214.11845,5.3174205,3.3471034,-0.51935345,26.533003,83.93977
1292,214.11845,5.3174205,3.3471034,-0.51935345,26.533003,83.93977
1293,214.11845,5.3174205,3.3471034,-0.51935345,26.533003,83.93977
1294,214.11845,5.3174205,3.3471034,-0.51935345,26.533003,83.93977
1295,214.11845,5.3174205,3.3471034,-0.51935345,26.533003,83.93977
1296,214.11855,5.3174224,3.3470962,-0.51935345,26.533,83.93975
1297,214.11855,5.3174224,3.3470962,-0.51935345,26.533,83.93975
1298,214.11855,5.3174224,3.3470962,-0.51935345,26.533,83.93975
1299,214.11855,5.3174224,3.3470962,-0.51935345,26.533,83.93975
1300,214.11855,5.3174224,3.3470962,-0.51935345,26.533,83.93975
1301,214.11855,5.3174224,3.3470962,-0.51935345,26.533,83.93975
1302,214.11855,5.3174224,3.3470962,-0.51935345,26.533,83.93975
1303,214.11855,5.3174224,3.3470962,-0.51935345,26.533,83.93975
1304,214.11862,5.3174267,3.3470948,-0.5193539,26.533018,83.93971
1305,214.11862,5.3174267,3.3470948,-0.5193539,26.533018,83.93971
1306,214.11862,5.3174267,3.3470948,-0.5193539,26.533018,83.93971
1307,214.11862,5.3174267,3.3470948,-0.5193539,26.533018,83.93971
1308,214.11862,5.3174267,3.3470948,-0.5193539,26.533018,83.93971
1309,214.11862,5.3174267,3.3470948,-0.5193539,26.533018,83.93971
1310,214.11862,5.3174267,3.3470948,-0.5193539,26.533018,83.93971
1311,214.11862,5.3174267,3.3470948,-0.5193539,26.533018,83.93971
1312,214.11867,5.3174276,3.347082,-0.519354,26.533003,83.9397
1313,214.11867,5.3174276,3.347082,-0.519354,26.533003,83.9397
1314,214.11867,5.3174276,3.347082,-0.519354,26.533003,83.9397
1315,214.11867,5.3174276,3.347082,-0.519354,26.533003,83.9397
1316,214.11867,5.3174276,3.347082,-0.519354,26.533003,83.9397
1317,214.11867,5.3174276,3.347082,-0.519354,26.533003,83.9397
1318,214.11867,5.3174276,3.347082,-0.519354,26.533003,83.9397
1319,214.11867,5.3174276,3.347082,-0.519354,26.533003,83.9397
1320,214.11864,5.3174176,3.347079,-0.5193538,26.533007,83.93971
1321,214.11864,5.3174176,3.347079,-0.5193538,26.533007,83.93971
1322,214.11864,5.3174176,3.347079,-0.5193538,26.533007,83.93971
1323,214.11864,5.3174176,3.347079,-0.5193538,26.533007,83.93971
1324,214.11864,5.3174176,3.347079,-0.5193538,26.533007,83.93971
1325,214.11864,5.3174176,3.347079,-0.5193538,26.533007,83.93971
1326,214.11864,5.3174176,3.347079,-0.5193538,26.533007,83.93971
1327,214.11864,5.3174176,3.347079,-0.5193538,26.533007,83.93971
1328,214.11874,5.317434,3.3470724,-0.5193541,26.533,83.93976
1329,214.11874,5.317434,3.3470724,-0.5193541,26.533,83.93976
1330,214.11874,5.317434,3.3470724,-0.5193541,26.533,83.93976
1331,214.11874,5.317434,3.3470724,-0.5193541,26.533,83.93976
1332,214.11874,5.317434,3.3470724,-0.5193541,26.533,83.93976
1333,214.11874,5.317434,3.3470724,-0.5193541,26.533,83.93976
1334,214.11874,5.317434,3.3470724,-0.5193541,26.533,83.93976
1335,214.11874,5.317434,3.3470724,-0.5193541,26.533,83.93976
1336,214.11888,5.317423,3.3470802,-0.5193544,26.532991,83.93977
1337,214.11888,5.317423,3.3470802,-0.5193544,26.532991,83.93977
1338,214.11888,5.317423,3.3470802,-0.5193544,26.532991,83.93977
1339,214.11888,5.317423,3.3470802,-0.5193544,26.532991,83.93977
1340,214.11888,5.317423,3.3470802,-0.5193544,26.532991,83.93977
1341,214.11888,5.317423,3.3470802,-0.5193544,26.532991,83.93977
1342,214.11888,5.317423,3.3470802,-0.5193544,26.532991,83.93977
1343,214.11888,5.317423,3.3470802,-0.5193544,26.532991,83.93977
1344,214.1189,5.3174133,3.3470504,-0.51935446,26.533016,83.93977
1345,214.1189,5.3174133,3.3470504,-0.51935446,26.533016,83.93977
1346,214.1189,5.3174133,3.3470504,-0.51935446,26.533016,83.93977
1347,214.1189,5.3174133,3.3470504,-0.51935446,26.533016,83.93977
1348,214.1189,5.3174133,3.3470504,-0.51935446,26.533016,83.93977
1349,214.1189,5.3174133,3.3470504,-0.51935446,26.533016,83.93977
1350,214.1189,5.3174133,3.3470504,-0.51935446,26.533016,83.93977
1351,214.1189,5.3174133,3.3470504,-0.51935446,26.533016,83.93977
1352,214.11896,5.3174214,3.347073,-0.5193541,26.533009,83.93972
1353,214.11896,5.3174214,3.347073,-0.5193541,26.533009,83.93972
1354,214.11896,5.3174214,3.347073,-0.5193541,26.533009,83.93972
1355,214.11896,5.3174214,3.347073,-0.5193541,26.533009,83.93972
1356,214.11896,5.3174214,3.347073,-0.5193541,26.533009,83.93972
1357,214.11896,5.3174214,3.347073,-0.5193541,26.533009,83.93972
1358,214.11896,5.3174214,3.347073,-0.5193541,26.533009,83.93972
1359,214.11896,5.3174214,3.347073,-0.5193541,26.533009,83.93972
1360,214.119,5.3174415,3.3470864,-0.519354,26.533028,83.93973
1361,214.119,5.3174415,3.3470864,-0.519354,26.533028,83.93973
1362,214.119,5.3174415,3.3470864,-0.519354,26.533028,83.93973
1363,214.119,5.3174415,3.3470864,-0.519354,26.533028,83.93973
1364,214.119,5.3174415,3.3470864,-0.519354,26.533028,83.93973
1365,214.119,5.3174415,3.3470864,-0.519354,26.533028,83.93973
1366,214.119,5.3174415,3.3470864,-0.519354,26.533028,83.93973
1367,214.119,5.3174415,3.3470864,-0.519354,26.533028,83.93973
1368,214.11906,5.3174405,3.347094,-0.5193538,26.533031,83.93971
1369,214.11906,5.3174405,3.347094,-0.5193538,26.533031,83.93971
1370,214.11906,5.3174405,3.347094,-0.5193538,26.533031,83.93971
1371,214.11906,5.3174405,3.347094,-0.5193538,26.533031,83.93971
1372,214.11906,5.3174405,3.347094,-0.5193538,26.533031,83.93971
1373,214.11906,5.3174405,3.347094,-0.5193538,26.533031,83.93971
1374,214.11906,5.3174405,3.347094,-0.5193538,26.533031,83.93971
1375,214.11906,5.3174405,3.347094,-0.5193538,26.533031,83.93971
1376,214.11913,5.317434,3.347098,-0.51935357,26.533018,83.93968
1377,214.11913,5.317434,3.347098,-0.51935357,26.533018,83.93968
1378,214.11913,5.317434,3.347098,-0.51935357,26.533018,83.93968
1379,214.11913,5.317434,3.347098,-0.51935357,26.533018,83.93968
1380,214.11913,5.317434,3.347098,-0.51935357,26.533018,83.93968
1381,214.11913,5.317434,3.347098,-0.51935357,26.533018,83.93968
1382,214.11913,5.317434,3.347098,-0.51935357,26.533018,83.93968
1383,214.11913,5.317434,3.347098,-0.51935357,26.533018,83.93968
1384,214.11903,5.317435,3.3471024,-0.5193536,26.533009,83.93967
1385,214.11903,5.317435,3.3471024,-0.5193536,26.533009,83.93967
1386,214.11903,5.317435,3.3471024,-0.5193536,26.533009,83.93967
1387,214.11903,5.317435,3.3471024,-0.5193536,26.533009,83.93967
1388,214.11903,5.317435,3.3471024,-0.5193536,26.533009,83.93967
1389,214.11903,5.317435,3.3471024,-0.5193536,26.533009,83.93967
1390,214.11903,5.317435,3.3471024,-0.5193536,26.533009,83.93967
1391,214.11903,5.317435,3.3471024,-0.5193536,26.533009,83.93967
1392,214.11905,5.317423,3.3471093,-0.51935375,26.53297,83.93971
1393,214.11905,5.317423,3.3471093,-0.51935375,26.53297,83.93971
1394,214.11905,5.317423,3.3471093,-0.51935375,26.53297,83.93971
1395,214.11905,5.317423,3.3471093,-0.51935375,26.53297,83.93971
1396,214.11905,5.317423,3.3471093,-0.51935375,26.53297,83.93971
1397,214.11905,5.317423,3.3471093,-0.51935375,26.53297,83.93971
1398,214.11905,5.317423,3.3471093,-0.51935375,26.53297,83.93971
1399,214.11905,5.317423,3.3471093,-0.51935375,26.53297,83.93971
1400,214.11903,5.3174167,3.3470948,-0.51935405,26.53297,83.93976
1401,214.11903,5.3174167,3.3470948,-0.51935405,26.53297,83.93976
1402,214.11903,5.3174167,3.3470948,-0.51935405,26.53297,83.93976
1403,214.11903,5.3174167,3.3470948,-0.51935405,26.53297,83.93976
1404,214.11903,5.3174167,3.3470948,-0.51935405,26.53297,83.93976
1405,214.11903,5.3174167,3.3470948,-0.51935405,26.53297,83.93976
1406,214.11903,5.3174167,3.3470948,-0.51935405,26.53297,83.93976
1407,214.11903,5.3174167,3.3470948,-0.51935405,26.53297,83.93976
1408,214.11903,5.317413,3.3470955,-0.5193541,26.532991,83.93976
1409,214.11903,5.317413,3.3470955,-0.5193541,26.532991,83.93976
1410,214.11903,5.317413,3.3470955,-0.5193541,26.532991,83.93976
1411,214.11903,5.317413,3.3470955,-0.5193541,26.532991,83.93976
1412,214.11903,5.317413,3.3470955,-0.5193541,26.532991,83.93976
1413,214.11903,5.317413,3.3470955,-0.5193541,26.532991,83.93976
1414,214.11903,5.317413,3.3470955,-0.5193541,26.532991,83.93976
1415,214.11903,5.317413,3.3470955,-0.5193541,26.532991,83.93976
1416,214.11903,5.317419,3.3470824,-0.51935405,26.532986,83.93976
1417,214.11903,5.317419,3.3470824,-0.51935405,26.532986,83.93976
1418,214.11903,5.317419,3.3470824,-0.51935405,26.532986,83.93976
1419,214.11903,5.317419,3.3470824,-0.51935405,26.532986,83.93976
1420,214.11903,5.317419,3.3470824,-0.51935405,26.532986,83.93976
1421,214.11903,5.317419,3.3470824,-0.51935405,26.532986,83.93976
1422,214.11903,5.317419,3.3470824,-0.51935405,26.532986,83.93976
1423,214.11903,5.317419,3.3470824,-0.51935405,26.532986,83.93976
1424,214.11908,5.3174195,3.347088,-0.5193541,26.532969,83.93978
1425,214.11908,5.3174195,3.347088,-0.5193541,26.532969,83.93978
1426,214.11908,5.3174195,3.347088,-0.5193541,26.532969,83.93978
1427,214.11908,5.3174195,3.347088,-0.5193541,26.532969,83.93978
1428,214.11908,5.3174195,3.347088,-0.5193541,26.532969,83.93978
1429,214.11908,5.3174195,3.347088,-0.5193541,26.532969,83.93978
1430,214.11908,5.3174195,3.347088,-0.5193541,26.532969,83.93978
1431,214.11908,5.3174195,3.347088,-0.5193541,26.532969,83.93978
1432,214.11902,5.317421,3.3470867,-0.5193541,26.532965,83.9398
1433,214.11902,5.317421,3.3470867,-0.5193541,26.532965,83.9398
1434,214.11902,5.317421,3.3470867,-0.5193541,26.532965,83.9398
1435,214.11902,5.317421,3.3470867,-0.5193541,26.532965,83.9398
1436,214.11902,5.317421,3.3470867,-0.5193541,26.532965,83.9398
1437,214.11902,5.317421,3.3470867,-0.5193541,26.532965,83.9398
1438,214.11902,5.317421,3.3470867,-0.5193541,26.532965,83.9398
1439,214.11902,5.317421,3.3470867,-0.5193541,26.532965,83.9398
1440,214.11903,5.3174276,3.347087,-0.5193541,26.532959,83.939804
1441,214.11903,5.3174276,3.347087,-0.5193541,26.532959,83.939804
1442,214.11903,5.3174276,3.347087,-0.5193541,26.532959,83.939804
1443,214.11903,5.3174276,3.347087,-0.5193541,26.532959,83.939804
1444,214.11903,5.3174276,3.347087,-0.5193541,26.532959,83.939804
1445,214.11903,5.3174276,3.347087,-0.5193541,26.532959,83.939804
1446,214.11903,5.3174276,3.347087,-0.5193541,26.532959,83.939804
1447,214.11903,5.3174276,3.347087,-0.5193541,26.532959,83.939804
1448,214.11896,5.3174157,3.3470776,-0.51935387,26.532938,83.939766
1449,214.11896,5.3174157,3.3470776,-0.51935387,26.532938,83.939766
1450,214.11896,5.3174157,3.3470776,-0.51935387,26.532938,83.939766
1451,214.11896,5.3174157,3.3470776,-0.51935387,26.532938,83.939766
1452,214.11896,5.3174157,3.3470776,-0.51935387,26.532938,83.939766
1453,214.11896,5.3174157,3.3470776,-0.51935387,26.532938,83.939766
1454,214.11896,5.3174157,3.3470776,-0.51935387,26.532938,83.939766
1455,214.11896,5.3174157,3.3470776,-0.51935387,26.532938,83.939766
1456,214.11884,5.317418,3.347084,-0.51935387,26.53296,83.93971
1457,214.11884,5.317418,3.347084,-0.51935387,26.53296,83.93971
1458,214.11884,5.317418,3.347084,-0.51935387,26.53296,83.93971
1459,214.11884,5.317418,3.347084,-0.51935387,26.53296,83.93971
1460,214.11884,5.317418,3.347084,-0.51935387,26.53296,83.93971
1461,214.11884,5.317418,3.347084,-0.51935387,26.53296,83.93971
1462,214.11884,5.317418,3.347084,-0.51935387,26.53296,83.93971
1463,214.11884,5.317418,3.347084,-0.51935387,26.53296,83.93971
1464,214.11879,5.317425,3.3470778,-0.519354,26.53296,83.93969
1465,214.11879,5.317425,3.3470778,-0.519354,26.53296,83.93969
1466,214.11879,5.317425,3.3470778,-0.519354,26.53296,83.93969
1467,214.11879,5.317425,3.3470778,-0.519354,26.53296,83.93969
1468,214.11879,5.317425,3.3470778,-0.519354,26.53296,83.93969
1469,214.11879,5.317425,3.3470778,-0.519354,26.53296,83.93969
1470,214.11879,5.317425,3.3470778,-0.519354,26.53296,83.93969
1471,214.11879,5.317425,3.3470778,-0.519354,26.53296,83.93969
1472,214.11874,5.317433,3.347096,-0.5193537,26.532986,83.93972
1473,214.11874,5.317433,3.347096,-0.5193537,26.532986,83.93972
1474,214.11874,5.317433,3.347096,-0.5193537,26.532986,83.93972
1475,214.11874,5.317433,3.347096,-0.5193537,26.532986,83.93972
1476,214.11874,5.317433,3.347096,-0.5193537,26.532986,83.93972
1477,214.11874,5.317433,3.347096,-0.5193537,26.532986,83.93972
1478,214.11874,5.317433,3.347096,-0.5193537,26.532986,83.93972
1479,214.11874,5.317433,3.347096,-0.5193537,26.532986,83.93972
1480,214.11865,5.3174305,3.3470948,-0.51935387,26.532988,83.93972
1481,214.11865,5.3174305,3.3470948,-0.51935387,26.532988,83.93972
1482,214.11865,5.3174305,3.3470948,-0.51935387,26.532988,83.93972
1483,214.11865,5.3174305,3.3470948,-0.51935387,26.532988,83.93972
1484,214.11865,5.3174305,3.3470948,-0.51935387,26.532988,83.93972
1485,214.11865,5.3174305,3.3470948,-0.51935387,26.532988,83.93972
1486,214.11865,5.3174305,3.3470948,-0.51935387,26.532988,83.93972
1487,214.11865,5.3174305,3.3470948,-0.51935387,26.532988,83.93972
1488,214.11864,5.3174295,3.3470845,-0.51935387,26.532988,83.93976
1489,214.11864,5.3174295,3.3470845,-0.51935387,26.532988,83.93976
1490,214.11864,5.3174295,3.3470845,-0.51935387,26.532988,83.93976
1491,214.11864,5.3174295,3.3470845,-0.51935387,26.532988,83.93976
1492,214.11864,5.3174295,3.3470845,-0.51935387,26.532988,83.93976
1493,214.11864,5.3174295,3.3470845,-0.51935387,26.532988,83.93976
1494,214.11864,5.3174295,3.3470845,-0.51935387,26.532988,83.93976
1495,214.11864,5.3174295,3.3470845,-0.51935387,26.532988,83.93976
1496,214.1187,5.317435,3.34709,-0.5193543,26.532995,83.939804
1497,214.1187,5.317435,3.34709,-0.5193543,26.532995,83.939804
1498,214.1187,5.317435,3.34709,-0.5193543,26.532995,83.939804
1499,214.1187,5.317435,3.34709,-0.5193543,26.532995,83.939804
1500,214.1187,5.317435,3.34709,-0.5193543,26.532995,83.939804
1501,214.1187,5.317435,3.34709,-0.5193543,26.532995,83.939804
1502,214.1187,5.317435,3.34709,-0.5193543,26.532995,83.939804
1503,214.1187,5.317435,3.34709,-0.5193543,26.532995,83.939804
1504,214.11873,5.317422,3.347086,-0.5193541,26.532976,83.93981
1505,214.11873,5.317422,3.347086,-0.5193541,26.532976,83.93981
1506,214.11873,5.317422,3.347086,-0.5193541,26.532976,83.93981
1507,214.11873,5.317422,3.347086,-0.5193541,26.532976,83.93981
1508,214.11873,5.317422,3.347086,-0.5193541,26.532976,83.93981
1509,214.11873,5.317422,3.347086,-0.5193541,26.532976,83.93981
1510,214.11873,5.317422,3.347086,-0.5193541,26.532976,83.93981
1511,214.11873,5.317422,3.347086,-0.5193541,26.532976,83.93981
1512,214.11877,5.317419,3.3470836,-0.5193537,26.532974,83.93985
1513,214.11877,5.317419,3.3470836,-0.5193537,26.532974,83.93985
1514,214.11877,5.317419,3.3470836,-0.5193537,26.532974,83.93985
1515,214.11877,5.317419,3.3470836,-0.5193537,26.532974,83.93985
1516,214.11877,5.317419,3.3470836,-0.5193537,26.532974,83.93985
1517,214.11877,5.317419,3.3470836,-0.5193537,26.532974,83.93985
1518,214.11877,5.317419,3.3470836,-0.5193537,26.532974,83.93985
1519,214.11877,5.317419,3.3470836,-0.5193537,26.532974,83.93985
1520,214.11876,5.31742,3.3470988,-0.51935345,26.53299,83.93979
1521,214.11876,5.31742,3.3470988,-0.51935345,26.53299,83.93979
1522,214.11876,5.31742,3.3470988,-0.51935345,26.53299,83.93979
1523,214.11876,5.31742,3.3470988,-0.51935345,26.53299,83.93979
1524,214.11876,5.31742,3.3470988,-0.51935345,26.53299,83.93979
1525,214.11876,5.31742,3.3470988,-0.51935345,26.53299,83.93979
1526,214.11876,5.31742,3.3470988,-0.51935345,26.53299,83.93979
1527,214.11876,5.31742,3.3470988,-0.51935345,26.53299,83.93979
1528,214.11865,5.317418,3.3471026,-0.51935345,26.53301,83.93982
1529,214.11865,5.317418,3.3471026,-0.51935345,26.53301,83.93982
1530,214.11865,5.317418,3.3471026,-0.51935345,26.53301,83.93982
1531,214.11865,5.317418,3.3471026,-0.51935345,26.53301,83.93982
1532,214.11865,5.317418,3.3471026,-0.51935345,26.53301,83.93982
1533,214.11865,5.317418,3.3471026,-0.51935345,26.53301,83.93982
1534,214.11865,5.317418,3.3471026,-0.51935345,26.53301,83.93982
1535,214.11865,5.317418,3.3471026,-0.51935345,26.53301,83.93982
1536,214.1187,5.3174214,3.3471007,-0.51935333,26.533003,83.9398
1537,214.1187,5.3174214,3.3471007,-0.51935333,26.533003,83.9398
1538,214.1187,5.3174214,3.3471007,-0.51935333,26.533003,83.9398
1539,214.1187,5.3174214,3.3471007,-0.51935333,26.533003,83.9398
1540,214.1187,5.3174214,3.3471007,-0.51935333,26.533003,83.9398
1541,214.1187,5.3174214,3.3471007,-0.51935333,26.533003,83.9398
1542,214.1187,5.3174214,3.3471007,-0.51935333,26.533003,83.9398
1543,214.1187,5.3174214,3.3471007,-0.51935333,26.533003,83.9398
1544,214.11845,5.3174205,3.3471034,-0.51935345,26.533003,83.93977
1545,214.11845,5.3174205,3.3471034,-0.51935345,26.533003,83.93977
1546,214.11845,5.3174205,3.3471034,-0.51935345,26.533003,83.93977
1547,214.11845,5.3174205,3.3471034,-0.51935345,26.533003,83.93977
1548,214.11845,5.3174205,3.3471034,-0.51935345,26.533003,83.93977
1549,214.11845,5.3174205,3.3471034,-0.51935345,26.533003,83.93977
1550,214.11845,5.3174205,3.3471034,-0.51935345,26.533003,83.93977
1551,214.11845,5.3174205,3.3471034,-0.51935345,26.533003,83.93977
1552,214.11855,5.3174224,3.3470962,-0.51935345,26.533,83.93975
1553,214.11855,5.3174224,3.3470962,-0.51935345,26.533,83.93975
1554,214.11855,5.3174224,3.3470962,-0.51935345,26.533,83.93975
1555,214.11855,5.3174224,3.3470962,-0.51935345,26.533,83.93975
1556,214.11855,5.3174224,3.3470962,-0.51935345,26.533,83.93975
1557,214.11855,5.3174224,3.3470962,-0.51935345,26.533,83.93975
1558,214.11855,5.3174224,3.3470962,-0.51935345,26.533,83.93975
1559,214.11855,5.3174224,3.3470962,-0.51935345,26.533,83.93975
1560,214.11862,5.3174267,3.3470948,-0.5193539,26.533018,83.93971
1561,214.11862,5.3174267,3.3470948,-0.5193539,26.533018,83.93971
1562,214.11862,5.3174267,3.3470948,-0.5193539,26.533018,83.93971
1563,214.11862,5.3174267,3.3470948,-0.5193539,26.533018,83.93971
1564,214.11862,5.3174267,3.3470948,-0.5193539,26.533018,83.93971
1565,214.11862,5.3174267,3.3470948,-0.5193539,26.533018,83.93971
1566,214.11862,5.3174267,3.3470948,-0.5193539,26.533018,83.93971
1567,214.11862,5.3174267,3.3470948,-0.5193539,26.533018,83.93971
1568,214.11867,5.3174276,3.347082,-0.519354,26.533003,83.9397
1569,214.11867,5.3174276,3.347082,-0.519354,26.533003,83.9397
1570,214.11867,5.3174276,3.347082,-0.519354,26.533003,83.9397
1571,214.11867,5.3174276,3.347082,-0.519354,26.533003,83.9397
1572,214.11867,5.3174276,3.347082,-0.519354,26.533003,83.9397
1573,214.11867,5.3174276,3.347082,-0.519354,26.533003,83.9397
1574,214.11867,5.3174276,3.347082,-0.519354,26.533003,83.9397
1575,214.11867,5.3174276,3.347082,-0.519354,26.533003,83.9397
1576,214.11864,5.3174176,3.347079,-0.5193538,26.533007,83.93971
1577,214.11864,5.3174176,3.347079,-0.5193538,26.533007,83.93971
1578,214.11864,5.3174176,3.347079,-0.5193538,26.533007,83.93971
1579,214.11864,5.3174176,3.347079,-0.5193538,26.533007,83.93971
1580,214.11864,5.3174176,3.347079,-0.5193538,26.533007,83.93971
1581,214.11864,5.3174176,3.347079,-0.5193538,26.533007,83.93971
1582,214.11864,5.3174176,3.347079,-0.5193538,26.533007,83.93971
1583,214.11864,5.3174176,3.347079,-0.5193538,26.533007,83.93971
1584,214.11874,5.317434,3.3470724,-0.5193541,26.533,83.93976
1585,214.11874,5.317434,3.3470724,-0.5193541,26.533,83.93976
1586,214.11874,5.317434,3.3470724,-0.5193541,26.533,83.93976
1587,214.11874,5.317434,3.3470724,-0.5193541,26.533,83.93976
1588,214.11874,5.317434,3.3470724,-0.5193541,26.533,83.93976
1589,214.11874,5.317434,3.3470724,-0.5193541,26.533,83.93976
1590,214.11874,5.317434,3.3470724,-0.5193541,26.533,83.93976
1591,214.11874,5.317434,3.3470724,-0.5193541,26.533,83.93976
1592,214.11888,5.317423,3.3470802,-0.5193544,26.532991,83.93977
1593,214.11888,5.317423,3.3470802,-0.5193544,26.532991,83.93977
1594,214.11888,5.317423,3.3470802,-0.5193544,26.532991,83.93977
1595,214.11888,5.317423,3.3470802,-0.5193544,26.532991,83.93977
1596,214.11888,5.317423,3.3470802,-0.5193544,26.532991,83.93977
1597,214.11888,5.317423,3.3470802,-0.5193544,26.532991,83.93977
1598,214.11888,5.317423,3.3470802,-0.5193544,26.532991,83.93977
1599,214.11888,5.317423,3.3470802,-0.5193544,26.532991,83.93977
1600,214.1189,5.3174133,3.3470504,-0.51935446,26.533016,83.93977
1601,214.1189,5.3174133,3.3470504,-0.51935446,26.533016,83.93977
1602,214.1189,5.3174133,3.3470504,-0.51935446,26.533016,83.93977
1603,214.1189,5.3174133,3.3470504,-0.51935446,26.533016,83.93977
1604,214.1189,5.3174133,3.3470504,-0.51935446,26.533016,83.93977
1605,214.1189,5.3174133,3.3470504,-0.51935446,26.533016,83.93977
1606,214.1189,5.3174133,3.3470504,-0.51935446,26.533016,83.93977
1607,214.1189,5.3174133,3.3470504,-0.51935446,26.533016,83.93977
1608,214.11896,5.3174214,3.347073,-0.5193541,26.533009,83.93972
1609,214.11896,5.3174214,3.347073,-0.5193541,26.533009,83.93972
1610,214.11896,5.3174214,3.347073,-0.5193541,26.533009,83.93972
1611,214.11896,5.3174214,3.347073,-0.5193541,26.533009,83.93972
1612,214.11896,5.3174214,3.347073,-0.5193541,26.533009,83.93972
1613,214.11896,5.3174214,3.347073,-0.5193541,26.533009,83.93972
1614,214.11896,5.3174214,3.347073,-0.5193541,26.533009,83.93972
1615,214.11896,5.3174214,3.347073,-0.5193541,26.533009,83.93972
1616,214.119,5.3174415,3.3470864,-0.519354,26.533028,83.93973
1617,214.119,5.3174415,3.3470864,-0.519354,26.533028,83.93973
1618,214.119,5.3174415,3.3470864,-0.519354,26.533028,83.93973
1619,214.119,5.3174415,3.3470864,-0.519354,26.533028,83.93973
1620,214.119,5.3174415,3.3470864,-0.519354,26.533028,83.93973
1621,214.119,5.3174415,3.3470864,-0.519354,26.533028,83.93973
1622,214.119,5.3174415,3.3470864,-0.519354,26.533028,83.93973
1623,214.119,5.3174415,3.3470864,-0.519354,26.533028,83.93973
1624,214.11906,5.3174405,3.347094,-0.5193538,26.533031,83.93971
1625,214.11906,5.3174405,3.347094,-0.5193538,26.533031,83.93971
1626,214.11906,5.3174405,3.347094,-0.5193538,26.533031,83.93971
1627,214.11906,5.3174405,3.347094,-0.5193538,26.533031,83.93971
1628,214.11906,5.3174405,3.347094,-0.5193538,26.533031,83.93971
1629,214.11906,5.3174405,3.347094,-0.5193538,26.533031,83.93971
1630,214.11906,5.3174405,3.347094,-0.5193538,26.533031,83.93971
1631,214.11906,5.3174405,3.347094,-0.5193538,26.533031,83.93971
1632,214.11913,5.317434,3.347098,-0.51935357,26.533018,83.93968
1633,214.11913,5.317434,3.347098,-0.51935357,26.533018,83.93968
1634,214.11913,5.317434,3.347098,-0.51935357,26.533018,83.93968
1635,214.11913,5.317434,3.347098,-0.51935357,26.533018,83.93968
1636,214.11913,5.317434,3.347098,-0.51935357,26.533018,83.93968
1637,214.11913,5.317434,3.347098,-0.51935357,26.533018,83.93968
1638,214.11913,5.317434,3.347098,-0.51935357,26.533018,83.93968
1639,214.11913,5.317434,3.347098,-0.51935357,26.533018,83.93968
1640,214.11903,5.317435,3.3471024,-0.5193536,26.533009,83.93967
1641,214.11903,5.317435,3.3471024,-0.5193536,26.533009,83.93967
1642,214.11903,5.317435,3.3471024,-0.5193536,26.533009,83.93967
1643,214.11903,5.317435,3.3471024,-0.5193536,26.533009,83.93967
1644,214.11903,5.317435,3.3471024,-0.5193536,26.533009,83.93967
1645,214.11903,5.317435,3.3471024,-0.5193536,26.533009,83.93967
1646,214.11903,5.317435,3.3471024,-0.5193536,26.533009,83.93967
1647,214.11903,5.317435,3.3471024,-0.5193536,26.533009,83.93967
1648,214.11905,5.317423,3.3471093,-0.51935375,26.53297,83.93971
1649,214.11905,5.317423,3.3471093,-0.51935375,26.53297,83.93971
1650,214.11905,5.317423,3.3471093,-0.51935375,26.53297,83.93971
1651,214.11905,5.317423,3.3471093,-0.51935375,26.53297,83.93971
1652,214.11905,5.317423,3.3471093,-0.51935375,26.53297,83.93971
1653,214.11905,5.317423,3.3471093,-0.51935375,26.53297,83.93971
1654,214.11905,5.317423,3.3471093,-0.51935375,26.53297,83.93971
1655,214.11905,5.317423,3.3471093,-0.51935375,26.53297,83.93971
1656,214.11903,5.3174167,3.3470948,-0.51935405,26.53297,83.93976
1657,214.11903,5.3174167,3.3470948,-0.51935405,26.53297,83.93976
1658,214.11903,5.3174167,3.3470948,-0.51935405,26.53297,83.93976
1659,214.11903,5.3174167,3.3470948,-0.51935405,26.53297,83.93976
1660,214.11903,5.3174167,3.3470948,-0.51935405,26.53297,83.93976
1661,214.11903,5.3174167,3.3470948,-0.51935405,26.53297,83.93976
1662,214.11903,5.3174167,3.3470948,-0.51935405,26.53297,83.93976
1663,214.11903,5.3174167,3.3470948,-0.51935405,26.53297,83.93976
1664,214.11903,5.317413,3.3470955,-0.5193541,26.532991,83.93976
1665,214.11903,5.317413,3.3470955,-0.5193541,26.532991,83.93976
1666,214.11903,5.317413,3.3470955,-0.5193541,26.532991,83.93976
1667,214.11903,5.317413,3.3470955,-0.5193541,26.532991,83.93976
1668,214.11903,5.317413,3.3470955,-0.5193541,26.532991,83.93976
1669,214.11903,5.317413,3.3470955,-0.5193541,26.532991,83.93976
1670,214.11903,5.317413,3.3470955,-0.5193541,26.532991,83.93976
1671,214.11903,5.317413,3.3470955,-0.5193541,26.532991,83.93976
1672,214.11903,5.317419,3.3470824,-0.51935405,26.532986,83.93976
1673,214.11903,5.317419,3.3470824,-0.51935405,26.532986,83.93976
1674,214.11903,5.317419,3.3470824,-0.51935405,26.532986,83.93976
1675,214.11903,5.317419,3.3470824,-0.51935405,26.532986,83.93976
1676,214.11903,5.317419,3.3470824,-0.51935405,26.532986,83.93976
1677,214.11903,5.317419,3.3470824,-0.51935405,26.532986,83.93976
1678,214.11903,5.317419,3.3470824,-0.51935405,26.532986,83.93976
1679,214.11903,5.317419,3.3470824,-0.51935405,26.532986,83.93976
1680,214.11908,5.3174195,3.347088,-0.5193541,26.532969,83.93978
1681,214.11908,5.3174195,3.347088,-0.5193541,26.532969,83.93978
1682,214.11908,5.3174195,3.347088,-0.5193541,26.532969,83.93978
1683,214.11908,5.3174195,3.347088,-0.5193541,26.532969,83.93978
1684,214.11908,5.3174195,3.347088,-0.5193541,26.532969,83.93978
1685,214.11908,5.3174195,3.347088,-0.5193541,26.532969,83.93978
1686,214.11908,5.3174195,3.347088,-0.5193541,26.532969,83.93978
1687,214.11908,5.3174195,3.347088,-0.5193541,26.532969,83.93978
1688,214.11902,5.317421,3.3470867,-0.5193541,26.532965,83.9398
1689,214.11902,5.317421,3.3470867,-0.5193541,26.532965,83.9398
1690,214.11902,5.317421,3.3470867,-0.5193541,26.532965,83.9398
1691,214.11902,5.317421,3.3470867,-0.5193541,26.532965,83.9398
1692,214.11902,5.317421,3.3470867,-0.5193541,26.532965,83.9398
1693,214.11902,5.317421,3.3470867,-0.5193541,26.532965,83.9398
1694,214.11902,5.317421,3.3470867,-0.5193541,26.532965,83.9398
1695,214.11902,5.317421,3.3470867,-0.5193541,26.532965,83.9398
1696,214.11903,5.3174276,3.347087,-0.5193541,26.532959,83.939804
1697,214.11903,5.3174276,3.347087,-0.5193541,26.532959,83.939804
1698,214.11903,5.3174276,3.347087,-0.5193541,26.532959,83.939804
1699,214.11903,5.3174276,3.347087,-0.5193541,26.532959,83.939804
1700,214.11903,5.3174276,3.347087,-0.5193541,26.532959,83.939804
1701,214.11903,5.3174276,3.347087,-0.5193541,26.532959,83.939804
1702,214.11903,5.3174276,3.347087,-0.5193541,26.532959,83.939804
1703,214.11903,5.3174276,3.347087,-0.5193541,26.532959,83.939804
1704,214.11896,5.3174157,3.3470776,-0.51935387,26.532938,83.939766
1705,214.11896,5.3174157,3.3470776,-0.51935387,26.532938,83.939766
1706,214.11896,5.3174157,3.3470776,-0.51935387,26.532938,83.939766
1707,214.11896,5.3174157,3.3470776,-0.51935387,26.532938,83.939766
1708,214.11896,5.3174157,3.3470776,-0.51935387,26.532938,83.939766
1709,214.11896,5.3174157,3.3470776,-0.51935387,26.532938,83.939766
1710,214.11896,5.3174157,3.3470776,-0.51935387,26.532938,83.939766
1711,214.11896,5.3174157,3.3470776,-0.51935387,26.532938,83.939766
1712,214.11884,5.317418,3.347084,-0.51935387,26.53296,83.93971
1713,214.11884,5.317418,3.347084,-0.51935387,26.53296,83.93971
1714,214.11884,5.317418,3.347084,-0.51935387,26.53296,83.93971
1715,214.11884,5.317418,3.347084,-0.51935387,26.53296,83.93971
1716,214.11884,5.317418,3.347084,-0.51935387,26.53296,83.93971
1717,214.11884,5.317418,3.347084,-0.51935387,26.53296,83.93971
1718,214.11884,5.317418,3.347084,-0.51935387,26.53296,83.93971
1719,214.11884,5.317418,3.347084,-0.51935387,26.53296,83.93971
1720,214.11879,5.317425,3.3470778,-0.519354,26.53296,83.93969
1721,214.11879,5.317425,3.3470778,-0.519354,26.53296,83.93969
1722,214.11879,5.317425,3.3470778,-0.519354,26.53296,83.93969
1723,214.11879,5.317425,3.3470778,-0.519354,26.53296,83.93969
1724,214.11879,5.317425,3.3470778,-0.519354,26.53296,83.93969
1725,214.11879,5.317425,3.3470778,-0.519354,26.53296,83.93969
1726,214.11879,5.317425,3.3470778,-0.519354,26.53296,83.93969
1727,214.11879,5.317425,3.3470778,-0.519354,26.53296,83.93969
1728,214.11874,5.317433,3.347096,-0.5193537,26.532986,83.93972
1729,214.11874,5.317433,3.347096,-0.5193537,26.532986,83.93972
1730,214.11874,5.317433,3.347096,-0.5193537,26.532986,83.93972
1731,214.11874,5.317433,3.347096,-0.5193537,26.532986,83.93972
1732,214.11874,5.317433,3.347096,-0.5193537,26.532986,83.93972
1733,214.11874,5.317433,3.347096,-0.5193537,26.532986,83.93972
1734,214.11874,5.317433,3.347096,-0.5193537,26.532986,83.93972
1735,214.11874,5.317433,3.347096,-0.5193537,26.532986,83.93972
1736,214.11865,5.3174305,3.3470948,-0.51935387,26.532988,83.93972
1737,214.11865,5.3174305,3.3470948,-0.51935387,26.532988,83.93972
1738,214.11865,5.3174305,3.3470948,-0.51935387,26.532988,83.93972
1739,214.11865,5.3174305,3.3470948,-0.51935387,26.532988,83.93972
1740,214.11865,5.3174305,3.3470948,-0.51935387,26.532988,83.93972
1741,214.11865,5.3174305,3.3470948,-0.51935387,26.532988,83.93972
1742,214.11865,5.3174305,3.3470948,-0.51935387,26.532988,83.93972
1743,214.11865,5.3174305,3.3470948,-0.51935387,26.532988,83.93972
1744,214.11864,5.3174295,3.3470845,-0.51935387,26.532988,83.93976
1745,214.11864,5.3174295,3.3470845,-0.51935387,26.532988,83.93976
1746,214.11864,5.3174295,3.3470845,-0.51935387,26.532988,83.93976
1747,214.11864,5.3174295,3.3470845,-0.51935387,26.532988,83.93976
1748,214.11864,5.3174295,3.3470845,-0.51935387,26.532988,83.93976
1749,214.11864,5.3174295,3.3470845,-0.51935387,26.532988,83.93976
1750,214.11864,5.3174295,3.3470845,-0.51935387,26.532988,83.93976
1751,214.11864,5.3174295,3.3470845,-0.51935387,26.532988,83.93976
1752,214.1187,5.317435,3.34709,-0.5193543,26.532995,83.939804
1753,214.1187,5.317435,3.34709,-0.5193543,26.532995,83.939804
1754,214.1187,5.317435,3.34709,-0.5193543,26.532995,83.939804
1755,214.1187,5.317435,3.34709,-0.5193543,26.532995,83.939804
1756,214.1187,5.317435,3.34709,-0.5193543,26.532995,83.939804
1757,214.1187,5.317435,3.34709,-0.5193543,26.532995,83.939804
1758,214.1187,5.317435,3.34709,-0.5193543,26.532995,83.939804
1759,214.1187,5.317435,3.34709,-0.5193543,26.532995,83.939804
1760,214.11873,5.317422,3.347086,-0.5193541,26.532976,83.93981
1761,214.11873,5.317422,3.347086,-0.5193541,26.532976,83.93981
1762,214.11873,5.317422,3.347086,-0.5193541,26.532976,83.93981
1763,214.11873,5.317422,3.347086,-0.5193541,26.532976,83.93981
1764,214.11873,5.317422,3.347086,-0.5193541,26.532976,83.93981
1765,214.11873,5.317422,3.347086,-0.5193541,26.532976,83.93981
1766,214.11873,5.317422,3.347086,-0.5193541,26.532976,83.93981
1767,214.11873,5.317422,3.347086,-0.5193541,26.532976,83.93981
1768,214.11877,5.317419,3.3470836,-0.5193537,26.532974,83.93985
1769,214.11877,5.317419,3.3470836,-0.5193537,26.532974,83.93985
1770,214.11877,5.317419,3.3470836,-0.5193537,26.532974,83.93985
1771,214.11877,5.317419,3.3470836,-0.5193537,26.532974,83.93985
1772,214.11877,5.317419,3.3470836,-0.5193537,26.532974,83.93985
1773,214.11877,5.317419,3.3470836,-0.5193537,26.532974,83.93985
1774,214.11877,5.317419,3.3470836,-0.5193537,26.532974,83.93985
1775,214.11877,5.317419,3.3470836,-0.5193537,26.532974,83.93985
1776,214.11876,5.31742,3.3470988,-0.51935345,26.53299,83.93979
1777,214.11876,5.31742,3.3470988,-0.51935345,26.53299,83.93979
1778,214.11876,5.31742,3.3470988,-0.51935345,26.53299,83.93979
1779,214.11876,5.31742,3.3470988,-0.51935345,26.53299,83.93979
1780,214.11876,5.31742,3.3470988,-0.51935345,26.53299,83.93979
1781,214.11876,5.31742,3.3470988,-0.51935345,26.53299,83.93979
1782,214.11876,5.31742,3.3470988,-0.51935345,26.53299,83.93979
1783,214.11876,5.31742,3.3470988,-0.51935345,26.53299,83.93979
1784,214.11865,5.317418,3.3471026,-0.51935345,26.53301,83.93982
1785,214.11865,5.317418,3.3471026,-0.51935345,26.53301,83.93982
1786,214.11865,5.317418,3.3471026,-0.51935345,26.53301,83.93982
1787,214.11865,5.317418,3.3471026,-0.51935345,26.53301,83.93982
1788,214.11865,5.317418,3.3471026,-0.51935345,26.53301,83.93982
1789,214.11865,5.317418,3.3471026,-0.51935345,26.53301,83.93982
1790,214.11865,5.317418,3.3471026,-0.51935345,26.53301,83.93982
1791,214.11865,5.317418,3.3471026,-0.51935345,26.53301,83.93982
1792,214.1187,5.3174214,3.3471007,-0.51935333,26.533003,83.9398
1793,214.1187,5.3174214,3.3471007,-0.51935333,26.533003,83.9398
1794,214.1187,5.3174214,3.3471007,-0.51935333,26.533003,83.9398
1795,214.1187,5.3174214,3.3471007,-0.51935333,26.533003,83.9398
1796,214.1187,5.3174214,3.3471007,-0.51935333,26.533003,83.9398
1797,214.1187,5.3174214,3.3471007,-0.51935333,26.533003,83.9398
1798,214.1187,5.3174214,3.3471007,-0.51935333,26.533003,83.9398
1799,214.1187,5.3174214,3.3471007,-0.51935333,26.533003,83.9398
1800,214.11845,5.3174205,3.3471034,-0.51935345,26.533003,83.93977
1801,214.11845,5.3174205,3.3471034,-0.51935345,26.533003,83.93977
1802,214.11845,5.3174205,3.3471034,-0.51935345,26.533003,83.93977
1803,214.11845,5.3174205,3.3471034,-0.51935345,26.533003,83.93977
1804,214.11845,5.3174205,3.3471034,-0.51935345,26.533003,83.93977
1805,214.11845,5.3174205,3.3471034,-0.51935345,26.533003,83.93977
1806,214.11845,5.3174205,3.3471034,-0.51935345,26.533003,83.93977
1807,214.11845,5.3174205,3.3471034,-0.51935345,26.533003,83.93977
1808,214.11855,5.3174224,3.3470962,-0.51935345,26.533,83.93975
1809,214.11855,5.3174224,3.3470962,-0.51935345,26.533,83.93975
1810,214.11855,5.3174224,3.3470962,-0.51935345,26.533,83.93975
1811,214.11855,5.3174224,3.3470962,-0.51935345,26.533,83.93975
1812,214.11855,5.3174224,3.3470962,-0.51935345,26.533,83.93975
1813,214.11855,5.3174224,3.3470962,-0.51935345,26.533,83.93975
1814,214.11855,5.3174224,3.3470962,-0.51935345,26.533,83.93975
1815,214.11855,5.3174224,3.3470962,-0.51935345,26.533,83.93975
1816,214.11862,5.3174267,3.3470948,-0.5193539,26.533018,83.93971
1817,214.11862,5.3174267,3.3470948,-0.5193539,26.533018,83.93971
1818,214.11862,5.3174267,3.3470948,-0.5193539,26.533018,83.93971
1819,214.11862,5.3174267,3.3470948,-0.5193539,26.533018,83.93971
1820,214.11862,5.3174267,3.3470948,-0.5193539,26.533018,83.93971
1821,214.11862,5.3174267,3.3470948,-0.5193539,26.533018,83.93971
1822,214.11862,5.3174267,3.3470948,-0.5193539,26.533018,83.93971
1823,214.11862,5.3174267,3.3470948,-0.5193539,26.533018,83.93971
1824,214.11867,5.3174276,3.347082,-0.519354,26.533003,83.9397
1825,214.11867,5.3174276,3.347082,-0.519354,26.533003,83.9397
1826,214.11867,5.3174276,3.347082,-0.519354,26.533003,83.9397
1827,214.11867,5.3174276,3.347082,-0.519354,26.533003,83.9397
1828,214.11867,5.3174276,3.347082,-0.519354,26.533003,83.9397
1829,214.11867,5.3174276,3.347082,-0.519354,26.533003,83.9397
1830,214.11867,5.3174276,3.347082,-0.519354,26.533003,83.9397
1831,214.11867,5.3174276,3.347082,-0.519354,26.533003,83.9397
1832,214.11864,5.3174176,3.347079,-0.5193538,26.533007,83.93971
1833,214.11864,5.3174176,3.347079,-0.5193538,26.533007,83.93971
1834,214.11864,5.3174176,3.347079,-0.5193538,26.533007,83.93971
1835,214.11864,5.3174176,3.347079,-0.5193538,26.533007,83.93971
1836,214.11864,5.3174176,3.347079,-0.5193538,26.533007,83.93971
1837,214.11864,5.3174176,3.347079,-0.5193538,26.533007,83.93971
1838,214.11864,5.3174176,3.347079,-0.5193538,26.533007,83.93971
1839,214.11864,5.3174176,3.347079,-0.5193538,26.533007,83.93971
1840,214.11874,5.317434,3.3470724,-0.5193541,26.533,83.93976
1841,214.11874,5.317434,3.3470724,-0.5193541,26.533,83.93976
1842,214.11874,5.317434,3.3470724,-0.5193541,26.533,83.93976
1843,214.11874,5.317434,3.3470724,-0.5193541,26.533,83.93976
1844,214.11874,5.317434,3.3470724,-0.5193541,26.533,83.93976
1845,214.11874,5.317434,3.3470724,-0.5193541,26.533,83.93976
1846,214.11874,5.317434,3.3470724,-0.5193541,26.533,83.93976
1847,214.11874,5.317434,3.3470724,-0.5193541,26.533,83.93976
1848,214.11888,5.317423,3.3470802,-0.5193544,26.532991,83.93977
1849,214.11888,5.317423,3.3470802,-0.5193544,26.532991,83.93977
1850,214.11888,5.317423,3.3470802,-0.5193544,26.532991,83.93977
1851,214.11888,5.317423,3.3470802,-0.5193544,26.532991,83.93977
1852,214.11888,5.317423,3.3470802,-0.5193544,26.532991,83.93977
1853,214.11888,5.317423,3.3470802,-0.5193544,26.532991,83.93977
1854,214.11888,5.317423,3.3470802,-0.5193544,26.532991,83.93977
1855,214.11888,5.317423,3.3470802,-0.5193544,26.532991,83.93977
1856,214.1189,5.3174133,3.3470504,-0.51935446,26.533016,83.93977
1857,214.1189,5.3174133,3.3470504,-0.51935446,26.533016,83.93977
1858,214.1189,5.3174133,3.3470504,-0.51935446,26.533016,83.93977
1859,214.1189,5.3174133,3.3470504,-0.51935446,26.533016,83.93977
1860,214.1189,5.3174133,3.3470504,-0.51935446,26.533016,83.93977
1861,214.1189,5.3174133,3.3470504,-0.51935446,26.533016,83.93977
1862,214.1189,5.3174133,3.3470504,-0.51935446,26.533016,83.93977
1863,214.1189,5.3174133,3.3470504,-0.51935446,26.533016,83.93977
1864,214.11896,5.3174214,3.347073,-0.5193541,26.533009,83.93972
1865,214.11896,5.3174214,3.347073,-0.5193541,26.533009,83.93972
1866,214.11896,5.3174214,3.347073,-0.5193541,26.533009,83.93972
1867,214.11896,5.3174214,3.347073,-0.5193541,26.533009,83.93972
1868,214.11896,5.3174214,3.347073,-0.5193541,26.533009,83.93972
1869,214.11896,5.3174214,3.347073,-0.5193541,26.533009,83.93972
1870,214.11896,5.3174214,3.347073,-0.5193541,26.533009,83.93972
1871,214.11896,5.3174214,3.347073,-0.5193541,26.533009,83.93972
1872,214.119,5.3174415,3.3470864,-0.519354,26.533028,83.93973
1873,214.119,5.3174415,3.3470864,-0.519354,26.533028,83.93973
1874,214.119,5.3174415,3.3470864,-0.519354,26.533028,83.93973
1875,214.119,5.3174415,3.3470864,-0.519354,26.533028,83.93973
1876,214.119,5.3174415,3.3470864,-0.519354,26.533028,83.93973
1877,214.119,5.3174415,3.3470864,-0.519354,26.533028,83.93973
1878,214.119,5.3174415,3.3470864,-0.519354,26.533028,83.93973
1879,214.119,5.3174415,3.3470864,-0.519354,26.533028,83.93973
1880,214.11906,5.3174405,3.347094,-0.5193538,26.533031,83.93971
1881,214.11906,5.3174405,3.347094,-0.5193538,26.533031,83.93971
1882,214.11906,5.3174405,3.347094,-0.5193538,26.533031,83.93971
1883,214.11906,5.3174405,3.347094,-0.5193538,26.533031,83.93971
1884,214.11906,5.3174405,3.347094,-0.5193538,26.533031,83.93971
1885,214.11906,5.3174405,3.347094,-0.5193538,26.533031,83.93971
1886,214.11906,5.3174405,3.347094,-0.5193538,26.533031,83.93971
1887,214.11906,5.3174405,3.347094,-0.5193538,26.533031,83.93971
