sample_index,Fe,Zn,B,Cu,S,Mn
0,217.114,4.860384615384615,0.8507692307692307,2.5833846153846154,26.308378719234774,89.22769230769231
1,217.114,4.860384615384615,0.8507692307692307,2.5833846153846154,26.308378719234774,89.22769230769231
2,217.114,4.860384615384615,0.8507692307692307,2.5833846153846154,26.308378719234774,89.22769230769231
3,217.114,4.860384615384615,0.8507692307692307,2.5833846153846154,26.308378719234774,89.22769230769231
4,217.114,4.860384615384615,0.8507692307692307,2.5833846153846154,26.308378719234774,89.22769230769231
5,217.114,4.860384615384615,0.8507692307692307,2.5833846153846154,26.308378719234774,89.22769230769231
6,217.114,4.860384615384615,0.8507692307692307,2.5833846153846154,26.308378719234774,89.22769230769231
7,217.114,4.860384615384615,0.8507692307692307,2.5833846153846154,26.308378719234774,89.22769230769231
8,217.114,4.860384615384615,0.8507692307692307,2.5833846153846154,26.308378719234774,89.22769230769231
9,217.114,4.860384615384615,0.8507692307692307,2.5833846153846154,26.308378719234774,89.22769230769231
10,217.114,4.860384615384615,0.8507692307692307,2.5833846153846154,26.308378719234774,89.22769230769231
11,217.114,4.860384615384615,0.8507692307692307,2.5833846153846154,26.308378719234774,89.22769230769231
12,217.114,4.860384615384615,0.8507692307692307,2.5833846153846154,26.308378719234774,89.22769230769231
13,217.114,4.860384615384615,0.8507692307692307,2.5833846153846154,26.308378719234774,89.22769230769231
14,217.114,4.860384615384615,0.8507692307692307,2.5833846153846154,26.308378719234774,89.22769230769231
15,217.114,4.860384615384615,0.8507692307692307,2.5833846153846154,26.308378719234774,89.22769230769231
16,217.114,4.860384615384615,0.8507692307692307,2.5833846153846154,26.308378719234774,89.22769230769231
17,217.114,4.860384615384615,0.8507692307692307,2.5833846153846154,26.308378719234774,89.22769230769231
18,217.114,4.860384615384615,0.8507692307692307,2.5833846153846154,26.308378719234774,89.22769230769231
19,217.114,4.860384615384615,0.8507692307692307,2.5833846153846154,26.308378719234774,89.22769230769231
20,217.114,4.860384615384615,0.8507692307692307,2.5833846153846154,26.308378719234774,89.22769230769231
21,217.114,4.860384615384615,0.8507692307692307,2.5833846153846154,26.308378719234774,89.22769230769231
22,217.114,4.860384615384615,0.8507692307692307,2.5833846153846154,26.308378719234774,89.22769230769231
23,217.114,4.860384615384615,0.8507692307692307,2.5833846153846154,26.308378719234774,89.22769230769231
24,217.114,4.860384615384615,0.8507692307692307,2.5833846153846154,26.308378719234774,89.22769230769231
25,217.114,4.860384615384615,0.8507692307692307,2.5833846153846154,26.308378719234774,89.22769230769231
26,217.114,4.860384615384615,0.8507692307692307,2.5833846153846154,26.308378719234774,89.22769230769231
27,217.114,4.860384615384615,0.8507692307692307,2.5833846153846154,26.308378719234774,89.22769230769231
28,217.114,4.860384615384615,0.8507692307692307,2.5833846153846154,26.308378719234774,89.22769230769231
29,217.114,4.860384615384615,0.8507692307692307,2.5833846153846154,26.308378719234774,89.22769230769231
30,217.114,4.860384615384615,0.8507692307692307,2.5833846153846154,26.308378719234774,89.22769230769231
31,217.114,4.860384615384615,0.8507692307692307,2.5833846153846154,26.308378719234774,89.22769230769231
32,217.114,4.860384615384615,0.8507692307692307,2.5833846153846154,26.308378719234774,89.22769230769231
33,217.114,4.860384615384615,0.8507692307692307,2.5833846153846154,26.308378719234774,89.22769230769231
34,217.114,4.860384615384615,0.8507692307692307,2.5833846153846154,26.308378719234774,89.22769230769231
35,217.114,4.860384615384615,0.8507692307692307,2.5833846153846154,26.308378719234774,89.22769230769231
36,217.114,4.860384615384615,0.8507692307692307,2.5833846153846154,26.308378719234774,89.22769230769231
37,217.114,4.860384615384615,0.8507692307692307,2.5833846153846154,26.308378719234774,89.22769230769231
38,217.114,4.860384615384615,0.8507692307692307,2.5833846153846154,26.308378719234774,89.22769230769231
39,217.114,4.860384615384615,0.8507692307692307,2.5833846153846154,26.308378719234774,89.22769230769231
40,217.114,4.860384615384615,0.8507692307692307,2.5833846153846154,26.308378719234774,89.22769230769231
41,217.114,4.860384615384615,0.8507692307692307,2.5833846153846154,26.308378719234774,89.22769230769231
42,217.114,4.860384615384615,0.8507692307692307,2.5833846153846154,26.308378719234774,89.22769230769231
43,217.114,4.860384615384615,0.8507692307692307,2.5833846153846154,26.308378719234774,89.22769230769231
44,217.114,4.860384615384615,0.8507692307692307,2.5833846153846154,26.308378719234774,89.22769230769231
45,217.114,4.860384615384615,0.8507692307692307,2.5833846153846154,26.308378719234774,89.22769230769231
46,217.114,4.860384615384615,0.8507692307692307,2.5833846153846154,26.308378719234774,89.22769230769231
47,217.114,4.860384615384615,0.8507692307692307,2.5833846153846154,26.308378719234774,89.22769230769231
48,217.114,4.860384615384615,0.8507692307692307,2.5833846153846154,26.308378719234774,89.22769230769231
49,217.114,4.860384615384615,0.8507692307692307,2.5833846153846154,26.308378719234774,89.22769230769231
50,217.114,4.860384615384615,0.8507692307692307,2.5833846153846154,26.308378719234774,89.22769230769231
51,217.114,4.860384615384615,0.8507692307692307,2.5833846153846154,26.308378719234774,89.22769230769231
52,217.114,4.860384615384615,0.8507692307692307,2.5833846153846154,26.308378719234774,89.22769230769231
53,217.114,4.860384615384615,0.8507692307692307,2.5833846153846154,26.308378719234774,89.22769230769231
54,217.114,4.860384615384615,0.8507692307692307,2.5833846153846154,26.308378719234774,89.22769230769231
55,217.114,4.860384615384615,0.8507692307692307,2.5833846153846154,26.308378719234774,89.22769230769231
56,217.114,4.860384615384615,0.8507692307692307,2.5833846153846154,26.308378719234774,89.22769230769231
57,217.114,4.860384615384615,0.8507692307692307,2.5833846153846154,26.308378719234774,89.22769230769231
58,217.114,4.860384615384615,0.8507692307692307,2.5833846153846154,26.308378719234774,89.22769230769231
59,217.114,4.860384615384615,0.8507692307692307,2.5833846153846154,26.308378719234774,89.22769230769231
60,217.114,4.860384615384615,0.8507692307692307,2.5833846153846154,26.308378719234774,89.22769230769231
61,217.114,4.860384615384615,0.8507692307692307,2.5833846153846154,26.308378719234774,89.22769230769231
62,217.114,4.860384615384615,0.8507692307692307,2.5833846153846154,26.308378719234774,89.22769230769231
63,217.114,4.860384615384615,0.8507692307692307,2.5833846153846154,26.308378719234774,89.22769230769231
64,217.114,4.860384615384615,0.8507692307692307,2.5833846153846154,26.308378719234774,89.22769230769231
65,217.114,4.860384615384615,0.8507692307692307,2.5833846153846154,26.308378719234774,89.22769230769231
66,217.114,4.860384615384615,0.8507692307692307,2.5833846153846154,26.308378719234774,89.22769230769231
67,217.114,4.860384615384615,0.8507692307692307,2.5833846153846154,26.308378719234774,89.22769230769231
68,217.114,4.860384615384615,0.8507692307692307,2.5833846153846154,26.308378719234774,89.22769230769231
69,217.114,4.860384615384615,0.8507692307692307,2.5833846153846154,26.308378719234774,89.22769230769231
70,217.114,4.860384615384615,0.8507692307692307,2.5833846153846154,26.308378719234774,89.22769230769231
71,217.114,4.860384615384615,0.8507692307692307,2.5833846153846154,26.308378719234774,89.22769230769231
72,217.114,4.860384615384615,0.8507692307692307,2.5833846153846154,26.308378719234774,89.22769230769231
73,217.114,4.860384615384615,0.8507692307692307,2.5833846153846154,26.308378719234774,89.22769230769231
74,217.114,4.860384615384615,0.8507692307692307,2.5833846153846154,26.308378719234774,89.22769230769231
75,217.114,4.860384615384615,0.8507692307692307,2.5833846153846154,26.308378719234774,89.22769230769231
76,217.114,4.860384615384615,0.8507692307692307,2.5833846153846154,26.308378719234774,89.22769230769231
77,217.114,4.860384615384615,0.8507692307692307,2.5833846153846154,26.308378719234774,89.22769230769231
78,217.114,4.860384615384615,0.8507692307692307,2.5833846153846154,26.308378719234774,89.22769230769231
79,217.114,4.860384615384615,0.8507692307692307,2.5833846153846154,26.308378719234774,89.22769230769231
80,217.114,4.860384615384615,0.8507692307692307,2.5833846153846154,26.308378719234774,89.22769230769231
81,217.114,4.860384615384615,0.8507692307692307,2.5833846153846154,26.308378719234774,89.22769230769231
82,217.114,4.860384615384615,0.8507692307692307,2.5833846153846154,26.308378719234774,89.22769230769231
83,217.114,4.860384615384615,0.8507692307692307,2.5833846153846154,26.308378719234774,89.22769230769231
84,217.114,4.860384615384615,0.8507692307692307,2.5833846153846154,26.308378719234774,89.22769230769231
85,217.114,4.860384615384615,0.8507692307692307,2.5833846153846154,26.308378719234774,89.22769230769231
86,217.114,4.860384615384615,0.8507692307692307,2.5833846153846154,26.308378719234774,89.22769230769231
87,217.114,4.860384615384615,0.8507692307692307,2.5833846153846154,26.308378719234774,89.22769230769231
88,217.114,4.860384615384615,0.8507692307692307,2.5833846153846154,26.308378719234774,89.22769230769231
89,217.114,4.860384615384615,0.8507692307692307,2.5833846153846154,26.308378719234774,89.22769230769231
90,217.114,4.860384615384615,0.8507692307692307,2.5833846153846154,26.308378719234774,89.22769230769231
91,217.114,4.860384615384615,0.8507692307692307,2.5833846153846154,26.308378719234774,89.22769230769231
92,217.114,4.860384615384615,0.8507692307692307,2.5833846153846154,26.308378719234774,89.22769230769231
93,217.114,4.860384615384615,0.8507692307692307,2.5833846153846154,26.308378719234774,89.22769230769231
94,217.114,4.860384615384615,0.8507692307692307,2.5833846153846154,26.308378719234774,89.22769230769231
95,217.114,4.860384615384615,0.8507692307692307,2.5833846153846154,26.308378719234774,89.22769230769231
96,217.114,4.860384615384615,0.8507692307692307,2.5833846153846154,26.308378719234774,89.22769230769231
97,217.114,4.860384615384615,0.8507692307692307,2.5833846153846154,26.308378719234774,89.22769230769231
98,217.114,4.860384615384615,0.8507692307692307,2.5833846153846154,26.308378719234774,89.22769230769231
99,217.114,4.860384615384615,0.8507692307692307,2.5833846153846154,26.308378719234774,89.22769230769231
100,217.114,4.860384615384615,0.8507692307692307,2.5833846153846154,26.308378719234774,89.22769230769231
101,217.114,4.860384615384615,0.8507692307692307,2.5833846153846154,26.308378719234774,89.22769230769231
102,217.114,4.860384615384615,0.8507692307692307,2.5833846153846154,26.308378719234774,89.22769230769231
103,217.114,4.860384615384615,0.8507692307692307,2.5833846153846154,26.308378719234774,89.22769230769231
104,217.114,4.860384615384615,0.8507692307692307,2.5833846153846154,26.308378719234774,89.22769230769231
105,217.114,4.860384615384615,0.8507692307692307,2.5833846153846154,26.308378719234774,89.22769230769231
106,217.114,4.860384615384615,0.8507692307692307,2.5833846153846154,26.308378719234774,89.22769230769231
107,217.114,4.860384615384615,0.8507692307692307,2.5833846153846154,26.308378719234774,89.22769230769231
108,217.114,4.860384615384615,0.8507692307692307,2.5833846153846154,26.308378719234774,89.22769230769231
109,217.114,4.860384615384615,0.8507692307692307,2.5833846153846154,26.308378719234774,89.22769230769231
110,217.114,4.860384615384615,0.8507692307692307,2.5833846153846154,26.308378719234774,89.22769230769231
111,217.114,4.860384615384615,0.8507692307692307,2.5833846153846154,26.308378719234774,89.22769230769231
112,217.114,4.860384615384615,0.8507692307692307,2.5833846153846154,26.308378719234774,89.22769230769231
113,217.114,4.860384615384615,0.8507692307692307,2.5833846153846154,26.308378719234774,89.22769230769231
114,217.114,4.860384615384615,0.8507692307692307,2.5833846153846154,26.308378719234774,89.22769230769231
115,217.114,4.860384615384615,0.8507692307692307,2.5833846153846154,26.308378719234774,89.22769230769231
116,217.114,4.860384615384615,0.8507692307692307,2.5833846153846154,26.308378719234774,89.22769230769231
117,217.114,4.860384615384615,0.8507692307692307,2.5833846153846154,26.308378719234774,89.22769230769231
118,217.114,4.860384615384615,0.8507692307692307,2.5833846153846154,26.308378719234774,89.22769230769231
119,217.114,4.860384615384615,0.8507692307692307,2.5833846153846154,26.308378719234774,89.22769230769231
120,217.114,4.860384615384615,0.8507692307692307,2.5833846153846154,26.308378719234774,89.22769230769231
121,217.114,4.860384615384615,0.8507692307692307,2.5833846153846154,26.308378719234774,89.22769230769231
122,217.114,4.860384615384615,0.8507692307692307,2.5833846153846154,26.308378719234774,89.22769230769231
123,217.114,4.860384615384615,0.8507692307692307,2.5833846153846154,26.308378719234774,89.22769230769231
124,217.114,4.860384615384615,0.8507692307692307,2.5833846153846154,26.308378719234774,89.22769230769231
125,217.114,4.860384615384615,0.8507692307692307,2.5833846153846154,26.308378719234774,89.22769230769231
126,217.114,4.860384615384615,0.8507692307692307,2.5833846153846154,26.308378719234774,89.22769230769231
127,217.114,4.860384615384615,0.8507692307692307,2.5833846153846154,26.308378719234774,89.22769230769231
128,217.114,4.860384615384615,0.8507692307692307,2.5833846153846154,26.308378719234774,89.22769230769231
129,217.114,4.860384615384615,0.8507692307692307,2.5833846153846154,26.308378719234774,89.22769230769231
130,217.114,4.860384615384615,0.8507692307692307,2.5833846153846154,26.308378719234774,89.22769230769231
131,217.114,4.860384615384615,0.8507692307692307,2.5833846153846154,26.308378719234774,89.22769230769231
132,217.114,4.860384615384615,0.8507692307692307,2.5833846153846154,26.308378719234774,89.22769230769231
133,217.114,4.860384615384615,0.8507692307692307,2.5833846153846154,26.308378719234774,89.22769230769231
134,217.114,4.860384615384615,0.8507692307692307,2.5833846153846154,26.308378719234774,89.22769230769231
135,217.114,4.860384615384615,0.8507692307692307,2.5833846153846154,26.308378719234774,89.22769230769231
136,217.114,4.860384615384615,0.8507692307692307,2.5833846153846154,26.308378719234774,89.22769230769231
137,217.114,4.860384615384615,0.8507692307692307,2.5833846153846154,26.308378719234774,89.22769230769231
138,217.114,4.860384615384615,0.8507692307692307,2.5833846153846154,26.308378719234774,89.22769230769231
139,217.114,4.860384615384615,0.8507692307692307,2.5833846153846154,26.308378719234774,89.22769230769231
140,217.114,4.860384615384615,0.8507692307692307,2.5833846153846154,26.308378719234774,89.22769230769231
141,217.114,4.860384615384615,0.8507692307692307,2.5833846153846154,26.308378719234774,89.22769230769231
142,217.114,4.860384615384615,0.8507692307692307,2.5833846153846154,26.308378719234774,89.22769230769231
143,217.114,4.860384615384615,0.8507692307692307,2.5833846153846154,26.308378719234774,89.22769230769231
144,217.114,4.860384615384615,0.8507692307692307,2.5833846153846154,26.308378719234774,89.22769230769231
145,217.114,4.860384615384615,0.8507692307692307,2.5833846153846154,26.308378719234774,89.22769230769231
146,217.114,4.860384615384615,0.8507692307692307,2.5833846153846154,26.308378719234774,89.22769230769231
147,217.114,4.860384615384615,0.8507692307692307,2.5833846153846154,26.308378719234774,89.22769230769231
148,217.114,4.860384615384615,0.8507692307692307,2.5833846153846154,26.308378719234774,89.22769230769231
149,217.114,4.860384615384615,0.8507692307692307,2.5833846153846154,26.308378719234774,89.22769230769231
150,217.114,4.860384615384615,0.8507692307692307,2.5833846153846154,26.308378719234774,89.22769230769231
151,217.114,4.860384615384615,0.8507692307692307,2.5833846153846154,26.308378719234774,89.22769230769231
152,217.114,4.860384615384615,0.8507692307692307,2.5833846153846154,26.308378719234774,89.22769230769231
153,217.114,4.860384615384615,0.8507692307692307,2.5833846153846154,26.308378719234774,89.22769230769231
154,217.114,4.860384615384615,0.8507692307692307,2.5833846153846154,26.308378719234774,89.22769230769231
155,217.114,4.860384615384615,0.8507692307692307,2.5833846153846154,26.308378719234774,89.22769230769231
156,217.114,4.860384615384615,0.8507692307692307,2.5833846153846154,26.308378719234774,89.22769230769231
157,217.114,4.860384615384615,0.8507692307692307,2.5833846153846154,26.308378719234774,89.22769230769231
158,217.114,4.860384615384615,0.8507692307692307,2.5833846153846154,26.308378719234774,89.22769230769231
159,217.114,4.860384615384615,0.8507692307692307,2.5833846153846154,26.308378719234774,89.22769230769231
160,217.114,4.860384615384615,0.8507692307692307,2.5833846153846154,26.308378719234774,89.22769230769231
161,217.114,4.860384615384615,0.8507692307692307,2.5833846153846154,26.308378719234774,89.22769230769231
162,217.114,4.860384615384615,0.8507692307692307,2.5833846153846154,26.308378719234774,89.22769230769231
163,217.114,4.860384615384615,0.8507692307692307,2.5833846153846154,26.308378719234774,89.22769230769231
164,217.114,4.860384615384615,0.8507692307692307,2.5833846153846154,26.308378719234774,89.22769230769231
165,217.114,4.860384615384615,0.8507692307692307,2.5833846153846154,26.308378719234774,89.22769230769231
166,217.114,4.860384615384615,0.8507692307692307,2.5833846153846154,26.308378719234774,89.22769230769231
167,217.114,4.860384615384615,0.8507692307692307,2.5833846153846154,26.308378719234774,89.22769230769231
168,217.114,4.860384615384615,0.8507692307692307,2.5833846153846154,26.308378719234774,89.22769230769231
169,217.114,4.860384615384615,0.8507692307692307,2.5833846153846154,26.308378719234774,89.22769230769231
170,217.114,4.860384615384615,0.8507692307692307,2.5833846153846154,26.308378719234774,89.22769230769231
171,217.114,4.860384615384615,0.8507692307692307,2.5833846153846154,26.308378719234774,89.22769230769231
172,217.114,4.860384615384615,0.8507692307692307,2.5833846153846154,26.308378719234774,89.22769230769231
173,217.114,4.860384615384615,0.8507692307692307,2.5833846153846154,26.308378719234774,89.22769230769231
174,217.114,4.860384615384615,0.8507692307692307,2.5833846153846154,26.308378719234774,89.22769230769231
175,217.114,4.860384615384615,0.8507692307692307,2.5833846153846154,26.308378719234774,89.22769230769231
176,217.114,4.860384615384615,0.8507692307692307,2.5833846153846154,26.308378719234774,89.22769230769231
177,217.114,4.860384615384615,0.8507692307692307,2.5833846153846154,26.308378719234774,89.22769230769231
178,217.114,4.860384615384615,0.8507692307692307,2.5833846153846154,26.308378719234774,89.22769230769231
179,217.114,4.860384615384615,0.8507692307692307,2.5833846153846154,26.308378719234774,89.22769230769231
180,217.114,4.860384615384615,0.8507692307692307,2.5833846153846154,26.308378719234774,89.22769230769231
181,217.114,4.860384615384615,0.8507692307692307,2.5833846153846154,26.308378719234774,89.22769230769231
182,217.114,4.860384615384615,0.8507692307692307,2.5833846153846154,26.308378719234774,89.22769230769231
183,217.114,4.860384615384615,0.8507692307692307,2.5833846153846154,26.308378719234774,89.22769230769231
184,217.114,4.860384615384615,0.8507692307692307,2.5833846153846154,26.308378719234774,89.22769230769231
185,217.114,4.860384615384615,0.8507692307692307,2.5833846153846154,26.308378719234774,89.22769230769231
186,217.114,4.860384615384615,0.8507692307692307,2.5833846153846154,26.308378719234774,89.22769230769231
187,217.114,4.860384615384615,0.8507692307692307,2.5833846153846154,26.308378719234774,89.22769230769231
188,217.114,4.860384615384615,0.8507692307692307,2.5833846153846154,26.308378719234774,89.22769230769231
189,217.114,4.860384615384615,0.8507692307692307,2.5833846153846154,26.308378719234774,89.22769230769231
190,217.114,4.860384615384615,0.8507692307692307,2.5833846153846154,26.308378719234774,89.22769230769231
191,217.114,4.860384615384615,0.8507692307692307,2.5833846153846154,26.308378719234774,89.22769230769231
192,217.114,4.860384615384615,0.8507692307692307,2.5833846153846154,26.308378719234774,89.22769230769231
193,217.114,4.860384615384615,0.8507692307692307,2.5833846153846154,26.308378719234774,89.22769230769231
194,217.114,4.860384615384615,0.8507692307692307,2.5833846153846154,26.308378719234774,89.22769230769231
195,217.114,4.860384615384615,0.8507692307692307,2.5833846153846154,26.308378719234774,89.22769230769231
196,217.114,4.860384615384615,0.8507692307692307,2.5833846153846154,26.308378719234774,89.22769230769231
197,217.114,4.860384615384615,0.8507692307692307,2.5833846153846154,26.308378719234774,89.22769230769231
198,217.114,4.860384615384615,0.8507692307692307,2.5833846153846154,26.308378719234774,89.22769230769231
199,217.114,4.860384615384615,0.8507692307692307,2.5833846153846154,26.308378719234774,89.22769230769231
200,217.114,4.860384615384615,0.8507692307692307,2.5833846153846154,26.308378719234774,89.22769230769231
201,217.114,4.860384615384615,0.8507692307692307,2.5833846153846154,26.308378719234774,89.22769230769231
202,217.114,4.860384615384615,0.8507692307692307,2.5833846153846154,26.308378719234774,89.22769230769231
203,217.114,4.860384615384615,0.8507692307692307,2.5833846153846154,26.308378719234774,89.22769230769231
204,217.114,4.860384615384615,0.8507692307692307,2.5833846153846154,26.308378719234774,89.22769230769231
205,217.114,4.860384615384615,0.8507692307692307,2.5833846153846154,26.308378719234774,89.22769230769231
206,217.114,4.860384615384615,0.8507692307692307,2.5833846153846154,26.308378719234774,89.22769230769231
207,217.114,4.860384615384615,0.8507692307692307,2.5833846153846154,26.308378719234774,89.22769230769231
208,217.114,4.860384615384615,0.8507692307692307,2.5833846153846154,26.308378719234774,89.22769230769231
209,217.114,4.860384615384615,0.8507692307692307,2.5833846153846154,26.308378719234774,89.22769230769231
210,217.114,4.860384615384615,0.8507692307692307,2.5833846153846154,26.308378719234774,89.22769230769231
211,217.114,4.860384615384615,0.8507692307692307,2.5833846153846154,26.308378719234774,89.22769230769231
212,217.114,4.860384615384615,0.8507692307692307,2.5833846153846154,26.308378719234774,89.22769230769231
213,217.114,4.860384615384615,0.8507692307692307,2.5833846153846154,26.308378719234774,89.22769230769231
214,217.114,4.860384615384615,0.8507692307692307,2.5833846153846154,26.308378719234774,89.22769230769231
215,217.114,4.860384615384615,0.8507692307692307,2.5833846153846154,26.308378719234774,89.22769230769231
216,217.114,4.860384615384615,0.8507692307692307,2.5833846153846154,26.308378719234774,89.22769230769231
217,217.114,4.860384615384615,0.8507692307692307,2.5833846153846154,26.308378719234774,89.22769230769231
218,217.114,4.860384615384615,0.8507692307692307,2.5833846153846154,26.308378719234774,89.22769230769231
219,217.114,4.860384615384615,0.8507692307692307,2.5833846153846154,26.308378719234774,89.22769230769231
220,217.114,4.860384615384615,0.8507692307692307,2.5833846153846154,26.308378719234774,89.22769230769231
221,217.114,4.860384615384615,0.8507692307692307,2.5833846153846154,26.308378719234774,89.22769230769231
222,217.114,4.860384615384615,0.8507692307692307,2.5833846153846154,26.308378719234774,89.22769230769231
223,217.114,4.860384615384615,0.8507692307692307,2.5833846153846154,26.308378719234774,89.22769230769231
224,217.114,4.860384615384615,0.8507692307692307,2.5833846153846154,26.308378719234774,89.22769230769231
225,217.114,4.860384615384615,0.8507692307692307,2.5833846153846154,26.308378719234774,89.22769230769231
226,217.114,4.860384615384615,0.8507692307692307,2.5833846153846154,26.308378719234774,89.22769230769231
227,217.114,4.860384615384615,0.8507692307692307,2.5833846153846154,26.308378719234774,89.22769230769231
228,217.114,4.860384615384615,0.8507692307692307,2.5833846153846154,26.308378719234774,89.22769230769231
229,217.114,4.860384615384615,0.8507692307692307,2.5833846153846154,26.308378719234774,89.22769230769231
230,217.114,4.860384615384615,0.8507692307692307,2.5833846153846154,26.308378719234774,89.22769230769231
231,217.114,4.860384615384615,0.8507692307692307,2.5833846153846154,26.308378719234774,89.22769230769231
232,217.114,4.860384615384615,0.8507692307692307,2.5833846153846154,26.308378719234774,89.22769230769231
233,217.114,4.860384615384615,0.8507692307692307,2.5833846153846154,26.308378719234774,89.22769230769231
234,217.114,4.860384615384615,0.8507692307692307,2.5833846153846154,26.308378719234774,89.22769230769231
235,217.114,4.860384615384615,0.8507692307692307,2.5833846153846154,26.308378719234774,89.22769230769231
236,217.114,4.860384615384615,0.8507692307692307,2.5833846153846154,26.308378719234774,89.22769230769231
237,217.114,4.860384615384615,0.8507692307692307,2.5833846153846154,26.308378719234774,89.22769230769231
238,217.114,4.860384615384615,0.8507692307692307,2.5833846153846154,26.308378719234774,89.22769230769231
239,217.114,4.860384615384615,0.8507692307692307,2.5833846153846154,26.308378719234774,89.22769230769231
240,217.114,4.860384615384615,0.8507692307692307,2.5833846153846154,26.308378719234774,89.22769230769231
241,217.114,4.860384615384615,0.8507692307692307,2.5833846153846154,26.308378719234774,89.22769230769231
242,217.114,4.860384615384615,0.8507692307692307,2.5833846153846154,26.308378719234774,89.22769230769231
243,217.114,4.860384615384615,0.8507692307692307,2.5833846153846154,26.308378719234774,89.22769230769231
244,217.114,4.860384615384615,0.8507692307692307,2.5833846153846154,26.308378719234774,89.22769230769231
245,217.114,4.860384615384615,0.8507692307692307,2.5833846153846154,26.308378719234774,89.22769230769231
246,217.114,4.860384615384615,0.8507692307692307,2.5833846153846154,26.308378719234774,89.22769230769231
247,217.114,4.860384615384615,0.8507692307692307,2.5833846153846154,26.308378719234774,89.22769230769231
248,217.114,4.860384615384615,0.8507692307692307,2.5833846153846154,26.308378719234774,89.22769230769231
249,217.114,4.860384615384615,0.8507692307692307,2.5833846153846154,26.308378719234774,89.22769230769231
250,217.114,4.860384615384615,0.8507692307692307,2.5833846153846154,26.308378719234774,89.22769230769231
251,217.114,4.860384615384615,0.8507692307692307,2.5833846153846154,26.308378719234774,89.22769230769231
252,217.114,4.860384615384615,0.8507692307692307,2.5833846153846154,26.308378719234774,89.22769230769231
253,217.114,4.860384615384615,0.8507692307692307,2.5833846153846154,26.308378719234774,89.22769230769231
254,217.114,4.860384615384615,0.8507692307692307,2.5833846153846154,26.308378719234774,89.22769230769231
255,217.114,4.860384615384615,0.8507692307692307,2.5833846153846154,26.308378719234774,89.22769230769231
256,217.114,4.860384615384615,0.8507692307692307,2.5833846153846154,26.308378719234774,89.22769230769231
257,217.114,4.860384615384615,0.8507692307692307,2.5833846153846154,26.308378719234774,89.22769230769231
258,217.114,4.860384615384615,0.8507692307692307,2.5833846153846154,26.308378719234774,89.22769230769231
259,217.114,4.860384615384615,0.8507692307692307,2.5833846153846154,26.308378719234774,89.22769230769231
260,217.114,4.860384615384615,0.8507692307692307,2.5833846153846154,26.308378719234774,89.22769230769231
261,217.114,4.860384615384615,0.8507692307692307,2.5833846153846154,26.308378719234774,89.22769230769231
262,217.114,4.860384615384615,0.8507692307692307,2.5833846153846154,26.308378719234774,89.22769230769231
263,217.114,4.860384615384615,0.8507692307692307,2.5833846153846154,26.308378719234774,89.22769230769231
264,217.114,4.860384615384615,0.8507692307692307,2.5833846153846154,26.308378719234774,89.22769230769231
265,217.114,4.860384615384615,0.8507692307692307,2.5833846153846154,26.308378719234774,89.22769230769231
266,217.114,4.860384615384615,0.8507692307692307,2.5833846153846154,26.308378719234774,89.22769230769231
267,217.114,4.860384615384615,0.8507692307692307,2.5833846153846154,26.308378719234774,89.22769230769231
268,217.114,4.860384615384615,0.8507692307692307,2.5833846153846154,26.308378719234774,89.22769230769231
269,217.114,4.860384615384615,0.8507692307692307,2.5833846153846154,26.308378719234774,89.22769230769231
270,217.114,4.860384615384615,0.8507692307692307,2.5833846153846154,26.308378719234774,89.22769230769231
271,217.114,4.860384615384615,0.8507692307692307,2.5833846153846154,26.308378719234774,89.22769230769231
272,217.114,4.860384615384615,0.8507692307692307,2.5833846153846154,26.308378719234774,89.22769230769231
273,217.114,4.860384615384615,0.8507692307692307,2.5833846153846154,26.308378719234774,89.22769230769231
274,217.114,4.860384615384615,0.8507692307692307,2.5833846153846154,26.308378719234774,89.22769230769231
275,217.114,4.860384615384615,0.8507692307692307,2.5833846153846154,26.308378719234774,89.22769230769231
276,217.114,4.860384615384615,0.8507692307692307,2.5833846153846154,26.308378719234774,89.22769230769231
277,217.114,4.860384615384615,0.8507692307692307,2.5833846153846154,26.308378719234774,89.22769230769231
278,217.114,4.860384615384615,0.8507692307692307,2.5833846153846154,26.308378719234774,89.22769230769231
279,217.114,4.860384615384615,0.8507692307692307,2.5833846153846154,26.308378719234774,89.22769230769231
280,217.114,4.860384615384615,0.8507692307692307,2.5833846153846154,26.308378719234774,89.22769230769231
281,217.114,4.860384615384615,0.8507692307692307,2.5833846153846154,26.308378719234774,89.22769230769231
282,217.114,4.860384615384615,0.8507692307692307,2.5833846153846154,26.308378719234774,89.22769230769231
283,217.114,4.860384615384615,0.8507692307692307,2.5833846153846154,26.308378719234774,89.22769230769231
284,217.114,4.860384615384615,0.8507692307692307,2.5833846153846154,26.308378719234774,89.22769230769231
285,217.114,4.860384615384615,0.8507692307692307,2.5833846153846154,26.308378719234774,89.22769230769231
286,217.114,4.860384615384615,0.8507692307692307,2.5833846153846154,26.308378719234774,89.22769230769231
287,217.114,4.860384615384615,0.8507692307692307,2.5833846153846154,26.308378719234774,89.22769230769231
288,217.114,4.860384615384615,0.8507692307692307,2.5833846153846154,26.308378719234774,89.22769230769231
289,217.114,4.860384615384615,0.8507692307692307,2.5833846153846154,26.308378719234774,89.22769230769231
290,217.114,4.860384615384615,0.8507692307692307,2.5833846153846154,26.308378719234774,89.22769230769231
291,217.114,4.860384615384615,0.8507692307692307,2.5833846153846154,26.308378719234774,89.22769230769231
292,217.114,4.860384615384615,0.8507692307692307,2.5833846153846154,26.308378719234774,89.22769230769231
293,217.114,4.860384615384615,0.8507692307692307,2.5833846153846154,26.308378719234774,89.22769230769231
294,217.114,4.860384615384615,0.8507692307692307,2.5833846153846154,26.308378719234774,89.22769230769231
295,217.114,4.860384615384615,0.8507692307692307,2.5833846153846154,26.308378719234774,89.22769230769231
296,217.114,4.860384615384615,0.8507692307692307,2.5833846153846154,26.308378719234774,89.22769230769231
297,217.114,4.860384615384615,0.8507692307692307,2.5833846153846154,26.308378719234774,89.22769230769231
298,217.114,4.860384615384615,0.8507692307692307,2.5833846153846154,26.308378719234774,89.22769230769231
299,217.114,4.860384615384615,0.8507692307692307,2.5833846153846154,26.308378719234774,89.22769230769231
300,217.114,4.860384615384615,0.8507692307692307,2.5833846153846154,26.308378719234774,89.22769230769231
301,217.114,4.860384615384615,0.8507692307692307,2.5833846153846154,26.308378719234774,89.22769230769231
302,217.114,4.860384615384615,0.8507692307692307,2.5833846153846154,26.308378719234774,89.22769230769231
303,217.114,4.860384615384615,0.8507692307692307,2.5833846153846154,26.308378719234774,89.22769230769231
304,217.114,4.860384615384615,0.8507692307692307,2.5833846153846154,26.308378719234774,89.22769230769231
305,217.114,4.860384615384615,0.8507692307692307,2.5833846153846154,26.308378719234774,89.22769230769231
306,217.114,4.860384615384615,0.8507692307692307,2.5833846153846154,26.308378719234774,89.22769230769231
307,217.114,4.860384615384615,0.8507692307692307,2.5833846153846154,26.308378719234774,89.22769230769231
308,217.114,4.860384615384615,0.8507692307692307,2.5833846153846154,26.308378719234774,89.22769230769231
309,217.114,4.860384615384615,0.8507692307692307,2.5833846153846154,26.308378719234774,89.22769230769231
310,217.114,4.860384615384615,0.8507692307692307,2.5833846153846154,26.308378719234774,89.22769230769231
311,217.114,4.860384615384615,0.8507692307692307,2.5833846153846154,26.308378719234774,89.22769230769231
312,217.114,4.860384615384615,0.8507692307692307,2.5833846153846154,26.308378719234774,89.22769230769231
313,217.114,4.860384615384615,0.8507692307692307,2.5833846153846154,26.308378719234774,89.22769230769231
314,217.114,4.860384615384615,0.8507692307692307,2.5833846153846154,26.308378719234774,89.22769230769231
315,217.114,4.860384615384615,0.8507692307692307,2.5833846153846154,26.308378719234774,89.22769230769231
316,217.114,4.860384615384615,0.8507692307692307,2.5833846153846154,26.308378719234774,89.22769230769231
317,217.114,4.860384615384615,0.8507692307692307,2.5833846153846154,26.308378719234774,89.22769230769231
318,217.114,4.860384615384615,0.8507692307692307,2.5833846153846154,26.308378719234774,89.22769230769231
319,217.114,4.860384615384615,0.8507692307692307,2.5833846153846154,26.308378719234774,89.22769230769231
320,217.114,4.860384615384615,0.8507692307692307,2.5833846153846154,26.308378719234774,89.22769230769231
321,217.114,4.860384615384615,0.8507692307692307,2.5833846153846154,26.308378719234774,89.22769230769231
322,217.114,4.860384615384615,0.8507692307692307,2.5833846153846154,26.308378719234774,89.22769230769231
323,217.114,4.860384615384615,0.8507692307692307,2.5833846153846154,26.308378719234774,89.22769230769231
324,217.114,4.860384615384615,0.8507692307692307,2.5833846153846154,26.308378719234774,89.22769230769231
325,217.114,4.860384615384615,0.8507692307692307,2.5833846153846154,26.308378719234774,89.22769230769231
326,217.114,4.860384615384615,0.8507692307692307,2.5833846153846154,26.308378719234774,89.22769230769231
327,217.114,4.860384615384615,0.8507692307692307,2.5833846153846154,26.308378719234774,89.22769230769231
328,217.114,4.860384615384615,0.8507692307692307,2.5833846153846154,26.308378719234774,89.22769230769231
329,217.114,4.860384615384615,0.8507692307692307,2.5833846153846154,26.308378719234774,89.22769230769231
330,217.114,4.860384615384615,0.8507692307692307,2.5833846153846154,26.308378719234774,89.22769230769231
331,217.114,4.860384615384615,0.8507692307692307,2.5833846153846154,26.308378719234774,89.22769230769231
332,217.114,4.860384615384615,0.8507692307692307,2.5833846153846154,26.308378719234774,89.22769230769231
333,217.114,4.860384615384615,0.8507692307692307,2.5833846153846154,26.308378719234774,89.22769230769231
334,217.114,4.860384615384615,0.8507692307692307,2.5833846153846154,26.308378719234774,89.22769230769231
335,217.114,4.860384615384615,0.8507692307692307,2.5833846153846154,26.308378719234774,89.22769230769231
336,217.114,4.860384615384615,0.8507692307692307,2.5833846153846154,26.308378719234774,89.22769230769231
337,217.114,4.860384615384615,0.8507692307692307,2.5833846153846154,26.308378719234774,89.22769230769231
338,217.114,4.860384615384615,0.8507692307692307,2.5833846153846154,26.308378719234774,89.22769230769231
339,217.114,4.860384615384615,0.8507692307692307,2.5833846153846154,26.308378719234774,89.22769230769231
340,217.114,4.860384615384615,0.8507692307692307,2.5833846153846154,26.308378719234774,89.22769230769231
341,217.114,4.860384615384615,0.8507692307692307,2.5833846153846154,26.308378719234774,89.22769230769231
342,217.114,4.860384615384615,0.8507692307692307,2.5833846153846154,26.308378719234774,89.22769230769231
343,217.114,4.860384615384615,0.8507692307692307,2.5833846153846154,26.308378719234774,89.22769230769231
344,217.114,4.860384615384615,0.8507692307692307,2.5833846153846154,26.308378719234774,89.22769230769231
345,217.114,4.860384615384615,0.8507692307692307,2.5833846153846154,26.308378719234774,89.22769230769231
346,217.114,4.860384615384615,0.8507692307692307,2.5833846153846154,26.308378719234774,89.22769230769231
347,217.114,4.860384615384615,0.8507692307692307,2.5833846153846154,26.308378719234774,89.22769230769231
348,217.114,4.860384615384615,0.8507692307692307,2.5833846153846154,26.308378719234774,89.22769230769231
349,217.114,4.860384615384615,0.8507692307692307,2.5833846153846154,26.308378719234774,89.22769230769231
350,217.114,4.860384615384615,0.8507692307692307,2.5833846153846154,26.308378719234774,89.22769230769231
351,217.114,4.860384615384615,0.8507692307692307,2.5833846153846154,26.308378719234774,89.22769230769231
352,217.114,4.860384615384615,0.8507692307692307,2.5833846153846154,26.308378719234774,89.22769230769231
353,217.114,4.860384615384615,0.8507692307692307,2.5833846153846154,26.308378719234774,89.22769230769231
354,217.114,4.860384615384615,0.8507692307692307,2.5833846153846154,26.308378719234774,89.22769230769231
355,217.114,4.860384615384615,0.8507692307692307,2.5833846153846154,26.308378719234774,89.22769230769231
356,217.114,4.860384615384615,0.8507692307692307,2.5833846153846154,26.308378719234774,89.22769230769231
357,217.114,4.860384615384615,0.8507692307692307,2.5833846153846154,26.308378719234774,89.22769230769231
358,217.114,4.860384615384615,0.8507692307692307,2.5833846153846154,26.308378719234774,89.22769230769231
359,217.114,4.860384615384615,0.8507692307692307,2.5833846153846154,26.308378719234774,89.22769230769231
360,217.114,4.860384615384615,0.8507692307692307,2.5833846153846154,26.308378719234774,89.22769230769231
361,217.114,4.860384615384615,0.8507692307692307,2.5833846153846154,26.308378719234774,89.22769230769231
362,217.114,4.860384615384615,0.8507692307692307,2.5833846153846154,26.308378719234774,89.22769230769231
363,217.114,4.860384615384615,0.8507692307692307,2.5833846153846154,26.308378719234774,89.22769230769231
364,217.114,4.860384615384615,0.8507692307692307,2.5833846153846154,26.308378719234774,89.22769230769231
365,217.114,4.860384615384615,0.8507692307692307,2.5833846153846154,26.308378719234774,89.22769230769231
366,217.114,4.860384615384615,0.8507692307692307,2.5833846153846154,26.308378719234774,89.22769230769231
367,217.114,4.860384615384615,0.8507692307692307,2.5833846153846154,26.308378719234774,89.22769230769231
368,217.114,4.860384615384615,0.8507692307692307,2.5833846153846154,26.308378719234774,89.22769230769231
369,217.114,4.860384615384615,0.8507692307692307,2.5833846153846154,26.308378719234774,89.22769230769231
370,217.114,4.860384615384615,0.8507692307692307,2.5833846153846154,26.308378719234774,89.22769230769231
371,217.114,4.860384615384615,0.8507692307692307,2.5833846153846154,26.308378719234774,89.22769230769231
372,217.114,4.860384615384615,0.8507692307692307,2.5833846153846154,26.308378719234774,89.22769230769231
373,217.114,4.860384615384615,0.8507692307692307,2.5833846153846154,26.308378719234774,89.22769230769231
374,217.114,4.860384615384615,0.8507692307692307,2.5833846153846154,26.308378719234774,89.22769230769231
375,217.114,4.860384615384615,0.8507692307692307,2.5833846153846154,26.308378719234774,89.22769230769231
376,217.114,4.860384615384615,0.8507692307692307,2.5833846153846154,26.308378719234774,89.22769230769231
377,217.114,4.860384615384615,0.8507692307692307,2.5833846153846154,26.308378719234774,89.22769230769231
378,217.114,4.860384615384615,0.8507692307692307,2.5833846153846154,26.308378719234774,89.22769230769231
379,217.114,4.860384615384615,0.8507692307692307,2.5833846153846154,26.308378719234774,89.22769230769231
380,217.114,4.860384615384615,0.8507692307692307,2.5833846153846154,26.308378719234774,89.22769230769231
381,217.114,4.860384615384615,0.8507692307692307,2.5833846153846154,26.308378719234774,89.22769230769231
382,217.114,4.860384615384615,0.8507692307692307,2.5833846153846154,26.308378719234774,89.22769230769231
383,217.114,4.860384615384615,0.8507692307692307,2.5833846153846154,26.308378719234774,89.22769230769231
384,217.114,4.860384615384615,0.8507692307692307,2.5833846153846154,26.308378719234774,89.22769230769231
385,217.114,4.860384615384615,0.8507692307692307,2.5833846153846154,26.308378719234774,89.22769230769231
386,217.114,4.860384615384615,0.8507692307692307,2.5833846153846154,26.308378719234774,89.22769230769231
387,217.114,4.860384615384615,0.8507692307692307,2.5833846153846154,26.308378719234774,89.22769230769231
388,217.114,4.860384615384615,0.8507692307692307,2.5833846153846154,26.308378719234774,89.22769230769231
389,217.114,4.860384615384615,0.8507692307692307,2.5833846153846154,26.308378719234774,89.22769230769231
390,217.114,4.860384615384615,0.8507692307692307,2.5833846153846154,26.308378719234774,89.22769230769231
391,217.114,4.860384615384615,0.8507692307692307,2.5833846153846154,26.308378719234774,89.22769230769231
392,217.114,4.860384615384615,0.8507692307692307,2.5833846153846154,26.308378719234774,89.22769230769231
393,217.114,4.860384615384615,0.8507692307692307,2.5833846153846154,26.308378719234774,89.22769230769231
394,217.114,4.860384615384615,0.8507692307692307,2.5833846153846154,26.308378719234774,89.22769230769231
395,217.114,4.860384615384615,0.8507692307692307,2.5833846153846154,26.308378719234774,89.22769230769231
396,217.114,4.860384615384615,0.8507692307692307,2.5833846153846154,26.308378719234774,89.22769230769231
397,217.114,4.860384615384615,0.8507692307692307,2.5833846153846154,26.308378719234774,89.22769230769231
398,217.114,4.860384615384615,0.8507692307692307,2.5833846153846154,26.308378719234774,89.22769230769231
399,217.114,4.860384615384615,0.8507692307692307,2.5833846153846154,26.308378719234774,89.22769230769231
400,217.114,4.860384615384615,0.8507692307692307,2.5833846153846154,26.308378719234774,89.22769230769231
401,217.114,4.860384615384615,0.8507692307692307,2.5833846153846154,26.308378719234774,89.22769230769231
402,217.114,4.860384615384615,0.8507692307692307,2.5833846153846154,26.308378719234774,89.22769230769231
403,217.114,4.860384615384615,0.8507692307692307,2.5833846153846154,26.308378719234774,89.22769230769231
404,217.114,4.860384615384615,0.8507692307692307,2.5833846153846154,26.308378719234774,89.22769230769231
405,217.114,4.860384615384615,0.8507692307692307,2.5833846153846154,26.308378719234774,89.22769230769231
406,217.114,4.860384615384615,0.8507692307692307,2.5833846153846154,26.308378719234774,89.22769230769231
407,217.114,4.860384615384615,0.8507692307692307,2.5833846153846154,26.308378719234774,89.22769230769231
408,217.114,4.860384615384615,0.8507692307692307,2.5833846153846154,26.308378719234774,89.22769230769231
409,217.114,4.860384615384615,0.8507692307692307,2.5833846153846154,26.308378719234774,89.22769230769231
410,217.114,4.860384615384615,0.8507692307692307,2.5833846153846154,26.308378719234774,89.22769230769231
411,217.114,4.860384615384615,0.8507692307692307,2.5833846153846154,26.308378719234774,89.22769230769231
412,217.114,4.860384615384615,0.8507692307692307,2.5833846153846154,26.308378719234774,89.22769230769231
413,217.114,4.860384615384615,0.8507692307692307,2.5833846153846154,26.308378719234774,89.22769230769231
414,217.114,4.860384615384615,0.8507692307692307,2.5833846153846154,26.308378719234774,89.22769230769231
415,217.114,4.860384615384615,0.8507692307692307,2.5833846153846154,26.308378719234774,89.22769230769231
416,217.114,4.860384615384615,0.8507692307692307,2.5833846153846154,26.308378719234774,89.22769230769231
417,217.114,4.860384615384615,0.8507692307692307,2.5833846153846154,26.308378719234774,89.22769230769231
418,217.114,4.860384615384615,0.8507692307692307,2.5833846153846154,26.308378719234774,89.22769230769231
419,217.114,4.860384615384615,0.8507692307692307,2.5833846153846154,26.308378719234774,89.22769230769231
420,217.114,4.860384615384615,0.8507692307692307,2.5833846153846154,26.308378719234774,89.22769230769231
421,217.114,4.860384615384615,0.8507692307692307,2.5833846153846154,26.308378719234774,89.22769230769231
422,217.114,4.860384615384615,0.8507692307692307,2.5833846153846154,26.308378719234774,89.22769230769231
423,217.114,4.860384615384615,0.8507692307692307,2.5833846153846154,26.308378719234774,89.22769230769231
424,217.114,4.860384615384615,0.8507692307692307,2.5833846153846154,26.308378719234774,89.22769230769231
425,217.114,4.860384615384615,0.8507692307692307,2.5833846153846154,26.308378719234774,89.22769230769231
426,217.114,4.860384615384615,0.8507692307692307,2.5833846153846154,26.308378719234774,89.22769230769231
427,217.114,4.860384615384615,0.8507692307692307,2.5833846153846154,26.308378719234774,89.22769230769231
428,217.114,4.860384615384615,0.8507692307692307,2.5833846153846154,26.308378719234774,89.22769230769231
429,217.114,4.860384615384615,0.8507692307692307,2.5833846153846154,26.308378719234774,89.22769230769231
430,217.114,4.860384615384615,0.8507692307692307,2.5833846153846154,26.308378719234774,89.22769230769231
431,217.114,4.860384615384615,0.8507692307692307,2.5833846153846154,26.308378719234774,89.22769230769231
432,217.114,4.860384615384615,0.8507692307692307,2.5833846153846154,26.308378719234774,89.22769230769231
433,217.114,4.860384615384615,0.8507692307692307,2.5833846153846154,26.308378719234774,89.22769230769231
434,217.114,4.860384615384615,0.8507692307692307,2.5833846153846154,26.308378719234774,89.22769230769231
435,217.114,4.860384615384615,0.8507692307692307,2.5833846153846154,26.308378719234774,89.22769230769231
436,217.114,4.860384615384615,0.8507692307692307,2.5833846153846154,26.308378719234774,89.22769230769231
437,217.114,4.860384615384615,0.8507692307692307,2.5833846153846154,26.308378719234774,89.22769230769231
438,217.114,4.860384615384615,0.8507692307692307,2.5833846153846154,26.308378719234774,89.22769230769231
439,217.114,4.860384615384615,0.8507692307692307,2.5833846153846154,26.308378719234774,89.22769230769231
440,217.114,4.860384615384615,0.8507692307692307,2.5833846153846154,26.308378719234774,89.22769230769231
441,217.114,4.860384615384615,0.8507692307692307,2.5833846153846154,26.308378719234774,89.22769230769231
442,217.114,4.860384615384615,0.8507692307692307,2.5833846153846154,26.308378719234774,89.22769230769231
443,217.114,4.860384615384615,0.8507692307692307,2.5833846153846154,26.308378719234774,89.22769230769231
444,217.114,4.860384615384615,0.8507692307692307,2.5833846153846154,26.308378719234774,89.22769230769231
445,217.114,4.860384615384615,0.8507692307692307,2.5833846153846154,26.308378719234774,89.22769230769231
446,217.114,4.860384615384615,0.8507692307692307,2.5833846153846154,26.308378719234774,89.22769230769231
447,217.114,4.860384615384615,0.8507692307692307,2.5833846153846154,26.308378719234774,89.22769230769231
448,217.114,4.860384615384615,0.8507692307692307,2.5833846153846154,26.308378719234774,89.22769230769231
449,217.114,4.860384615384615,0.8507692307692307,2.5833846153846154,26.308378719234774,89.22769230769231
450,217.114,4.860384615384615,0.8507692307692307,2.5833846153846154,26.308378719234774,89.22769230769231
451,217.114,4.860384615384615,0.8507692307692307,2.5833846153846154,26.308378719234774,89.22769230769231
452,217.114,4.860384615384615,0.8507692307692307,2.5833846153846154,26.308378719234774,89.22769230769231
453,217.114,4.860384615384615,0.8507692307692307,2.5833846153846154,26.308378719234774,89.22769230769231
454,217.114,4.860384615384615,0.8507692307692307,2.5833846153846154,26.308378719234774,89.22769230769231
455,217.114,4.860384615384615,0.8507692307692307,2.5833846153846154,26.308378719234774,89.22769230769231
456,217.114,4.860384615384615,0.8507692307692307,2.5833846153846154,26.308378719234774,89.22769230769231
457,217.114,4.860384615384615,0.8507692307692307,2.5833846153846154,26.308378719234774,89.22769230769231
458,217.114,4.860384615384615,0.8507692307692307,2.5833846153846154,26.308378719234774,89.22769230769231
459,217.114,4.860384615384615,0.8507692307692307,2.5833846153846154,26.308378719234774,89.22769230769231
460,217.114,4.860384615384615,0.8507692307692307,2.5833846153846154,26.308378719234774,89.22769230769231
461,217.114,4.860384615384615,0.8507692307692307,2.5833846153846154,26.308378719234774,89.22769230769231
462,217.114,4.860384615384615,0.8507692307692307,2.5833846153846154,26.308378719234774,89.22769230769231
463,217.114,4.860384615384615,0.8507692307692307,2.5833846153846154,26.308378719234774,89.22769230769231
464,217.114,4.860384615384615,0.8507692307692307,2.5833846153846154,26.308378719234774,89.22769230769231
465,217.114,4.860384615384615,0.8507692307692307,2.5833846153846154,26.308378719234774,89.22769230769231
466,217.114,4.860384615384615,0.8507692307692307,2.5833846153846154,26.308378719234774,89.22769230769231
467,217.114,4.860384615384615,0.8507692307692307,2.5833846153846154,26.308378719234774,89.22769230769231
468,217.114,4.860384615384615,0.8507692307692307,2.5833846153846154,26.308378719234774,89.22769230769231
469,217.114,4.860384615384615,0.8507692307692307,2.5833846153846154,26.308378719234774,89.22769230769231
470,217.114,4.860384615384615,0.8507692307692307,2.5833846153846154,26.308378719234774,89.22769230769231
471,217.114,4.860384615384615,0.8507692307692307,2.5833846153846154,26.308378719234774,89.22769230769231
472,217.114,4.860384615384615,0.8507692307692307,2.5833846153846154,26.308378719234774,89.22769230769231
473,217.114,4.860384615384615,0.8507692307692307,2.5833846153846154,26.308378719234774,89.22769230769231
474,217.114,4.860384615384615,0.8507692307692307,2.5833846153846154,26.308378719234774,89.22769230769231
475,217.114,4.860384615384615,0.8507692307692307,2.5833846153846154,26.308378719234774,89.22769230769231
476,217.114,4.860384615384615,0.8507692307692307,2.5833846153846154,26.308378719234774,89.22769230769231
477,217.114,4.860384615384615,0.8507692307692307,2.5833846153846154,26.308378719234774,89.22769230769231
478,217.114,4.860384615384615,0.8507692307692307,2.5833846153846154,26.308378719234774,89.22769230769231
479,217.114,4.860384615384615,0.8507692307692307,2.5833846153846154,26.308378719234774,89.22769230769231
480,217.114,4.860384615384615,0.8507692307692307,2.5833846153846154,26.308378719234774,89.22769230769231
481,217.114,4.860384615384615,0.8507692307692307,2.5833846153846154,26.308378719234774,89.22769230769231
482,217.114,4.860384615384615,0.8507692307692307,2.5833846153846154,26.308378719234774,89.22769230769231
483,217.114,4.860384615384615,0.8507692307692307,2.5833846153846154,26.308378719234774,89.22769230769231
484,217.114,4.860384615384615,0.8507692307692307,2.5833846153846154,26.308378719234774,89.22769230769231
485,217.114,4.860384615384615,0.8507692307692307,2.5833846153846154,26.308378719234774,89.22769230769231
486,217.114,4.860384615384615,0.8507692307692307,2.5833846153846154,26.308378719234774,89.22769230769231
487,217.114,4.860384615384615,0.8507692307692307,2.5833846153846154,26.308378719234774,89.22769230769231
488,217.114,4.860384615384615,0.8507692307692307,2.5833846153846154,26.308378719234774,89.22769230769231
489,217.114,4.860384615384615,0.8507692307692307,2.5833846153846154,26.308378719234774,89.22769230769231
490,217.114,4.860384615384615,0.8507692307692307,2.5833846153846154,26.308378719234774,89.22769230769231
491,217.114,4.860384615384615,0.8507692307692307,2.5833846153846154,26.308378719234774,89.22769230769231
492,217.114,4.860384615384615,0.8507692307692307,2.5833846153846154,26.308378719234774,89.22769230769231
493,217.114,4.860384615384615,0.8507692307692307,2.5833846153846154,26.308378719234774,89.22769230769231
494,217.114,4.860384615384615,0.8507692307692307,2.5833846153846154,26.308378719234774,89.22769230769231
495,217.114,4.860384615384615,0.8507692307692307,2.5833846153846154,26.308378719234774,89.22769230769231
496,217.114,4.860384615384615,0.8507692307692307,2.5833846153846154,26.308378719234774,89.22769230769231
497,217.114,4.860384615384615,0.8507692307692307,2.5833846153846154,26.308378719234774,89.22769230769231
498,217.114,4.860384615384615,0.8507692307692307,2.5833846153846154,26.308378719234774,89.22769230769231
499,217.114,4.860384615384615,0.8507692307692307,2.5833846153846154,26.308378719234774,89.22769230769231
500,217.114,4.860384615384615,0.8507692307692307,2.5833846153846154,26.308378719234774,89.22769230769231
501,217.114,4.860384615384615,0.8507692307692307,2.5833846153846154,26.308378719234774,89.22769230769231
502,217.114,4.860384615384615,0.8507692307692307,2.5833846153846154,26.308378719234774,89.22769230769231
503,217.114,4.860384615384615,0.8507692307692307,2.5833846153846154,26.308378719234774,89.22769230769231
504,217.114,4.860384615384615,0.8507692307692307,2.5833846153846154,26.308378719234774,89.22769230769231
505,217.114,4.860384615384615,0.8507692307692307,2.5833846153846154,26.308378719234774,89.22769230769231
506,217.114,4.860384615384615,0.8507692307692307,2.5833846153846154,26.308378719234774,89.22769230769231
507,217.114,4.860384615384615,0.8507692307692307,2.5833846153846154,26.308378719234774,89.22769230769231
508,217.114,4.860384615384615,0.8507692307692307,2.5833846153846154,26.308378719234774,89.22769230769231
509,217.114,4.860384615384615,0.8507692307692307,2.5833846153846154,26.308378719234774,89.22769230769231
510,217.114,4.860384615384615,0.8507692307692307,2.5833846153846154,26.308378719234774,89.22769230769231
511,217.114,4.860384615384615,0.8507692307692307,2.5833846153846154,26.308378719234774,89.22769230769231
512,217.114,4.860384615384615,0.8507692307692307,2.5833846153846154,26.308378719234774,89.22769230769231
513,217.114,4.860384615384615,0.8507692307692307,2.5833846153846154,26.308378719234774,89.22769230769231
514,217.114,4.860384615384615,0.8507692307692307,2.5833846153846154,26.308378719234774,89.22769230769231
515,217.114,4.860384615384615,0.8507692307692307,2.5833846153846154,26.308378719234774,89.22769230769231
516,217.114,4.860384615384615,0.8507692307692307,2.5833846153846154,26.308378719234774,89.22769230769231
517,217.114,4.860384615384615,0.8507692307692307,2.5833846153846154,26.308378719234774,89.22769230769231
518,217.114,4.860384615384615,0.8507692307692307,2.5833846153846154,26.308378719234774,89.22769230769231
519,217.114,4.860384615384615,0.8507692307692307,2.5833846153846154,26.308378719234774,89.22769230769231
520,217.114,4.860384615384615,0.8507692307692307,2.5833846153846154,26.308378719234774,89.22769230769231
521,217.114,4.860384615384615,0.8507692307692307,2.5833846153846154,26.308378719234774,89.22769230769231
522,217.114,4.860384615384615,0.8507692307692307,2.5833846153846154,26.308378719234774,89.22769230769231
523,217.114,4.860384615384615,0.8507692307692307,2.5833846153846154,26.308378719234774,89.22769230769231
524,217.114,4.860384615384615,0.8507692307692307,2.5833846153846154,26.308378719234774,89.22769230769231
525,217.114,4.860384615384615,0.8507692307692307,2.5833846153846154,26.308378719234774,89.22769230769231
526,217.114,4.860384615384615,0.8507692307692307,2.5833846153846154,26.308378719234774,89.22769230769231
527,217.114,4.860384615384615,0.8507692307692307,2.5833846153846154,26.308378719234774,89.22769230769231
528,217.114,4.860384615384615,0.8507692307692307,2.5833846153846154,26.308378719234774,89.22769230769231
529,217.114,4.860384615384615,0.8507692307692307,2.5833846153846154,26.308378719234774,89.22769230769231
530,217.114,4.860384615384615,0.8507692307692307,2.5833846153846154,26.308378719234774,89.22769230769231
531,217.114,4.860384615384615,0.8507692307692307,2.5833846153846154,26.308378719234774,89.22769230769231
532,217.114,4.860384615384615,0.8507692307692307,2.5833846153846154,26.308378719234774,89.22769230769231
533,217.114,4.860384615384615,0.8507692307692307,2.5833846153846154,26.308378719234774,89.22769230769231
534,217.114,4.860384615384615,0.8507692307692307,2.5833846153846154,26.308378719234774,89.22769230769231
535,217.114,4.860384615384615,0.8507692307692307,2.5833846153846154,26.308378719234774,89.22769230769231
536,217.114,4.860384615384615,0.8507692307692307,2.5833846153846154,26.308378719234774,89.22769230769231
537,217.114,4.860384615384615,0.8507692307692307,2.5833846153846154,26.308378719234774,89.22769230769231
538,217.114,4.860384615384615,0.8507692307692307,2.5833846153846154,26.308378719234774,89.22769230769231
539,217.114,4.860384615384615,0.8507692307692307,2.5833846153846154,26.308378719234774,89.22769230769231
540,217.114,4.860384615384615,0.8507692307692307,2.5833846153846154,26.308378719234774,89.22769230769231
541,217.114,4.860384615384615,0.8507692307692307,2.5833846153846154,26.308378719234774,89.22769230769231
542,217.114,4.860384615384615,0.8507692307692307,2.5833846153846154,26.308378719234774,89.22769230769231
543,217.114,4.860384615384615,0.8507692307692307,2.5833846153846154,26.308378719234774,89.22769230769231
544,217.114,4.860384615384615,0.8507692307692307,2.5833846153846154,26.308378719234774,89.22769230769231
545,217.114,4.860384615384615,0.8507692307692307,2.5833846153846154,26.308378719234774,89.22769230769231
546,217.114,4.860384615384615,0.8507692307692307,2.5833846153846154,26.308378719234774,89.22769230769231
547,217.114,4.860384615384615,0.8507692307692307,2.5833846153846154,26.308378719234774,89.22769230769231
548,217.114,4.860384615384615,0.8507692307692307,2.5833846153846154,26.308378719234774,89.22769230769231
549,217.114,4.860384615384615,0.8507692307692307,2.5833846153846154,26.308378719234774,89.22769230769231
550,217.114,4.860384615384615,0.8507692307692307,2.5833846153846154,26.308378719234774,89.22769230769231
551,217.114,4.860384615384615,0.8507692307692307,2.5833846153846154,26.308378719234774,89.22769230769231
552,217.114,4.860384615384615,0.8507692307692307,2.5833846153846154,26.308378719234774,89.22769230769231
553,217.114,4.860384615384615,0.8507692307692307,2.5833846153846154,26.308378719234774,89.22769230769231
554,217.114,4.860384615384615,0.8507692307692307,2.5833846153846154,26.308378719234774,89.22769230769231
555,217.114,4.860384615384615,0.8507692307692307,2.5833846153846154,26.308378719234774,89.22769230769231
556,217.114,4.860384615384615,0.8507692307692307,2.5833846153846154,26.308378719234774,89.22769230769231
557,217.114,4.860384615384615,0.8507692307692307,2.5833846153846154,26.308378719234774,89.22769230769231
558,217.114,4.860384615384615,0.8507692307692307,2.5833846153846154,26.308378719234774,89.22769230769231
559,217.114,4.860384615384615,0.8507692307692307,2.5833846153846154,26.308378719234774,89.22769230769231
560,217.114,4.860384615384615,0.8507692307692307,2.5833846153846154,26.308378719234774,89.22769230769231
561,217.114,4.860384615384615,0.8507692307692307,2.5833846153846154,26.308378719234774,89.22769230769231
562,217.114,4.860384615384615,0.8507692307692307,2.5833846153846154,26.308378719234774,89.22769230769231
563,217.114,4.860384615384615,0.8507692307692307,2.5833846153846154,26.308378719234774,89.22769230769231
564,217.114,4.860384615384615,0.8507692307692307,2.5833846153846154,26.308378719234774,89.22769230769231
565,217.114,4.860384615384615,0.8507692307692307,2.5833846153846154,26.308378719234774,89.22769230769231
566,217.114,4.860384615384615,0.8507692307692307,2.5833846153846154,26.308378719234774,89.22769230769231
567,217.114,4.860384615384615,0.8507692307692307,2.5833846153846154,26.308378719234774,89.22769230769231
568,217.114,4.860384615384615,0.8507692307692307,2.5833846153846154,26.308378719234774,89.22769230769231
569,217.114,4.860384615384615,0.8507692307692307,2.5833846153846154,26.308378719234774,89.22769230769231
570,217.114,4.860384615384615,0.8507692307692307,2.5833846153846154,26.308378719234774,89.22769230769231
571,217.114,4.860384615384615,0.8507692307692307,2.5833846153846154,26.308378719234774,89.22769230769231
572,217.114,4.860384615384615,0.8507692307692307,2.5833846153846154,26.308378719234774,89.22769230769231
573,217.114,4.860384615384615,0.8507692307692307,2.5833846153846154,26.308378719234774,89.22769230769231
574,217.114,4.860384615384615,0.8507692307692307,2.5833846153846154,26.308378719234774,89.22769230769231
575,217.114,4.860384615384615,0.8507692307692307,2.5833846153846154,26.308378719234774,89.22769230769231
576,217.114,4.860384615384615,0.8507692307692307,2.5833846153846154,26.308378719234774,89.22769230769231
577,217.114,4.860384615384615,0.8507692307692307,2.5833846153846154,26.308378719234774,89.22769230769231
578,217.114,4.860384615384615,0.8507692307692307,2.5833846153846154,26.308378719234774,89.22769230769231
579,217.114,4.860384615384615,0.8507692307692307,2.5833846153846154,26.308378719234774,89.22769230769231
580,217.114,4.860384615384615,0.8507692307692307,2.5833846153846154,26.308378719234774,89.22769230769231
581,217.114,4.860384615384615,0.8507692307692307,2.5833846153846154,26.308378719234774,89.22769230769231
582,217.114,4.860384615384615,0.8507692307692307,2.5833846153846154,26.308378719234774,89.22769230769231
583,217.114,4.860384615384615,0.8507692307692307,2.5833846153846154,26.308378719234774,89.22769230769231
584,217.114,4.860384615384615,0.8507692307692307,2.5833846153846154,26.308378719234774,89.22769230769231
585,217.114,4.860384615384615,0.8507692307692307,2.5833846153846154,26.308378719234774,89.22769230769231
586,217.114,4.860384615384615,0.8507692307692307,2.5833846153846154,26.308378719234774,89.22769230769231
587,217.114,4.860384615384615,0.8507692307692307,2.5833846153846154,26.308378719234774,89.22769230769231
588,217.114,4.860384615384615,0.8507692307692307,2.5833846153846154,26.308378719234774,89.22769230769231
589,217.114,4.860384615384615,0.8507692307692307,2.5833846153846154,26.308378719234774,89.22769230769231
590,217.114,4.860384615384615,0.8507692307692307,2.5833846153846154,26.308378719234774,89.22769230769231
591,217.114,4.860384615384615,0.8507692307692307,2.5833846153846154,26.308378719234774,89.22769230769231
592,217.114,4.860384615384615,0.8507692307692307,2.5833846153846154,26.308378719234774,89.22769230769231
593,217.114,4.860384615384615,0.8507692307692307,2.5833846153846154,26.308378719234774,89.22769230769231
594,217.114,4.860384615384615,0.8507692307692307,2.5833846153846154,26.308378719234774,89.22769230769231
595,217.114,4.860384615384615,0.8507692307692307,2.5833846153846154,26.308378719234774,89.22769230769231
596,217.114,4.860384615384615,0.8507692307692307,2.5833846153846154,26.308378719234774,89.22769230769231
597,217.114,4.860384615384615,0.8507692307692307,2.5833846153846154,26.308378719234774,89.22769230769231
598,217.114,4.860384615384615,0.8507692307692307,2.5833846153846154,26.308378719234774,89.22769230769231
599,217.114,4.860384615384615,0.8507692307692307,2.5833846153846154,26.308378719234774,89.22769230769231
600,217.114,4.860384615384615,0.8507692307692307,2.5833846153846154,26.308378719234774,89.22769230769231
601,217.114,4.860384615384615,0.8507692307692307,2.5833846153846154,26.308378719234774,89.22769230769231
602,217.114,4.860384615384615,0.8507692307692307,2.5833846153846154,26.308378719234774,89.22769230769231
603,217.114,4.860384615384615,0.8507692307692307,2.5833846153846154,26.308378719234774,89.22769230769231
604,217.114,4.860384615384615,0.8507692307692307,2.5833846153846154,26.308378719234774,89.22769230769231
605,217.114,4.860384615384615,0.8507692307692307,2.5833846153846154,26.308378719234774,89.22769230769231
606,217.114,4.860384615384615,0.8507692307692307,2.5833846153846154,26.308378719234774,89.22769230769231
607,217.114,4.860384615384615,0.8507692307692307,2.5833846153846154,26.308378719234774,89.22769230769231
608,217.114,4.860384615384615,0.8507692307692307,2.5833846153846154,26.308378719234774,89.22769230769231
609,217.114,4.860384615384615,0.8507692307692307,2.5833846153846154,26.308378719234774,89.22769230769231
610,217.114,4.860384615384615,0.8507692307692307,2.5833846153846154,26.308378719234774,89.22769230769231
611,217.114,4.860384615384615,0.8507692307692307,2.5833846153846154,26.308378719234774,89.22769230769231
612,217.114,4.860384615384615,0.8507692307692307,2.5833846153846154,26.308378719234774,89.22769230769231
613,217.114,4.860384615384615,0.8507692307692307,2.5833846153846154,26.308378719234774,89.22769230769231
614,217.114,4.860384615384615,0.8507692307692307,2.5833846153846154,26.308378719234774,89.22769230769231
615,217.114,4.860384615384615,0.8507692307692307,2.5833846153846154,26.308378719234774,89.22769230769231
616,217.114,4.860384615384615,0.8507692307692307,2.5833846153846154,26.308378719234774,89.22769230769231
617,217.114,4.860384615384615,0.8507692307692307,2.5833846153846154,26.308378719234774,89.22769230769231
618,217.114,4.860384615384615,0.8507692307692307,2.5833846153846154,26.308378719234774,89.22769230769231
619,217.114,4.860384615384615,0.8507692307692307,2.5833846153846154,26.308378719234774,89.22769230769231
620,217.114,4.860384615384615,0.8507692307692307,2.5833846153846154,26.308378719234774,89.22769230769231
621,217.114,4.860384615384615,0.8507692307692307,2.5833846153846154,26.308378719234774,89.22769230769231
622,217.114,4.860384615384615,0.8507692307692307,2.5833846153846154,26.308378719234774,89.22769230769231
623,217.114,4.860384615384615,0.8507692307692307,2.5833846153846154,26.308378719234774,89.22769230769231
624,217.114,4.860384615384615,0.8507692307692307,2.5833846153846154,26.308378719234774,89.22769230769231
625,217.114,4.860384615384615,0.8507692307692307,2.5833846153846154,26.308378719234774,89.22769230769231
626,217.114,4.860384615384615,0.8507692307692307,2.5833846153846154,26.308378719234774,89.22769230769231
627,217.114,4.860384615384615,0.8507692307692307,2.5833846153846154,26.308378719234774,89.22769230769231
628,217.114,4.860384615384615,0.8507692307692307,2.5833846153846154,26.308378719234774,89.22769230769231
629,217.114,4.860384615384615,0.8507692307692307,2.5833846153846154,26.308378719234774,89.22769230769231
630,217.114,4.860384615384615,0.8507692307692307,2.5833846153846154,26.308378719234774,89.22769230769231
631,217.114,4.860384615384615,0.8507692307692307,2.5833846153846154,26.308378719234774,89.22769230769231
632,217.114,4.860384615384615,0.8507692307692307,2.5833846153846154,26.308378719234774,89.22769230769231
633,217.114,4.860384615384615,0.8507692307692307,2.5833846153846154,26.308378719234774,89.22769230769231
634,217.114,4.860384615384615,0.8507692307692307,2.5833846153846154,26.308378719234774,89.22769230769231
635,217.114,4.860384615384615,0.8507692307692307,2.5833846153846154,26.308378719234774,89.22769230769231
636,217.114,4.860384615384615,0.8507692307692307,2.5833846153846154,26.308378719234774,89.22769230769231
637,217.114,4.860384615384615,0.8507692307692307,2.5833846153846154,26.308378719234774,89.22769230769231
638,217.114,4.860384615384615,0.8507692307692307,2.5833846153846154,26.308378719234774,89.22769230769231
639,217.114,4.860384615384615,0.8507692307692307,2.5833846153846154,26.308378719234774,89.22769230769231
640,217.114,4.860384615384615,0.8507692307692307,2.5833846153846154,26.308378719234774,89.22769230769231
641,217.114,4.860384615384615,0.8507692307692307,2.5833846153846154,26.308378719234774,89.22769230769231
642,217.114,4.860384615384615,0.8507692307692307,2.5833846153846154,26.308378719234774,89.22769230769231
643,217.114,4.860384615384615,0.8507692307692307,2.5833846153846154,26.308378719234774,89.22769230769231
644,217.114,4.860384615384615,0.8507692307692307,2.5833846153846154,26.308378719234774,89.22769230769231
645,217.114,4.860384615384615,0.8507692307692307,2.5833846153846154,26.308378719234774,89.22769230769231
646,217.114,4.860384615384615,0.8507692307692307,2.5833846153846154,26.308378719234774,89.22769230769231
647,217.114,4.860384615384615,0.8507692307692307,2.5833846153846154,26.308378719234774,89.22769230769231
648,217.114,4.860384615384615,0.8507692307692307,2.5833846153846154,26.308378719234774,89.22769230769231
649,217.114,4.860384615384615,0.8507692307692307,2.5833846153846154,26.308378719234774,89.22769230769231
650,217.114,4.860384615384615,0.8507692307692307,2.5833846153846154,26.308378719234774,89.22769230769231
651,217.114,4.860384615384615,0.8507692307692307,2.5833846153846154,26.308378719234774,89.22769230769231
652,217.114,4.860384615384615,0.8507692307692307,2.5833846153846154,26.308378719234774,89.22769230769231
653,217.114,4.860384615384615,0.8507692307692307,2.5833846153846154,26.308378719234774,89.22769230769231
654,217.114,4.860384615384615,0.8507692307692307,2.5833846153846154,26.308378719234774,89.22769230769231
655,217.114,4.860384615384615,0.8507692307692307,2.5833846153846154,26.308378719234774,89.22769230769231
656,217.114,4.860384615384615,0.8507692307692307,2.5833846153846154,26.308378719234774,89.22769230769231
657,217.114,4.860384615384615,0.8507692307692307,2.5833846153846154,26.308378719234774,89.22769230769231
658,217.114,4.860384615384615,0.8507692307692307,2.5833846153846154,26.308378719234774,89.22769230769231
659,217.114,4.860384615384615,0.8507692307692307,2.5833846153846154,26.308378719234774,89.22769230769231
660,217.114,4.860384615384615,0.8507692307692307,2.5833846153846154,26.308378719234774,89.22769230769231
661,217.114,4.860384615384615,0.8507692307692307,2.5833846153846154,26.308378719234774,89.22769230769231
662,217.114,4.860384615384615,0.8507692307692307,2.5833846153846154,26.308378719234774,89.22769230769231
663,217.114,4.860384615384615,0.8507692307692307,2.5833846153846154,26.308378719234774,89.22769230769231
664,217.114,4.860384615384615,0.8507692307692307,2.5833846153846154,26.308378719234774,89.22769230769231
665,217.114,4.860384615384615,0.8507692307692307,2.5833846153846154,26.308378719234774,89.22769230769231
666,217.114,4.860384615384615,0.8507692307692307,2.5833846153846154,26.308378719234774,89.22769230769231
667,217.114,4.860384615384615,0.8507692307692307,2.5833846153846154,26.308378719234774,89.22769230769231
668,217.114,4.860384615384615,0.8507692307692307,2.5833846153846154,26.308378719234774,89.22769230769231
669,217.114,4.860384615384615,0.8507692307692307,2.5833846153846154,26.308378719234774,89.22769230769231
670,217.114,4.860384615384615,0.8507692307692307,2.5833846153846154,26.308378719234774,89.22769230769231
671,217.114,4.860384615384615,0.8507692307692307,2.5833846153846154,26.308378719234774,89.22769230769231
672,217.114,4.860384615384615,0.8507692307692307,2.5833846153846154,26.308378719234774,89.22769230769231
673,217.114,4.860384615384615,0.8507692307692307,2.5833846153846154,26.308378719234774,89.22769230769231
674,217.114,4.860384615384615,0.8507692307692307,2.5833846153846154,26.308378719234774,89.22769230769231
675,217.114,4.860384615384615,0.8507692307692307,2.5833846153846154,26.308378719234774,89.22769230769231
676,217.114,4.860384615384615,0.8507692307692307,2.5833846153846154,26.308378719234774,89.22769230769231
677,217.114,4.860384615384615,0.8507692307692307,2.5833846153846154,26.308378719234774,89.22769230769231
678,217.114,4.860384615384615,0.8507692307692307,2.5833846153846154,26.308378719234774,89.22769230769231
679,217.114,4.860384615384615,0.8507692307692307,2.5833846153846154,26.308378719234774,89.22769230769231
680,217.114,4.860384615384615,0.8507692307692307,2.5833846153846154,26.308378719234774,89.22769230769231
681,217.114,4.860384615384615,0.8507692307692307,2.5833846153846154,26.308378719234774,89.22769230769231
682,217.114,4.860384615384615,0.8507692307692307,2.5833846153846154,26.308378719234774,89.22769230769231
683,217.114,4.860384615384615,0.8507692307692307,2.5833846153846154,26.308378719234774,89.22769230769231
684,217.114,4.860384615384615,0.8507692307692307,2.5833846153846154,26.308378719234774,89.22769230769231
685,217.114,4.860384615384615,0.8507692307692307,2.5833846153846154,26.308378719234774,89.22769230769231
686,217.114,4.860384615384615,0.8507692307692307,2.5833846153846154,26.308378719234774,89.22769230769231
687,217.114,4.860384615384615,0.8507692307692307,2.5833846153846154,26.308378719234774,89.22769230769231
688,217.114,4.860384615384615,0.8507692307692307,2.5833846153846154,26.308378719234774,89.22769230769231
689,217.114,4.860384615384615,0.8507692307692307,2.5833846153846154,26.308378719234774,89.22769230769231
690,217.114,4.860384615384615,0.8507692307692307,2.5833846153846154,26.308378719234774,89.22769230769231
691,217.114,4.860384615384615,0.8507692307692307,2.5833846153846154,26.308378719234774,89.22769230769231
692,217.114,4.860384615384615,0.8507692307692307,2.5833846153846154,26.308378719234774,89.22769230769231
693,217.114,4.860384615384615,0.8507692307692307,2.5833846153846154,26.308378719234774,89.22769230769231
694,217.114,4.860384615384615,0.8507692307692307,2.5833846153846154,26.308378719234774,89.22769230769231
695,217.114,4.860384615384615,0.8507692307692307,2.5833846153846154,26.308378719234774,89.22769230769231
696,217.114,4.860384615384615,0.8507692307692307,2.5833846153846154,26.308378719234774,89.22769230769231
697,217.114,4.860384615384615,0.8507692307692307,2.5833846153846154,26.308378719234774,89.22769230769231
698,217.114,4.860384615384615,0.8507692307692307,2.5833846153846154,26.308378719234774,89.22769230769231
699,217.114,4.860384615384615,0.8507692307692307,2.5833846153846154,26.308378719234774,89.22769230769231
700,217.114,4.860384615384615,0.8507692307692307,2.5833846153846154,26.308378719234774,89.22769230769231
701,217.114,4.860384615384615,0.8507692307692307,2.5833846153846154,26.308378719234774,89.22769230769231
702,217.114,4.860384615384615,0.8507692307692307,2.5833846153846154,26.308378719234774,89.22769230769231
703,217.114,4.860384615384615,0.8507692307692307,2.5833846153846154,26.308378719234774,89.22769230769231
704,217.114,4.860384615384615,0.8507692307692307,2.5833846153846154,26.308378719234774,89.22769230769231
705,217.114,4.860384615384615,0.8507692307692307,2.5833846153846154,26.308378719234774,89.22769230769231
706,217.114,4.860384615384615,0.8507692307692307,2.5833846153846154,26.308378719234774,89.22769230769231
707,217.114,4.860384615384615,0.8507692307692307,2.5833846153846154,26.308378719234774,89.22769230769231
708,217.114,4.860384615384615,0.8507692307692307,2.5833846153846154,26.308378719234774,89.22769230769231
709,217.114,4.860384615384615,0.8507692307692307,2.5833846153846154,26.308378719234774,89.22769230769231
710,217.114,4.860384615384615,0.8507692307692307,2.5833846153846154,26.308378719234774,89.22769230769231
711,217.114,4.860384615384615,0.8507692307692307,2.5833846153846154,26.308378719234774,89.22769230769231
712,217.114,4.860384615384615,0.8507692307692307,2.5833846153846154,26.308378719234774,89.22769230769231
713,217.114,4.860384615384615,0.8507692307692307,2.5833846153846154,26.308378719234774,89.22769230769231
714,217.114,4.860384615384615,0.8507692307692307,2.5833846153846154,26.308378719234774,89.22769230769231
715,217.114,4.860384615384615,0.8507692307692307,2.5833846153846154,26.308378719234774,89.22769230769231
716,217.114,4.860384615384615,0.8507692307692307,2.5833846153846154,26.308378719234774,89.22769230769231
717,217.114,4.860384615384615,0.8507692307692307,2.5833846153846154,26.308378719234774,89.22769230769231
718,217.114,4.860384615384615,0.8507692307692307,2.5833846153846154,26.308378719234774,89.22769230769231
719,217.114,4.860384615384615,0.8507692307692307,2.5833846153846154,26.308378719234774,89.22769230769231
720,217.114,4.860384615384615,0.8507692307692307,2.5833846153846154,26.308378719234774,89.22769230769231
721,217.114,4.860384615384615,0.8507692307692307,2.5833846153846154,26.308378719234774,89.22769230769231
722,217.114,4.860384615384615,0.8507692307692307,2.5833846153846154,26.308378719234774,89.22769230769231
723,217.114,4.860384615384615,0.8507692307692307,2.5833846153846154,26.308378719234774,89.22769230769231
724,217.114,4.860384615384615,0.8507692307692307,2.5833846153846154,26.308378719234774,89.22769230769231
725,217.114,4.860384615384615,0.8507692307692307,2.5833846153846154,26.308378719234774,89.22769230769231
726,217.114,4.860384615384615,0.8507692307692307,2.5833846153846154,26.308378719234774,89.22769230769231
727,217.114,4.860384615384615,0.8507692307692307,2.5833846153846154,26.308378719234774,89.22769230769231
728,217.114,4.860384615384615,0.8507692307692307,2.5833846153846154,26.308378719234774,89.22769230769231
729,217.114,4.860384615384615,0.8507692307692307,2.5833846153846154,26.308378719234774,89.22769230769231
730,217.114,4.860384615384615,0.8507692307692307,2.5833846153846154,26.308378719234774,89.22769230769231
731,217.114,4.860384615384615,0.8507692307692307,2.5833846153846154,26.308378719234774,89.22769230769231
732,217.114,4.860384615384615,0.8507692307692307,2.5833846153846154,26.308378719234774,89.22769230769231
733,217.114,4.860384615384615,0.8507692307692307,2.5833846153846154,26.308378719234774,89.22769230769231
734,217.114,4.860384615384615,0.8507692307692307,2.5833846153846154,26.308378719234774,89.22769230769231
735,217.114,4.860384615384615,0.8507692307692307,2.5833846153846154,26.308378719234774,89.22769230769231
736,217.114,4.860384615384615,0.8507692307692307,2.5833846153846154,26.308378719234774,89.22769230769231
737,217.114,4.860384615384615,0.8507692307692307,2.5833846153846154,26.308378719234774,89.22769230769231
738,217.114,4.860384615384615,0.8507692307692307,2.5833846153846154,26.308378719234774,89.22769230769231
739,217.114,4.860384615384615,0.8507692307692307,2.5833846153846154,26.308378719234774,89.22769230769231
740,217.114,4.860384615384615,0.8507692307692307,2.5833846153846154,26.308378719234774,89.22769230769231
741,217.114,4.860384615384615,0.8507692307692307,2.5833846153846154,26.308378719234774,89.22769230769231
742,217.114,4.860384615384615,0.8507692307692307,2.5833846153846154,26.308378719234774,89.22769230769231
743,217.114,4.860384615384615,0.8507692307692307,2.5833846153846154,26.308378719234774,89.22769230769231
744,217.114,4.860384615384615,0.8507692307692307,2.5833846153846154,26.308378719234774,89.22769230769231
745,217.114,4.860384615384615,0.8507692307692307,2.5833846153846154,26.308378719234774,89.22769230769231
746,217.114,4.860384615384615,0.8507692307692307,2.5833846153846154,26.308378719234774,89.22769230769231
747,217.114,4.860384615384615,0.8507692307692307,2.5833846153846154,26.308378719234774,89.22769230769231
748,217.114,4.860384615384615,0.8507692307692307,2.5833846153846154,26.308378719234774,89.22769230769231
749,217.114,4.860384615384615,0.8507692307692307,2.5833846153846154,26.308378719234774,89.22769230769231
750,217.114,4.860384615384615,0.8507692307692307,2.5833846153846154,26.308378719234774,89.22769230769231
751,217.114,4.860384615384615,0.8507692307692307,2.5833846153846154,26.308378719234774,89.22769230769231
752,217.114,4.860384615384615,0.8507692307692307,2.5833846153846154,26.308378719234774,89.22769230769231
753,217.114,4.860384615384615,0.8507692307692307,2.5833846153846154,26.308378719234774,89.22769230769231
754,217.114,4.860384615384615,0.8507692307692307,2.5833846153846154,26.308378719234774,89.22769230769231
755,217.114,4.860384615384615,0.8507692307692307,2.5833846153846154,26.308378719234774,89.22769230769231
756,217.114,4.860384615384615,0.8507692307692307,2.5833846153846154,26.308378719234774,89.22769230769231
757,217.114,4.860384615384615,0.8507692307692307,2.5833846153846154,26.308378719234774,89.22769230769231
758,217.114,4.860384615384615,0.8507692307692307,2.5833846153846154,26.308378719234774,89.22769230769231
759,217.114,4.860384615384615,0.8507692307692307,2.5833846153846154,26.308378719234774,89.22769230769231
760,217.114,4.860384615384615,0.8507692307692307,2.5833846153846154,26.308378719234774,89.22769230769231
761,217.114,4.860384615384615,0.8507692307692307,2.5833846153846154,26.308378719234774,89.22769230769231
762,217.114,4.860384615384615,0.8507692307692307,2.5833846153846154,26.308378719234774,89.22769230769231
763,217.114,4.860384615384615,0.8507692307692307,2.5833846153846154,26.308378719234774,89.22769230769231
764,217.114,4.860384615384615,0.8507692307692307,2.5833846153846154,26.308378719234774,89.22769230769231
765,217.114,4.860384615384615,0.8507692307692307,2.5833846153846154,26.308378719234774,89.22769230769231
766,217.114,4.860384615384615,0.8507692307692307,2.5833846153846154,26.308378719234774,89.22769230769231
767,217.114,4.860384615384615,0.8507692307692307,2.5833846153846154,26.308378719234774,89.22769230769231
768,217.114,4.860384615384615,0.8507692307692307,2.5833846153846154,26.308378719234774,89.22769230769231
769,217.114,4.860384615384615,0.8507692307692307,2.5833846153846154,26.308378719234774,89.22769230769231
770,217.114,4.860384615384615,0.8507692307692307,2.5833846153846154,26.308378719234774,89.22769230769231
771,217.114,4.860384615384615,0.8507692307692307,2.5833846153846154,26.308378719234774,89.22769230769231
772,217.114,4.860384615384615,0.8507692307692307,2.5833846153846154,26.308378719234774,89.22769230769231
773,217.114,4.860384615384615,0.8507692307692307,2.5833846153846154,26.308378719234774,89.22769230769231
774,217.114,4.860384615384615,0.8507692307692307,2.5833846153846154,26.308378719234774,89.22769230769231
775,217.114,4.860384615384615,0.8507692307692307,2.5833846153846154,26.308378719234774,89.22769230769231
776,217.114,4.860384615384615,0.8507692307692307,2.5833846153846154,26.308378719234774,89.22769230769231
777,217.114,4.860384615384615,0.8507692307692307,2.5833846153846154,26.308378719234774,89.22769230769231
778,217.114,4.860384615384615,0.8507692307692307,2.5833846153846154,26.308378719234774,89.22769230769231
779,217.114,4.860384615384615,0.8507692307692307,2.5833846153846154,26.308378719234774,89.22769230769231
780,217.114,4.860384615384615,0.8507692307692307,2.5833846153846154,26.308378719234774,89.22769230769231
781,217.114,4.860384615384615,0.8507692307692307,2.5833846153846154,26.308378719234774,89.22769230769231
782,217.114,4.860384615384615,0.8507692307692307,2.5833846153846154,26.308378719234774,89.22769230769231
783,217.114,4.860384615384615,0.8507692307692307,2.5833846153846154,26.308378719234774,89.22769230769231
784,217.114,4.860384615384615,0.8507692307692307,2.5833846153846154,26.308378719234774,89.22769230769231
785,217.114,4.860384615384615,0.8507692307692307,2.5833846153846154,26.308378719234774,89.22769230769231
786,217.114,4.860384615384615,0.8507692307692307,2.5833846153846154,26.308378719234774,89.22769230769231
787,217.114,4.860384615384615,0.8507692307692307,2.5833846153846154,26.308378719234774,89.22769230769231
788,217.114,4.860384615384615,0.8507692307692307,2.5833846153846154,26.308378719234774,89.22769230769231
789,217.114,4.860384615384615,0.8507692307692307,2.5833846153846154,26.308378719234774,89.22769230769231
790,217.114,4.860384615384615,0.8507692307692307,2.5833846153846154,26.308378719234774,89.22769230769231
791,217.114,4.860384615384615,0.8507692307692307,2.5833846153846154,26.308378719234774,89.22769230769231
792,217.114,4.860384615384615,0.8507692307692307,2.5833846153846154,26.308378719234774,89.22769230769231
793,217.114,4.860384615384615,0.8507692307692307,2.5833846153846154,26.308378719234774,89.22769230769231
794,217.114,4.860384615384615,0.8507692307692307,2.5833846153846154,26.308378719234774,89.22769230769231
795,217.114,4.860384615384615,0.8507692307692307,2.5833846153846154,26.308378719234774,89.22769230769231
796,217.114,4.860384615384615,0.8507692307692307,2.5833846153846154,26.308378719234774,89.22769230769231
797,217.114,4.860384615384615,0.8507692307692307,2.5833846153846154,26.308378719234774,89.22769230769231
798,217.114,4.860384615384615,0.8507692307692307,2.5833846153846154,26.308378719234774,89.22769230769231
799,217.114,4.860384615384615,0.8507692307692307,2.5833846153846154,26.308378719234774,89.22769230769231
800,217.114,4.860384615384615,0.8507692307692307,2.5833846153846154,26.308378719234774,89.22769230769231
801,217.114,4.860384615384615,0.8507692307692307,2.5833846153846154,26.308378719234774,89.22769230769231
802,217.114,4.860384615384615,0.8507692307692307,2.5833846153846154,26.308378719234774,89.22769230769231
803,217.114,4.860384615384615,0.8507692307692307,2.5833846153846154,26.308378719234774,89.22769230769231
804,217.114,4.860384615384615,0.8507692307692307,2.5833846153846154,26.308378719234774,89.22769230769231
805,217.114,4.860384615384615,0.8507692307692307,2.5833846153846154,26.308378719234774,89.22769230769231
806,217.114,4.860384615384615,0.8507692307692307,2.5833846153846154,26.308378719234774,89.22769230769231
807,217.114,4.860384615384615,0.8507692307692307,2.5833846153846154,26.308378719234774,89.22769230769231
808,217.114,4.860384615384615,0.8507692307692307,2.5833846153846154,26.308378719234774,89.22769230769231
809,217.114,4.860384615384615,0.8507692307692307,2.5833846153846154,26.308378719234774,89.22769230769231
810,217.114,4.860384615384615,0.8507692307692307,2.5833846153846154,26.308378719234774,89.22769230769231
811,217.114,4.860384615384615,0.8507692307692307,2.5833846153846154,26.308378719234774,89.22769230769231
812,217.114,4.860384615384615,0.8507692307692307,2.5833846153846154,26.308378719234774,89.22769230769231
813,217.114,4.860384615384615,0.8507692307692307,2.5833846153846154,26.308378719234774,89.22769230769231
814,217.114,4.860384615384615,0.8507692307692307,2.5833846153846154,26.308378719234774,89.22769230769231
815,217.114,4.860384615384615,0.8507692307692307,2.5833846153846154,26.308378719234774,89.22769230769231
816,217.114,4.860384615384615,0.8507692307692307,2.5833846153846154,26.308378719234774,89.22769230769231
817,217.114,4.860384615384615,0.8507692307692307,2.5833846153846154,26.308378719234774,89.22769230769231
818,217.114,4.860384615384615,0.8507692307692307,2.5833846153846154,26.308378719234774,89.22769230769231
819,217.114,4.860384615384615,0.8507692307692307,2.5833846153846154,26.308378719234774,89.22769230769231
820,217.114,4.860384615384615,0.8507692307692307,2.5833846153846154,26.308378719234774,89.22769230769231
821,217.114,4.860384615384615,0.8507692307692307,2.5833846153846154,26.308378719234774,89.22769230769231
822,217.114,4.860384615384615,0.8507692307692307,2.5833846153846154,26.308378719234774,89.22769230769231
823,217.114,4.860384615384615,0.8507692307692307,2.5833846153846154,26.308378719234774,89.22769230769231
824,217.114,4.860384615384615,0.8507692307692307,2.5833846153846154,26.308378719234774,89.22769230769231
825,217.114,4.860384615384615,0.8507692307692307,2.5833846153846154,26.308378719234774,89.22769230769231
826,217.114,4.860384615384615,0.8507692307692307,2.5833846153846154,26.308378719234774,89.22769230769231
827,217.114,4.860384615384615,0.8507692307692307,2.5833846153846154,26.308378719234774,89.22769230769231
828,217.114,4.860384615384615,0.8507692307692307,2.5833846153846154,26.308378719234774,89.22769230769231
829,217.114,4.860384615384615,0.8507692307692307,2.5833846153846154,26.308378719234774,89.22769230769231
830,217.114,4.860384615384615,0.8507692307692307,2.5833846153846154,26.308378719234774,89.22769230769231
831,217.114,4.860384615384615,0.8507692307692307,2.5833846153846154,26.308378719234774,89.22769230769231
832,217.114,4.860384615384615,0.8507692307692307,2.5833846153846154,26.308378719234774,89.22769230769231
833,217.114,4.860384615384615,0.8507692307692307,2.5833846153846154,26.308378719234774,89.22769230769231
834,217.114,4.860384615384615,0.8507692307692307,2.5833846153846154,26.308378719234774,89.22769230769231
835,217.114,4.860384615384615,0.8507692307692307,2.5833846153846154,26.308378719234774,89.22769230769231
836,217.114,4.860384615384615,0.8507692307692307,2.5833846153846154,26.308378719234774,89.22769230769231
837,217.114,4.860384615384615,0.8507692307692307,2.5833846153846154,26.308378719234774,89.22769230769231
838,217.114,4.860384615384615,0.8507692307692307,2.5833846153846154,26.308378719234774,89.22769230769231
839,217.114,4.860384615384615,0.8507692307692307,2.5833846153846154,26.308378719234774,89.22769230769231
840,217.114,4.860384615384615,0.8507692307692307,2.5833846153846154,26.308378719234774,89.22769230769231
841,217.114,4.860384615384615,0.8507692307692307,2.5833846153846154,26.308378719234774,89.22769230769231
842,217.114,4.860384615384615,0.8507692307692307,2.5833846153846154,26.308378719234774,89.22769230769231
843,217.114,4.860384615384615,0.8507692307692307,2.5833846153846154,26.308378719234774,89.22769230769231
844,217.114,4.860384615384615,0.8507692307692307,2.5833846153846154,26.308378719234774,89.22769230769231
845,217.114,4.860384615384615,0.8507692307692307,2.5833846153846154,26.308378719234774,89.22769230769231
846,217.114,4.860384615384615,0.8507692307692307,2.5833846153846154,26.308378719234774,89.22769230769231
847,217.114,4.860384615384615,0.8507692307692307,2.5833846153846154,26.308378719234774,89.22769230769231
848,217.114,4.860384615384615,0.8507692307692307,2.5833846153846154,26.308378719234774,89.22769230769231
849,217.114,4.860384615384615,0.8507692307692307,2.5833846153846154,26.308378719234774,89.22769230769231
850,217.114,4.860384615384615,0.8507692307692307,2.5833846153846154,26.308378719234774,89.22769230769231
851,217.114,4.860384615384615,0.8507692307692307,2.5833846153846154,26.308378719234774,89.22769230769231
852,217.114,4.860384615384615,0.8507692307692307,2.5833846153846154,26.308378719234774,89.22769230769231
853,217.114,4.860384615384615,0.8507692307692307,2.5833846153846154,26.308378719234774,89.22769230769231
854,217.114,4.860384615384615,0.8507692307692307,2.5833846153846154,26.308378719234774,89.22769230769231
855,217.114,4.860384615384615,0.8507692307692307,2.5833846153846154,26.308378719234774,89.22769230769231
856,217.114,4.860384615384615,0.8507692307692307,2.5833846153846154,26.308378719234774,89.22769230769231
857,217.114,4.860384615384615,0.8507692307692307,2.5833846153846154,26.308378719234774,89.22769230769231
858,217.114,4.860384615384615,0.8507692307692307,2.5833846153846154,26.308378719234774,89.22769230769231
859,217.114,4.860384615384615,0.8507692307692307,2.5833846153846154,26.308378719234774,89.22769230769231
860,217.114,4.860384615384615,0.8507692307692307,2.5833846153846154,26.308378719234774,89.22769230769231
861,217.114,4.860384615384615,0.8507692307692307,2.5833846153846154,26.308378719234774,89.22769230769231
862,217.114,4.860384615384615,0.8507692307692307,2.5833846153846154,26.308378719234774,89.22769230769231
863,217.114,4.860384615384615,0.8507692307692307,2.5833846153846154,26.308378719234774,89.22769230769231
864,217.114,4.860384615384615,0.8507692307692307,2.5833846153846154,26.308378719234774,89.22769230769231
865,217.114,4.860384615384615,0.8507692307692307,2.5833846153846154,26.308378719234774,89.22769230769231
866,217.114,4.860384615384615,0.8507692307692307,2.5833846153846154,26.308378719234774,89.22769230769231
867,217.114,4.860384615384615,0.8507692307692307,2.5833846153846154,26.308378719234774,89.22769230769231
868,217.114,4.860384615384615,0.8507692307692307,2.5833846153846154,26.308378719234774,89.22769230769231
869,217.114,4.860384615384615,0.8507692307692307,2.5833846153846154,26.308378719234774,89.22769230769231
870,217.114,4.860384615384615,0.8507692307692307,2.5833846153846154,26.308378719234774,89.22769230769231
871,217.114,4.860384615384615,0.8507692307692307,2.5833846153846154,26.308378719234774,89.22769230769231
872,217.114,4.860384615384615,0.8507692307692307,2.5833846153846154,26.308378719234774,89.22769230769231
873,217.114,4.860384615384615,0.8507692307692307,2.5833846153846154,26.308378719234774,89.22769230769231
874,217.114,4.860384615384615,0.8507692307692307,2.5833846153846154,26.308378719234774,89.22769230769231
875,217.114,4.860384615384615,0.8507692307692307,2.5833846153846154,26.308378719234774,89.22769230769231
876,217.114,4.860384615384615,0.8507692307692307,2.5833846153846154,26.308378719234774,89.22769230769231
877,217.114,4.860384615384615,0.8507692307692307,2.5833846153846154,26.308378719234774,89.22769230769231
878,217.114,4.860384615384615,0.8507692307692307,2.5833846153846154,26.308378719234774,89.22769230769231
879,217.114,4.860384615384615,0.8507692307692307,2.5833846153846154,26.308378719234774,89.22769230769231
880,217.114,4.860384615384615,0.8507692307692307,2.5833846153846154,26.308378719234774,89.22769230769231
881,217.114,4.860384615384615,0.8507692307692307,2.5833846153846154,26.308378719234774,89.22769230769231
882,217.114,4.860384615384615,0.8507692307692307,2.5833846153846154,26.308378719234774,89.22769230769231
883,217.114,4.860384615384615,0.8507692307692307,2.5833846153846154,26.308378719234774,89.22769230769231
884,217.114,4.860384615384615,0.8507692307692307,2.5833846153846154,26.308378719234774,89.22769230769231
885,217.114,4.860384615384615,0.8507692307692307,2.5833846153846154,26.308378719234774,89.22769230769231
886,217.114,4.860384615384615,0.8507692307692307,2.5833846153846154,26.308378719234774,89.22769230769231
887,217.114,4.860384615384615,0.8507692307692307,2.5833846153846154,26.308378719234774,89.22769230769231
888,217.114,4.860384615384615,0.8507692307692307,2.5833846153846154,26.308378719234774,89.22769230769231
889,217.114,4.860384615384615,0.8507692307692307,2.5833846153846154,26.308378719234774,89.22769230769231
890,217.114,4.860384615384615,0.8507692307692307,2.5833846153846154,26.308378719234774,89.22769230769231
891,217.114,4.860384615384615,0.8507692307692307,2.5833846153846154,26.308378719234774,89.22769230769231
892,217.114,4.860384615384615,0.8507692307692307,2.5833846153846154,26.308378719234774,89.22769230769231
893,217.114,4.860384615384615,0.8507692307692307,2.5833846153846154,26.308378719234774,89.22769230769231
894,217.114,4.860384615384615,0.8507692307692307,2.5833846153846154,26.308378719234774,89.22769230769231
895,217.114,4.860384615384615,0.8507692307692307,2.5833846153846154,26.308378719234774,89.22769230769231
896,217.114,4.860384615384615,0.8507692307692307,2.5833846153846154,26.308378719234774,89.22769230769231
897,217.114,4.860384615384615,0.8507692307692307,2.5833846153846154,26.308378719234774,89.22769230769231
898,217.114,4.860384615384615,0.8507692307692307,2.5833846153846154,26.308378719234774,89.22769230769231
899,217.114,4.860384615384615,0.8507692307692307,2.5833846153846154,26.308378719234774,89.22769230769231
900,217.114,4.860384615384615,0.8507692307692307,2.5833846153846154,26.308378719234774,89.22769230769231
901,217.114,4.860384615384615,0.8507692307692307,2.5833846153846154,26.308378719234774,89.22769230769231
902,217.114,4.860384615384615,0.8507692307692307,2.5833846153846154,26.308378719234774,89.22769230769231
903,217.114,4.860384615384615,0.8507692307692307,2.5833846153846154,26.308378719234774,89.22769230769231
904,217.114,4.860384615384615,0.8507692307692307,2.5833846153846154,26.308378719234774,89.22769230769231
905,217.114,4.860384615384615,0.8507692307692307,2.5833846153846154,26.308378719234774,89.22769230769231
906,217.114,4.860384615384615,0.8507692307692307,2.5833846153846154,26.308378719234774,89.22769230769231
907,217.114,4.860384615384615,0.8507692307692307,2.5833846153846154,26.308378719234774,89.22769230769231
908,217.114,4.860384615384615,0.8507692307692307,2.5833846153846154,26.308378719234774,89.22769230769231
909,217.114,4.860384615384615,0.8507692307692307,2.5833846153846154,26.308378719234774,89.22769230769231
910,217.114,4.860384615384615,0.8507692307692307,2.5833846153846154,26.308378719234774,89.22769230769231
911,217.114,4.860384615384615,0.8507692307692307,2.5833846153846154,26.308378719234774,89.22769230769231
912,217.114,4.860384615384615,0.8507692307692307,2.5833846153846154,26.308378719234774,89.22769230769231
913,217.114,4.860384615384615,0.8507692307692307,2.5833846153846154,26.308378719234774,89.22769230769231
914,217.114,4.860384615384615,0.8507692307692307,2.5833846153846154,26.308378719234774,89.22769230769231
915,217.114,4.860384615384615,0.8507692307692307,2.5833846153846154,26.308378719234774,89.22769230769231
916,217.114,4.860384615384615,0.8507692307692307,2.5833846153846154,26.308378719234774,89.22769230769231
917,217.114,4.860384615384615,0.8507692307692307,2.5833846153846154,26.308378719234774,89.22769230769231
918,217.114,4.860384615384615,0.8507692307692307,2.5833846153846154,26.308378719234774,89.22769230769231
919,217.114,4.860384615384615,0.8507692307692307,2.5833846153846154,26.308378719234774,89.22769230769231
920,217.114,4.860384615384615,0.8507692307692307,2.5833846153846154,26.308378719234774,89.22769230769231
921,217.114,4.860384615384615,0.8507692307692307,2.5833846153846154,26.308378719234774,89.22769230769231
922,217.114,4.860384615384615,0.8507692307692307,2.5833846153846154,26.308378719234774,89.22769230769231
923,217.114,4.860384615384615,0.8507692307692307,2.5833846153846154,26.308378719234774,89.22769230769231
924,217.114,4.860384615384615,0.8507692307692307,2.5833846153846154,26.308378719234774,89.22769230769231
925,217.114,4.860384615384615,0.8507692307692307,2.5833846153846154,26.308378719234774,89.22769230769231
926,217.114,4.860384615384615,0.8507692307692307,2.5833846153846154,26.308378719234774,89.22769230769231
927,217.114,4.860384615384615,0.8507692307692307,2.5833846153846154,26.308378719234774,89.22769230769231
928,217.114,4.860384615384615,0.8507692307692307,2.5833846153846154,26.308378719234774,89.22769230769231
929,217.114,4.860384615384615,0.8507692307692307,2.5833846153846154,26.308378719234774,89.22769230769231
930,217.114,4.860384615384615,0.8507692307692307,2.5833846153846154,26.308378719234774,89.22769230769231
931,217.114,4.860384615384615,0.8507692307692307,2.5833846153846154,26.308378719234774,89.22769230769231
932,217.114,4.860384615384615,0.8507692307692307,2.5833846153846154,26.308378719234774,89.22769230769231
933,217.114,4.860384615384615,0.8507692307692307,2.5833846153846154,26.308378719234774,89.22769230769231
934,217.114,4.860384615384615,0.8507692307692307,2.5833846153846154,26.308378719234774,89.22769230769231
935,217.114,4.860384615384615,0.8507692307692307,2.5833846153846154,26.308378719234774,89.22769230769231
936,217.114,4.860384615384615,0.8507692307692307,2.5833846153846154,26.308378719234774,89.22769230769231
937,217.114,4.860384615384615,0.8507692307692307,2.5833846153846154,26.308378719234774,89.22769230769231
938,217.114,4.860384615384615,0.8507692307692307,2.5833846153846154,26.308378719234774,89.22769230769231
939,217.114,4.860384615384615,0.8507692307692307,2.5833846153846154,26.308378719234774,89.22769230769231
940,217.114,4.860384615384615,0.8507692307692307,2.5833846153846154,26.308378719234774,89.22769230769231
941,217.114,4.860384615384615,0.8507692307692307,2.5833846153846154,26.308378719234774,89.22769230769231
942,217.114,4.860384615384615,0.8507692307692307,2.5833846153846154,26.308378719234774,89.22769230769231
943,217.114,4.860384615384615,0.8507692307692307,2.5833846153846154,26.308378719234774,89.22769230769231
944,217.114,4.860384615384615,0.8507692307692307,2.5833846153846154,26.308378719234774,89.22769230769231
945,217.114,4.860384615384615,0.8507692307692307,2.5833846153846154,26.308378719234774,89.22769230769231
946,217.114,4.860384615384615,0.8507692307692307,2.5833846153846154,26.308378719234774,89.22769230769231
947,217.114,4.860384615384615,0.8507692307692307,2.5833846153846154,26.308378719234774,89.22769230769231
948,217.114,4.860384615384615,0.8507692307692307,2.5833846153846154,26.308378719234774,89.22769230769231
949,217.114,4.860384615384615,0.8507692307692307,2.5833846153846154,26.308378719234774,89.22769230769231
950,217.114,4.860384615384615,0.8507692307692307,2.5833846153846154,26.308378719234774,89.22769230769231
951,217.114,4.860384615384615,0.8507692307692307,2.5833846153846154,26.308378719234774,89.22769230769231
952,217.114,4.860384615384615,0.8507692307692307,2.5833846153846154,26.308378719234774,89.22769230769231
953,217.114,4.860384615384615,0.8507692307692307,2.5833846153846154,26.308378719234774,89.22769230769231
954,217.114,4.860384615384615,0.8507692307692307,2.5833846153846154,26.308378719234774,89.22769230769231
955,217.114,4.860384615384615,0.8507692307692307,2.5833846153846154,26.308378719234774,89.22769230769231
956,217.114,4.860384615384615,0.8507692307692307,2.5833846153846154,26.308378719234774,89.22769230769231
957,217.114,4.860384615384615,0.8507692307692307,2.5833846153846154,26.308378719234774,89.22769230769231
958,217.114,4.860384615384615,0.8507692307692307,2.5833846153846154,26.308378719234774,89.22769230769231
959,217.114,4.860384615384615,0.8507692307692307,2.5833846153846154,26.308378719234774,89.22769230769231
960,217.114,4.860384615384615,0.8507692307692307,2.5833846153846154,26.308378719234774,89.22769230769231
961,217.114,4.860384615384615,0.8507692307692307,2.5833846153846154,26.308378719234774,89.22769230769231
962,217.114,4.860384615384615,0.8507692307692307,2.5833846153846154,26.308378719234774,89.22769230769231
963,217.114,4.860384615384615,0.8507692307692307,2.5833846153846154,26.308378719234774,89.22769230769231
964,217.114,4.860384615384615,0.8507692307692307,2.5833846153846154,26.308378719234774,89.22769230769231
965,217.114,4.860384615384615,0.8507692307692307,2.5833846153846154,26.308378719234774,89.22769230769231
966,217.114,4.860384615384615,0.8507692307692307,2.5833846153846154,26.308378719234774,89.22769230769231
967,217.114,4.860384615384615,0.8507692307692307,2.5833846153846154,26.308378719234774,89.22769230769231
968,217.114,4.860384615384615,0.8507692307692307,2.5833846153846154,26.308378719234774,89.22769230769231
969,217.114,4.860384615384615,0.8507692307692307,2.5833846153846154,26.308378719234774,89.22769230769231
970,217.114,4.860384615384615,0.8507692307692307,2.5833846153846154,26.308378719234774,89.22769230769231
971,217.114,4.860384615384615,0.8507692307692307,2.5833846153846154,26.308378719234774,89.22769230769231
972,217.114,4.860384615384615,0.8507692307692307,2.5833846153846154,26.308378719234774,89.22769230769231
973,217.114,4.860384615384615,0.8507692307692307,2.5833846153846154,26.308378719234774,89.22769230769231
974,217.114,4.860384615384615,0.8507692307692307,2.5833846153846154,26.308378719234774,89.22769230769231
975,217.114,4.860384615384615,0.8507692307692307,2.5833846153846154,26.308378719234774,89.22769230769231
976,217.114,4.860384615384615,0.8507692307692307,2.5833846153846154,26.308378719234774,89.22769230769231
977,217.114,4.860384615384615,0.8507692307692307,2.5833846153846154,26.308378719234774,89.22769230769231
978,217.114,4.860384615384615,0.8507692307692307,2.5833846153846154,26.308378719234774,89.22769230769231
979,217.114,4.860384615384615,0.8507692307692307,2.5833846153846154,26.308378719234774,89.22769230769231
980,217.114,4.860384615384615,0.8507692307692307,2.5833846153846154,26.308378719234774,89.22769230769231
981,217.114,4.860384615384615,0.8507692307692307,2.5833846153846154,26.308378719234774,89.22769230769231
982,217.114,4.860384615384615,0.8507692307692307,2.5833846153846154,26.308378719234774,89.22769230769231
983,217.114,4.860384615384615,0.8507692307692307,2.5833846153846154,26.308378719234774,89.22769230769231
984,217.114,4.860384615384615,0.8507692307692307,2.5833846153846154,26.308378719234774,89.22769230769231
985,217.114,4.860384615384615,0.8507692307692307,2.5833846153846154,26.308378719234774,89.22769230769231
986,217.114,4.860384615384615,0.8507692307692307,2.5833846153846154,26.308378719234774,89.22769230769231
987,217.114,4.860384615384615,0.8507692307692307,2.5833846153846154,26.308378719234774,89.22769230769231
988,217.114,4.860384615384615,0.8507692307692307,2.5833846153846154,26.308378719234774,89.22769230769231
989,217.114,4.860384615384615,0.8507692307692307,2.5833846153846154,26.308378719234774,89.22769230769231
990,217.114,4.860384615384615,0.8507692307692307,2.5833846153846154,26.308378719234774,89.22769230769231
991,217.114,4.860384615384615,0.8507692307692307,2.5833846153846154,26.308378719234774,89.22769230769231
992,217.114,4.860384615384615,0.8507692307692307,2.5833846153846154,26.308378719234774,89.22769230769231
993,217.114,4.860384615384615,0.8507692307692307,2.5833846153846154,26.308378719234774,89.22769230769231
994,217.114,4.860384615384615,0.8507692307692307,2.5833846153846154,26.308378719234774,89.22769230769231
995,217.114,4.860384615384615,0.8507692307692307,2.5833846153846154,26.308378719234774,89.22769230769231
996,217.114,4.860384615384615,0.8507692307692307,2.5833846153846154,26.308378719234774,89.22769230769231
997,217.114,4.860384615384615,0.8507692307692307,2.5833846153846154,26.308378719234774,89.22769230769231
998,217.114,4.860384615384615,0.8507692307692307,2.5833846153846154,26.308378719234774,89.22769230769231
999,217.114,4.860384615384615,0.8507692307692307,2.5833846153846154,26.308378719234774,89.22769230769231
1000,217.114,4.860384615384615,0.8507692307692307,2.5833846153846154,26.308378719234774,89.22769230769231
1001,217.114,4.860384615384615,0.8507692307692307,2.5833846153846154,26.308378719234774,89.22769230769231
1002,217.114,4.860384615384615,0.8507692307692307,2.5833846153846154,26.308378719234774,89.22769230769231
1003,217.114,4.860384615384615,0.8507692307692307,2.5833846153846154,26.308378719234774,89.22769230769231
1004,217.114,4.860384615384615,0.8507692307692307,2.5833846153846154,26.308378719234774,89.22769230769231
1005,217.114,4.860384615384615,0.8507692307692307,2.5833846153846154,26.308378719234774,89.22769230769231
1006,217.114,4.860384615384615,0.8507692307692307,2.5833846153846154,26.308378719234774,89.22769230769231
1007,217.114,4.860384615384615,0.8507692307692307,2.5833846153846154,26.308378719234774,89.22769230769231
1008,217.114,4.860384615384615,0.8507692307692307,2.5833846153846154,26.308378719234774,89.22769230769231
1009,217.114,4.860384615384615,0.8507692307692307,2.5833846153846154,26.308378719234774,89.22769230769231
1010,217.114,4.860384615384615,0.8507692307692307,2.5833846153846154,26.308378719234774,89.22769230769231
1011,217.114,4.860384615384615,0.8507692307692307,2.5833846153846154,26.308378719234774,89.22769230769231
1012,217.114,4.860384615384615,0.8507692307692307,2.5833846153846154,26.308378719234774,89.22769230769231
1013,217.114,4.860384615384615,0.8507692307692307,2.5833846153846154,26.308378719234774,89.22769230769231
1014,217.114,4.860384615384615,0.8507692307692307,2.5833846153846154,26.308378719234774,89.22769230769231
1015,217.114,4.860384615384615,0.8507692307692307,2.5833846153846154,26.308378719234774,89.22769230769231
1016,217.114,4.860384615384615,0.8507692307692307,2.5833846153846154,26.308378719234774,89.22769230769231
1017,217.114,4.860384615384615,0.8507692307692307,2.5833846153846154,26.308378719234774,89.22769230769231
1018,217.114,4.860384615384615,0.8507692307692307,2.5833846153846154,26.308378719234774,89.22769230769231
1019,217.114,4.860384615384615,0.8507692307692307,2.5833846153846154,26.308378719234774,89.22769230769231
1020,217.114,4.860384615384615,0.8507692307692307,2.5833846153846154,26.308378719234774,89.22769230769231
1021,217.114,4.860384615384615,0.8507692307692307,2.5833846153846154,26.308378719234774,89.22769230769231
1022,217.114,4.860384615384615,0.8507692307692307,2.5833846153846154,26.308378719234774,89.22769230769231
1023,217.114,4.860384615384615,0.8507692307692307,2.5833846153846154,26.308378719234774,89.22769230769231
1024,217.114,4.860384615384615,0.8507692307692307,2.5833846153846154,26.308378719234774,89.22769230769231
1025,217.114,4.860384615384615,0.8507692307692307,2.5833846153846154,26.308378719234774,89.22769230769231
1026,217.114,4.860384615384615,0.8507692307692307,2.5833846153846154,26.308378719234774,89.22769230769231
1027,217.114,4.860384615384615,0.8507692307692307,2.5833846153846154,26.308378719234774,89.22769230769231
1028,217.114,4.860384615384615,0.8507692307692307,2.5833846153846154,26.308378719234774,89.22769230769231
1029,217.114,4.860384615384615,0.8507692307692307,2.5833846153846154,26.308378719234774,89.22769230769231
1030,217.114,4.860384615384615,0.8507692307692307,2.5833846153846154,26.308378719234774,89.22769230769231
1031,217.114,4.860384615384615,0.8507692307692307,2.5833846153846154,26.308378719234774,89.22769230769231
1032,217.114,4.860384615384615,0.8507692307692307,2.5833846153846154,26.308378719234774,89.22769230769231
1033,217.114,4.860384615384615,0.8507692307692307,2.5833846153846154,26.308378719234774,89.22769230769231
1034,217.114,4.860384615384615,0.8507692307692307,2.5833846153846154,26.308378719234774,89.22769230769231
1035,217.114,4.860384615384615,0.8507692307692307,2.5833846153846154,26.308378719234774,89.22769230769231
1036,217.114,4.860384615384615,0.8507692307692307,2.5833846153846154,26.308378719234774,89.22769230769231
1037,217.114,4.860384615384615,0.8507692307692307,2.5833846153846154,26.308378719234774,89.22769230769231
1038,217.114,4.860384615384615,0.8507692307692307,2.5833846153846154,26.308378719234774,89.22769230769231
1039,217.114,4.860384615384615,0.8507692307692307,2.5833846153846154,26.308378719234774,89.22769230769231
1040,217.114,4.860384615384615,0.8507692307692307,2.5833846153846154,26.308378719234774,89.22769230769231
1041,217.114,4.860384615384615,0.8507692307692307,2.5833846153846154,26.308378719234774,89.22769230769231
1042,217.114,4.860384615384615,0.8507692307692307,2.5833846153846154,26.308378719234774,89.22769230769231
1043,217.114,4.860384615384615,0.8507692307692307,2.5833846153846154,26.308378719234774,89.22769230769231
1044,217.114,4.860384615384615,0.8507692307692307,2.5833846153846154,26.308378719234774,89.22769230769231
1045,217.114,4.860384615384615,0.8507692307692307,2.5833846153846154,26.308378719234774,89.22769230769231
1046,217.114,4.860384615384615,0.8507692307692307,2.5833846153846154,26.308378719234774,89.22769230769231
1047,217.114,4.860384615384615,0.8507692307692307,2.5833846153846154,26.308378719234774,89.22769230769231
1048,217.114,4.860384615384615,0.8507692307692307,2.5833846153846154,26.308378719234774,89.22769230769231
1049,217.114,4.860384615384615,0.8507692307692307,2.5833846153846154,26.308378719234774,89.22769230769231
1050,217.114,4.860384615384615,0.8507692307692307,2.5833846153846154,26.308378719234774,89.22769230769231
1051,217.114,4.860384615384615,0.8507692307692307,2.5833846153846154,26.308378719234774,89.22769230769231
1052,217.114,4.860384615384615,0.8507692307692307,2.5833846153846154,26.308378719234774,89.22769230769231
1053,217.114,4.860384615384615,0.8507692307692307,2.5833846153846154,26.308378719234774,89.22769230769231
1054,217.114,4.860384615384615,0.8507692307692307,2.5833846153846154,26.308378719234774,89.22769230769231
1055,217.114,4.860384615384615,0.8507692307692307,2.5833846153846154,26.308378719234774,89.22769230769231
1056,217.114,4.860384615384615,0.8507692307692307,2.5833846153846154,26.308378719234774,89.22769230769231
1057,217.114,4.860384615384615,0.8507692307692307,2.5833846153846154,26.308378719234774,89.22769230769231
1058,217.114,4.860384615384615,0.8507692307692307,2.5833846153846154,26.308378719234774,89.22769230769231
1059,217.114,4.860384615384615,0.8507692307692307,2.5833846153846154,26.308378719234774,89.22769230769231
1060,217.114,4.860384615384615,0.8507692307692307,2.5833846153846154,26.308378719234774,89.22769230769231
1061,217.114,4.860384615384615,0.8507692307692307,2.5833846153846154,26.308378719234774,89.22769230769231
1062,217.114,4.860384615384615,0.8507692307692307,2.5833846153846154,26.308378719234774,89.22769230769231
1063,217.114,4.860384615384615,0.8507692307692307,2.5833846153846154,26.308378719234774,89.22769230769231
1064,217.114,4.860384615384615,0.8507692307692307,2.5833846153846154,26.308378719234774,89.22769230769231
1065,217.114,4.860384615384615,0.8507692307692307,2.5833846153846154,26.308378719234774,89.22769230769231
1066,217.114,4.860384615384615,0.8507692307692307,2.5833846153846154,26.308378719234774,89.22769230769231
1067,217.114,4.860384615384615,0.8507692307692307,2.5833846153846154,26.308378719234774,89.22769230769231
1068,217.114,4.860384615384615,0.8507692307692307,2.5833846153846154,26.308378719234774,89.22769230769231
1069,217.114,4.860384615384615,0.8507692307692307,2.5833846153846154,26.308378719234774,89.22769230769231
1070,217.114,4.860384615384615,0.8507692307692307,2.5833846153846154,26.308378719234774,89.22769230769231
1071,217.114,4.860384615384615,0.8507692307692307,2.5833846153846154,26.308378719234774,89.22769230769231
1072,217.114,4.860384615384615,0.8507692307692307,2.5833846153846154,26.308378719234774,89.22769230769231
1073,217.114,4.860384615384615,0.8507692307692307,2.5833846153846154,26.308378719234774,89.22769230769231
1074,217.114,4.860384615384615,0.8507692307692307,2.5833846153846154,26.308378719234774,89.22769230769231
1075,217.114,4.860384615384615,0.8507692307692307,2.5833846153846154,26.308378719234774,89.22769230769231
1076,217.114,4.860384615384615,0.8507692307692307,2.5833846153846154,26.308378719234774,89.22769230769231
1077,217.114,4.860384615384615,0.8507692307692307,2.5833846153846154,26.308378719234774,89.22769230769231
1078,217.114,4.860384615384615,0.8507692307692307,2.5833846153846154,26.308378719234774,89.22769230769231
1079,217.114,4.860384615384615,0.8507692307692307,2.5833846153846154,26.308378719234774,89.22769230769231
1080,217.114,4.860384615384615,0.8507692307692307,2.5833846153846154,26.308378719234774,89.22769230769231
1081,217.114,4.860384615384615,0.8507692307692307,2.5833846153846154,26.308378719234774,89.22769230769231
1082,217.114,4.860384615384615,0.8507692307692307,2.5833846153846154,26.308378719234774,89.22769230769231
1083,217.114,4.860384615384615,0.8507692307692307,2.5833846153846154,26.308378719234774,89.22769230769231
1084,217.114,4.860384615384615,0.8507692307692307,2.5833846153846154,26.308378719234774,89.22769230769231
1085,217.114,4.860384615384615,0.8507692307692307,2.5833846153846154,26.308378719234774,89.22769230769231
1086,217.114,4.860384615384615,0.8507692307692307,2.5833846153846154,26.308378719234774,89.22769230769231
1087,217.114,4.860384615384615,0.8507692307692307,2.5833846153846154,26.308378719234774,89.22769230769231
1088,217.114,4.860384615384615,0.8507692307692307,2.5833846153846154,26.308378719234774,89.22769230769231
1089,217.114,4.860384615384615,0.8507692307692307,2.5833846153846154,26.308378719234774,89.22769230769231
1090,217.114,4.860384615384615,0.8507692307692307,2.5833846153846154,26.308378719234774,89.22769230769231
1091,217.114,4.860384615384615,0.8507692307692307,2.5833846153846154,26.308378719234774,89.22769230769231
1092,217.114,4.860384615384615,0.8507692307692307,2.5833846153846154,26.308378719234774,89.22769230769231
1093,217.114,4.860384615384615,0.8507692307692307,2.5833846153846154,26.308378719234774,89.22769230769231
1094,217.114,4.860384615384615,0.8507692307692307,2.5833846153846154,26.308378719234774,89.22769230769231
1095,217.114,4.860384615384615,0.8507692307692307,2.5833846153846154,26.308378719234774,89.22769230769231
1096,217.114,4.860384615384615,0.8507692307692307,2.5833846153846154,26.308378719234774,89.22769230769231
1097,217.114,4.860384615384615,0.8507692307692307,2.5833846153846154,26.308378719234774,89.22769230769231
1098,217.114,4.860384615384615,0.8507692307692307,2.5833846153846154,26.308378719234774,89.22769230769231
1099,217.114,4.860384615384615,0.8507692307692307,2.5833846153846154,26.308378719234774,89.22769230769231
1100,217.114,4.860384615384615,0.8507692307692307,2.5833846153846154,26.308378719234774,89.22769230769231
1101,217.114,4.860384615384615,0.8507692307692307,2.5833846153846154,26.308378719234774,89.22769230769231
1102,217.114,4.860384615384615,0.8507692307692307,2.5833846153846154,26.308378719234774,89.22769230769231
1103,217.114,4.860384615384615,0.8507692307692307,2.5833846153846154,26.308378719234774,89.22769230769231
1104,217.114,4.860384615384615,0.8507692307692307,2.5833846153846154,26.308378719234774,89.22769230769231
1105,217.114,4.860384615384615,0.8507692307692307,2.5833846153846154,26.308378719234774,89.22769230769231
1106,217.114,4.860384615384615,0.8507692307692307,2.5833846153846154,26.308378719234774,89.22769230769231
1107,217.114,4.860384615384615,0.8507692307692307,2.5833846153846154,26.308378719234774,89.22769230769231
1108,217.114,4.860384615384615,0.8507692307692307,2.5833846153846154,26.308378719234774,89.22769230769231
1109,217.114,4.860384615384615,0.8507692307692307,2.5833846153846154,26.308378719234774,89.22769230769231
1110,217.114,4.860384615384615,0.8507692307692307,2.5833846153846154,26.308378719234774,89.22769230769231
1111,217.114,4.860384615384615,0.8507692307692307,2.5833846153846154,26.308378719234774,89.22769230769231
1112,217.114,4.860384615384615,0.8507692307692307,2.5833846153846154,26.308378719234774,89.22769230769231
1113,217.114,4.860384615384615,0.8507692307692307,2.5833846153846154,26.308378719234774,89.22769230769231
1114,217.114,4.860384615384615,0.8507692307692307,2.5833846153846154,26.308378719234774,89.22769230769231
1115,217.114,4.860384615384615,0.8507692307692307,2.5833846153846154,26.308378719234774,89.22769230769231
1116,217.114,4.860384615384615,0.8507692307692307,2.5833846153846154,26.308378719234774,89.22769230769231
1117,217.114,4.860384615384615,0.8507692307692307,2.5833846153846154,26.308378719234774,89.22769230769231
1118,217.114,4.860384615384615,0.8507692307692307,2.5833846153846154,26.308378719234774,89.22769230769231
1119,217.114,4.860384615384615,0.8507692307692307,2.5833846153846154,26.308378719234774,89.22769230769231
1120,217.114,4.860384615384615,0.8507692307692307,2.5833846153846154,26.308378719234774,89.22769230769231
1121,217.114,4.860384615384615,0.8507692307692307,2.5833846153846154,26.308378719234774,89.22769230769231
1122,217.114,4.860384615384615,0.8507692307692307,2.5833846153846154,26.308378719234774,89.22769230769231
1123,217.114,4.860384615384615,0.8507692307692307,2.5833846153846154,26.308378719234774,89.22769230769231
1124,217.114,4.860384615384615,0.8507692307692307,2.5833846153846154,26.308378719234774,89.22769230769231
1125,217.114,4.860384615384615,0.8507692307692307,2.5833846153846154,26.308378719234774,89.22769230769231
1126,217.114,4.860384615384615,0.8507692307692307,2.5833846153846154,26.308378719234774,89.22769230769231
1127,217.114,4.860384615384615,0.8507692307692307,2.5833846153846154,26.308378719234774,89.22769230769231
1128,217.114,4.860384615384615,0.8507692307692307,2.5833846153846154,26.308378719234774,89.22769230769231
1129,217.114,4.860384615384615,0.8507692307692307,2.5833846153846154,26.308378719234774,89.22769230769231
1130,217.114,4.860384615384615,0.8507692307692307,2.5833846153846154,26.308378719234774,89.22769230769231
1131,217.114,4.860384615384615,0.8507692307692307,2.5833846153846154,26.308378719234774,89.22769230769231
1132,217.114,4.860384615384615,0.8507692307692307,2.5833846153846154,26.308378719234774,89.22769230769231
1133,217.114,4.860384615384615,0.8507692307692307,2.5833846153846154,26.308378719234774,89.22769230769231
1134,217.114,4.860384615384615,0.8507692307692307,2.5833846153846154,26.308378719234774,89.22769230769231
1135,217.114,4.860384615384615,0.8507692307692307,2.5833846153846154,26.308378719234774,89.22769230769231
1136,217.114,4.860384615384615,0.8507692307692307,2.5833846153846154,26.308378719234774,89.22769230769231
1137,217.114,4.860384615384615,0.8507692307692307,2.5833846153846154,26.308378719234774,89.22769230769231
1138,217.114,4.860384615384615,0.8507692307692307,2.5833846153846154,26.308378719234774,89.22769230769231
1139,217.114,4.860384615384615,0.8507692307692307,2.5833846153846154,26.308378719234774,89.22769230769231
1140,217.114,4.860384615384615,0.8507692307692307,2.5833846153846154,26.308378719234774,89.22769230769231
1141,217.114,4.860384615384615,0.8507692307692307,2.5833846153846154,26.308378719234774,89.22769230769231
1142,217.114,4.860384615384615,0.8507692307692307,2.5833846153846154,26.308378719234774,89.22769230769231
1143,217.114,4.860384615384615,0.8507692307692307,2.5833846153846154,26.308378719234774,89.22769230769231
1144,217.114,4.860384615384615,0.8507692307692307,2.5833846153846154,26.308378719234774,89.22769230769231
1145,217.114,4.860384615384615,0.8507692307692307,2.5833846153846154,26.308378719234774,89.22769230769231
1146,217.114,4.860384615384615,0.8507692307692307,2.5833846153846154,26.308378719234774,89.22769230769231
1147,217.114,4.860384615384615,0.8507692307692307,2.5833846153846154,26.308378719234774,89.22769230769231
1148,217.114,4.860384615384615,0.8507692307692307,2.5833846153846154,26.308378719234774,89.22769230769231
1149,217.114,4.860384615384615,0.8507692307692307,2.5833846153846154,26.308378719234774,89.22769230769231
1150,217.114,4.860384615384615,0.8507692307692307,2.5833846153846154,26.308378719234774,89.22769230769231
1151,217.114,4.860384615384615,0.8507692307692307,2.5833846153846154,26.308378719234774,89.22769230769231
1152,217.114,4.860384615384615,0.8507692307692307,2.5833846153846154,26.308378719234774,89.22769230769231
1153,217.114,4.860384615384615,0.8507692307692307,2.5833846153846154,26.308378719234774,89.22769230769231
1154,217.114,4.860384615384615,0.8507692307692307,2.5833846153846154,26.308378719234774,89.22769230769231
1155,217.114,4.860384615384615,0.8507692307692307,2.5833846153846154,26.308378719234774,89.22769230769231
1156,217.114,4.860384615384615,0.8507692307692307,2.5833846153846154,26.308378719234774,89.22769230769231
1157,217.114,4.860384615384615,0.8507692307692307,2.5833846153846154,26.308378719234774,89.22769230769231
1158,217.114,4.860384615384615,0.8507692307692307,2.5833846153846154,26.308378719234774,89.22769230769231
1159,217.114,4.860384615384615,0.8507692307692307,2.5833846153846154,26.308378719234774,89.22769230769231
1160,217.114,4.860384615384615,0.8507692307692307,2.5833846153846154,26.308378719234774,89.22769230769231
1161,217.114,4.860384615384615,0.8507692307692307,2.5833846153846154,26.308378719234774,89.22769230769231
1162,217.114,4.860384615384615,0.8507692307692307,2.5833846153846154,26.308378719234774,89.22769230769231
1163,217.114,4.860384615384615,0.8507692307692307,2.5833846153846154,26.308378719234774,89.22769230769231
1164,217.114,4.860384615384615,0.8507692307692307,2.5833846153846154,26.308378719234774,89.22769230769231
1165,217.114,4.860384615384615,0.8507692307692307,2.5833846153846154,26.308378719234774,89.22769230769231
1166,217.114,4.860384615384615,0.8507692307692307,2.5833846153846154,26.308378719234774,89.22769230769231
1167,217.114,4.860384615384615,0.8507692307692307,2.5833846153846154,26.308378719234774,89.22769230769231
1168,217.114,4.860384615384615,0.8507692307692307,2.5833846153846154,26.308378719234774,89.22769230769231
1169,217.114,4.860384615384615,0.8507692307692307,2.5833846153846154,26.308378719234774,89.22769230769231
1170,217.114,4.860384615384615,0.8507692307692307,2.5833846153846154,26.308378719234774,89.22769230769231
1171,217.114,4.860384615384615,0.8507692307692307,2.5833846153846154,26.308378719234774,89.22769230769231
1172,217.114,4.860384615384615,0.8507692307692307,2.5833846153846154,26.308378719234774,89.22769230769231
1173,217.114,4.860384615384615,0.8507692307692307,2.5833846153846154,26.308378719234774,89.22769230769231
1174,217.114,4.860384615384615,0.8507692307692307,2.5833846153846154,26.308378719234774,89.22769230769231
1175,217.114,4.860384615384615,0.8507692307692307,2.5833846153846154,26.308378719234774,89.22769230769231
1176,217.114,4.860384615384615,0.8507692307692307,2.5833846153846154,26.308378719234774,89.22769230769231
1177,217.114,4.860384615384615,0.8507692307692307,2.5833846153846154,26.308378719234774,89.22769230769231
1178,217.114,4.860384615384615,0.8507692307692307,2.5833846153846154,26.308378719234774,89.22769230769231
1179,217.114,4.860384615384615,0.8507692307692307,2.5833846153846154,26.308378719234774,89.22769230769231
1180,217.114,4.860384615384615,0.8507692307692307,2.5833846153846154,26.308378719234774,89.22769230769231
1181,217.114,4.860384615384615,0.8507692307692307,2.5833846153846154,26.308378719234774,89.22769230769231
1182,217.114,4.860384615384615,0.8507692307692307,2.5833846153846154,26.308378719234774,89.22769230769231
1183,217.114,4.860384615384615,0.8507692307692307,2.5833846153846154,26.308378719234774,89.22769230769231
1184,217.114,4.860384615384615,0.8507692307692307,2.5833846153846154,26.308378719234774,89.22769230769231
1185,217.114,4.860384615384615,0.8507692307692307,2.5833846153846154,26.308378719234774,89.22769230769231
1186,217.114,4.860384615384615,0.8507692307692307,2.5833846153846154,26.308378719234774,89.22769230769231
1187,217.114,4.860384615384615,0.8507692307692307,2.5833846153846154,26.308378719234774,89.22769230769231
1188,217.114,4.860384615384615,0.8507692307692307,2.5833846153846154,26.308378719234774,89.22769230769231
1189,217.114,4.860384615384615,0.8507692307692307,2.5833846153846154,26.308378719234774,89.22769230769231
1190,217.114,4.860384615384615,0.8507692307692307,2.5833846153846154,26.308378719234774,89.22769230769231
1191,217.114,4.860384615384615,0.8507692307692307,2.5833846153846154,26.308378719234774,89.22769230769231
1192,217.114,4.860384615384615,0.8507692307692307,2.5833846153846154,26.308378719234774,89.22769230769231
1193,217.114,4.860384615384615,0.8507692307692307,2.5833846153846154,26.308378719234774,89.22769230769231
1194,217.114,4.860384615384615,0.8507692307692307,2.5833846153846154,26.308378719234774,89.22769230769231
1195,217.114,4.860384615384615,0.8507692307692307,2.5833846153846154,26.308378719234774,89.22769230769231
1196,217.114,4.860384615384615,0.8507692307692307,2.5833846153846154,26.308378719234774,89.22769230769231
1197,217.114,4.860384615384615,0.8507692307692307,2.5833846153846154,26.308378719234774,89.22769230769231
1198,217.114,4.860384615384615,0.8507692307692307,2.5833846153846154,26.308378719234774,89.22769230769231
1199,217.114,4.860384615384615,0.8507692307692307,2.5833846153846154,26.308378719234774,89.22769230769231
1200,217.114,4.860384615384615,0.8507692307692307,2.5833846153846154,26.308378719234774,89.22769230769231
1201,217.114,4.860384615384615,0.8507692307692307,2.5833846153846154,26.308378719234774,89.22769230769231
1202,217.114,4.860384615384615,0.8507692307692307,2.5833846153846154,26.308378719234774,89.22769230769231
1203,217.114,4.860384615384615,0.8507692307692307,2.5833846153846154,26.308378719234774,89.22769230769231
1204,217.114,4.860384615384615,0.8507692307692307,2.5833846153846154,26.308378719234774,89.22769230769231
1205,217.114,4.860384615384615,0.8507692307692307,2.5833846153846154,26.308378719234774,89.22769230769231
1206,217.114,4.860384615384615,0.8507692307692307,2.5833846153846154,26.308378719234774,89.22769230769231
1207,217.114,4.860384615384615,0.8507692307692307,2.5833846153846154,26.308378719234774,89.22769230769231
1208,217.114,4.860384615384615,0.8507692307692307,2.5833846153846154,26.308378719234774,89.22769230769231
1209,217.114,4.860384615384615,0.8507692307692307,2.5833846153846154,26.308378719234774,89.22769230769231
1210,217.114,4.860384615384615,0.8507692307692307,2.5833846153846154,26.308378719234774,89.22769230769231
1211,217.114,4.860384615384615,0.8507692307692307,2.5833846153846154,26.308378719234774,89.22769230769231
1212,217.114,4.860384615384615,0.8507692307692307,2.5833846153846154,26.308378719234774,89.22769230769231
1213,217.114,4.860384615384615,0.8507692307692307,2.5833846153846154,26.308378719234774,89.22769230769231
1214,217.114,4.860384615384615,0.8507692307692307,2.5833846153846154,26.308378719234774,89.22769230769231
1215,217.114,4.860384615384615,0.8507692307692307,2.5833846153846154,26.308378719234774,89.22769230769231
1216,217.114,4.860384615384615,0.8507692307692307,2.5833846153846154,26.308378719234774,89.22769230769231
1217,217.114,4.860384615384615,0.8507692307692307,2.5833846153846154,26.308378719234774,89.22769230769231
1218,217.114,4.860384615384615,0.8507692307692307,2.5833846153846154,26.308378719234774,89.22769230769231
1219,217.114,4.860384615384615,0.8507692307692307,2.5833846153846154,26.308378719234774,89.22769230769231
1220,217.114,4.860384615384615,0.8507692307692307,2.5833846153846154,26.308378719234774,89.22769230769231
1221,217.114,4.860384615384615,0.8507692307692307,2.5833846153846154,26.308378719234774,89.22769230769231
1222,217.114,4.860384615384615,0.8507692307692307,2.5833846153846154,26.308378719234774,89.22769230769231
1223,217.114,4.860384615384615,0.8507692307692307,2.5833846153846154,26.308378719234774,89.22769230769231
1224,217.114,4.860384615384615,0.8507692307692307,2.5833846153846154,26.308378719234774,89.22769230769231
1225,217.114,4.860384615384615,0.8507692307692307,2.5833846153846154,26.308378719234774,89.22769230769231
1226,217.114,4.860384615384615,0.8507692307692307,2.5833846153846154,26.308378719234774,89.22769230769231
1227,217.114,4.860384615384615,0.8507692307692307,2.5833846153846154,26.308378719234774,89.22769230769231
1228,217.114,4.860384615384615,0.8507692307692307,2.5833846153846154,26.308378719234774,89.22769230769231
1229,217.114,4.860384615384615,0.8507692307692307,2.5833846153846154,26.308378719234774,89.22769230769231
1230,217.114,4.860384615384615,0.8507692307692307,2.5833846153846154,26.308378719234774,89.22769230769231
1231,217.114,4.860384615384615,0.8507692307692307,2.5833846153846154,26.308378719234774,89.22769230769231
1232,217.114,4.860384615384615,0.8507692307692307,2.5833846153846154,26.308378719234774,89.22769230769231
1233,217.114,4.860384615384615,0.8507692307692307,2.5833846153846154,26.308378719234774,89.22769230769231
1234,217.114,4.860384615384615,0.8507692307692307,2.5833846153846154,26.308378719234774,89.22769230769231
1235,217.114,4.860384615384615,0.8507692307692307,2.5833846153846154,26.308378719234774,89.22769230769231
1236,217.114,4.860384615384615,0.8507692307692307,2.5833846153846154,26.308378719234774,89.22769230769231
1237,217.114,4.860384615384615,0.8507692307692307,2.5833846153846154,26.308378719234774,89.22769230769231
1238,217.114,4.860384615384615,0.8507692307692307,2.5833846153846154,26.308378719234774,89.22769230769231
1239,217.114,4.860384615384615,0.8507692307692307,2.5833846153846154,26.308378719234774,89.22769230769231
1240,217.114,4.860384615384615,0.8507692307692307,2.5833846153846154,26.308378719234774,89.22769230769231
1241,217.114,4.860384615384615,0.8507692307692307,2.5833846153846154,26.308378719234774,89.22769230769231
1242,217.114,4.860384615384615,0.8507692307692307,2.5833846153846154,26.308378719234774,89.22769230769231
1243,217.114,4.860384615384615,0.8507692307692307,2.5833846153846154,26.308378719234774,89.22769230769231
1244,217.114,4.860384615384615,0.8507692307692307,2.5833846153846154,26.308378719234774,89.22769230769231
1245,217.114,4.860384615384615,0.8507692307692307,2.5833846153846154,26.308378719234774,89.22769230769231
1246,217.114,4.860384615384615,0.8507692307692307,2.5833846153846154,26.308378719234774,89.22769230769231
1247,217.114,4.860384615384615,0.8507692307692307,2.5833846153846154,26.308378719234774,89.22769230769231
1248,217.114,4.860384615384615,0.8507692307692307,2.5833846153846154,26.308378719234774,89.22769230769231
1249,217.114,4.860384615384615,0.8507692307692307,2.5833846153846154,26.308378719234774,89.22769230769231
1250,217.114,4.860384615384615,0.8507692307692307,2.5833846153846154,26.308378719234774,89.22769230769231
1251,217.114,4.860384615384615,0.8507692307692307,2.5833846153846154,26.308378719234774,89.22769230769231
1252,217.114,4.860384615384615,0.8507692307692307,2.5833846153846154,26.308378719234774,89.22769230769231
1253,217.114,4.860384615384615,0.8507692307692307,2.5833846153846154,26.308378719234774,89.22769230769231
1254,217.114,4.860384615384615,0.8507692307692307,2.5833846153846154,26.308378719234774,89.22769230769231
1255,217.114,4.860384615384615,0.8507692307692307,2.5833846153846154,26.308378719234774,89.22769230769231
1256,217.114,4.860384615384615,0.8507692307692307,2.5833846153846154,26.308378719234774,89.22769230769231
1257,217.114,4.860384615384615,0.8507692307692307,2.5833846153846154,26.308378719234774,89.22769230769231
1258,217.114,4.860384615384615,0.8507692307692307,2.5833846153846154,26.308378719234774,89.22769230769231
1259,217.114,4.860384615384615,0.8507692307692307,2.5833846153846154,26.308378719234774,89.22769230769231
1260,217.114,4.860384615384615,0.8507692307692307,2.5833846153846154,26.308378719234774,89.22769230769231
1261,217.114,4.860384615384615,0.8507692307692307,2.5833846153846154,26.308378719234774,89.22769230769231
1262,217.114,4.860384615384615,0.8507692307692307,2.5833846153846154,26.308378719234774,89.22769230769231
1263,217.114,4.860384615384615,0.8507692307692307,2.5833846153846154,26.308378719234774,89.22769230769231
1264,217.114,4.860384615384615,0.8507692307692307,2.5833846153846154,26.308378719234774,89.22769230769231
1265,217.114,4.860384615384615,0.8507692307692307,2.5833846153846154,26.308378719234774,89.22769230769231
1266,217.114,4.860384615384615,0.8507692307692307,2.5833846153846154,26.308378719234774,89.22769230769231
1267,217.114,4.860384615384615,0.8507692307692307,2.5833846153846154,26.308378719234774,89.22769230769231
1268,217.114,4.860384615384615,0.8507692307692307,2.5833846153846154,26.308378719234774,89.22769230769231
1269,217.114,4.860384615384615,0.8507692307692307,2.5833846153846154,26.308378719234774,89.22769230769231
1270,217.114,4.860384615384615,0.8507692307692307,2.5833846153846154,26.308378719234774,89.22769230769231
1271,217.114,4.860384615384615,0.8507692307692307,2.5833846153846154,26.308378719234774,89.22769230769231
1272,217.114,4.860384615384615,0.8507692307692307,2.5833846153846154,26.308378719234774,89.22769230769231
1273,217.114,4.860384615384615,0.8507692307692307,2.5833846153846154,26.308378719234774,89.22769230769231
1274,217.114,4.860384615384615,0.8507692307692307,2.5833846153846154,26.308378719234774,89.22769230769231
1275,217.114,4.860384615384615,0.8507692307692307,2.5833846153846154,26.308378719234774,89.22769230769231
1276,217.114,4.860384615384615,0.8507692307692307,2.5833846153846154,26.308378719234774,89.22769230769231
1277,217.114,4.860384615384615,0.8507692307692307,2.5833846153846154,26.308378719234774,89.22769230769231
1278,217.114,4.860384615384615,0.8507692307692307,2.5833846153846154,26.308378719234774,89.22769230769231
1279,217.114,4.860384615384615,0.8507692307692307,2.5833846153846154,26.308378719234774,89.22769230769231
1280,217.114,4.860384615384615,0.8507692307692307,2.5833846153846154,26.308378719234774,89.22769230769231
1281,217.114,4.860384615384615,0.8507692307692307,2.5833846153846154,26.308378719234774,89.22769230769231
1282,217.114,4.860384615384615,0.8507692307692307,2.5833846153846154,26.308378719234774,89.22769230769231
1283,217.114,4.860384615384615,0.8507692307692307,2.5833846153846154,26.308378719234774,89.22769230769231
1284,217.114,4.860384615384615,0.8507692307692307,2.5833846153846154,26.308378719234774,89.22769230769231
1285,217.114,4.860384615384615,0.8507692307692307,2.5833846153846154,26.308378719234774,89.22769230769231
1286,217.114,4.860384615384615,0.8507692307692307,2.5833846153846154,26.308378719234774,89.22769230769231
1287,217.114,4.860384615384615,0.8507692307692307,2.5833846153846154,26.308378719234774,89.22769230769231
1288,217.114,4.860384615384615,0.8507692307692307,2.5833846153846154,26.308378719234774,89.22769230769231
1289,217.114,4.860384615384615,0.8507692307692307,2.5833846153846154,26.308378719234774,89.22769230769231
1290,217.114,4.860384615384615,0.8507692307692307,2.5833846153846154,26.308378719234774,89.22769230769231
1291,217.114,4.860384615384615,0.8507692307692307,2.5833846153846154,26.308378719234774,89.22769230769231
1292,217.114,4.860384615384615,0.8507692307692307,2.5833846153846154,26.308378719234774,89.22769230769231
1293,217.114,4.860384615384615,0.8507692307692307,2.5833846153846154,26.308378719234774,89.22769230769231
1294,217.114,4.860384615384615,0.8507692307692307,2.5833846153846154,26.308378719234774,89.22769230769231
1295,217.114,4.860384615384615,0.8507692307692307,2.5833846153846154,26.308378719234774,89.22769230769231
1296,217.114,4.860384615384615,0.8507692307692307,2.5833846153846154,26.308378719234774,89.22769230769231
1297,217.114,4.860384615384615,0.8507692307692307,2.5833846153846154,26.308378719234774,89.22769230769231
1298,217.114,4.860384615384615,0.8507692307692307,2.5833846153846154,26.308378719234774,89.22769230769231
1299,217.114,4.860384615384615,0.8507692307692307,2.5833846153846154,26.308378719234774,89.22769230769231
1300,217.114,4.860384615384615,0.8507692307692307,2.5833846153846154,26.308378719234774,89.22769230769231
1301,217.114,4.860384615384615,0.8507692307692307,2.5833846153846154,26.308378719234774,89.22769230769231
1302,217.114,4.860384615384615,0.8507692307692307,2.5833846153846154,26.308378719234774,89.22769230769231
1303,217.114,4.860384615384615,0.8507692307692307,2.5833846153846154,26.308378719234774,89.22769230769231
1304,217.114,4.860384615384615,0.8507692307692307,2.5833846153846154,26.308378719234774,89.22769230769231
1305,217.114,4.860384615384615,0.8507692307692307,2.5833846153846154,26.308378719234774,89.22769230769231
1306,217.114,4.860384615384615,0.8507692307692307,2.5833846153846154,26.308378719234774,89.22769230769231
1307,217.114,4.860384615384615,0.8507692307692307,2.5833846153846154,26.308378719234774,89.22769230769231
1308,217.114,4.860384615384615,0.8507692307692307,2.5833846153846154,26.308378719234774,89.22769230769231
1309,217.114,4.860384615384615,0.8507692307692307,2.5833846153846154,26.308378719234774,89.22769230769231
1310,217.114,4.860384615384615,0.8507692307692307,2.5833846153846154,26.308378719234774,89.22769230769231
1311,217.114,4.860384615384615,0.8507692307692307,2.5833846153846154,26.308378719234774,89.22769230769231
1312,217.114,4.860384615384615,0.8507692307692307,2.5833846153846154,26.308378719234774,89.22769230769231
1313,217.114,4.860384615384615,0.8507692307692307,2.5833846153846154,26.308378719234774,89.22769230769231
1314,217.114,4.860384615384615,0.8507692307692307,2.5833846153846154,26.308378719234774,89.22769230769231
1315,217.114,4.860384615384615,0.8507692307692307,2.5833846153846154,26.308378719234774,89.22769230769231
1316,217.114,4.860384615384615,0.8507692307692307,2.5833846153846154,26.308378719234774,89.22769230769231
1317,217.114,4.860384615384615,0.8507692307692307,2.5833846153846154,26.308378719234774,89.22769230769231
1318,217.114,4.860384615384615,0.8507692307692307,2.5833846153846154,26.308378719234774,89.22769230769231
1319,217.114,4.860384615384615,0.8507692307692307,2.5833846153846154,26.308378719234774,89.22769230769231
1320,217.114,4.860384615384615,0.8507692307692307,2.5833846153846154,26.308378719234774,89.22769230769231
1321,217.114,4.860384615384615,0.8507692307692307,2.5833846153846154,26.308378719234774,89.22769230769231
1322,217.114,4.860384615384615,0.8507692307692307,2.5833846153846154,26.308378719234774,89.22769230769231
1323,217.114,4.860384615384615,0.8507692307692307,2.5833846153846154,26.308378719234774,89.22769230769231
1324,217.114,4.860384615384615,0.8507692307692307,2.5833846153846154,26.308378719234774,89.22769230769231
1325,217.114,4.860384615384615,0.8507692307692307,2.5833846153846154,26.308378719234774,89.22769230769231
1326,217.114,4.860384615384615,0.8507692307692307,2.5833846153846154,26.308378719234774,89.22769230769231
1327,217.114,4.860384615384615,0.8507692307692307,2.5833846153846154,26.308378719234774,89.22769230769231
1328,217.114,4.860384615384615,0.8507692307692307,2.5833846153846154,26.308378719234774,89.22769230769231
1329,217.114,4.860384615384615,0.8507692307692307,2.5833846153846154,26.308378719234774,89.22769230769231
1330,217.114,4.860384615384615,0.8507692307692307,2.5833846153846154,26.308378719234774,89.22769230769231
1331,217.114,4.860384615384615,0.8507692307692307,2.5833846153846154,26.308378719234774,89.22769230769231
1332,217.114,4.860384615384615,0.8507692307692307,2.5833846153846154,26.308378719234774,89.22769230769231
1333,217.114,4.860384615384615,0.8507692307692307,2.5833846153846154,26.308378719234774,89.22769230769231
1334,217.114,4.860384615384615,0.8507692307692307,2.5833846153846154,26.308378719234774,89.22769230769231
1335,217.114,4.860384615384615,0.8507692307692307,2.5833846153846154,26.308378719234774,89.22769230769231
1336,217.114,4.860384615384615,0.8507692307692307,2.5833846153846154,26.308378719234774,89.22769230769231
1337,217.114,4.860384615384615,0.8507692307692307,2.5833846153846154,26.308378719234774,89.22769230769231
1338,217.114,4.860384615384615,0.8507692307692307,2.5833846153846154,26.308378719234774,89.22769230769231
1339,217.114,4.860384615384615,0.8507692307692307,2.5833846153846154,26.308378719234774,89.22769230769231
1340,217.114,4.860384615384615,0.8507692307692307,2.5833846153846154,26.308378719234774,89.22769230769231
1341,217.114,4.860384615384615,0.8507692307692307,2.5833846153846154,26.308378719234774,89.22769230769231
1342,217.114,4.860384615384615,0.8507692307692307,2.5833846153846154,26.308378719234774,89.22769230769231
1343,217.114,4.860384615384615,0.8507692307692307,2.5833846153846154,26.308378719234774,89.22769230769231
1344,217.114,4.860384615384615,0.8507692307692307,2.5833846153846154,26.308378719234774,89.22769230769231
1345,217.114,4.860384615384615,0.8507692307692307,2.5833846153846154,26.308378719234774,89.22769230769231
1346,217.114,4.860384615384615,0.8507692307692307,2.5833846153846154,26.308378719234774,89.22769230769231
1347,217.114,4.860384615384615,0.8507692307692307,2.5833846153846154,26.308378719234774,89.22769230769231
1348,217.114,4.860384615384615,0.8507692307692307,2.5833846153846154,26.308378719234774,89.22769230769231
1349,217.114,4.860384615384615,0.8507692307692307,2.5833846153846154,26.308378719234774,89.22769230769231
1350,217.114,4.860384615384615,0.8507692307692307,2.5833846153846154,26.308378719234774,89.22769230769231
1351,217.114,4.860384615384615,0.8507692307692307,2.5833846153846154,26.308378719234774,89.22769230769231
1352,217.114,4.860384615384615,0.8507692307692307,2.5833846153846154,26.308378719234774,89.22769230769231
1353,217.114,4.860384615384615,0.8507692307692307,2.5833846153846154,26.308378719234774,89.22769230769231
1354,217.114,4.860384615384615,0.8507692307692307,2.5833846153846154,26.308378719234774,89.22769230769231
1355,217.114,4.860384615384615,0.8507692307692307,2.5833846153846154,26.308378719234774,89.22769230769231
1356,217.114,4.860384615384615,0.8507692307692307,2.5833846153846154,26.308378719234774,89.22769230769231
1357,217.114,4.860384615384615,0.8507692307692307,2.5833846153846154,26.308378719234774,89.22769230769231
1358,217.114,4.860384615384615,0.8507692307692307,2.5833846153846154,26.308378719234774,89.22769230769231
1359,217.114,4.860384615384615,0.8507692307692307,2.5833846153846154,26.308378719234774,89.22769230769231
1360,217.114,4.860384615384615,0.8507692307692307,2.5833846153846154,26.308378719234774,89.22769230769231
1361,217.114,4.860384615384615,0.8507692307692307,2.5833846153846154,26.308378719234774,89.22769230769231
1362,217.114,4.860384615384615,0.8507692307692307,2.5833846153846154,26.308378719234774,89.22769230769231
1363,217.114,4.860384615384615,0.8507692307692307,2.5833846153846154,26.308378719234774,89.22769230769231
1364,217.114,4.860384615384615,0.8507692307692307,2.5833846153846154,26.308378719234774,89.22769230769231
1365,217.114,4.860384615384615,0.8507692307692307,2.5833846153846154,26.308378719234774,89.22769230769231
1366,217.114,4.860384615384615,0.8507692307692307,2.5833846153846154,26.308378719234774,89.22769230769231
1367,217.114,4.860384615384615,0.8507692307692307,2.5833846153846154,26.308378719234774,89.22769230769231
1368,217.114,4.860384615384615,0.8507692307692307,2.5833846153846154,26.308378719234774,89.22769230769231
1369,217.114,4.860384615384615,0.8507692307692307,2.5833846153846154,26.308378719234774,89.22769230769231
1370,217.114,4.860384615384615,0.8507692307692307,2.5833846153846154,26.308378719234774,89.22769230769231
1371,217.114,4.860384615384615,0.8507692307692307,2.5833846153846154,26.308378719234774,89.22769230769231
1372,217.114,4.860384615384615,0.8507692307692307,2.5833846153846154,26.308378719234774,89.22769230769231
1373,217.114,4.860384615384615,0.8507692307692307,2.5833846153846154,26.308378719234774,89.22769230769231
1374,217.114,4.860384615384615,0.8507692307692307,2.5833846153846154,26.308378719234774,89.22769230769231
1375,217.114,4.860384615384615,0.8507692307692307,2.5833846153846154,26.308378719234774,89.22769230769231
1376,217.114,4.860384615384615,0.8507692307692307,2.5833846153846154,26.308378719234774,89.22769230769231
1377,217.114,4.860384615384615,0.8507692307692307,2.5833846153846154,26.308378719234774,89.22769230769231
1378,217.114,4.860384615384615,0.8507692307692307,2.5833846153846154,26.308378719234774,89.22769230769231
1379,217.114,4.860384615384615,0.8507692307692307,2.5833846153846154,26.308378719234774,89.22769230769231
1380,217.114,4.860384615384615,0.8507692307692307,2.5833846153846154,26.308378719234774,89.22769230769231
1381,217.114,4.860384615384615,0.8507692307692307,2.5833846153846154,26.308378719234774,89.22769230769231
1382,217.114,4.860384615384615,0.8507692307692307,2.5833846153846154,26.308378719234774,89.22769230769231
1383,217.114,4.860384615384615,0.8507692307692307,2.5833846153846154,26.308378719234774,89.22769230769231
1384,217.114,4.860384615384615,0.8507692307692307,2.5833846153846154,26.308378719234774,89.22769230769231
1385,217.114,4.860384615384615,0.8507692307692307,2.5833846153846154,26.308378719234774,89.22769230769231
1386,217.114,4.860384615384615,0.8507692307692307,2.5833846153846154,26.308378719234774,89.22769230769231
1387,217.114,4.860384615384615,0.8507692307692307,2.5833846153846154,26.308378719234774,89.22769230769231
1388,217.114,4.860384615384615,0.8507692307692307,2.5833846153846154,26.308378719234774,89.22769230769231
1389,217.114,4.860384615384615,0.8507692307692307,2.5833846153846154,26.308378719234774,89.22769230769231
1390,217.114,4.860384615384615,0.8507692307692307,2.5833846153846154,26.308378719234774,89.22769230769231
1391,217.114,4.860384615384615,0.8507692307692307,2.5833846153846154,26.308378719234774,89.22769230769231
1392,217.114,4.860384615384615,0.8507692307692307,2.5833846153846154,26.308378719234774,89.22769230769231
1393,217.114,4.860384615384615,0.8507692307692307,2.5833846153846154,26.308378719234774,89.22769230769231
1394,217.114,4.860384615384615,0.8507692307692307,2.5833846153846154,26.308378719234774,89.22769230769231
1395,217.114,4.860384615384615,0.8507692307692307,2.5833846153846154,26.308378719234774,89.22769230769231
1396,217.114,4.860384615384615,0.8507692307692307,2.5833846153846154,26.308378719234774,89.22769230769231
1397,217.114,4.860384615384615,0.8507692307692307,2.5833846153846154,26.308378719234774,89.22769230769231
1398,217.114,4.860384615384615,0.8507692307692307,2.5833846153846154,26.308378719234774,89.22769230769231
1399,217.114,4.860384615384615,0.8507692307692307,2.5833846153846154,26.308378719234774,89.22769230769231
1400,217.114,4.860384615384615,0.8507692307692307,2.5833846153846154,26.308378719234774,89.22769230769231
1401,217.114,4.860384615384615,0.8507692307692307,2.5833846153846154,26.308378719234774,89.22769230769231
1402,217.114,4.860384615384615,0.8507692307692307,2.5833846153846154,26.308378719234774,89.22769230769231
1403,217.114,4.860384615384615,0.8507692307692307,2.5833846153846154,26.308378719234774,89.22769230769231
1404,217.114,4.860384615384615,0.8507692307692307,2.5833846153846154,26.308378719234774,89.22769230769231
1405,217.114,4.860384615384615,0.8507692307692307,2.5833846153846154,26.308378719234774,89.22769230769231
1406,217.114,4.860384615384615,0.8507692307692307,2.5833846153846154,26.308378719234774,89.22769230769231
1407,217.114,4.860384615384615,0.8507692307692307,2.5833846153846154,26.308378719234774,89.22769230769231
1408,217.114,4.860384615384615,0.8507692307692307,2.5833846153846154,26.308378719234774,89.22769230769231
1409,217.114,4.860384615384615,0.8507692307692307,2.5833846153846154,26.308378719234774,89.22769230769231
1410,217.114,4.860384615384615,0.8507692307692307,2.5833846153846154,26.308378719234774,89.22769230769231
1411,217.114,4.860384615384615,0.8507692307692307,2.5833846153846154,26.308378719234774,89.22769230769231
1412,217.114,4.860384615384615,0.8507692307692307,2.5833846153846154,26.308378719234774,89.22769230769231
1413,217.114,4.860384615384615,0.8507692307692307,2.5833846153846154,26.308378719234774,89.22769230769231
1414,217.114,4.860384615384615,0.8507692307692307,2.5833846153846154,26.308378719234774,89.22769230769231
1415,217.114,4.860384615384615,0.8507692307692307,2.5833846153846154,26.308378719234774,89.22769230769231
1416,217.114,4.860384615384615,0.8507692307692307,2.5833846153846154,26.308378719234774,89.22769230769231
1417,217.114,4.860384615384615,0.8507692307692307,2.5833846153846154,26.308378719234774,89.22769230769231
1418,217.114,4.860384615384615,0.8507692307692307,2.5833846153846154,26.308378719234774,89.22769230769231
1419,217.114,4.860384615384615,0.8507692307692307,2.5833846153846154,26.308378719234774,89.22769230769231
1420,217.114,4.860384615384615,0.8507692307692307,2.5833846153846154,26.308378719234774,89.22769230769231
1421,217.114,4.860384615384615,0.8507692307692307,2.5833846153846154,26.308378719234774,89.22769230769231
1422,217.114,4.860384615384615,0.8507692307692307,2.5833846153846154,26.308378719234774,89.22769230769231
1423,217.114,4.860384615384615,0.8507692307692307,2.5833846153846154,26.308378719234774,89.22769230769231
1424,217.114,4.860384615384615,0.8507692307692307,2.5833846153846154,26.308378719234774,89.22769230769231
1425,217.114,4.860384615384615,0.8507692307692307,2.5833846153846154,26.308378719234774,89.22769230769231
1426,217.114,4.860384615384615,0.8507692307692307,2.5833846153846154,26.308378719234774,89.22769230769231
1427,217.114,4.860384615384615,0.8507692307692307,2.5833846153846154,26.308378719234774,89.22769230769231
1428,217.114,4.860384615384615,0.8507692307692307,2.5833846153846154,26.308378719234774,89.22769230769231
1429,217.114,4.860384615384615,0.8507692307692307,2.5833846153846154,26.308378719234774,89.22769230769231
1430,217.114,4.860384615384615,0.8507692307692307,2.5833846153846154,26.308378719234774,89.22769230769231
1431,217.114,4.860384615384615,0.8507692307692307,2.5833846153846154,26.308378719234774,89.22769230769231
1432,217.114,4.860384615384615,0.8507692307692307,2.5833846153846154,26.308378719234774,89.22769230769231
1433,217.114,4.860384615384615,0.8507692307692307,2.5833846153846154,26.308378719234774,89.22769230769231
1434,217.114,4.860384615384615,0.8507692307692307,2.5833846153846154,26.308378719234774,89.22769230769231
1435,217.114,4.860384615384615,0.8507692307692307,2.5833846153846154,26.308378719234774,89.22769230769231
1436,217.114,4.860384615384615,0.8507692307692307,2.5833846153846154,26.308378719234774,89.22769230769231
1437,217.114,4.860384615384615,0.8507692307692307,2.5833846153846154,26.308378719234774,89.22769230769231
1438,217.114,4.860384615384615,0.8507692307692307,2.5833846153846154,26.308378719234774,89.22769230769231
1439,217.114,4.860384615384615,0.8507692307692307,2.5833846153846154,26.308378719234774,89.22769230769231
1440,217.114,4.860384615384615,0.8507692307692307,2.5833846153846154,26.308378719234774,89.22769230769231
1441,217.114,4.860384615384615,0.8507692307692307,2.5833846153846154,26.308378719234774,89.22769230769231
1442,217.114,4.860384615384615,0.8507692307692307,2.5833846153846154,26.308378719234774,89.22769230769231
1443,217.114,4.860384615384615,0.8507692307692307,2.5833846153846154,26.308378719234774,89.22769230769231
1444,217.114,4.860384615384615,0.8507692307692307,2.5833846153846154,26.308378719234774,89.22769230769231
1445,217.114,4.860384615384615,0.8507692307692307,2.5833846153846154,26.308378719234774,89.22769230769231
1446,217.114,4.860384615384615,0.8507692307692307,2.5833846153846154,26.308378719234774,89.22769230769231
1447,217.114,4.860384615384615,0.8507692307692307,2.5833846153846154,26.308378719234774,89.22769230769231
1448,217.114,4.860384615384615,0.8507692307692307,2.5833846153846154,26.308378719234774,89.22769230769231
1449,217.114,4.860384615384615,0.8507692307692307,2.5833846153846154,26.308378719234774,89.22769230769231
1450,217.114,4.860384615384615,0.8507692307692307,2.5833846153846154,26.308378719234774,89.22769230769231
1451,217.114,4.860384615384615,0.8507692307692307,2.5833846153846154,26.308378719234774,89.22769230769231
1452,217.114,4.860384615384615,0.8507692307692307,2.5833846153846154,26.308378719234774,89.22769230769231
1453,217.114,4.860384615384615,0.8507692307692307,2.5833846153846154,26.308378719234774,89.22769230769231
1454,217.114,4.860384615384615,0.8507692307692307,2.5833846153846154,26.308378719234774,89.22769230769231
1455,217.114,4.860384615384615,0.8507692307692307,2.5833846153846154,26.308378719234774,89.22769230769231
1456,217.114,4.860384615384615,0.8507692307692307,2.5833846153846154,26.308378719234774,89.22769230769231
1457,217.114,4.860384615384615,0.8507692307692307,2.5833846153846154,26.308378719234774,89.22769230769231
1458,217.114,4.860384615384615,0.8507692307692307,2.5833846153846154,26.308378719234774,89.22769230769231
1459,217.114,4.860384615384615,0.8507692307692307,2.5833846153846154,26.308378719234774,89.22769230769231
1460,217.114,4.860384615384615,0.8507692307692307,2.5833846153846154,26.308378719234774,89.22769230769231
1461,217.114,4.860384615384615,0.8507692307692307,2.5833846153846154,26.308378719234774,89.22769230769231
1462,217.114,4.860384615384615,0.8507692307692307,2.5833846153846154,26.308378719234774,89.22769230769231
1463,217.114,4.860384615384615,0.8507692307692307,2.5833846153846154,26.308378719234774,89.22769230769231
1464,217.114,4.860384615384615,0.8507692307692307,2.5833846153846154,26.308378719234774,89.22769230769231
1465,217.114,4.860384615384615,0.8507692307692307,2.5833846153846154,26.308378719234774,89.22769230769231
1466,217.114,4.860384615384615,0.8507692307692307,2.5833846153846154,26.308378719234774,89.22769230769231
1467,217.114,4.860384615384615,0.8507692307692307,2.5833846153846154,26.308378719234774,89.22769230769231
1468,217.114,4.860384615384615,0.8507692307692307,2.5833846153846154,26.308378719234774,89.22769230769231
1469,217.114,4.860384615384615,0.8507692307692307,2.5833846153846154,26.308378719234774,89.22769230769231
1470,217.114,4.860384615384615,0.8507692307692307,2.5833846153846154,26.308378719234774,89.22769230769231
1471,217.114,4.860384615384615,0.8507692307692307,2.5833846153846154,26.308378719234774,89.22769230769231
1472,217.114,4.860384615384615,0.8507692307692307,2.5833846153846154,26.308378719234774,89.22769230769231
1473,217.114,4.860384615384615,0.8507692307692307,2.5833846153846154,26.308378719234774,89.22769230769231
1474,217.114,4.860384615384615,0.8507692307692307,2.5833846153846154,26.308378719234774,89.22769230769231
1475,217.114,4.860384615384615,0.8507692307692307,2.5833846153846154,26.308378719234774,89.22769230769231
1476,217.114,4.860384615384615,0.8507692307692307,2.5833846153846154,26.308378719234774,89.22769230769231
1477,217.114,4.860384615384615,0.8507692307692307,2.5833846153846154,26.308378719234774,89.22769230769231
1478,217.114,4.860384615384615,0.8507692307692307,2.5833846153846154,26.308378719234774,89.22769230769231
1479,217.114,4.860384615384615,0.8507692307692307,2.5833846153846154,26.308378719234774,89.22769230769231
1480,217.114,4.860384615384615,0.8507692307692307,2.5833846153846154,26.308378719234774,89.22769230769231
1481,217.114,4.860384615384615,0.8507692307692307,2.5833846153846154,26.308378719234774,89.22769230769231
1482,217.114,4.860384615384615,0.8507692307692307,2.5833846153846154,26.308378719234774,89.22769230769231
1483,217.114,4.860384615384615,0.8507692307692307,2.5833846153846154,26.308378719234774,89.22769230769231
1484,217.114,4.860384615384615,0.8507692307692307,2.5833846153846154,26.308378719234774,89.22769230769231
1485,217.114,4.860384615384615,0.8507692307692307,2.5833846153846154,26.308378719234774,89.22769230769231
1486,217.114,4.860384615384615,0.8507692307692307,2.5833846153846154,26.308378719234774,89.22769230769231
1487,217.114,4.860384615384615,0.8507692307692307,2.5833846153846154,26.308378719234774,89.22769230769231
1488,217.114,4.860384615384615,0.8507692307692307,2.5833846153846154,26.308378719234774,89.22769230769231
1489,217.114,4.860384615384615,0.8507692307692307,2.5833846153846154,26.308378719234774,89.22769230769231
1490,217.114,4.860384615384615,0.8507692307692307,2.5833846153846154,26.308378719234774,89.22769230769231
1491,217.114,4.860384615384615,0.8507692307692307,2.5833846153846154,26.308378719234774,89.22769230769231
1492,217.114,4.860384615384615,0.8507692307692307,2.5833846153846154,26.308378719234774,89.22769230769231
1493,217.114,4.860384615384615,0.8507692307692307,2.5833846153846154,26.308378719234774,89.22769230769231
1494,217.114,4.860384615384615,0.8507692307692307,2.5833846153846154,26.308378719234774,89.22769230769231
1495,217.114,4.860384615384615,0.8507692307692307,2.5833846153846154,26.308378719234774,89.22769230769231
1496,217.114,4.860384615384615,0.8507692307692307,2.5833846153846154,26.308378719234774,89.22769230769231
1497,217.114,4.860384615384615,0.8507692307692307,2.5833846153846154,26.308378719234774,89.22769230769231
1498,217.114,4.860384615384615,0.8507692307692307,2.5833846153846154,26.308378719234774,89.22769230769231
1499,217.114,4.860384615384615,0.8507692307692307,2.5833846153846154,26.308378719234774,89.22769230769231
1500,217.114,4.860384615384615,0.8507692307692307,2.5833846153846154,26.308378719234774,89.22769230769231
1501,217.114,4.860384615384615,0.8507692307692307,2.5833846153846154,26.308378719234774,89.22769230769231
1502,217.114,4.860384615384615,0.8507692307692307,2.5833846153846154,26.308378719234774,89.22769230769231
1503,217.114,4.860384615384615,0.8507692307692307,2.5833846153846154,26.308378719234774,89.22769230769231
1504,217.114,4.860384615384615,0.8507692307692307,2.5833846153846154,26.308378719234774,89.22769230769231
1505,217.114,4.860384615384615,0.8507692307692307,2.5833846153846154,26.308378719234774,89.22769230769231
1506,217.114,4.860384615384615,0.8507692307692307,2.5833846153846154,26.308378719234774,89.22769230769231
1507,217.114,4.860384615384615,0.8507692307692307,2.5833846153846154,26.308378719234774,89.22769230769231
1508,217.114,4.860384615384615,0.8507692307692307,2.5833846153846154,26.308378719234774,89.22769230769231
1509,217.114,4.860384615384615,0.8507692307692307,2.5833846153846154,26.308378719234774,89.22769230769231
1510,217.114,4.860384615384615,0.8507692307692307,2.5833846153846154,26.308378719234774,89.22769230769231
1511,217.114,4.860384615384615,0.8507692307692307,2.5833846153846154,26.308378719234774,89.22769230769231
1512,217.114,4.860384615384615,0.8507692307692307,2.5833846153846154,26.308378719234774,89.22769230769231
1513,217.114,4.860384615384615,0.8507692307692307,2.5833846153846154,26.308378719234774,89.22769230769231
1514,217.114,4.860384615384615,0.8507692307692307,2.5833846153846154,26.308378719234774,89.22769230769231
1515,217.114,4.860384615384615,0.8507692307692307,2.5833846153846154,26.308378719234774,89.22769230769231
1516,217.114,4.860384615384615,0.8507692307692307,2.5833846153846154,26.308378719234774,89.22769230769231
1517,217.114,4.860384615384615,0.8507692307692307,2.5833846153846154,26.308378719234774,89.22769230769231
1518,217.114,4.860384615384615,0.8507692307692307,2.5833846153846154,26.308378719234774,89.22769230769231
1519,217.114,4.860384615384615,0.8507692307692307,2.5833846153846154,26.308378719234774,89.22769230769231
1520,217.114,4.860384615384615,0.8507692307692307,2.5833846153846154,26.308378719234774,89.22769230769231
1521,217.114,4.860384615384615,0.8507692307692307,2.5833846153846154,26.308378719234774,89.22769230769231
1522,217.114,4.860384615384615,0.8507692307692307,2.5833846153846154,26.308378719234774,89.22769230769231
1523,217.114,4.860384615384615,0.8507692307692307,2.5833846153846154,26.308378719234774,89.22769230769231
1524,217.114,4.860384615384615,0.8507692307692307,2.5833846153846154,26.308378719234774,89.22769230769231
1525,217.114,4.860384615384615,0.8507692307692307,2.5833846153846154,26.308378719234774,89.22769230769231
1526,217.114,4.860384615384615,0.8507692307692307,2.5833846153846154,26.308378719234774,89.22769230769231
1527,217.114,4.860384615384615,0.8507692307692307,2.5833846153846154,26.308378719234774,89.22769230769231
1528,217.114,4.860384615384615,0.8507692307692307,2.5833846153846154,26.308378719234774,89.22769230769231
1529,217.114,4.860384615384615,0.8507692307692307,2.5833846153846154,26.308378719234774,89.22769230769231
1530,217.114,4.860384615384615,0.8507692307692307,2.5833846153846154,26.308378719234774,89.22769230769231
1531,217.114,4.860384615384615,0.8507692307692307,2.5833846153846154,26.308378719234774,89.22769230769231
1532,217.114,4.860384615384615,0.8507692307692307,2.5833846153846154,26.308378719234774,89.22769230769231
1533,217.114,4.860384615384615,0.8507692307692307,2.5833846153846154,26.308378719234774,89.22769230769231
1534,217.114,4.860384615384615,0.8507692307692307,2.5833846153846154,26.308378719234774,89.22769230769231
1535,217.114,4.860384615384615,0.8507692307692307,2.5833846153846154,26.308378719234774,89.22769230769231
1536,217.114,4.860384615384615,0.8507692307692307,2.5833846153846154,26.308378719234774,89.22769230769231
1537,217.114,4.860384615384615,0.8507692307692307,2.5833846153846154,26.308378719234774,89.22769230769231
1538,217.114,4.860384615384615,0.8507692307692307,2.5833846153846154,26.308378719234774,89.22769230769231
1539,217.114,4.860384615384615,0.8507692307692307,2.5833846153846154,26.308378719234774,89.22769230769231
1540,217.114,4.860384615384615,0.8507692307692307,2.5833846153846154,26.308378719234774,89.22769230769231
1541,217.114,4.860384615384615,0.8507692307692307,2.5833846153846154,26.308378719234774,89.22769230769231
1542,217.114,4.860384615384615,0.8507692307692307,2.5833846153846154,26.308378719234774,89.22769230769231
1543,217.114,4.860384615384615,0.8507692307692307,2.5833846153846154,26.308378719234774,89.22769230769231
1544,217.114,4.860384615384615,0.8507692307692307,2.5833846153846154,26.308378719234774,89.22769230769231
1545,217.114,4.860384615384615,0.8507692307692307,2.5833846153846154,26.308378719234774,89.22769230769231
1546,217.114,4.860384615384615,0.8507692307692307,2.5833846153846154,26.308378719234774,89.22769230769231
1547,217.114,4.860384615384615,0.8507692307692307,2.5833846153846154,26.308378719234774,89.22769230769231
1548,217.114,4.860384615384615,0.8507692307692307,2.5833846153846154,26.308378719234774,89.22769230769231
1549,217.114,4.860384615384615,0.8507692307692307,2.5833846153846154,26.308378719234774,89.22769230769231
1550,217.114,4.860384615384615,0.8507692307692307,2.5833846153846154,26.308378719234774,89.22769230769231
1551,217.114,4.860384615384615,0.8507692307692307,2.5833846153846154,26.308378719234774,89.22769230769231
1552,217.114,4.860384615384615,0.8507692307692307,2.5833846153846154,26.308378719234774,89.22769230769231
1553,217.114,4.860384615384615,0.8507692307692307,2.5833846153846154,26.308378719234774,89.22769230769231
1554,217.114,4.860384615384615,0.8507692307692307,2.5833846153846154,26.308378719234774,89.22769230769231
1555,217.114,4.860384615384615,0.8507692307692307,2.5833846153846154,26.308378719234774,89.22769230769231
1556,217.114,4.860384615384615,0.8507692307692307,2.5833846153846154,26.308378719234774,89.22769230769231
1557,217.114,4.860384615384615,0.8507692307692307,2.5833846153846154,26.308378719234774,89.22769230769231
1558,217.114,4.860384615384615,0.8507692307692307,2.5833846153846154,26.308378719234774,89.22769230769231
1559,217.114,4.860384615384615,0.8507692307692307,2.5833846153846154,26.308378719234774,89.22769230769231
1560,217.114,4.860384615384615,0.8507692307692307,2.5833846153846154,26.308378719234774,89.22769230769231
1561,217.114,4.860384615384615,0.8507692307692307,2.5833846153846154,26.308378719234774,89.22769230769231
1562,217.114,4.860384615384615,0.8507692307692307,2.5833846153846154,26.308378719234774,89.22769230769231
1563,217.114,4.860384615384615,0.8507692307692307,2.5833846153846154,26.308378719234774,89.22769230769231
1564,217.114,4.860384615384615,0.8507692307692307,2.5833846153846154,26.308378719234774,89.22769230769231
1565,217.114,4.860384615384615,0.8507692307692307,2.5833846153846154,26.308378719234774,89.22769230769231
1566,217.114,4.860384615384615,0.8507692307692307,2.5833846153846154,26.308378719234774,89.22769230769231
1567,217.114,4.860384615384615,0.8507692307692307,2.5833846153846154,26.308378719234774,89.22769230769231
1568,217.114,4.860384615384615,0.8507692307692307,2.5833846153846154,26.308378719234774,89.22769230769231
1569,217.114,4.860384615384615,0.8507692307692307,2.5833846153846154,26.308378719234774,89.22769230769231
1570,217.114,4.860384615384615,0.8507692307692307,2.5833846153846154,26.308378719234774,89.22769230769231
1571,217.114,4.860384615384615,0.8507692307692307,2.5833846153846154,26.308378719234774,89.22769230769231
1572,217.114,4.860384615384615,0.8507692307692307,2.5833846153846154,26.308378719234774,89.22769230769231
1573,217.114,4.860384615384615,0.8507692307692307,2.5833846153846154,26.308378719234774,89.22769230769231
1574,217.114,4.860384615384615,0.8507692307692307,2.5833846153846154,26.308378719234774,89.22769230769231
1575,217.114,4.860384615384615,0.8507692307692307,2.5833846153846154,26.308378719234774,89.22769230769231
1576,217.114,4.860384615384615,0.8507692307692307,2.5833846153846154,26.308378719234774,89.22769230769231
1577,217.114,4.860384615384615,0.8507692307692307,2.5833846153846154,26.308378719234774,89.22769230769231
1578,217.114,4.860384615384615,0.8507692307692307,2.5833846153846154,26.308378719234774,89.22769230769231
1579,217.114,4.860384615384615,0.8507692307692307,2.5833846153846154,26.308378719234774,89.22769230769231
1580,217.114,4.860384615384615,0.8507692307692307,2.5833846153846154,26.308378719234774,89.22769230769231
1581,217.114,4.860384615384615,0.8507692307692307,2.5833846153846154,26.308378719234774,89.22769230769231
1582,217.114,4.860384615384615,0.8507692307692307,2.5833846153846154,26.308378719234774,89.22769230769231
1583,217.114,4.860384615384615,0.8507692307692307,2.5833846153846154,26.308378719234774,89.22769230769231
1584,217.114,4.860384615384615,0.8507692307692307,2.5833846153846154,26.308378719234774,89.22769230769231
1585,217.114,4.860384615384615,0.8507692307692307,2.5833846153846154,26.308378719234774,89.22769230769231
1586,217.114,4.860384615384615,0.8507692307692307,2.5833846153846154,26.308378719234774,89.22769230769231
1587,217.114,4.860384615384615,0.8507692307692307,2.5833846153846154,26.308378719234774,89.22769230769231
1588,217.114,4.860384615384615,0.8507692307692307,2.5833846153846154,26.308378719234774,89.22769230769231
1589,217.114,4.860384615384615,0.8507692307692307,2.5833846153846154,26.308378719234774,89.22769230769231
1590,217.114,4.860384615384615,0.8507692307692307,2.5833846153846154,26.308378719234774,89.22769230769231
1591,217.114,4.860384615384615,0.8507692307692307,2.5833846153846154,26.308378719234774,89.22769230769231
1592,217.114,4.860384615384615,0.8507692307692307,2.5833846153846154,26.308378719234774,89.22769230769231
1593,217.114,4.860384615384615,0.8507692307692307,2.5833846153846154,26.308378719234774,89.22769230769231
1594,217.114,4.860384615384615,0.8507692307692307,2.5833846153846154,26.308378719234774,89.22769230769231
1595,217.114,4.860384615384615,0.8507692307692307,2.5833846153846154,26.308378719234774,89.22769230769231
1596,217.114,4.860384615384615,0.8507692307692307,2.5833846153846154,26.308378719234774,89.22769230769231
1597,217.114,4.860384615384615,0.8507692307692307,2.5833846153846154,26.308378719234774,89.22769230769231
1598,217.114,4.860384615384615,0.8507692307692307,2.5833846153846154,26.308378719234774,89.22769230769231
1599,217.114,4.860384615384615,0.8507692307692307,2.5833846153846154,26.308378719234774,89.22769230769231
1600,217.114,4.860384615384615,0.8507692307692307,2.5833846153846154,26.308378719234774,89.22769230769231
1601,217.114,4.860384615384615,0.8507692307692307,2.5833846153846154,26.308378719234774,89.22769230769231
1602,217.114,4.860384615384615,0.8507692307692307,2.5833846153846154,26.308378719234774,89.22769230769231
1603,217.114,4.860384615384615,0.8507692307692307,2.5833846153846154,26.308378719234774,89.22769230769231
1604,217.114,4.860384615384615,0.8507692307692307,2.5833846153846154,26.308378719234774,89.22769230769231
1605,217.114,4.860384615384615,0.8507692307692307,2.5833846153846154,26.308378719234774,89.22769230769231
1606,217.114,4.860384615384615,0.8507692307692307,2.5833846153846154,26.308378719234774,89.22769230769231
1607,217.114,4.860384615384615,0.8507692307692307,2.5833846153846154,26.308378719234774,89.22769230769231
1608,217.114,4.860384615384615,0.8507692307692307,2.5833846153846154,26.308378719234774,89.22769230769231
1609,217.114,4.860384615384615,0.8507692307692307,2.5833846153846154,26.308378719234774,89.22769230769231
1610,217.114,4.860384615384615,0.8507692307692307,2.5833846153846154,26.308378719234774,89.22769230769231
1611,217.114,4.860384615384615,0.8507692307692307,2.5833846153846154,26.308378719234774,89.22769230769231
1612,217.114,4.860384615384615,0.8507692307692307,2.5833846153846154,26.308378719234774,89.22769230769231
1613,217.114,4.860384615384615,0.8507692307692307,2.5833846153846154,26.308378719234774,89.22769230769231
1614,217.114,4.860384615384615,0.8507692307692307,2.5833846153846154,26.308378719234774,89.22769230769231
1615,217.114,4.860384615384615,0.8507692307692307,2.5833846153846154,26.308378719234774,89.22769230769231
1616,217.114,4.860384615384615,0.8507692307692307,2.5833846153846154,26.308378719234774,89.22769230769231
1617,217.114,4.860384615384615,0.8507692307692307,2.5833846153846154,26.308378719234774,89.22769230769231
1618,217.114,4.860384615384615,0.8507692307692307,2.5833846153846154,26.308378719234774,89.22769230769231
1619,217.114,4.860384615384615,0.8507692307692307,2.5833846153846154,26.308378719234774,89.22769230769231
1620,217.114,4.860384615384615,0.8507692307692307,2.5833846153846154,26.308378719234774,89.22769230769231
1621,217.114,4.860384615384615,0.8507692307692307,2.5833846153846154,26.308378719234774,89.22769230769231
1622,217.114,4.860384615384615,0.8507692307692307,2.5833846153846154,26.308378719234774,89.22769230769231
1623,217.114,4.860384615384615,0.8507692307692307,2.5833846153846154,26.308378719234774,89.22769230769231
1624,217.114,4.860384615384615,0.8507692307692307,2.5833846153846154,26.308378719234774,89.22769230769231
1625,217.114,4.860384615384615,0.8507692307692307,2.5833846153846154,26.308378719234774,89.22769230769231
1626,217.114,4.860384615384615,0.8507692307692307,2.5833846153846154,26.308378719234774,89.22769230769231
1627,217.114,4.860384615384615,0.8507692307692307,2.5833846153846154,26.308378719234774,89.22769230769231
1628,217.114,4.860384615384615,0.8507692307692307,2.5833846153846154,26.308378719234774,89.22769230769231
1629,217.114,4.860384615384615,0.8507692307692307,2.5833846153846154,26.308378719234774,89.22769230769231
1630,217.114,4.860384615384615,0.8507692307692307,2.5833846153846154,26.308378719234774,89.22769230769231
1631,217.114,4.860384615384615,0.8507692307692307,2.5833846153846154,26.308378719234774,89.22769230769231
1632,217.114,4.860384615384615,0.8507692307692307,2.5833846153846154,26.308378719234774,89.22769230769231
1633,217.114,4.860384615384615,0.8507692307692307,2.5833846153846154,26.308378719234774,89.22769230769231
1634,217.114,4.860384615384615,0.8507692307692307,2.5833846153846154,26.308378719234774,89.22769230769231
1635,217.114,4.860384615384615,0.8507692307692307,2.5833846153846154,26.308378719234774,89.22769230769231
1636,217.114,4.860384615384615,0.8507692307692307,2.5833846153846154,26.308378719234774,89.22769230769231
1637,217.114,4.860384615384615,0.8507692307692307,2.5833846153846154,26.308378719234774,89.22769230769231
1638,217.114,4.860384615384615,0.8507692307692307,2.5833846153846154,26.308378719234774,89.22769230769231
1639,217.114,4.860384615384615,0.8507692307692307,2.5833846153846154,26.308378719234774,89.22769230769231
1640,217.114,4.860384615384615,0.8507692307692307,2.5833846153846154,26.308378719234774,89.22769230769231
1641,217.114,4.860384615384615,0.8507692307692307,2.5833846153846154,26.308378719234774,89.22769230769231
1642,217.114,4.860384615384615,0.8507692307692307,2.5833846153846154,26.308378719234774,89.22769230769231
1643,217.114,4.860384615384615,0.8507692307692307,2.5833846153846154,26.308378719234774,89.22769230769231
1644,217.114,4.860384615384615,0.8507692307692307,2.5833846153846154,26.308378719234774,89.22769230769231
1645,217.114,4.860384615384615,0.8507692307692307,2.5833846153846154,26.308378719234774,89.22769230769231
1646,217.114,4.860384615384615,0.8507692307692307,2.5833846153846154,26.308378719234774,89.22769230769231
1647,217.114,4.860384615384615,0.8507692307692307,2.5833846153846154,26.308378719234774,89.22769230769231
1648,217.114,4.860384615384615,0.8507692307692307,2.5833846153846154,26.308378719234774,89.22769230769231
1649,217.114,4.860384615384615,0.8507692307692307,2.5833846153846154,26.308378719234774,89.22769230769231
1650,217.114,4.860384615384615,0.8507692307692307,2.5833846153846154,26.308378719234774,89.22769230769231
1651,217.114,4.860384615384615,0.8507692307692307,2.5833846153846154,26.308378719234774,89.22769230769231
1652,217.114,4.860384615384615,0.8507692307692307,2.5833846153846154,26.308378719234774,89.22769230769231
1653,217.114,4.860384615384615,0.8507692307692307,2.5833846153846154,26.308378719234774,89.22769230769231
1654,217.114,4.860384615384615,0.8507692307692307,2.5833846153846154,26.308378719234774,89.22769230769231
1655,217.114,4.860384615384615,0.8507692307692307,2.5833846153846154,26.308378719234774,89.22769230769231
1656,217.114,4.860384615384615,0.8507692307692307,2.5833846153846154,26.308378719234774,89.22769230769231
1657,217.114,4.860384615384615,0.8507692307692307,2.5833846153846154,26.308378719234774,89.22769230769231
1658,217.114,4.860384615384615,0.8507692307692307,2.5833846153846154,26.308378719234774,89.22769230769231
1659,217.114,4.860384615384615,0.8507692307692307,2.5833846153846154,26.308378719234774,89.22769230769231
1660,217.114,4.860384615384615,0.8507692307692307,2.5833846153846154,26.308378719234774,89.22769230769231
1661,217.114,4.860384615384615,0.8507692307692307,2.5833846153846154,26.308378719234774,89.22769230769231
1662,217.114,4.860384615384615,0.8507692307692307,2.5833846153846154,26.308378719234774,89.22769230769231
1663,217.114,4.860384615384615,0.8507692307692307,2.5833846153846154,26.308378719234774,89.22769230769231
1664,217.114,4.860384615384615,0.8507692307692307,2.5833846153846154,26.308378719234774,89.22769230769231
1665,217.114,4.860384615384615,0.8507692307692307,2.5833846153846154,26.308378719234774,89.22769230769231
1666,217.114,4.860384615384615,0.8507692307692307,2.5833846153846154,26.308378719234774,89.22769230769231
1667,217.114,4.860384615384615,0.8507692307692307,2.5833846153846154,26.308378719234774,89.22769230769231
1668,217.114,4.860384615384615,0.8507692307692307,2.5833846153846154,26.308378719234774,89.22769230769231
1669,217.114,4.860384615384615,0.8507692307692307,2.5833846153846154,26.308378719234774,89.22769230769231
1670,217.114,4.860384615384615,0.8507692307692307,2.5833846153846154,26.308378719234774,89.22769230769231
1671,217.114,4.860384615384615,0.8507692307692307,2.5833846153846154,26.308378719234774,89.22769230769231
1672,217.114,4.860384615384615,0.8507692307692307,2.5833846153846154,26.308378719234774,89.22769230769231
1673,217.114,4.860384615384615,0.8507692307692307,2.5833846153846154,26.308378719234774,89.22769230769231
1674,217.114,4.860384615384615,0.8507692307692307,2.5833846153846154,26.308378719234774,89.22769230769231
1675,217.114,4.860384615384615,0.8507692307692307,2.5833846153846154,26.308378719234774,89.22769230769231
1676,217.114,4.860384615384615,0.8507692307692307,2.5833846153846154,26.308378719234774,89.22769230769231
1677,217.114,4.860384615384615,0.8507692307692307,2.5833846153846154,26.308378719234774,89.22769230769231
1678,217.114,4.860384615384615,0.8507692307692307,2.5833846153846154,26.308378719234774,89.22769230769231
1679,217.114,4.860384615384615,0.8507692307692307,2.5833846153846154,26.308378719234774,89.22769230769231
1680,217.114,4.860384615384615,0.8507692307692307,2.5833846153846154,26.308378719234774,89.22769230769231
1681,217.114,4.860384615384615,0.8507692307692307,2.5833846153846154,26.308378719234774,89.22769230769231
1682,217.114,4.860384615384615,0.8507692307692307,2.5833846153846154,26.308378719234774,89.22769230769231
1683,217.114,4.860384615384615,0.8507692307692307,2.5833846153846154,26.308378719234774,89.22769230769231
1684,217.114,4.860384615384615,0.8507692307692307,2.5833846153846154,26.308378719234774,89.22769230769231
1685,217.114,4.860384615384615,0.8507692307692307,2.5833846153846154,26.308378719234774,89.22769230769231
1686,217.114,4.860384615384615,0.8507692307692307,2.5833846153846154,26.308378719234774,89.22769230769231
1687,217.114,4.860384615384615,0.8507692307692307,2.5833846153846154,26.308378719234774,89.22769230769231
1688,217.114,4.860384615384615,0.8507692307692307,2.5833846153846154,26.308378719234774,89.22769230769231
1689,217.114,4.860384615384615,0.8507692307692307,2.5833846153846154,26.308378719234774,89.22769230769231
1690,217.114,4.860384615384615,0.8507692307692307,2.5833846153846154,26.308378719234774,89.22769230769231
1691,217.114,4.860384615384615,0.8507692307692307,2.5833846153846154,26.308378719234774,89.22769230769231
1692,217.114,4.860384615384615,0.8507692307692307,2.5833846153846154,26.308378719234774,89.22769230769231
1693,217.114,4.860384615384615,0.8507692307692307,2.5833846153846154,26.308378719234774,89.22769230769231
1694,217.114,4.860384615384615,0.8507692307692307,2.5833846153846154,26.308378719234774,89.22769230769231
1695,217.114,4.860384615384615,0.8507692307692307,2.5833846153846154,26.308378719234774,89.22769230769231
1696,217.114,4.860384615384615,0.8507692307692307,2.5833846153846154,26.308378719234774,89.22769230769231
1697,217.114,4.860384615384615,0.8507692307692307,2.5833846153846154,26.308378719234774,89.22769230769231
1698,217.114,4.860384615384615,0.8507692307692307,2.5833846153846154,26.308378719234774,89.22769230769231
1699,217.114,4.860384615384615,0.8507692307692307,2.5833846153846154,26.308378719234774,89.22769230769231
1700,217.114,4.860384615384615,0.8507692307692307,2.5833846153846154,26.308378719234774,89.22769230769231
1701,217.114,4.860384615384615,0.8507692307692307,2.5833846153846154,26.308378719234774,89.22769230769231
1702,217.114,4.860384615384615,0.8507692307692307,2.5833846153846154,26.308378719234774,89.22769230769231
1703,217.114,4.860384615384615,0.8507692307692307,2.5833846153846154,26.308378719234774,89.22769230769231
1704,217.114,4.860384615384615,0.8507692307692307,2.5833846153846154,26.308378719234774,89.22769230769231
1705,217.114,4.860384615384615,0.8507692307692307,2.5833846153846154,26.308378719234774,89.22769230769231
1706,217.114,4.860384615384615,0.8507692307692307,2.5833846153846154,26.308378719234774,89.22769230769231
1707,217.114,4.860384615384615,0.8507692307692307,2.5833846153846154,26.308378719234774,89.22769230769231
1708,217.114,4.860384615384615,0.8507692307692307,2.5833846153846154,26.308378719234774,89.22769230769231
1709,217.114,4.860384615384615,0.8507692307692307,2.5833846153846154,26.308378719234774,89.22769230769231
1710,217.114,4.860384615384615,0.8507692307692307,2.5833846153846154,26.308378719234774,89.22769230769231
1711,217.114,4.860384615384615,0.8507692307692307,2.5833846153846154,26.308378719234774,89.22769230769231
1712,217.114,4.860384615384615,0.8507692307692307,2.5833846153846154,26.308378719234774,89.22769230769231
1713,217.114,4.860384615384615,0.8507692307692307,2.5833846153846154,26.308378719234774,89.22769230769231
1714,217.114,4.860384615384615,0.8507692307692307,2.5833846153846154,26.308378719234774,89.22769230769231
1715,217.114,4.860384615384615,0.8507692307692307,2.5833846153846154,26.308378719234774,89.22769230769231
1716,217.114,4.860384615384615,0.8507692307692307,2.5833846153846154,26.308378719234774,89.22769230769231
1717,217.114,4.860384615384615,0.8507692307692307,2.5833846153846154,26.308378719234774,89.22769230769231
1718,217.114,4.860384615384615,0.8507692307692307,2.5833846153846154,26.308378719234774,89.22769230769231
1719,217.114,4.860384615384615,0.8507692307692307,2.5833846153846154,26.308378719234774,89.22769230769231
1720,217.114,4.860384615384615,0.8507692307692307,2.5833846153846154,26.308378719234774,89.22769230769231
1721,217.114,4.860384615384615,0.8507692307692307,2.5833846153846154,26.308378719234774,89.22769230769231
1722,217.114,4.860384615384615,0.8507692307692307,2.5833846153846154,26.308378719234774,89.22769230769231
1723,217.114,4.860384615384615,0.8507692307692307,2.5833846153846154,26.308378719234774,89.22769230769231
1724,217.114,4.860384615384615,0.8507692307692307,2.5833846153846154,26.308378719234774,89.22769230769231
1725,217.114,4.860384615384615,0.8507692307692307,2.5833846153846154,26.308378719234774,89.22769230769231
1726,217.114,4.860384615384615,0.8507692307692307,2.5833846153846154,26.308378719234774,89.22769230769231
1727,217.114,4.860384615384615,0.8507692307692307,2.5833846153846154,26.308378719234774,89.22769230769231
1728,217.114,4.860384615384615,0.8507692307692307,2.5833846153846154,26.308378719234774,89.22769230769231
1729,217.114,4.860384615384615,0.8507692307692307,2.5833846153846154,26.308378719234774,89.22769230769231
1730,217.114,4.860384615384615,0.8507692307692307,2.5833846153846154,26.308378719234774,89.22769230769231
1731,217.114,4.860384615384615,0.8507692307692307,2.5833846153846154,26.308378719234774,89.22769230769231
1732,217.114,4.860384615384615,0.8507692307692307,2.5833846153846154,26.308378719234774,89.22769230769231
1733,217.114,4.860384615384615,0.8507692307692307,2.5833846153846154,26.308378719234774,89.22769230769231
1734,217.114,4.860384615384615,0.8507692307692307,2.5833846153846154,26.308378719234774,89.22769230769231
1735,217.114,4.860384615384615,0.8507692307692307,2.5833846153846154,26.308378719234774,89.22769230769231
1736,217.114,4.860384615384615,0.8507692307692307,2.5833846153846154,26.308378719234774,89.22769230769231
1737,217.114,4.860384615384615,0.8507692307692307,2.5833846153846154,26.308378719234774,89.22769230769231
1738,217.114,4.860384615384615,0.8507692307692307,2.5833846153846154,26.308378719234774,89.22769230769231
1739,217.114,4.860384615384615,0.8507692307692307,2.5833846153846154,26.308378719234774,89.22769230769231
1740,217.114,4.860384615384615,0.8507692307692307,2.5833846153846154,26.308378719234774,89.22769230769231
1741,217.114,4.860384615384615,0.8507692307692307,2.5833846153846154,26.308378719234774,89.22769230769231
1742,217.114,4.860384615384615,0.8507692307692307,2.5833846153846154,26.308378719234774,89.22769230769231
1743,217.114,4.860384615384615,0.8507692307692307,2.5833846153846154,26.308378719234774,89.22769230769231
1744,217.114,4.860384615384615,0.8507692307692307,2.5833846153846154,26.308378719234774,89.22769230769231
1745,217.114,4.860384615384615,0.8507692307692307,2.5833846153846154,26.308378719234774,89.22769230769231
1746,217.114,4.860384615384615,0.8507692307692307,2.5833846153846154,26.308378719234774,89.22769230769231
1747,217.114,4.860384615384615,0.8507692307692307,2.5833846153846154,26.308378719234774,89.22769230769231
1748,217.114,4.860384615384615,0.8507692307692307,2.5833846153846154,26.308378719234774,89.22769230769231
1749,217.114,4.860384615384615,0.8507692307692307,2.5833846153846154,26.308378719234774,89.22769230769231
1750,217.114,4.860384615384615,0.8507692307692307,2.5833846153846154,26.308378719234774,89.22769230769231
1751,217.114,4.860384615384615,0.8507692307692307,2.5833846153846154,26.308378719234774,89.22769230769231
1752,217.114,4.860384615384615,0.8507692307692307,2.5833846153846154,26.308378719234774,89.22769230769231
1753,217.114,4.860384615384615,0.8507692307692307,2.5833846153846154,26.308378719234774,89.22769230769231
1754,217.114,4.860384615384615,0.8507692307692307,2.5833846153846154,26.308378719234774,89.22769230769231
1755,217.114,4.860384615384615,0.8507692307692307,2.5833846153846154,26.308378719234774,89.22769230769231
1756,217.114,4.860384615384615,0.8507692307692307,2.5833846153846154,26.308378719234774,89.22769230769231
1757,217.114,4.860384615384615,0.8507692307692307,2.5833846153846154,26.308378719234774,89.22769230769231
1758,217.114,4.860384615384615,0.8507692307692307,2.5833846153846154,26.308378719234774,89.22769230769231
1759,217.114,4.860384615384615,0.8507692307692307,2.5833846153846154,26.308378719234774,89.22769230769231
1760,217.114,4.860384615384615,0.8507692307692307,2.5833846153846154,26.308378719234774,89.22769230769231
1761,217.114,4.860384615384615,0.8507692307692307,2.5833846153846154,26.308378719234774,89.22769230769231
1762,217.114,4.860384615384615,0.8507692307692307,2.5833846153846154,26.308378719234774,89.22769230769231
1763,217.114,4.860384615384615,0.8507692307692307,2.5833846153846154,26.308378719234774,89.22769230769231
1764,217.114,4.860384615384615,0.8507692307692307,2.5833846153846154,26.308378719234774,89.22769230769231
1765,217.114,4.860384615384615,0.8507692307692307,2.5833846153846154,26.308378719234774,89.22769230769231
1766,217.114,4.860384615384615,0.8507692307692307,2.5833846153846154,26.308378719234774,89.22769230769231
1767,217.114,4.860384615384615,0.8507692307692307,2.5833846153846154,26.308378719234774,89.22769230769231
1768,217.114,4.860384615384615,0.8507692307692307,2.5833846153846154,26.308378719234774,89.22769230769231
1769,217.114,4.860384615384615,0.8507692307692307,2.5833846153846154,26.308378719234774,89.22769230769231
1770,217.114,4.860384615384615,0.8507692307692307,2.5833846153846154,26.308378719234774,89.22769230769231
1771,217.114,4.860384615384615,0.8507692307692307,2.5833846153846154,26.308378719234774,89.22769230769231
1772,217.114,4.860384615384615,0.8507692307692307,2.5833846153846154,26.308378719234774,89.22769230769231
1773,217.114,4.860384615384615,0.8507692307692307,2.5833846153846154,26.308378719234774,89.22769230769231
1774,217.114,4.860384615384615,0.8507692307692307,2.5833846153846154,26.308378719234774,89.22769230769231
1775,217.114,4.860384615384615,0.8507692307692307,2.5833846153846154,26.308378719234774,89.22769230769231
1776,217.114,4.860384615384615,0.8507692307692307,2.5833846153846154,26.308378719234774,89.22769230769231
1777,217.114,4.860384615384615,0.8507692307692307,2.5833846153846154,26.308378719234774,89.22769230769231
1778,217.114,4.860384615384615,0.8507692307692307,2.5833846153846154,26.308378719234774,89.22769230769231
1779,217.114,4.860384615384615,0.8507692307692307,2.5833846153846154,26.308378719234774,89.22769230769231
1780,217.114,4.860384615384615,0.8507692307692307,2.5833846153846154,26.308378719234774,89.22769230769231
1781,217.114,4.860384615384615,0.8507692307692307,2.5833846153846154,26.308378719234774,89.22769230769231
1782,217.114,4.860384615384615,0.8507692307692307,2.5833846153846154,26.308378719234774,89.22769230769231
1783,217.114,4.860384615384615,0.8507692307692307,2.5833846153846154,26.308378719234774,89.22769230769231
1784,217.114,4.860384615384615,0.8507692307692307,2.5833846153846154,26.308378719234774,89.22769230769231
1785,217.114,4.860384615384615,0.8507692307692307,2.5833846153846154,26.308378719234774,89.22769230769231
1786,217.114,4.860384615384615,0.8507692307692307,2.5833846153846154,26.308378719234774,89.22769230769231
1787,217.114,4.860384615384615,0.8507692307692307,2.5833846153846154,26.308378719234774,89.22769230769231
1788,217.114,4.860384615384615,0.8507692307692307,2.5833846153846154,26.308378719234774,89.22769230769231
1789,217.114,4.860384615384615,0.8507692307692307,2.5833846153846154,26.308378719234774,89.22769230769231
1790,217.114,4.860384615384615,0.8507692307692307,2.5833846153846154,26.308378719234774,89.22769230769231
1791,217.114,4.860384615384615,0.8507692307692307,2.5833846153846154,26.308378719234774,89.22769230769231
1792,217.114,4.860384615384615,0.8507692307692307,2.5833846153846154,26.308378719234774,89.22769230769231
1793,217.114,4.860384615384615,0.8507692307692307,2.5833846153846154,26.308378719234774,89.22769230769231
1794,217.114,4.860384615384615,0.8507692307692307,2.5833846153846154,26.308378719234774,89.22769230769231
1795,217.114,4.860384615384615,0.8507692307692307,2.5833846153846154,26.308378719234774,89.22769230769231
1796,217.114,4.860384615384615,0.8507692307692307,2.5833846153846154,26.308378719234774,89.22769230769231
1797,217.114,4.860384615384615,0.8507692307692307,2.5833846153846154,26.308378719234774,89.22769230769231
1798,217.114,4.860384615384615,0.8507692307692307,2.5833846153846154,26.308378719234774,89.22769230769231
1799,217.114,4.860384615384615,0.8507692307692307,2.5833846153846154,26.308378719234774,89.22769230769231
1800,217.114,4.860384615384615,0.8507692307692307,2.5833846153846154,26.308378719234774,89.22769230769231
1801,217.114,4.860384615384615,0.8507692307692307,2.5833846153846154,26.308378719234774,89.22769230769231
1802,217.114,4.860384615384615,0.8507692307692307,2.5833846153846154,26.308378719234774,89.22769230769231
1803,217.114,4.860384615384615,0.8507692307692307,2.5833846153846154,26.308378719234774,89.22769230769231
1804,217.114,4.860384615384615,0.8507692307692307,2.5833846153846154,26.308378719234774,89.22769230769231
1805,217.114,4.860384615384615,0.8507692307692307,2.5833846153846154,26.308378719234774,89.22769230769231
1806,217.114,4.860384615384615,0.8507692307692307,2.5833846153846154,26.308378719234774,89.22769230769231
1807,217.114,4.860384615384615,0.8507692307692307,2.5833846153846154,26.308378719234774,89.22769230769231
1808,217.114,4.860384615384615,0.8507692307692307,2.5833846153846154,26.308378719234774,89.22769230769231
1809,217.114,4.860384615384615,0.8507692307692307,2.5833846153846154,26.308378719234774,89.22769230769231
1810,217.114,4.860384615384615,0.8507692307692307,2.5833846153846154,26.308378719234774,89.22769230769231
1811,217.114,4.860384615384615,0.8507692307692307,2.5833846153846154,26.308378719234774,89.22769230769231
1812,217.114,4.860384615384615,0.8507692307692307,2.5833846153846154,26.308378719234774,89.22769230769231
1813,217.114,4.860384615384615,0.8507692307692307,2.5833846153846154,26.308378719234774,89.22769230769231
1814,217.114,4.860384615384615,0.8507692307692307,2.5833846153846154,26.308378719234774,89.22769230769231
1815,217.114,4.860384615384615,0.8507692307692307,2.5833846153846154,26.308378719234774,89.22769230769231
1816,217.114,4.860384615384615,0.8507692307692307,2.5833846153846154,26.308378719234774,89.22769230769231
1817,217.114,4.860384615384615,0.8507692307692307,2.5833846153846154,26.308378719234774,89.22769230769231
1818,217.114,4.860384615384615,0.8507692307692307,2.5833846153846154,26.308378719234774,89.22769230769231
1819,217.114,4.860384615384615,0.8507692307692307,2.5833846153846154,26.308378719234774,89.22769230769231
1820,217.114,4.860384615384615,0.8507692307692307,2.5833846153846154,26.308378719234774,89.22769230769231
1821,217.114,4.860384615384615,0.8507692307692307,2.5833846153846154,26.308378719234774,89.22769230769231
1822,217.114,4.860384615384615,0.8507692307692307,2.5833846153846154,26.308378719234774,89.22769230769231
1823,217.114,4.860384615384615,0.8507692307692307,2.5833846153846154,26.308378719234774,89.22769230769231
1824,217.114,4.860384615384615,0.8507692307692307,2.5833846153846154,26.308378719234774,89.22769230769231
1825,217.114,4.860384615384615,0.8507692307692307,2.5833846153846154,26.308378719234774,89.22769230769231
1826,217.114,4.860384615384615,0.8507692307692307,2.5833846153846154,26.308378719234774,89.22769230769231
1827,217.114,4.860384615384615,0.8507692307692307,2.5833846153846154,26.308378719234774,89.22769230769231
1828,217.114,4.860384615384615,0.8507692307692307,2.5833846153846154,26.308378719234774,89.22769230769231
1829,217.114,4.860384615384615,0.8507692307692307,2.5833846153846154,26.308378719234774,89.22769230769231
1830,217.114,4.860384615384615,0.8507692307692307,2.5833846153846154,26.308378719234774,89.22769230769231
1831,217.114,4.860384615384615,0.8507692307692307,2.5833846153846154,26.308378719234774,89.22769230769231
1832,217.114,4.860384615384615,0.8507692307692307,2.5833846153846154,26.308378719234774,89.22769230769231
1833,217.114,4.860384615384615,0.8507692307692307,2.5833846153846154,26.308378719234774,89.22769230769231
1834,217.114,4.860384615384615,0.8507692307692307,2.5833846153846154,26.308378719234774,89.22769230769231
1835,217.114,4.860384615384615,0.8507692307692307,2.5833846153846154,26.308378719234774,89.22769230769231
1836,217.114,4.860384615384615,0.8507692307692307,2.5833846153846154,26.308378719234774,89.22769230769231
1837,217.114,4.860384615384615,0.8507692307692307,2.5833846153846154,26.308378719234774,89.22769230769231
1838,217.114,4.860384615384615,0.8507692307692307,2.5833846153846154,26.308378719234774,89.22769230769231
1839,217.114,4.860384615384615,0.8507692307692307,2.5833846153846154,26.308378719234774,89.22769230769231
1840,217.114,4.860384615384615,0.8507692307692307,2.5833846153846154,26.308378719234774,89.22769230769231
1841,217.114,4.860384615384615,0.8507692307692307,2.5833846153846154,26.308378719234774,89.22769230769231
1842,217.114,4.860384615384615,0.8507692307692307,2.5833846153846154,26.308378719234774,89.22769230769231
1843,217.114,4.860384615384615,0.8507692307692307,2.5833846153846154,26.308378719234774,89.22769230769231
1844,217.114,4.860384615384615,0.8507692307692307,2.5833846153846154,26.308378719234774,89.22769230769231
1845,217.114,4.860384615384615,0.8507692307692307,2.5833846153846154,26.308378719234774,89.22769230769231
1846,217.114,4.860384615384615,0.8507692307692307,2.5833846153846154,26.308378719234774,89.22769230769231
1847,217.114,4.860384615384615,0.8507692307692307,2.5833846153846154,26.308378719234774,89.22769230769231
1848,217.114,4.860384615384615,0.8507692307692307,2.5833846153846154,26.308378719234774,89.22769230769231
1849,217.114,4.860384615384615,0.8507692307692307,2.5833846153846154,26.308378719234774,89.22769230769231
1850,217.114,4.860384615384615,0.8507692307692307,2.5833846153846154,26.308378719234774,89.22769230769231
1851,217.114,4.860384615384615,0.8507692307692307,2.5833846153846154,26.308378719234774,89.22769230769231
1852,217.114,4.860384615384615,0.8507692307692307,2.5833846153846154,26.308378719234774,89.22769230769231
1853,217.114,4.860384615384615,0.8507692307692307,2.5833846153846154,26.308378719234774,89.22769230769231
1854,217.114,4.860384615384615,0.8507692307692307,2.5833846153846154,26.308378719234774,89.22769230769231
1855,217.114,4.860384615384615,0.8507692307692307,2.5833846153846154,26.308378719234774,89.22769230769231
1856,217.114,4.860384615384615,0.8507692307692307,2.5833846153846154,26.308378719234774,89.22769230769231
1857,217.114,4.860384615384615,0.8507692307692307,2.5833846153846154,26.308378719234774,89.22769230769231
1858,217.114,4.860384615384615,0.8507692307692307,2.5833846153846154,26.308378719234774,89.22769230769231
1859,217.114,4.860384615384615,0.8507692307692307,2.5833846153846154,26.308378719234774,89.22769230769231
1860,217.114,4.860384615384615,0.8507692307692307,2.5833846153846154,26.308378719234774,89.22769230769231
1861,217.114,4.860384615384615,0.8507692307692307,2.5833846153846154,26.308378719234774,89.22769230769231
1862,217.114,4.860384615384615,0.8507692307692307,2.5833846153846154,26.308378719234774,89.22769230769231
1863,217.114,4.860384615384615,0.8507692307692307,2.5833846153846154,26.308378719234774,89.22769230769231
1864,217.114,4.860384615384615,0.8507692307692307,2.5833846153846154,26.308378719234774,89.22769230769231
1865,217.114,4.860384615384615,0.8507692307692307,2.5833846153846154,26.308378719234774,89.22769230769231
1866,217.114,4.860384615384615,0.8507692307692307,2.5833846153846154,26.308378719234774,89.22769230769231
1867,217.114,4.860384615384615,0.8507692307692307,2.5833846153846154,26.308378719234774,89.22769230769231
1868,217.114,4.860384615384615,0.8507692307692307,2.5833846153846154,26.308378719234774,89.22769230769231
1869,217.114,4.860384615384615,0.8507692307692307,2.5833846153846154,26.308378719234774,89.22769230769231
1870,217.114,4.860384615384615,0.8507692307692307,2.5833846153846154,26.308378719234774,89.22769230769231
1871,217.114,4.860384615384615,0.8507692307692307,2.5833846153846154,26.308378719234774,89.22769230769231
1872,217.114,4.860384615384615,0.8507692307692307,2.5833846153846154,26.308378719234774,89.22769230769231
1873,217.114,4.860384615384615,0.8507692307692307,2.5833846153846154,26.308378719234774,89.22769230769231
1874,217.114,4.860384615384615,0.8507692307692307,2.5833846153846154,26.308378719234774,89.22769230769231
1875,217.114,4.860384615384615,0.8507692307692307,2.5833846153846154,26.308378719234774,89.22769230769231
1876,217.114,4.860384615384615,0.8507692307692307,2.5833846153846154,26.308378719234774,89.22769230769231
1877,217.114,4.860384615384615,0.8507692307692307,2.5833846153846154,26.308378719234774,89.22769230769231
1878,217.114,4.860384615384615,0.8507692307692307,2.5833846153846154,26.308378719234774,89.22769230769231
1879,217.114,4.860384615384615,0.8507692307692307,2.5833846153846154,26.308378719234774,89.22769230769231
1880,217.114,4.860384615384615,0.8507692307692307,2.5833846153846154,26.308378719234774,89.22769230769231
1881,217.114,4.860384615384615,0.8507692307692307,2.5833846153846154,26.308378719234774,89.22769230769231
1882,217.114,4.860384615384615,0.8507692307692307,2.5833846153846154,26.308378719234774,89.22769230769231
1883,217.114,4.860384615384615,0.8507692307692307,2.5833846153846154,26.308378719234774,89.22769230769231
1884,217.114,4.860384615384615,0.8507692307692307,2.5833846153846154,26.308378719234774,89.22769230769231
1885,217.114,4.860384615384615,0.8507692307692307,2.5833846153846154,26.308378719234774,89.22769230769231
1886,217.114,4.860384615384615,0.8507692307692307,2.5833846153846154,26.308378719234774,89.22769230769231
1887,217.114,4.860384615384615,0.8507692307692307,2.5833846153846154,26.308378719234774,89.22769230769231
