sample_index,Fe,Zn,B,Cu,S,Mn
0,172.48596,5.426397,1.127553,2.5769954,24.867393,87.72932
1,292.05383,6.99545,0.66411674,2.7341251,16.41328,59.49395
2,233.83348,4.4628015,0.8910537,2.736219,32.651844,74.16676
3,208.34665,2.4527378,0.7284651,2.2845,30.466179,76.45416
4,191.43758,4.1650095,0.9222488,2.1163805,15.179966,97.69294
5,215.00955,3.4839222,0.62894297,2.5293932,26.686249,90.54312
6,279.73053,3.1045768,0.5977675,2.5527136,53.100784,103.87799
7,195.6596,4.057843,0.75616014,2.0327368,14.288786,97.10462
8,205.27388,3.720244,0.697377,2.699764,39.099,91.9785
9,170.17456,4.0645285,0.99677384,2.4902213,11.727582,67.04864
10,279.45728,6.677861,0.8127092,2.4274302,17.612808,80.19444
11,231.76337,3.4764862,0.7016089,2.524285,28.105627,84.29128
12,172.96251,5.3923316,1.1451677,2.624869,25.206223,89.05904
13,217.34987,3.6540585,0.7044517,2.4929795,41.497353,93.59121
14,218.95258,5.1094527,1.1821249,2.7826433,26.286495,109.31335
15,229.88062,6.1483774,1.120306,2.9923983,31.04994,87.57125
16,361.28033,8.530275,0.7697881,3.1487322,28.79219,68.309135
17,176.57863,3.627191,0.7278743,2.9358907,35.89172,115.01534
18,245.46199,4.5371785,0.863604,2.711676,35.46305,74.89241
19,356.46182,7.7925787,0.70646465,2.9976118,25.116215,66.667175
20,212.91745,3.8292756,0.664382,2.7791092,39.943462,97.39242
21,223.49995,3.6899767,0.76341486,2.637043,30.791597,83.87073
22,351.82635,8.50313,0.764533,3.1786788,29.502924,64.36875
23,174.14134,5.977219,1.1236525,2.4207485,22.081173,85.73101
24,211.58134,3.5535269,0.64774776,2.6190267,42.84789,115.38496
25,212.48724,4.082257,0.7918829,2.6275039,42.112934,108.640564
26,216.5604,4.574018,0.936725,2.2723854,15.239992,117.86044
27,172.70721,6.241849,1.1709545,2.449987,21.765734,90.056595
28,219.07155,3.1219099,0.7678016,2.3218465,32.577633,75.80463
29,196.62367,4.017504,0.6901125,2.999814,30.43258,102.776535
30,368.7854,8.318286,0.6733318,3.011169,23.387016,65.411224
31,208.78061,3.5070567,0.63245076,2.7012517,40.367928,91.312294
32,176.61916,4.3838005,0.9144004,1.9749436,13.869571,94.592865
33,242.72952,7.422731,0.9391451,3.1762214,29.371857,91.87048
34,258.9829,6.7293744,0.78770655,2.3832421,16.302265,73.91016
35,248.94771,6.793631,0.7230128,2.3222408,15.099668,71.60222
36,182.24965,4.5351562,1.0334918,2.371113,25.089405,91.17827
37,181.37167,3.5953453,0.76291865,3.118559,35.223515,120.469284
38,216.67384,3.5372124,0.6783203,2.749769,36.59572,96.79676
39,214.75359,6.302827,0.9799256,2.9275668,29.284626,100.92647
40,267.33344,6.7849817,0.63688487,2.3680067,13.248422,71.467865
41,205.8242,3.9146385,0.7361264,2.6339147,40.067764,105.77997
42,359.98492,8.504618,0.732035,3.1106265,28.14028,65.43915
43,176.2797,4.379571,0.8270165,2.0186176,14.43404,93.39337
44,209.09656,3.7114825,0.6982547,2.7961588,40.514572,91.21476
45,201.30656,4.5885878,0.7158125,3.1211421,32.497765,112.09608
46,223.34888,4.806413,1.1602626,2.7222824,24.31745,109.55869
47,344.7854,6.8573074,0.6085934,2.814102,19.74921,64.49448
48,319.2516,6.900493,0.83835626,2.537709,19.57623,89.49745
49,197.48216,3.4264693,0.75720483,2.460649,31.310434,65.21431
50,205.89062,3.681312,0.6959624,2.4408314,26.786255,82.90389
51,196.77669,2.8632827,0.6894046,2.153651,23.826061,70.83176
52,172.23602,5.891862,1.153456,2.5032983,23.37832,88.233665
53,172.35924,5.412298,1.085336,2.3949265,22.883215,85.5661
54,213.79936,3.6455562,0.8484078,2.6192746,29.031033,83.86393
55,227.59918,5.401672,0.84491056,3.388912,38.650352,120.28645
56,178.2955,5.98524,1.1630156,2.5725834,23.480383,89.784996
57,171.61449,5.183361,1.0681573,2.4531949,24.83549,85.05345
58,194.47746,3.3785162,0.6828094,2.511413,33.196484,92.97444
59,253.20714,6.7970076,0.73456025,2.2723944,14.601536,68.41425
60,254.03407,6.8173456,0.7359841,2.2715697,14.670356,68.70102
61,230.6299,7.407138,0.9943493,3.0782745,25.920275,97.30975
62,211.60428,4.486213,0.809781,2.1615617,12.250201,108.822685
63,190.27115,6.385188,1.0510694,2.4492738,19.904179,86.25361
64,249.78516,5.944589,0.9970607,3.0004888,34.590424,81.36892
65,204.58452,3.4991071,0.7585412,2.8561802,39.54614,107.27776
66,202.69305,3.7515018,0.7134457,2.684236,37.527267,91.388695
67,316.67773,7.36981,0.69350016,2.8476436,18.117138,57.941006
68,198.97592,2.2109733,0.66536254,2.1811368,28.185375,70.2342
69,387.697,8.968918,0.70847267,3.1450133,25.051826,64.36038
70,239.0203,3.7579827,0.7860912,2.773672,36.769497,114.75337
71,177.15785,5.9753747,1.155046,2.5208228,23.064417,91.56784
72,239.57668,3.751247,0.6756449,2.5387878,34.279938,85.73712
73,169.91748,5.217076,1.0817004,2.405987,23.48031,86.23194
74,199.12512,3.692121,0.74421984,2.6230164,39.993362,103.49713
75,163.47041,4.499473,0.90393525,1.9313598,17.374817,86.01012
76,177.99161,6.3203483,1.1596028,2.510492,22.258947,90.45752
77,256.55148,6.4043565,0.9403176,2.8904629,26.281172,86.09497
78,226.93124,3.131273,0.6675297,2.5197744,26.935131,95.67634
79,172.13348,5.4896555,1.0894691,2.4611466,24.136251,84.18283
80,228.77606,3.776638,0.6716075,2.7757645,49.8291,96.41723
81,310.257,7.4437284,0.6475272,3.0402312,31.174284,61.724663
82,170.22038,4.0596023,0.9835568,2.5105383,11.920758,67.75104
83,168.73724,5.281362,1.0915774,2.4521382,24.230991,86.64756
84,239.2472,5.130196,0.83708024,2.6827989,24.090446,90.347
85,216.71933,6.1699867,0.9794748,2.4116077,16.878052,89.41531
86,227.95093,4.6269035,0.84282935,2.8391669,31.896103,108.54288
87,199.37881,3.760376,0.77042377,2.6524284,35.89399,102.53607
88,233.39662,5.8778405,0.8182478,2.8271408,26.661768,92.43905
89,349.8967,7.8601003,0.72963524,3.0342455,27.415453,65.9546
90,203.12509,2.225993,0.6220393,2.2900922,24.420584,77.45983
91,217.8616,4.1753163,0.7982979,2.6455195,41.1079,113.28187
92,278.41406,6.2085323,0.9692781,3.0946221,28.94751,87.64751
93,178.47014,5.8237996,1.1592323,2.5739303,23.765308,91.35523
94,193.5856,4.530646,0.7984184,2.0451512,12.339066,105.64659
95,249.84373,6.5451617,0.75002706,2.3052895,15.688049,71.49732
96,170.82079,5.7205315,1.1384428,2.504558,23.967846,85.4277
97,158.90855,3.9668171,1.0225034,2.5348778,10.648889,66.528915
98,330.28198,6.773837,0.5439826,2.7553546,20.441473,69.10099
99,198.06604,4.366612,0.89394253,2.3229446,29.33474,71.001434
100,193.95825,2.1382654,0.6032782,2.1250045,29.321117,63.507618
101,218.87685,3.7966793,0.6540222,2.6340775,27.924318,92.88912
102,228.91454,5.759867,0.9115637,2.9202406,22.802176,88.09674
103,191.40482,4.2858486,0.7850198,3.2462957,31.98337,109.4274
104,253.61845,6.79492,0.7372849,2.2718205,14.604538,68.82788
105,209.70932,2.3210921,0.55647004,2.1665173,33.258694,66.05038
106,214.01729,3.1634219,0.5980165,2.4836135,30.654865,69.00833
107,222.7208,4.432762,0.74675083,2.70758,44.924328,104.22846
108,214.40208,5.240756,0.8436663,3.4912314,35.652996,124.315704
109,237.95915,5.791151,1.0712695,2.7303765,32.443203,87.0909
110,163.19814,4.0034046,1.0030758,2.5260057,11.214263,66.86201
111,172.95984,5.316256,1.0812528,2.470764,24.008545,87.13214
112,217.85867,3.6797466,0.72195613,2.695562,41.427593,116.00185
113,183.58797,3.6378226,0.71524334,2.8330648,32.0172,109.71057
114,220.6934,3.212497,0.76322764,2.3526778,32.065063,81.3415
115,211.90027,2.3160653,0.67618895,2.199597,27.64784,67.58026
116,197.65991,3.7426138,0.7195569,2.598429,37.014446,96.381
117,179.40898,6.201152,1.1687708,2.5558827,22.960253,90.600945
118,335.35385,8.396624,0.80253446,3.2154126,30.091314,64.562645
119,259.16974,4.4134145,0.82727134,2.7103784,32.045853,80.38275
120,236.35349,6.122736,1.0409015,2.7551653,33.302933,95.06866
121,162.03824,3.9734614,1.0096719,2.526631,10.755275,66.475815
122,151.93967,3.9138365,1.0446192,2.5452502,9.8670635,65.50833
123,234.2505,5.9479203,0.93195784,2.8696644,28.763367,87.55963
124,171.81827,5.5775104,1.1596427,2.6564116,25.26522,87.64695
125,232.45447,3.4354258,0.678607,2.8157852,42.60591,111.50527
126,176.36736,6.1143208,1.1665082,2.5190814,22.653828,89.93852
127,200.37907,5.290237,1.1798682,2.76275,26.04643,101.0596
128,206.20134,5.070008,1.1535785,2.6823401,25.73554,103.1112
129,220.29826,4.6859803,1.0508552,2.5177798,23.808233,105.124855
130,222.84375,2.6481962,0.6303067,2.355986,26.960323,86.35979
131,245.55061,6.675679,0.90577036,3.0183315,27.896215,89.05875
132,258.81766,7.8078575,0.96424866,3.2025805,30.770697,90.234604
133,228.98338,3.6073513,0.7509987,2.6267955,36.95883,90.47048
134,220.0722,4.002039,0.69170904,2.4865508,30.153275,84.30071
135,267.14117,6.716333,0.6879808,2.3996327,14.076313,74.6405
136,232.47037,3.4795804,0.70903313,2.5294158,29.359169,83.43117
137,177.61325,6.2662544,1.1826669,2.5415273,22.80719,91.31002
138,267.14847,7.127389,0.65229857,2.3511581,15.513721,67.14546
139,215.59227,4.5707006,0.77935404,3.1970081,35.57598,122.73518
140,192.3956,3.2550495,0.765064,2.7617068,38.219368,113.464455
141,227.24544,4.260791,1.1410258,2.6002293,26.280155,101.417984
142,225.28427,3.3942695,0.705173,2.4298866,31.306309,78.223785
143,221.41573,6.2469563,0.99073917,2.9451098,30.74115,106.89997
144,186.76088,4.832845,1.067951,2.488222,25.691748,91.14394
145,176.92174,5.966884,1.1550454,2.5135677,23.120247,91.07251
146,207.84508,4.0496016,0.7169711,2.7316644,38.671715,103.29442
147,235.35425,4.906812,1.0082282,2.5465677,32.11018,77.715225
148,207.19658,4.2642817,0.71161664,2.196875,19.735598,98.83269
149,270.42178,6.4873576,0.7771598,2.447256,15.9767885,74.19667
150,221.6207,3.3060658,0.64398175,2.5884023,32.06315,90.292625
151,176.05873,5.9027014,1.2025474,2.7202191,24.879612,90.65777
152,221.22208,6.9686813,0.96709895,3.0157819,26.561373,96.98021
153,220.60419,3.9657578,0.6667583,2.8014345,38.820072,97.64662
154,230.8401,4.298502,0.76892865,2.7741144,27.37819,114.707085
155,171.45576,5.5568376,1.1039,2.4068906,22.900633,86.205284
156,176.87866,5.482306,1.1386896,2.5978997,24.336674,90.58981
157,230.95015,3.983032,0.7125732,2.649943,24.349346,101.41158
158,204.1949,3.6996827,0.6772357,2.7424843,37.7174,93.96214
159,204.75827,3.8288522,0.73104143,2.639599,40.23354,107.16907
160,204.14363,2.7947676,0.6899685,2.140385,29.316523,72.61762
161,213.01183,4.6352797,0.7806788,3.0358942,34.69506,111.308716
162,249.3851,4.3346577,0.7627888,2.7090623,37.331306,88.60828
163,227.16821,3.3979514,0.7199588,2.589637,30.271595,79.992744
164,218.64085,3.8731656,0.6707877,2.7458713,45.695152,97.024376
165,374.99207,8.681996,0.73309404,3.113022,25.156359,68.800224
166,187.84644,3.242279,0.77922225,2.146581,39.30328,120.06978
167,204.66249,4.531013,0.7875698,2.117755,13.4001,106.996216
168,172.4468,4.1074724,0.98533326,2.474234,12.519629,67.76562
169,162.56601,3.9619012,1.0281938,2.528247,10.250616,65.31657
170,212.51979,2.94069,0.6846876,2.2316341,29.417727,75.90438
171,220.8926,3.1316972,0.8031268,2.294422,31.766901,73.216194
172,163.35439,3.974041,1.0282228,2.5295234,10.42227,65.55409
173,233.29175,4.219627,0.70796776,2.5442603,28.916912,83.55661
174,221.43091,3.1574645,0.6134417,2.4373965,28.6461,95.353325
175,170.04723,4.0613437,1.0016702,2.5089378,11.99422,67.35812
176,168.77109,4.65288,0.80063826,1.9329596,10.865702,104.04801
177,207.03436,4.260585,0.780794,2.9394639,36.23957,102.71289
178,206.92046,2.8737888,0.7599155,2.4128284,28.28789,80.91249
179,227.82478,3.013362,0.78501046,2.488642,30.670141,76.71208
180,191.50868,5.0370765,1.1731832,2.563156,21.636549,112.4257
181,219.64131,4.25086,0.7917087,2.9577608,41.455788,108.364586
182,252.28427,6.859667,0.7403847,2.2754068,14.409185,68.82373
183,180.3095,5.4220467,1.1640241,2.771715,25.904587,91.12912
184,222.96536,4.201907,0.78744674,2.6753917,41.81206,117.873886
185,215.4954,3.3229964,0.81006527,2.3098514,29.754858,67.52722
186,221.34064,5.38177,1.0257083,2.7989,31.79552,83.90229
187,251.15808,6.71837,1.1614832,2.795432,33.504616,74.59413
188,244.13939,6.432354,0.7796414,2.3641186,15.014771,71.50905
189,279.47845,6.7977896,0.95283616,2.967001,27.65618,85.64048
190,237.53659,8.025911,1.1836376,3.275724,30.43012,93.04775
191,174.8475,6.0787354,1.1236935,2.3666523,20.018555,88.97244
192,230.80339,4.4920764,0.8336185,2.7152295,42.24608,113.33488
193,150.75568,3.888186,1.0611974,2.5565515,9.516531,64.86728
194,244.3789,2.2807515,0.55994624,2.5426118,37.841553,81.103546
195,159.91428,3.9576685,1.0069226,2.5272295,10.584316,66.16281
196,227.88806,7.188513,0.9261472,3.0271018,23.465527,93.76247
197,393.99454,8.909871,0.68303007,3.1008399,23.738985,65.27582
198,219.4313,3.5860388,0.7070868,2.5315776,33.124653,82.6716
199,192.8483,4.1124487,0.76641077,3.078046,30.925056,106.48076
200,224.86673,6.951364,1.1010243,3.1960983,29.61084,95.368614
201,171.8899,5.943094,1.1659745,2.501266,23.21148,89.80136
202,238.7824,7.537312,0.9607525,3.0551655,25.924212,92.233604
203,233.79518,3.7936602,0.70531595,2.7730713,33.926083,101.49331
204,207.07294,3.4277182,0.6326201,2.30381,27.46767,88.01949
205,236.53288,5.343989,0.75613374,2.864893,30.911041,88.634796
206,382.57025,8.587561,0.6091237,3.138996,22.445978,60.656322
207,252.07452,6.8315234,0.7461232,2.2810485,14.548328,69.49388
208,248.60162,6.3953104,0.76954395,2.2967455,15.818959,73.85458
209,173.65909,5.7974234,1.1590335,2.5498312,23.784641,89.066154
210,153.0629,3.9412274,1.0459257,2.5471451,10.276283,66.129
211,210.23087,4.2216516,0.787397,2.6986525,41.34768,108.7777
212,168.87907,4.051778,0.99626887,2.5220392,11.702054,67.39038
213,222.3376,4.2188463,0.79223084,2.9486601,42.355427,109.80718
214,264.23404,3.1149464,0.600574,2.522682,51.459137,113.86433
215,255.64108,7.194576,0.95986956,3.1668522,29.187683,87.403534
216,172.912,5.982073,1.1760814,2.5387518,23.188215,90.04144
217,186.80136,6.307704,1.131099,2.5434496,22.038717,88.66146
218,178.89655,5.536814,1.1535921,2.6560738,24.859373,91.64509
219,171.29582,5.7424283,1.1317465,2.4245496,22.9013,88.35464
220,243.4092,5.659922,0.79770315,2.8042297,28.839039,84.75842
221,168.87196,4.0354166,1.0013825,2.5080175,11.4451885,66.76449
222,334.65253,6.886576,0.54321843,2.7742755,20.263887,68.08251
223,176.3753,5.7469883,1.1323462,2.5323527,23.84661,89.41851
224,277.45834,4.2299156,0.8244016,2.8843107,44.552364,111.62765
225,218.08658,3.2563837,0.80220026,2.3455925,29.237564,68.71333
226,274.7738,6.7638607,0.64679813,2.1769795,10.445452,68.24933
227,165.83466,2.9268231,0.6439992,2.2323942,27.85613,72.65411
228,173.86717,5.427927,1.1118383,2.4363134,23.192781,90.939285
229,171.87833,5.7399254,1.1239588,2.4566414,23.588642,85.6235
230,254.73505,5.883547,0.8767236,2.9275737,30.909851,83.282646
231,211.2978,4.412716,0.8145245,2.165728,14.829437,108.07686
232,225.45244,4.1369085,0.78850746,2.2247527,12.798691,107.53735
233,210.54623,4.0325627,0.77596706,2.9797056,36.213108,111.084755
234,183.1884,5.0723066,1.1189556,2.531966,25.220705,94.43046
235,238.06012,4.588999,0.7718938,2.8360367,46.157494,101.31422
236,215.99518,3.9648433,0.8036595,2.6741767,38.091515,113.42854
237,205.01225,5.3490014,1.1903098,2.8120794,26.458849,102.053024
238,177.68675,6.116877,1.1801215,2.5424976,23.077595,92.93537
239,208.54369,4.3208117,0.81600666,2.1165786,13.777502,104.679016
240,160.25053,3.958008,1.0122561,2.531408,10.753323,66.24736
241,232.6463,4.6694503,1.1607765,2.7169425,26.013044,101.77243
242,216.28065,4.8721704,1.1839392,2.762483,25.694897,101.74838
243,252.28114,6.647209,0.7849322,2.3902378,14.146001,70.586624
244,251.53217,6.6820936,0.78587604,2.3676207,15.220822,72.011444
245,219.2346,3.2498112,0.7670288,2.3733993,34.366062,76.20234
246,172.73817,5.494767,1.1386286,2.519561,23.749678,91.1832
247,183.51979,5.218351,1.1246926,2.6343005,25.473244,91.96992
248,182.11342,4.881895,1.0746117,2.4636102,25.268402,90.7574
249,160.79471,3.9740949,1.0192499,2.5359573,10.830465,66.41007
250,174.38136,5.6133585,1.1666738,2.629285,24.494808,90.07547
251,214.5001,3.7019122,0.7839866,2.6962721,36.426266,104.05875
252,232.98598,6.5975313,0.91308886,3.0413713,28.523628,88.63276
253,219.68526,4.5153985,0.8665069,2.1887364,14.024169,116.682724
254,173.74323,5.4270244,1.1482208,2.6382039,25.20792,89.04515
255,222.80399,3.5937436,0.6744848,2.7572045,40.483734,83.49369
256,216.13863,3.711122,0.71129894,2.6235511,42.13601,97.29136
257,232.45915,9.237711,1.1488999,3.3864772,28.798632,99.997574
258,220.85338,4.278593,0.79501116,2.950389,41.636242,106.16684
259,244.84485,4.45301,0.77117205,2.7146258,33.176884,78.43673
260,226.22418,4.019965,0.793694,2.6267395,26.814484,81.27724
261,171.94098,5.9017277,1.1638002,2.5222025,23.455784,89.019165
262,230.8902,5.3297796,1.0885593,2.4674392,29.78822,76.289955
263,219.42212,3.3885746,0.627195,2.5375688,24.997978,92.86785
264,216.51234,2.611582,0.72209895,2.2473173,29.107504,67.96034
265,240.72598,7.2741566,0.9282286,3.026187,25.849049,91.26844
266,254.30405,7.5691013,0.9682777,3.0612278,26.441051,88.51447
267,179.42657,6.2393045,1.1237018,2.4690173,21.437378,88.492935
268,220.09048,3.3451247,0.6007119,2.4380207,33.323875,90.284485
269,167.5604,4.0548463,1.0385859,2.4975572,11.417554,66.13701
270,156.765,3.909892,1.0244757,2.5301943,9.834471,65.30128
271,246.08058,6.452323,0.52805555,2.267277,14.915752,64.93111
272,231.20877,5.142433,0.7505742,2.8250425,32.889072,88.67898
273,242.96255,3.620583,0.78180784,2.6032996,30.96128,79.14802
274,247.46513,2.9177442,0.61138994,2.6956906,29.873568,90.00165
275,186.48071,3.6199758,0.7240278,3.0523932,27.08593,88.8172
276,185.4671,6.2210994,1.1031314,2.5010326,21.721376,88.15574
277,166.53174,4.0326715,1.0057037,2.489278,11.351781,66.01028
278,201.94925,5.0748076,1.0156935,2.470323,19.66644,115.34377
279,160.97852,3.9683132,1.049026,2.545357,10.142286,65.41958
280,164.59314,4.0297003,1.0092192,2.4662101,11.10681,65.46751
281,216.49092,3.2450974,0.70321757,2.4269571,31.315186,77.01548
282,192.89601,4.3792033,0.91345555,2.1658666,26.62947,69.120476
283,233.54736,3.0803907,0.7129916,2.481246,30.79255,82.37755
284,205.97397,3.1481805,0.660281,2.6319313,32.141506,87.32952
285,194.64722,3.8857298,0.8149906,3.29346,41.07626,130.28543
286,227.10822,2.9140234,0.58258784,2.6177835,31.071362,96.313835
287,237.06169,6.3576593,1.07904,2.936816,35.442795,97.28086
288,174.62894,5.6875935,1.1235656,2.537364,24.062265,87.88324
289,172.28253,5.6278424,1.1157572,2.4760065,23.506111,86.987305
290,350.9843,8.34384,0.7357332,3.1167178,28.19442,63.287994
291,245.27069,6.475964,0.776917,2.366212,15.29494,71.05558
292,280.80524,6.6035767,0.7875675,2.3281605,19.35531,83.34242
293,228.2232,6.9245396,0.92788935,3.005479,26.03635,96.04468
294,193.9288,4.5058026,0.8020252,2.9003665,23.61705,80.84218
295,234.25339,4.3738456,0.7637792,2.8011544,30.453342,105.08231
296,176.07895,5.3655186,1.0905383,2.5288327,24.249897,88.05947
297,252.98074,6.945051,0.73033786,2.2685976,13.808524,66.648605
298,249.72249,6.4045973,0.77099293,2.3024993,15.877309,73.41506
299,281.13306,6.4907665,0.70414287,2.4418051,14.29403,72.22641
300,194.1315,4.993981,1.0775039,2.4917917,22.93141,104.92199
301,172.85672,4.555612,0.81107426,1.9394803,10.454184,103.81369
302,345.47754,2.9093919,0.61277044,2.5262365,47.21888,94.29571
303,175.3325,5.989502,1.1840461,2.5671105,23.483688,91.894936
304,196.23949,4.3631334,0.86742043,2.3371568,27.706284,72.240814
305,234.84096,4.6185055,0.97959375,2.2734056,11.710641,126.91576
306,237.95601,8.279608,1.1224191,3.0354996,27.581844,98.87717
307,221.31361,5.300904,0.80143034,3.3289323,37.1117,125.32578
308,173.90521,4.109151,0.9861135,2.4926376,12.466143,68.02532
309,216.46521,3.1579316,0.7920508,2.5720797,28.486916,79.33882
310,230.06691,3.3587155,0.67482233,2.4493625,32.186596,84.069115
311,216.5297,3.9949715,0.6817858,2.7570481,42.87002,103.1406
312,180.79507,3.899125,0.80713356,2.1850624,24.889786,71.859665
313,185.34052,4.5714726,1.0105656,2.323913,23.18591,93.22379
314,175.34895,4.4698944,0.85449034,2.127295,16.046791,90.42559
315,218.51582,3.9651916,0.7229827,2.6467671,39.480213,90.95495
316,171.48949,5.5884914,1.1498038,2.5745358,24.304893,88.7582
317,290.12192,6.121099,0.5958785,2.5978177,21.325193,70.2016
318,206.6388,6.480953,1.063233,2.8883624,28.312944,107.51512
319,177.90085,6.260584,1.1363461,2.4645631,21.443157,89.938934
320,197.0572,4.432845,0.8440773,2.1659327,12.42199,105.74384
321,202.85124,3.5057373,0.73548895,2.7291808,38.10926,108.44319
322,152.57419,3.9276152,1.0401661,2.5460856,10.10343,65.81514
323,176.64508,6.154685,1.1364346,2.421541,21.266703,89.6584
324,317.99832,7.4661503,0.6832941,2.8851652,18.32515,55.990337
325,235.47119,5.610629,1.0220281,2.7665026,33.143803,77.5461
326,237.47255,6.5593166,1.0836712,3.1594207,25.7081,86.61717
327,229.68512,6.7862916,1.0398883,3.1179283,29.379427,84.01041
328,216.0719,4.3158913,1.1178907,2.4882715,24.778675,107.4356
329,160.37106,3.9701643,0.98960227,2.494096,10.253351,65.21469
330,167.03012,4.0157595,1.0334852,2.4934528,10.856248,65.407104
331,240.47186,4.8848953,0.8076189,2.7906284,47.016853,114.42469
332,273.68658,4.403472,0.81850415,3.0858114,25.002941,88.42383
333,206.9379,3.7069812,0.7439711,2.6041403,40.175896,108.60356
334,227.5774,4.0512514,0.71918917,2.7030416,43.608807,114.00762
335,215.71013,3.6142192,0.75590026,2.8295937,40.583282,108.586655
336,177.62254,5.646337,1.1610956,2.6651657,24.83302,90.14565
337,206.48117,5.3579807,1.0919366,2.6106765,21.321768,110.231834
338,212.75558,4.768121,0.99540627,2.4661086,30.6745,69.88726
339,241.4449,6.497839,0.58614117,2.2539442,13.387148,68.69222
340,204.54123,4.3228984,0.7443126,2.894318,30.261446,100.04673
341,170.46864,5.2902484,1.1358856,2.5828874,25.128649,88.84224
342,197.12599,4.2940454,0.70454764,3.0363874,30.864445,102.51067
343,188.45483,3.5669546,0.68467706,2.7210693,29.00621,95.92779
344,174.73373,5.639029,1.1253942,2.5088801,23.611412,89.66792
345,213.03271,3.8105917,0.7443187,2.7627985,34.37186,109.09229
346,211.28952,3.583838,0.6522933,2.5073652,29.190086,86.139046
347,199.65402,5.36122,1.2743711,2.8656886,25.502283,106.53618
348,209.14224,4.0189047,0.76189256,2.595206,40.135757,106.97955
349,223.50307,4.442084,0.9586842,2.28894,13.578551,121.36333
350,222.15674,3.8778064,0.6757382,2.7139318,41.693886,105.92166
351,210.65207,3.272983,0.6913271,2.6067624,36.41185,108.03638
352,313.8483,6.193021,0.50691247,2.6572895,20.94975,70.551956
353,225.43666,5.9151907,0.9625826,2.8796713,25.223492,99.27144
354,173.3686,5.148397,1.0648924,2.4436088,24.356314,87.34088
355,229.8136,7.8080573,1.0670153,2.910047,25.301647,92.4862
356,214.59052,3.6860805,0.82694715,2.464086,28.75866,79.132355
357,172.89616,5.7703485,1.1360222,2.501717,23.568583,88.047615
358,234.23123,2.1859767,0.4600251,2.2306027,30.232454,85.901306
359,231.81161,4.0986624,0.73883957,2.6549044,31.855143,80.22934
360,244.99966,6.040247,0.7753619,2.8459153,33.749718,87.6475
361,171.2211,5.7169423,1.125453,2.4373758,22.967573,86.85028
362,218.87585,5.052003,0.9810424,2.3455353,14.210855,128.64053
363,191.88239,4.3702326,0.9081158,2.0661237,12.474618,106.51877
364,213.43134,4.2490983,0.80845517,2.739044,41.184586,102.45451
365,215.5881,3.9501824,0.79185456,2.6925652,37.76574,109.899796
366,183.58464,4.3759203,1.0170548,2.263437,22.283474,94.39121
367,170.86371,5.8839717,1.1426314,2.396969,22.015179,88.43783
368,146.45383,3.8707063,1.0586582,2.548024,9.018614,64.47856
369,212.44995,4.0331626,0.72445524,2.7599087,44.202732,93.6616
370,172.35498,5.9685636,1.1372197,2.361738,20.898975,89.26454
371,226.93674,4.7528405,0.97950375,2.5849113,33.310432,76.473785
372,223.64726,3.0880823,0.66479415,2.4036791,31.779922,93.467865
373,200.50478,3.7390022,0.76014566,2.6095157,38.686676,106.08732
374,175.80032,5.6609936,1.1537079,2.5659213,23.90766,91.03236
375,213.45265,4.122607,0.872942,2.2106757,14.070217,106.60653
376,231.34459,4.7914004,0.7475295,2.7415674,30.786745,86.66005
377,327.66718,6.8711147,0.56966984,2.7524571,20.98011,71.46129
378,190.14133,2.6852708,0.6222795,2.5436172,24.647846,74.338806
379,174.11682,5.83536,1.1511084,2.5373762,23.80213,86.44247
380,295.70288,3.6822748,0.8001075,2.6978085,35.778786,84.617195
381,163.02194,3.9922945,1.0027816,2.5254495,10.930203,66.74231
382,167.50063,4.238698,0.81727254,1.8874512,15.437044,90.67381
383,171.44925,4.544333,1.0081238,2.235464,21.336338,83.2673
384,239.20518,5.780395,0.78160083,2.8731441,30.534565,85.61357
385,160.3587,3.9455886,1.0451638,2.53862,9.903027,65.011154
386,175.38106,4.8853507,1.0771965,2.4337099,25.302338,89.89329
387,210.62971,7.25439,1.0805442,3.0189486,29.231884,110.03386
388,199.14944,3.7318542,0.66094184,2.4553585,23.552904,91.41448
389,225.85086,3.4152935,0.7237114,2.4444876,34.074066,79.900536
390,217.26476,5.076145,1.1860822,2.8046584,25.627857,103.275375
391,218.36249,2.8738623,0.5968467,2.346438,28.665865,91.445984
392,169.98885,5.924264,1.1646898,2.48762,23.1208,88.367584
393,237.94774,7.2087545,1.0377096,3.1433918,32.655052,85.56776
394,219.3546,3.349781,0.8088776,2.3589246,33.7123,74.024345
395,173.20065,5.616173,1.1555679,2.5881364,24.275085,89.940346
396,157.30379,3.9526694,1.0233532,2.5382423,10.511457,66.127304
397,226.32008,3.1582317,0.7369141,2.3438444,31.85027,78.67502
398,218.63245,5.1392903,1.038659,2.525051,32.245667,74.17154
399,250.9315,4.5707216,0.7614743,3.1496205,35.733635,92.63083
400,287.03403,6.766563,0.81677866,2.4571774,17.144466,80.424706
401,238.47307,4.124361,0.8331415,2.6242616,36.67818,75.77819
402,212.17084,2.793934,0.59600693,2.3550286,25.57307,90.55411
403,215.20073,3.3197212,0.68243194,2.578975,29.74744,110.067764
404,211.86903,6.702781,1.1232115,2.861122,30.104755,109.16136
405,153.48953,3.9314065,1.0410349,2.5433354,10.146214,65.85773
406,203.90785,2.5860794,0.70002484,2.3744218,27.848457,82.186646
407,204.94504,4.811617,1.1029745,2.5803392,26.085108,97.66827
408,259.68616,5.163491,0.79859346,2.8196156,35.350098,80.8973
409,177.74214,4.421006,0.8732587,2.0338902,12.701697,95.935165
410,188.2472,5.486265,1.1752133,2.7902348,25.614094,95.67318
411,205.30818,3.7257214,0.7651214,2.957466,41.463413,108.8921
412,235.48218,5.3788447,1.3193283,2.972877,26.872774,122.91773
413,220.89334,4.5470743,0.8586254,2.2059941,14.329002,116.30152
414,215.54224,4.4134197,0.76628894,2.2464626,15.996865,104.275856
415,244.03055,3.024198,0.6378211,2.6001353,34.735573,99.005264
416,215.4314,4.0092697,0.76832366,2.6037984,41.066296,113.88978
417,201.69449,3.4245634,0.7124717,2.6445103,31.17453,95.70939
418,290.12616,5.4729295,1.2626345,3.282253,30.517063,103.62671
419,302.4248,6.6587095,0.822238,2.5546222,20.291904,85.05335
420,206.1678,3.7050042,0.7575832,2.6898787,38.008366,99.31773
421,170.32349,4.0488176,0.9889522,2.4997044,11.560568,67.2111
422,148.75168,3.9049845,1.0511895,2.5509417,9.800058,65.41099
423,223.16324,3.8577814,0.7678571,2.691564,39.11544,117.680016
424,203.6214,4.140382,0.7814269,2.9272215,35.84127,102.151146
425,258.2503,7.170431,0.6359143,2.2671995,11.236609,72.59895
426,299.1363,7.4841022,0.7678524,3.0411026,26.594532,64.44413
427,241.35669,5.8850045,0.9242662,2.757185,26.707222,87.62949
428,233.99522,3.7342865,0.8196619,2.6151931,31.296968,81.61069
429,172.04128,5.2371883,1.1062098,2.542459,24.961267,85.5042
430,347.22772,8.1546545,0.6055683,3.1054857,28.583649,56.473686
431,202.7341,2.3852313,0.6760895,2.1469285,29.08914,66.406166
432,177.10474,3.6621647,0.7903379,3.0379388,37.26444,122.32305
433,214.42535,2.374266,0.5042535,2.3095472,26.922642,90.76598
434,211.98656,3.5541973,0.75555366,2.9468613,40.4551,107.91424
435,202.71161,5.2735333,1.2526783,2.869852,26.30928,104.31817
436,214.02904,4.10355,0.7386247,2.8626826,40.961105,112.57701
437,172.23642,5.5459824,1.1433824,2.5769815,24.479553,88.69782
438,208.89246,2.7046592,0.71652174,2.166751,27.413776,65.40863
439,171.61687,5.700005,1.1602093,2.5589273,23.947557,89.337395
440,233.83202,6.576868,0.965253,3.087182,26.053305,92.17559
441,176.1401,5.234661,1.1249012,2.5335543,24.700123,92.08073
442,206.01036,3.5827835,0.673874,2.7859972,32.193863,87.03624
443,210.35832,5.150382,1.0421737,2.4117718,16.8024,120.419426
444,227.60876,8.07255,1.0647314,3.165239,28.602697,101.722664
445,232.7603,5.5727234,0.76816463,3.1087792,25.685293,85.31281
446,171.85803,5.3812113,1.1350522,2.5778036,24.81761,89.26466
447,205.71806,1.9060123,0.63389957,2.1204784,25.671167,67.2032
448,152.44675,3.9130487,1.048752,2.5504727,10.010244,65.63583
449,204.38774,3.958727,0.8136001,2.729329,38.489227,101.8133
450,212.30975,2.5109563,0.6211221,2.3571827,25.735207,84.096016
451,253.67853,6.836501,0.75964284,2.2765636,14.941977,71.07562
452,199.64293,3.4291053,0.69050866,2.6264377,35.264496,109.55974
453,156.70372,2.270449,0.64526063,2.2315207,34.692196,71.38109
454,282.26746,6.7773647,0.9154844,3.0049076,33.364105,86.920105
455,189.12946,2.557976,0.6279293,2.1964338,28.68234,64.7414
456,267.3587,3.835064,0.5443635,2.2318492,25.043066,123.499466
457,173.44208,5.4518642,1.1226119,2.5463715,24.142815,89.38732
458,255.90555,3.2810926,0.58399045,2.5788465,52.212975,87.44011
459,172.58372,5.9459825,1.1127918,2.3234696,19.698717,87.91337
460,200.33777,3.4801822,0.6883806,2.734597,35.543106,84.713165
461,219.75125,4.5049195,0.85209554,2.254942,12.525662,114.38428
462,179.18736,5.8753333,1.1936823,2.7108061,24.775408,91.5163
463,260.32202,7.7493763,0.9503454,3.2736568,31.345617,90.98502
464,247.33058,5.304518,1.0572712,2.588347,29.79211,82.79886
465,277.69125,3.2799397,0.5947397,3.0332127,33.68715,106.16219
466,247.25575,6.4928064,1.1050061,2.746397,28.731785,88.0379
467,252.03853,3.8489099,0.62119395,2.7920675,57.86535,97.406395
468,203.86893,4.647344,0.7771725,2.1313603,13.548352,109.46127
469,242.85306,6.428087,0.78174984,2.3636963,14.8582,71.57545
470,216.12645,4.7595663,1.0210015,2.4576182,31.471992,67.82467
471,177.23552,5.315425,1.1269621,2.5774548,24.792166,91.4181
472,215.91812,4.342202,0.69886637,2.8225565,33.36788,107.24237
473,213.02766,3.6408,0.6660983,2.728165,35.841705,104.66964
474,210.72626,2.3598452,0.67662317,2.1773224,26.878525,67.61
475,160.70526,3.9596932,1.0468668,2.5429697,10.093355,65.32974
476,218.6233,3.9434075,0.6895534,2.7399743,42.75075,94.564705
477,215.30461,4.2888637,0.78270483,2.691944,44.569,100.889694
478,183.81912,5.253809,1.1288391,2.591555,24.854267,93.8417
479,199.16508,4.0942507,0.8060836,2.7773666,35.581635,107.65607
480,227.29506,3.944498,0.732628,2.7093961,22.647215,116.2894
481,212.17014,2.3641348,0.62990886,2.2954478,29.189648,80.4469
482,191.28282,3.8791516,0.81535465,2.691845,24.365788,82.50348
483,176.77863,5.748724,1.1855994,2.7353888,25.227343,90.40465
484,211.55954,4.4599457,0.84834313,2.1864088,13.23048,110.6033
485,223.91057,4.2486687,1.093497,2.5438814,25.081003,103.00998
486,221.98706,3.1524472,0.7436353,2.3798292,33.283188,76.948975
487,167.43243,4.0220428,1.0255086,2.4942,10.830679,65.77837
488,216.62535,3.2785714,0.7829336,2.3495352,33.17328,76.712524
489,258.61545,5.350303,1.0935315,2.8428528,25.366138,57.014786
490,221.60405,3.509437,0.85041577,2.456881,34.243675,76.5646
491,225.9893,5.4500275,0.819163,2.7193296,23.55425,86.04641
492,196.71092,3.93144,0.7126213,2.0496967,18.541859,94.04827
493,212.0022,3.6549363,0.7841865,2.7446148,36.5699,102.91839
494,231.53754,6.671201,0.98495245,3.0315492,28.017515,92.36193
495,198.92633,4.7324247,1.0008702,2.4012508,22.539677,98.91147
496,241.6985,5.530172,1.062505,2.6635377,29.705166,86.62009
497,218.00433,3.9380152,0.80580074,2.51258,29.448261,55.491367
498,355.52988,7.3578024,0.6527809,2.909947,23.053558,63.81396
499,168.49261,5.176798,1.1251298,2.4654064,24.83854,90.01368
500,192.52333,2.9578972,0.7205544,2.3026319,26.935682,72.6146
501,178.38118,6.1127634,1.1568626,2.5291064,23.002205,90.92646
502,336.60876,7.2749205,0.7906674,2.884885,25.73918,78.889725
503,196.86143,4.263785,0.8864478,2.1455278,14.254825,101.533
504,215.95738,3.299684,0.61645085,2.4690378,29.443836,87.85667
505,239.31943,6.5613813,1.1537437,2.9052165,32.398968,88.74498
506,237.6114,6.424171,0.891839,3.0235827,28.177303,86.28563
507,234.4848,3.1701627,0.6948811,2.5073547,31.320484,89.62075
508,260.7102,6.5564995,0.7736711,2.4091582,14.187221,71.25248
509,161.53139,3.927277,0.99086356,2.472148,9.938311,63.93995
510,246.36874,5.5450535,0.8011939,2.8691154,31.084127,85.444916
511,284.9748,6.7882557,0.9591697,3.0146801,28.944845,85.33629
512,309.63217,7.3601284,0.71622735,2.932331,22.912376,59.506355
513,251.06398,2.941934,0.61302835,2.6636324,33.471954,103.73624
514,242.5664,4.845591,0.82902145,2.794859,47.972477,113.764496
515,171.19345,5.7856045,1.1326718,2.463277,23.083223,86.58578
516,197.49902,3.5037735,0.6215538,2.4389791,31.525642,110.08222
517,179.21918,3.6356497,0.8352123,2.0577533,20.062817,77.87727
518,256.15063,6.858265,0.7393809,2.2781355,14.7765045,69.29429
519,172.91751,5.5789223,1.1705104,2.7041426,25.559,88.28399
520,208.7139,3.6507375,0.6598238,2.7692647,37.30305,98.81064
521,200.19315,3.965691,0.71599394,2.7970233,35.047825,105.117836
522,190.19817,4.266702,0.8680498,2.6988335,32.262962,62.11768
523,210.5874,2.698174,0.7514302,2.3239858,31.20633,76.50903
524,215.96959,3.3833551,0.82460976,2.33244,32.140366,71.807465
525,354.98343,7.557325,0.64897794,2.9642782,21.434586,67.26202
526,295.94598,6.6820316,0.54356223,2.730802,18.502949,54.45453
527,233.23776,3.688981,0.72785676,2.623411,30.748093,80.491714
528,246.12863,6.524703,0.7826395,2.3555746,15.178026,71.95177
529,171.83777,5.6277137,1.165446,2.6438012,24.975895,88.40721
530,190.04263,3.6090946,0.7523949,2.0774183,24.923021,73.775826
531,222.27084,7.0044594,0.96896815,2.9686263,24.260513,88.13223
532,202.99875,3.7731614,0.74879086,2.6250694,39.431446,97.84194
533,171.40933,5.3688636,1.1223915,2.5344534,24.530605,88.778275
534,272.74673,6.688916,0.80843383,2.3158252,18.324036,82.60277
535,301.2124,6.4214344,0.6541906,2.6582727,20.991999,70.077545
536,289.39417,6.491213,0.73991174,2.5040314,16.220955,76.99941
537,213.65611,3.8683786,0.71526015,2.685931,40.754463,106.28581
538,218.29582,3.0993638,0.6429569,2.4431188,26.407806,87.40234
539,178.5624,5.493899,1.1658403,2.746518,25.723442,90.13439
540,234.19858,6.1025324,1.0991315,2.8237913,26.884201,96.4101
541,234.77643,6.146024,1.0522603,2.8341951,26.278408,96.11064
542,179.04788,6.124905,1.1778085,2.5884714,23.452318,90.7972
543,279.74872,6.566861,0.7993194,2.4499907,17.823217,79.19929
544,215.27505,4.1479826,0.7343315,3.0887127,33.27562,106.617966
545,205.84425,4.8548155,0.98477423,2.4153397,18.944471,112.63767
546,211.91756,7.412321,1.0997307,3.0143628,29.080555,109.16329
547,243.87473,2.6913898,0.55828893,2.583157,28.670153,100.480774
548,307.49103,7.8913045,0.7596038,2.9159307,35.76202,58.71486
549,222.99348,5.078512,1.190616,2.8068273,26.387026,109.12453
550,205.69264,3.7805061,0.714914,2.7165723,38.206642,103.70285
551,247.36209,7.0970216,1.1680664,2.8706844,32.438335,92.04156
552,224.22691,3.4383793,0.6349441,2.4571867,29.855347,82.03433
553,155.93938,3.954351,1.0299368,2.5404532,10.560161,66.46002
554,201.43277,3.820479,0.7287174,2.7660081,38.136177,100.84241
555,325.5168,7.8615446,0.7356297,3.0496838,22.95102,59.144966
556,341.6429,6.680908,0.6312096,2.796824,21.063828,63.40129
557,222.32722,3.959885,0.72096086,3.034828,33.547825,104.713524
558,193.48572,3.278039,0.6536261,2.5168498,26.138979,90.282715
559,161.7362,3.9824295,1.006875,2.522971,10.874956,66.49058
560,175.9873,5.6298304,1.1630108,2.6581628,24.821156,90.388466
561,218.719,3.365837,0.7972667,2.34136,32.1782,72.79209
562,204.94493,4.4985194,0.911925,2.4153135,30.57339,73.5345
563,174.47475,4.112981,0.9818858,2.5066981,12.659055,68.45989
564,195.00142,3.6881328,0.76038283,2.6215594,37.556946,93.77778
565,306.65326,7.3517027,0.68794274,2.8773403,18.597126,57.943977
566,270.40503,4.800428,0.90519947,3.1421573,37.223526,134.88823
567,224.3164,4.207207,0.70471156,2.7865312,43.81598,89.39077
568,278.34985,5.4332623,0.8840922,2.9571853,29.368301,119.535774
569,172.64078,5.9585233,1.1449485,2.44814,22.629137,88.20717
570,224.14037,2.6004484,0.5590608,2.4177003,33.678165,86.584915
571,175.99287,5.87075,1.1463407,2.497714,22.99619,91.09206
572,174.52463,5.911394,1.1885362,2.6376803,24.25988,90.13327
573,170.53395,5.207566,1.0992703,2.4543462,24.393541,88.72283
574,242.5798,6.399109,0.77925676,2.370175,14.6702585,71.129074
575,209.33568,3.0038247,0.74218976,2.23211,30.472208,68.63716
576,175.45496,5.733126,1.1434182,2.5477366,23.862232,88.72984
577,228.36148,6.2180233,1.0718486,2.9179583,32.256996,90.886284
578,220.19499,4.009145,0.686702,2.752402,39.288277,91.23739
579,342.91333,7.8953695,0.7111137,3.0181112,24.46479,62.834396
580,201.1778,3.9470267,0.76472497,2.6556847,41.102676,100.844444
581,168.98274,5.303015,1.0932028,2.4616866,24.199059,86.54164
582,200.51395,3.3175063,0.69500196,2.550758,33.953293,90.23927
583,301.1197,6.5543995,0.6027356,2.4152074,11.867467,66.15384
584,207.90442,3.0112705,0.67005163,2.206427,29.289595,76.896194
585,231.80632,6.310592,1.0385152,2.9676187,36.27965,100.36648
586,218.4996,3.8249998,0.786207,2.754911,36.30379,103.37164
587,213.34172,4.2750387,0.7508585,2.7939522,39.895382,101.87692
588,249.04004,6.583376,0.7832335,2.3705285,14.724411,71.436066
589,204.69365,2.7871664,0.7446563,2.2990842,29.393112,74.19728
590,334.50464,7.211695,0.6884279,2.9165788,23.343779,61.344437
591,200.66916,4.1589947,0.7624716,3.0228324,32.88529,114.710144
592,198.30238,3.6652546,0.7361249,2.8320212,38.650322,102.23665
593,236.52846,6.5997825,0.9513576,3.0489929,26.83673,91.5131
594,169.71089,5.892072,1.1467404,2.414706,22.307922,87.23714
595,226.19434,3.7323627,0.7839922,2.7416701,36.06312,108.980675
596,171.159,5.81501,1.1351932,2.4347506,22.811775,87.25918
597,241.6924,6.473689,0.7741382,2.351671,14.911609,70.352486
598,204.96114,3.37969,0.75044745,2.8359995,37.391125,105.441696
599,284.59592,6.805484,0.5210843,2.6011724,27.733147,56.941727
600,184.8553,4.3010063,0.80063576,1.992954,11.127401,98.27822
601,156.8998,3.9348931,1.0552979,2.5529432,9.904167,65.21499
602,225.37685,3.920298,0.7452091,2.5978522,34.71986,119.80232
603,184.59265,3.5871644,0.80925596,3.0923886,37.252144,122.25257
604,232.85156,6.210539,0.96015644,2.913893,31.193697,88.43811
605,282.76184,6.4216127,0.75200355,2.4981344,15.994827,73.98498
606,179.57774,5.3768215,1.1419606,2.5994332,24.735165,92.75435
607,194.44115,2.781082,0.7150492,2.2952328,26.887785,72.58137
608,226.79051,2.7591052,0.605388,2.6873903,42.876232,106.60509
609,251.6189,6.8158712,0.73367137,2.2690542,14.361693,67.86096
610,224.63214,4.4675922,0.85957336,2.2286148,12.161899,115.93483
611,277.08694,6.1224995,1.0765887,3.193117,27.330853,107.51065
612,211.29991,3.5297852,0.6709158,2.6828556,38.387665,107.33096
613,190.10103,2.9344704,0.71731216,2.4926524,24.402357,77.66289
614,218.43433,2.5317838,0.72985226,2.29659,28.996223,72.00708
615,268.21985,6.6973867,0.9072439,2.9669652,27.717478,85.988945
616,228.48482,4.913081,1.2045131,2.725759,25.58998,109.688644
617,174.672,6.1262817,1.1806006,2.5207734,22.808815,91.263016
618,336.37146,7.604634,0.690797,2.9364264,21.266823,59.118248
619,233.12857,7.48382,1.1309181,2.9208672,31.92073,97.32328
620,216.09158,4.1953936,0.71941686,2.7087526,37.546963,98.5806
621,214.20634,6.8099513,0.9757763,3.061293,26.345839,99.541565
622,314.21948,7.477321,0.7004241,2.884897,19.146849,56.517044
623,302.438,2.73258,0.6393583,2.7558467,46.79995,85.01092
624,207.54546,3.6975622,0.7446633,2.5634108,39.785465,107.48868
625,172.40677,2.8844495,0.76592755,2.10863,28.745878,56.490303
626,237.75772,3.289072,0.7429677,2.5542982,30.421371,80.103546
627,203.54854,3.7889476,0.7074635,2.7404203,39.84368,92.251335
628,233.40387,4.088325,0.80291617,2.716857,39.405193,124.11625
629,309.4131,6.976119,0.655244,2.7729006,17.910656,59.500786
630,163.47578,4.00045,1.0043055,2.466309,10.832499,65.06329
631,306.74954,6.766807,0.6132184,2.8129067,19.415207,59.36186
632,265.55322,6.680483,0.8044338,2.3950145,15.926347,76.1807
633,250.22156,6.5100465,0.76048255,2.3077133,15.713085,72.355125
634,205.53275,3.709937,0.689963,2.6853502,40.592964,99.59964
635,353.26678,7.366602,0.63013494,2.884516,20.8108,65.93075
636,288.16144,5.7037477,0.50493777,2.5419621,20.3536,67.11498
637,243.25943,5.5428305,0.8320176,2.8589864,28.489288,82.19428
638,217.01122,5.8900433,1.0442424,2.8704402,27.30092,107.465096
639,201.5155,3.6419258,0.69709927,2.5358171,36.9444,99.6819
640,173.61272,6.1129117,1.1261482,2.380899,20.235363,88.48326
641,225.78098,4.212213,0.80321133,2.7247016,42.216354,118.19362
642,172.14911,5.463434,1.0937363,2.4048128,23.02398,86.52112
643,171.8245,5.31737,1.1278808,2.522043,24.338465,90.41243
644,316.55383,6.5824184,0.8147563,2.583667,21.167194,89.05649
645,226.02338,4.1303234,0.8174219,2.629523,25.552687,82.590385
646,241.26666,6.435527,0.77373207,2.3512137,14.820356,70.29639
647,214.53214,3.8598864,0.7663119,2.7343848,35.29226,107.46744
648,278.5311,5.621267,0.5213453,2.506533,20.08642,65.23387
649,218.96594,3.1342685,0.80367714,2.3784714,33.84662,76.48606
650,233.48373,3.2540503,0.74842215,2.5625017,30.640453,78.7783
651,173.36986,5.440474,1.0932238,2.476181,24.032293,87.2544
652,258.53534,6.5958786,0.7828872,2.2468681,15.698927,76.311615
653,223.68364,4.0637894,0.78813624,2.6786785,40.064213,120.75822
654,229.10863,7.31631,1.0819478,2.8798194,29.895603,88.69886
655,211.42287,2.9481423,0.73379314,2.24638,29.56937,71.2027
656,215.87224,3.8664913,0.8221562,2.999917,41.085346,117.298965
657,280.11713,3.1509352,0.6618599,2.6366813,36.901638,89.42632
658,238.23401,3.211043,0.70290184,2.4401248,32.12911,80.96421
659,205.72699,4.536709,0.7644785,3.1704252,30.307457,115.143295
660,249.01654,6.513485,0.75194365,2.3061063,15.612232,71.51501
661,242.79996,5.9096794,0.7946484,2.8412871,31.41017,84.345894
662,179.85986,4.031428,0.74909484,3.132075,33.42856,114.573074
663,318.34802,7.6994877,0.7266015,3.0032208,22.720308,58.253006
664,174.57678,5.6222434,1.1793733,2.7286193,25.50446,89.09681
665,222.36172,8.069057,1.0959767,3.0968916,27.339785,103.689186
666,208.95236,2.9513915,0.70355904,2.2482142,28.051884,81.74517
667,229.61462,4.473642,0.77132326,2.2586946,16.721735,107.257385
668,235.86475,5.774783,0.9039796,2.805759,23.124084,89.80706
669,164.1932,4.005981,1.005655,2.5263119,11.121327,67.03388
670,222.35875,7.3609657,1.0285419,2.9547074,25.44439,90.13605
671,213.90816,2.8743482,0.6489658,2.52138,26.47392,81.7275
672,205.07088,3.876515,0.76093656,2.5605302,42.579865,102.14209
673,223.20236,3.6143298,0.60248685,2.4760785,35.614597,60.865917
674,337.5179,7.8518896,0.7176537,3.0181007,24.311762,62.256115
675,204.42203,2.7925189,0.6924298,2.137162,29.593414,70.971756
676,231.27509,3.4603086,0.8106587,2.4436798,28.685768,75.94044
677,249.10081,4.7795563,0.95492923,2.3182719,11.995721,125.978134
678,320.2301,6.4014807,0.54400444,2.6855564,20.694283,70.333725
679,192.00352,3.1927366,0.72480094,2.1524882,29.706182,66.47708
680,188.63466,3.5055642,0.7776045,2.6277442,34.527153,100.63447
681,219.39624,4.4788284,0.7144306,2.6546123,33.29071,84.72428
682,252.97319,2.13849,0.59458804,2.2702007,38.61808,80.762886
683,255.29982,6.718223,0.8812232,2.90189,30.927958,85.085175
684,174.82361,5.3817573,1.0952771,2.5200114,24.416864,87.7452
685,224.87903,3.8566601,0.6948813,2.9159796,36.80237,108.24723
686,199.65627,3.896535,0.74539256,2.6519148,37.815323,92.29407
687,169.34108,5.26786,1.090873,2.4458106,24.142597,87.239136
688,202.46585,4.1168985,0.7396471,2.293576,23.078522,112.49825
689,236.39047,3.9418583,0.6430298,2.1610043,16.890676,109.17781
690,208.97429,3.8096554,0.7150692,2.6914337,33.030483,98.32115
691,258.27487,5.3165174,0.8693344,2.8681736,31.852535,79.14089
692,267.39624,5.4469824,1.2726263,3.12568,30.21214,106.288246
693,228.10736,4.4722443,0.9874601,2.4895186,30.177162,69.3324
694,252.87631,5.374448,0.7970341,2.704037,35.070824,85.89882
695,213.48817,5.2701235,1.2153771,2.7502987,24.49651,110.72117
696,224.27614,3.7845752,0.8542335,2.545439,31.71741,76.57129
697,227.63762,2.84559,0.69953865,2.3673487,27.9741,79.435005
698,237.07188,3.679987,0.7340994,2.5209236,31.64518,81.23556
699,167.65544,4.02051,0.9937076,2.5132127,11.375596,67.03449
700,194.15598,4.2613707,0.795786,2.0386443,13.768731,97.95775
701,212.29309,2.9627001,0.7223222,2.2883582,32.961464,78.706055
702,221.43779,3.8121028,0.67264885,2.635006,20.620144,87.63376
703,160.54102,3.936175,1.0363057,2.527906,9.721031,64.70973
704,149.57364,3.8890579,1.0519316,2.5491621,9.486303,64.919876
705,205.12584,3.8603678,0.7425728,2.6172397,39.99651,102.095795
706,211.21466,7.2345867,1.0599747,3.0209818,28.386288,108.36767
707,311.7918,7.595169,0.73109525,2.9611099,21.974134,57.5539
708,248.12082,4.9217734,1.1992155,3.0371537,29.889042,105.92931
709,217.59058,3.1678257,0.582252,2.6052916,33.449314,82.16207
710,225.86545,5.1583858,0.8177107,2.6930962,31.807846,95.60992
711,230.62708,7.7813754,1.0137537,3.4129038,27.208328,83.74393
712,246.3322,8.293484,1.0029893,3.2183099,25.562904,96.80709
713,182.95468,3.5268054,0.7879558,2.08096,23.961226,70.26205
714,173.36946,5.568375,1.131616,2.5165029,23.672476,90.21932
715,198.90222,4.0313945,0.70006955,2.775943,31.416193,99.61465
716,384.79895,8.509643,0.65006715,3.025846,21.614979,64.26141
717,195.15125,2.74731,0.6886724,2.1950786,29.253683,66.445175
718,196.96478,2.4018514,0.7015518,2.2725723,28.767643,74.37035
719,234.30562,3.885359,0.7332253,2.4911785,25.667112,84.95725
720,300.84387,5.844524,0.5108683,2.5873773,20.071743,66.36786
721,226.67552,4.5859222,0.9948065,2.585974,34.266373,74.03144
722,209.71056,3.620261,0.69603294,2.6275194,41.263103,101.95139
723,162.89633,3.9897366,0.99596953,2.5163395,10.93681,66.59818
724,200.4442,3.6819267,0.702422,2.729866,37.85568,88.432365
725,158.27907,3.9356744,1.0336432,2.5355663,9.921642,65.29048
726,220.65668,2.6717517,0.7498572,2.374383,28.094696,73.1197
727,176.39131,5.5934143,1.1246923,2.5326,23.801823,90.1363
728,177.0644,5.980154,1.1461357,2.504383,22.843264,90.10927
729,204.3341,3.00845,0.59213126,2.4260747,27.217722,85.35371
730,174.44727,5.6493535,1.1719986,2.6565914,24.810074,90.04451
731,233.45435,4.290822,0.8478099,2.6837573,32.657993,73.934555
732,260.7071,5.811228,0.9728978,3.0774183,31.99725,105.37812
733,207.2037,3.9321733,0.7531892,3.047563,38.90483,127.17391
734,159.32346,3.944756,1.0195233,2.5340042,10.407209,65.764786
735,180.78152,5.9223447,1.1828034,2.658264,24.1595,89.374016
736,293.393,7.836029,0.66326755,2.2429347,11.824211,79.18265
737,238.56949,8.976862,1.1476029,3.2703507,29.117594,98.83791
738,236.4284,7.50058,0.978767,3.1168683,28.828249,95.686386
739,246.93483,6.94762,1.1665273,2.7681353,31.783957,92.552155
740,241.43826,6.4194827,0.77604395,2.3450408,15.185039,71.26586
741,200.37323,3.9394224,0.8154692,2.9997983,36.314976,106.35359
742,336.8187,7.470585,0.6688101,2.8431604,18.836061,56.896202
743,211.43468,4.113899,0.7795824,2.653177,41.58272,109.083954
744,188.58438,4.2221947,0.78171027,2.7846787,21.847755,81.66025
745,263.56833,2.6531062,0.54198873,2.5008833,34.77256,101.72413
746,171.22026,5.5622587,1.1105229,2.4220488,23.21641,87.28157
747,246.75807,6.0773664,0.8433428,2.7858322,28.28678,88.031425
748,186.49217,3.505577,0.7648445,2.0958676,25.427195,69.145454
749,168.02301,4.0282464,1.0263865,2.4971552,11.007284,65.87917
750,173.13417,6.117491,1.186002,2.5146968,22.794918,90.67264
751,317.99573,7.4388027,0.6984871,2.8991668,19.231155,58.009727
752,196.5556,4.0684423,0.7517765,3.1628692,29.718513,101.66914
753,189.48784,3.4364424,0.7747777,2.628146,35.011482,103.847725
754,201.91301,3.9109752,0.73594266,2.6588953,38.457752,99.34793
755,210.56903,4.020896,0.76522905,2.7420971,35.49005,116.33614
756,196.33797,5.234275,1.1543628,2.7281356,25.796202,94.712555
757,229.39961,5.9463825,0.87712604,2.8784866,26.79729,91.40748
758,177.71686,5.6325645,1.1225296,2.5332737,23.791376,90.06504
759,227.6044,4.158328,0.7323895,2.8036213,42.657776,110.02904
760,174.96384,6.046644,1.1366035,2.4604032,22.349918,85.89297
761,254.20895,6.9675884,0.73705816,2.2611241,13.973411,67.81805
762,189.61525,4.352004,0.8009678,2.017822,14.616721,98.31397
763,203.66336,3.010952,0.60002536,2.4169743,26.544254,85.699165
764,202.71136,4.3364663,0.75587904,2.1407404,15.333143,100.76411
765,235.94366,5.899888,0.9460818,2.8215094,31.414852,95.18112
766,233.86685,4.3194036,0.83565784,2.732173,42.289165,123.06014
767,241.69699,7.87082,1.0063634,3.1573133,27.267164,96.260704
768,239.4663,4.635312,0.7467064,2.6426451,35.79843,81.298355
769,172.63852,6.164473,1.1709628,2.4645314,22.031048,89.66302
770,152.03937,3.918006,1.0553153,2.4410744,10.210079,63.17449
771,193.48112,2.3819022,0.7000343,2.285135,26.165468,77.39516
772,174.1305,5.6434326,1.1109568,2.4687111,23.454594,87.44178
773,214.50058,2.4713225,0.6936823,2.3132327,29.613037,75.03092
774,202.97993,3.7027254,0.6932451,2.721641,40.81861,89.105316
775,201.22746,3.7817373,0.7805528,2.7289824,36.144814,101.27766
776,185.04901,4.288851,0.8641464,1.9816921,12.565322,99.58602
777,208.26526,5.5027876,1.2874336,2.8346326,25.75054,105.75588
778,197.26411,3.6817026,0.7260358,2.8213904,38.254326,103.32374
779,226.60756,4.5218244,0.8625787,2.2531412,13.922182,116.15706
780,222.04622,5.3862877,1.2430403,2.9121578,29.251572,109.947815
781,227.65335,4.224696,0.73700285,2.1742916,14.497127,121.83156
782,174.20352,5.384106,1.1373104,2.6103745,25.115906,88.94358
783,175.18236,6.2171745,1.1743305,2.5133624,22.57111,88.888985
784,216.35468,3.0088573,0.47507796,2.1730678,28.010612,98.36448
785,219.25133,3.9637206,0.77849877,2.7443533,35.623734,94.3448
786,227.28635,4.9267144,0.78464067,2.6693485,24.81693,87.69609
787,216.6612,4.6125784,1.1533549,2.6094515,25.282146,106.63082
788,202.98918,3.4298031,0.72398096,2.6955955,34.012386,106.4227
789,248.10162,4.8430433,0.7829268,2.7569299,32.74414,82.66069
790,219.4155,3.0690708,0.7872453,2.4772506,29.463213,76.30844
791,172.54031,6.0651135,1.1847979,2.5241313,23.026583,90.243774
792,236.33246,6.505044,1.0035094,3.2680852,32.23792,85.15589
793,194.42122,5.0650353,1.1244509,2.592589,25.257786,98.78437
794,173.5433,5.7094965,1.1329292,2.4832609,23.221695,89.54472
795,236.22972,5.234508,0.93252945,3.405817,28.622389,141.37619
796,223.35902,7.7766533,1.0950141,2.9930642,28.213049,103.395256
797,233.31393,6.25766,0.80846494,3.0701454,29.378262,90.88462
798,204.17146,3.3859982,0.6753944,2.6053252,37.693535,101.0528
799,217.87355,4.5103235,0.85189575,2.1726105,14.043776,115.25466
800,170.27899,5.8012586,1.151547,2.4816105,23.37017,88.50233
801,238.43384,5.220737,0.93418384,2.7263787,27.878736,80.41416
802,212.0097,6.5701537,1.0764059,2.9291966,27.194403,103.87918
803,197.62387,3.9864874,0.75329274,2.990972,31.564547,96.87443
804,164.50606,4.00948,1.0352273,2.47857,10.96972,64.98906
805,173.65378,5.4701486,1.1402551,2.6127717,25.001429,88.471794
806,205.91934,3.4414282,0.69708216,2.6723928,34.587906,104.80174
807,308.37543,6.109277,0.89717036,2.4202056,11.068954,92.06084
808,193.0239,2.405458,0.6386488,2.1609027,30.218346,64.31326
809,216.21806,7.2576256,1.0306588,3.0535097,27.841194,106.3625
810,176.14557,5.961035,1.1574311,2.5274112,23.234419,91.00875
811,227.89156,7.954838,1.0240489,3.1775417,28.549969,101.37837
812,202.50714,3.571764,0.6848777,2.7135413,38.544403,85.64339
813,225.98822,4.3809414,0.7062811,2.7388926,39.486153,103.514206
814,204.56644,4.393013,0.81417274,2.1103895,14.309415,106.66023
815,212.54851,2.3582866,0.6902571,2.2088566,28.196697,68.31481
816,202.02393,3.801108,0.7060574,2.7242658,35.620777,101.931854
817,171.84274,5.3076024,1.1301804,2.568241,24.9227,89.19407
818,222.21635,3.1302133,0.63776416,2.4026172,32.272717,82.60566
819,204.00858,4.500403,0.9457249,2.14992,13.710824,115.81144
820,319.30618,7.8153124,0.7213011,3.0497603,22.689539,57.58618
821,226.6023,4.5102906,0.8665688,2.241218,13.406719,116.36854
822,239.36127,6.6711755,0.7777206,2.3128257,13.688027,69.1049
823,197.49095,3.987032,0.7934152,2.750485,35.702557,104.81001
824,184.14374,3.3681078,0.7427812,2.8441794,37.581963,113.802086
825,219.92429,4.098117,0.6809821,2.5261793,26.891727,89.96835
826,237.53262,4.812182,0.7128019,2.69306,35.30667,84.876724
827,251.4954,6.847656,0.748365,2.2756703,14.210869,69.11321
828,225.36215,4.4175096,0.78930396,2.6497269,43.545,114.08581
829,238.27066,3.2993042,0.77538884,2.5230625,25.71983,81.70677
830,205.96785,4.5968657,0.78286564,3.072436,45.86481,130.70642
831,167.8143,4.020247,1.0211563,2.5076866,10.928949,66.079666
832,200.3177,4.557558,0.751289,3.18404,33.260895,115.002846
833,265.6015,5.9259953,0.8420469,2.9047434,37.46747,81.86343
834,230.10252,4.317243,0.7279414,2.9098291,37.527454,110.86535
835,253.55939,4.346625,0.8053726,2.6866124,33.942513,77.86163
836,226.62512,2.8758888,0.5346546,2.5615206,33.26346,80.282684
837,219.31795,7.590378,1.0042541,3.0660563,26.359673,100.81486
838,170.41252,5.536555,1.1149657,2.454647,23.628733,87.22954
839,220.74124,4.324555,0.760925,2.9071484,40.099636,110.167435
840,336.89874,7.208544,0.63603765,2.6833205,15.094767,55.01763
841,189.5771,4.572711,1.1035525,2.380945,21.956581,100.17775
842,264.06094,6.3161335,0.9276917,3.048241,31.888065,80.47397
843,213.44397,3.118969,0.7109282,2.4701333,31.58998,83.06462
844,225.7706,4.575659,0.9037525,2.5777605,30.351719,74.81858
845,347.11932,7.7652755,0.6750009,2.937098,21.935186,71.18529
846,206.84567,3.6540833,0.7306105,2.7404468,40.5169,110.8803
847,173.9321,5.800898,1.1811979,2.6950614,25.14982,88.402405
848,211.83195,2.706994,0.7203814,2.3277895,31.996244,78.940575
849,240.2972,2.9372616,0.6138381,2.7480757,39.52962,109.079666
850,170.11552,4.108009,0.9420514,2.425196,11.293807,64.89414
851,312.62646,2.8036165,0.632787,2.4809842,34.318813,73.07023
852,210.14624,3.8494284,0.7110762,2.528885,25.608675,87.274536
853,238.41058,6.077035,0.8910673,3.00995,30.124693,83.08925
854,229.06888,3.7275462,0.8598144,2.5213408,31.67426,74.640366
855,239.30684,4.443631,0.86501634,2.2631087,10.253233,133.83904
856,200.49736,3.6136165,0.7242415,2.8887136,46.713078,92.09224
857,361.09094,7.6730776,0.5732238,2.9179275,19.285103,64.647064
858,173.81615,2.970395,0.71329284,2.5345588,30.779299,79.34932
859,233.42914,6.996745,0.95394224,3.0441628,26.465563,89.2629
860,181.03816,4.9419537,1.1213608,2.5190601,25.800747,92.01347
861,220.49564,4.4680643,0.85999453,2.1957424,12.781507,115.77074
862,248.70485,4.784214,0.8598977,2.754894,37.05491,75.28702
863,257.56195,5.5219126,1.0703455,2.5549963,9.9063225,104.31502
864,189.87585,2.5910614,0.66981286,2.2300594,28.345146,68.39941
865,198.63145,3.8936996,0.81283516,2.7233918,34.859814,106.01828
866,209.34201,2.7204027,0.65019095,2.2962549,31.602453,76.53369
867,214.32222,3.7303772,0.85784173,2.3320491,32.06287,70.13156
868,228.19019,3.860322,0.85665715,2.512774,34.85112,73.64672
869,173.2913,5.4633074,1.1445614,2.5867589,24.483133,90.19233
870,161.47287,3.9615154,1.0412483,2.535984,10.0534,65.37673
871,219.87274,4.2501388,0.7163147,2.743666,43.517082,105.216675
872,205.81694,5.4441557,0.80680394,3.2796452,32.946423,115.896225
873,203.52112,3.5608711,0.6874777,2.7416954,36.005646,89.8245
874,243.73598,5.4634657,0.8341849,2.8792233,30.838661,83.64692
875,171.16275,5.568174,1.1727982,2.6847775,25.415009,88.24824
876,238.67511,6.445489,0.8429133,3.06484,30.407574,89.144585
877,246.02551,6.1926475,0.78260756,2.8701468,33.490578,89.448845
878,219.48906,4.307762,0.7781891,2.229166,13.909036,105.90955
879,177.65686,5.668102,1.1737683,2.7166617,25.160763,89.989044
880,171.14372,5.865591,1.1662643,2.5281582,23.52622,89.26427
881,170.26506,5.6843967,1.151393,2.5205233,23.806873,88.58696
882,250.10005,6.528583,0.7571429,2.3109946,15.795343,72.07147
883,306.45758,6.304773,0.6211969,2.5954359,16.021545,57.84397
884,241.896,6.269548,0.92668307,3.0296738,29.391565,84.01326
885,201.3157,3.7526622,0.7534784,2.8156478,35.189392,107.738014
886,208.47224,3.1451778,0.6472725,2.3967192,29.852493,85.924904
887,191.61443,2.382101,0.58709514,2.1640844,31.469814,61.71203
888,261.73636,7.151897,0.61079526,2.183037,10.70187,69.59165
889,168.46277,5.3543363,1.096274,2.4256852,23.625193,86.27526
890,208.40672,2.8983812,0.5771122,2.3662887,28.387669,86.851746
891,207.00977,3.4712996,0.81386214,2.3198206,31.755888,69.59071
892,252.96313,6.6527205,0.7594409,2.2916453,15.530218,72.23632
893,205.47258,2.8344526,0.709319,2.458055,27.583765,82.21752
894,195.35193,3.5944695,0.6907468,2.717875,31.998278,97.074844
895,174.78027,4.120987,0.97836584,2.4892368,12.550156,68.38612
896,237.27277,5.467944,0.87118083,2.7491271,24.288958,89.70393
897,202.86252,4.1968617,0.77626044,3.0283968,33.471783,104.08479
898,269.49658,6.723461,0.8095075,2.40252,16.076645,76.95851
899,221.55826,4.323913,0.9206694,2.3742023,30.680151,71.38361
900,260.70764,7.3837166,0.9662922,3.1425095,29.850702,85.29009
901,325.06125,7.7066393,0.7580524,2.4814143,19.945162,91.120445
902,177.83649,5.8105392,1.1829568,2.7203345,25.074615,89.42378
903,158.39638,3.9366105,1.0397422,2.5397863,9.947903,65.240036
904,303.07788,6.8713655,0.8399424,2.3430345,21.157272,92.13295
905,254.52618,6.281143,0.92703754,3.0022526,29.71796,83.71819
906,205.26283,3.5766125,0.7104332,2.721084,37.70004,85.48609
907,194.46451,3.6585374,0.7518901,2.6317394,38.753952,101.73016
908,157.72607,3.961913,1.0300953,2.5409367,10.691131,66.29461
909,228.92787,4.497761,0.7482981,2.710411,43.527267,115.32817
910,212.96284,3.53931,0.68983877,2.5722156,41.164936,92.01538
911,220.18456,3.9464297,0.83231306,2.394274,30.579292,72.372986
912,220.8241,3.4149334,0.6195034,2.500091,26.382826,95.26793
913,354.39304,8.5521345,0.76679975,3.1818066,29.479525,65.07866
914,184.5878,5.2775407,1.1454873,2.641566,25.018692,91.81555
915,233.46326,7.267866,1.0622292,3.118861,32.881573,86.65924
916,174.4865,5.4479423,1.0961015,2.4961472,24.134687,87.832344
917,215.72931,3.8544,0.73691297,2.8131754,23.604939,84.455124
918,190.86403,3.9798179,0.80681694,3.1095502,35.417114,106.91047
919,244.78894,2.5749173,0.55649555,2.5602632,32.68881,100.324486
920,268.23196,5.2998567,0.88599634,2.878773,30.264679,79.499405
921,201.60753,4.893759,1.0362414,2.4817042,21.821964,101.54532
922,227.92618,5.3736157,1.0929098,2.4373393,28.424402,72.756744
923,279.2916,6.794621,0.5914843,2.2425003,10.15481,66.10301
924,342.67133,7.134925,0.6056619,2.8293376,20.513798,67.69116
925,185.12036,3.9977407,0.74225914,3.048841,32.981453,110.79174
926,256.7666,6.3856497,0.7795674,2.2844837,16.396673,76.56231
927,200.88216,3.8855228,0.76618856,2.7937121,34.329308,114.63387
928,216.09888,2.4565122,0.6311017,2.3075144,28.136,76.6064
929,171.23306,5.5719347,1.1158586,2.4746826,23.61253,87.05282
930,167.39346,4.038877,1.0025799,2.4897666,11.37328,66.45671
931,237.44058,4.1671205,0.66900295,2.6140068,36.642174,92.044815
932,174.7616,5.5020103,1.1696465,2.722834,25.664246,88.93911
933,366.26135,7.7176256,0.6194034,3.0035803,20.846254,64.96975
934,188.72214,4.605926,0.759228,2.0824776,13.987444,104.12842
935,187.79294,3.8431,0.7500193,2.9689255,26.213543,88.3963
936,242.40578,6.7786508,0.6273625,2.2228863,11.731849,71.139244
937,167.53781,4.0218816,1.0281044,2.5257006,11.005174,66.20477
938,255.47229,7.728879,1.2243304,2.9866571,34.55154,81.20126
939,196.58617,3.731432,0.7590989,2.6996756,38.81546,95.4426
940,220.15677,4.5006685,0.7973202,2.220919,14.658736,109.28474
941,196.74178,3.7115054,0.7168546,2.8066661,33.352627,103.495544
942,163.71405,3.97605,0.9752983,2.4407156,10.280909,63.603832
943,179.08183,4.4726796,0.8150884,1.9670947,11.062965,102.68167
944,230.90652,4.4639835,0.7950923,2.391416,22.249836,110.591736
945,170.82817,6.0351396,1.1696936,2.4635763,22.58343,88.94656
946,233.06117,4.6343284,0.92250144,2.610001,31.749432,73.37329
947,189.7822,2.6092837,0.6831404,2.3924081,24.960962,75.137146
948,171.21518,5.976009,1.1683567,2.4981275,23.060358,88.755585
949,175.62483,5.933523,1.1685919,2.5495377,23.367682,91.59376
950,205.8403,4.475901,0.93366915,2.2069995,14.781247,110.27731
951,170.85957,5.3868933,1.1372281,2.5580175,24.648151,89.29003
952,172.99158,5.865493,1.1554887,2.5227194,23.735487,86.508896
953,213.58943,2.9191403,0.7652749,2.3022563,31.545181,73.30432
954,279.73038,5.8408794,1.026707,2.922603,29.493195,108.135994
955,157.28738,3.980877,1.0121124,2.4358666,10.7521305,63.77732
956,174.77574,5.882653,1.1901956,2.7056484,25.04451,88.78914
957,228.76865,4.0668063,0.6431647,2.8124435,44.78465,90.384895
958,205.3279,4.5356035,0.7155403,3.0542917,31.475319,106.68874
959,226.4763,4.5934043,1.160273,2.6435905,25.39156,108.28949
960,189.3983,2.5597606,0.68262637,2.2577667,26.979542,70.336205
961,174.66306,5.7840095,1.1314182,2.4881983,22.949615,88.73161
962,299.39624,7.0765333,0.62784517,2.9758744,28.266039,58.842033
963,230.67143,5.275945,0.77179426,2.9472148,26.608486,81.90756
964,176.57422,5.1796923,1.1316969,2.5818603,25.32586,90.71025
965,178.28539,4.4494696,0.8228447,1.9452446,10.755159,103.33122
966,154.3887,3.9305868,1.0339981,2.5427885,10.31255,66.0631
967,258.3742,6.443894,0.7862022,2.4160864,15.423456,74.24416
968,162.43756,3.9716609,1.0339133,2.5347068,10.332924,65.67185
969,239.96349,6.5223317,0.7714319,2.3415005,13.862154,68.74594
970,175.64816,6.028099,1.1633646,2.520133,23.079361,90.998695
971,220.21193,6.6458898,0.99720776,2.9715066,27.597586,102.76698
972,209.5697,4.5722914,0.7159492,3.1491108,32.996956,111.49114
973,173.83112,6.048154,1.1789879,2.5289729,23.064825,90.69945
974,215.63419,4.7625575,0.77775687,3.4075243,33.906006,113.12019
975,172.74492,5.171335,1.0959072,2.5062664,24.863348,86.36648
976,201.76407,5.3328505,1.2027478,2.7914877,26.239315,102.36067
977,174.56331,5.719114,1.1787705,2.70121,25.215431,89.4572
978,168.47266,4.024204,1.025353,2.5137548,10.983906,66.23713
979,201.74466,3.5976832,0.7616385,2.6415355,38.97632,93.66984
980,182.18762,5.9581413,1.1848322,2.6542735,23.980976,89.8968
981,204.45177,4.409984,0.77956736,3.1166823,30.01039,114.46498
982,163.19086,3.980072,1.0054843,2.5189874,10.721437,66.34093
983,167.44926,4.06836,0.96455336,2.4507124,11.164373,65.09631
984,172.46458,5.897531,1.1242795,2.4028246,22.215374,85.52522
985,175.75256,5.636926,1.1097391,2.471833,23.319042,88.71101
986,211.34789,3.6092362,0.67537826,2.6351197,34.385937,106.80293
987,163.20876,3.9456172,0.991081,2.4860318,10.303642,64.74781
988,266.117,6.5511165,0.79217106,2.4198613,17.37333,76.79602
989,222.92549,3.066091,0.6074368,2.3952527,31.798098,97.259926
990,187.7067,2.6375709,0.6577967,2.241596,26.873766,65.75706
991,199.90565,3.8253675,0.7623585,2.6332147,38.18923,100.40752
992,262.51788,5.756863,1.0440619,2.9879334,27.098896,108.34881
993,220.21138,4.49945,0.7918354,2.2036269,14.638362,109.08586
994,221.89665,2.6337533,0.5017688,2.4916968,18.975822,93.98984
995,222.3331,3.2532706,0.6532819,2.4449642,28.389605,87.27536
996,163.17409,3.9881964,1.0379577,2.5397,10.509109,65.96079
997,212.68126,4.275861,1.1107446,2.5073361,26.65503,101.87352
998,247.38065,6.633629,0.7239754,2.2650816,14.622645,66.82771
999,221.37401,4.7392616,1.1463559,2.6422582,25.235134,109.66087
1000,188.14168,3.766892,0.85761726,2.3745484,26.830349,63.353607
1001,227.38847,8.864899,1.138655,3.5147367,29.500566,97.89075
1002,171.79108,5.522481,1.1271629,2.5490057,24.156708,88.38768
1003,263.47748,6.578536,0.76976085,2.4169247,13.975955,70.8448
1004,236.81372,3.9776516,0.8294908,2.5488405,34.84134,75.00031
1005,251.4794,6.69729,0.7361172,2.2910955,14.732089,69.05726
1006,223.28716,4.7789965,1.1594143,2.6589465,25.600555,111.89705
1007,229.64545,3.528367,0.7802895,2.4816191,34.93515,76.124535
1008,180.68097,3.360489,0.7085894,2.8814552,26.22105,81.99913
1009,179.07669,6.197187,1.1613725,2.5237477,22.732914,90.32614
1010,205.3537,3.7482142,0.70739967,2.7129521,41.38712,92.76915
1011,320.87595,6.3902926,0.5956862,2.6543524,16.718803,57.771393
1012,212.87007,2.2373202,0.68233263,2.2021163,28.246445,70.57811
1013,177.85454,6.091296,1.1690273,2.5421784,23.143496,90.77656
1014,174.97919,6.1261325,1.1796914,2.522368,22.803408,91.149864
1015,388.80823,8.674974,0.6679986,3.0566669,22.674496,65.07872
1016,198.76248,3.6025214,0.7092738,2.6366634,35.533615,103.48388
1017,245.38762,4.9022255,1.0277178,2.454628,30.144035,74.16845
1018,231.36034,4.5223513,0.81680226,2.888471,46.770042,91.798164
1019,380.81287,8.783073,0.731252,3.127736,25.978626,66.96703
1020,307.44467,7.0564127,0.692778,2.8011134,18.952936,58.473297
1021,195.67142,3.6504369,0.74385804,2.6501684,36.643517,104.502945
1022,227.05937,5.6965427,0.953498,2.991468,35.265976,67.95352
1023,173.77795,5.4143853,1.1279945,2.5414171,24.230587,89.454384
1024,208.1286,7.621029,0.9527969,3.6037111,23.650352,78.27482
1025,251.3913,6.7377305,0.7341852,2.2838464,14.617137,68.45833
1026,223.8382,4.3940754,0.76606846,2.9078205,41.983093,105.8916
1027,192.50711,4.0254025,0.88324726,2.6716208,18.209936,90.07305
1028,160.56071,3.9600058,1.0143614,2.5305228,10.555485,66.29068
1029,200.48108,2.482468,0.7061177,2.3435059,28.372742,79.276306
1030,174.22852,4.579973,0.7990992,1.9713343,11.290195,102.82686
1031,237.6612,4.527217,0.8422106,2.725255,44.569042,124.193016
1032,251.9621,6.776456,0.72610414,2.2671168,14.371109,66.93201
1033,225.8752,4.061455,0.66775745,2.8262014,42.06928,88.92267
1034,231.88412,4.466054,0.87317896,2.2664967,12.119083,119.735535
1035,216.57553,2.6545868,0.73880154,2.2514663,29.418743,68.832016
1036,172.31248,5.72017,1.1402947,2.4982605,23.380402,89.30642
1037,213.19987,3.8381724,0.7417213,2.7070687,42.558846,118.43429
1038,213.02823,3.0450904,0.6079929,2.3809395,31.49416,84.80842
1039,227.44106,5.4342456,1.0706229,2.5266871,27.927664,74.09909
1040,225.02585,3.4688504,0.8388896,2.4689517,33.257442,71.45283
1041,217.68832,7.011781,0.8683102,3.466333,23.39552,81.143715
1042,226.01424,4.289776,0.82476395,2.2214472,11.545398,116.34901
1043,193.02437,3.516064,0.74904954,2.6126018,35.7368,103.6583
1044,237.61243,3.7961602,0.689091,2.683217,26.695911,93.44801
1045,179.1058,5.2835402,1.1332273,2.631619,25.383896,90.73047
1046,225.96825,6.614587,0.99569625,2.8904483,27.514122,93.48682
1047,203.06473,4.119762,0.76272905,2.048118,13.710736,101.98514
1048,201.55377,4.103446,0.77831995,2.6520329,42.03717,99.68846
1049,206.84113,6.5941286,1.0506637,2.944512,31.111267,110.91182
1050,238.01097,4.652983,0.71453494,3.1435144,22.775394,88.5615
1051,172.26541,5.7252817,1.1127185,2.4496272,23.46926,84.16858
1052,167.21666,4.0920014,0.85262585,1.9839486,21.223923,77.46901
1053,245.78032,8.257722,1.0379409,3.2014923,25.403172,98.24463
1054,242.18692,5.6822553,0.94674724,2.8903422,34.894253,81.079346
1055,175.27908,6.091488,1.1721983,2.5132496,22.777767,91.52398
1056,248.7177,6.5314283,0.94811463,3.0479267,25.69941,86.5173
1057,206.46626,4.9043093,1.1381861,2.756642,25.748922,94.952034
1058,179.38242,5.1640797,1.1274049,2.6278293,25.523348,90.98015
1059,233.92477,8.269488,1.0499828,3.1994247,27.176699,99.26407
1060,234.03926,4.337,1.0911443,2.751841,31.826786,103.81596
1061,167.28255,4.026112,0.99068916,2.5147645,11.416382,67.211914
1062,214.13737,2.5568445,0.72135353,2.2229586,28.439587,68.314926
1063,200.08832,3.1802502,0.7539375,2.1882362,29.577166,67.07736
1064,211.11507,4.009134,0.7746976,2.9490557,38.050648,107.94562
1065,232.85434,7.443527,1.1295173,2.943077,30.887764,99.26789
1066,213.95508,5.0859485,1.1544201,2.743742,25.254791,107.68907
1067,173.78986,5.3902507,1.1229924,2.5942743,24.993612,85.7748
1068,163.99193,4.0160556,1.0019021,2.4535315,10.869845,65.15816
1069,205.27373,4.4481373,0.7616815,2.112144,14.7638,105.12168
1070,227.91223,3.7184167,0.84617794,2.37792,30.396347,73.603874
1071,235.4146,4.966488,0.75453806,2.2533731,14.418782,137.9213
1072,245.09349,6.78088,0.58472157,2.2050517,11.225115,69.66032
1073,211.89758,4.106827,0.71510035,2.7144856,39.59539,106.984
1074,323.76413,7.7238474,0.7825605,3.0342689,24.796427,66.232414
1075,173.70828,3.4795313,0.7722222,3.1100233,37.74405,119.34923
1076,175.91042,6.0126476,1.1461807,2.4937153,22.997416,88.38221
1077,242.24149,6.3300924,0.8149046,2.9712498,29.979565,86.82007
1078,200.91354,5.3219757,1.2543774,2.8639128,25.98035,105.09389
1079,250.66498,6.6411037,0.7570198,2.2876785,15.149318,71.116684
1080,206.2589,4.0453935,0.7548109,2.8679914,36.942257,99.45275
1081,214.9033,3.0109406,0.7861972,2.4484007,32.968533,80.22552
1082,217.50822,5.373443,1.0177273,2.6028097,28.664076,75.85061
1083,203.84225,3.7319634,0.70987374,2.7154677,37.35311,105.52054
1084,160.88733,3.9912121,1.0090276,2.526745,10.998116,66.83344
1085,193.79596,3.7125077,0.6892793,2.7964382,30.57692,106.362015
1086,242.99823,5.9958906,1.0875893,2.7298412,31.96864,88.621185
1087,251.87901,6.6853924,0.74816567,2.2907634,15.163732,70.67267
1088,374.7689,6.549974,1.3773572,3.4680758,27.222103,128.3397
1089,331.3402,7.8539505,0.5972873,2.8377347,32.07985,55.32338
1090,273.48004,6.929243,0.91568637,3.0059683,31.352524,85.344666
1091,157.39842,3.939349,1.0300922,2.5408165,10.309841,65.82058
1092,274.45526,6.8296156,0.61177397,2.6221707,20.353886,63.647957
1093,211.55264,3.9775062,0.88940036,2.3681445,30.006647,66.66741
1094,282.36493,3.8297138,0.5336833,2.45236,28.309742,120.13148
1095,197.62898,4.280698,0.7954135,2.0823412,14.798345,97.2535
1096,254.61351,6.9456615,0.73498064,2.2614963,14.057122,67.72028
1097,171.00264,4.5476785,0.81515265,1.9231021,10.501994,103.59821
1098,150.99661,3.8854842,1.0583453,2.5538144,9.524006,64.93842
1099,179.67322,5.3862867,1.1534911,2.638193,24.86175,92.6748
1100,244.14299,7.1391573,0.8763007,3.151824,30.078957,90.773384
1101,240.86517,3.8191776,0.6612041,2.5122879,19.644041,99.787415
1102,375.23218,9.058428,0.7383454,3.1912022,28.49772,64.62046
1103,220.09206,5.221035,1.0303868,2.5419333,31.961561,76.20136
1104,213.4489,4.44551,0.83390874,2.158798,12.847471,111.20978
1105,247.34921,6.436357,0.7801214,2.3892577,15.268917,71.74677
1106,226.06645,3.5356681,0.8169037,2.5741398,34.73223,82.43869
1107,228.07088,4.9388337,1.2005879,2.8177557,26.79601,107.181
1108,228.27621,3.3198974,0.7010533,2.478999,26.351648,83.49694
1109,251.34546,5.0538955,0.78227043,2.9019072,50.07965,110.8176
1110,213.40767,4.684802,0.74210966,3.2213428,36.63062,120.78397
1111,214.08598,2.6590626,0.7403878,2.3690996,31.042599,80.53766
1112,285.75583,5.986907,1.137416,3.071626,30.707607,107.04282
1113,159.91489,3.9494963,1.0136307,2.529705,10.410263,66.000854
1114,218.0417,7.121739,1.0389602,3.0022569,28.36654,99.181625
1115,212.44879,4.97667,0.7522277,3.1131158,32.982304,108.01599
1116,237.66791,2.887556,0.66115516,2.6085134,31.57579,72.548164
1117,247.64487,6.076921,0.89177716,3.0345001,29.955048,83.359665
1118,161.23006,3.985114,1.0087893,2.5256798,10.853858,66.84668
1119,257.99374,5.8761816,0.8847007,2.98225,30.351637,78.78206
1120,336.20062,6.7401,0.5213467,2.5682242,10.3894825,55.087887
1121,217.79912,5.973607,1.0235907,2.9092402,27.804037,104.2449
1122,211.7109,3.0813646,0.68659806,2.2344232,29.61164,76.07731
1123,177.55586,5.367272,1.124846,2.5699096,24.408615,91.08124
1124,239.33224,6.5377502,0.77913123,2.3329022,13.9944105,69.900604
1125,241.01683,8.840202,1.0408337,3.4977427,28.597336,92.94993
1126,216.39526,3.2729619,0.7963142,2.3105702,32.61817,74.61517
1127,161.02168,3.9694862,1.0023882,2.5231452,10.659199,66.22705
1128,330.4379,6.7935653,1.2982644,3.316731,25.779877,126.94797
1129,168.22205,4.574085,0.7758411,1.95574,13.130506,100.935165
1130,242.55153,6.3981686,1.0986961,3.0352445,28.114208,96.30621
1131,189.17702,4.073946,0.7851613,2.0219948,15.800814,92.075066
1132,256.29776,2.8953676,0.59189624,2.5479493,36.504097,74.78444
1133,410.33636,9.291777,0.577494,3.2117763,19.17149,59.54426
1134,172.12099,5.855121,1.1682467,2.542076,23.534391,89.735016
1135,206.93039,3.827231,0.72279274,2.6628213,41.293266,96.397835
1136,189.45093,4.677683,1.1006001,2.473012,24.969198,98.179184
1137,221.96298,2.6278903,0.7105491,2.3895867,27.885893,76.56954
1138,170.27264,5.4539666,1.1190456,2.4852288,24.030062,88.50927
1139,215.5804,3.051546,0.6030513,2.376783,28.76081,86.36649
1140,239.46545,6.526266,0.76875526,2.3375099,13.880266,68.596466
1141,222.57,4.4341264,0.75140893,2.9208963,33.46084,103.17837
1142,332.41568,7.077223,0.6289667,2.6170435,13.814162,55.06862
1143,236.17596,4.8437743,0.87449795,2.7858138,30.688578,85.04796
1144,199.01308,3.7979212,0.7256419,2.659825,37.55828,95.732445
1145,235.27477,6.4985332,0.83458006,3.1529484,26.999615,82.49585
1146,242.98529,2.6592472,0.60162187,2.4556913,29.53972,79.64335
1147,381.9613,8.450422,0.64868,3.0178127,21.412659,64.51176
1148,178.43835,3.2390838,0.8423524,2.3797183,35.15027,76.856834
1149,209.72498,1.9333453,0.56589746,2.3389919,40.165474,70.45537
1150,175.51004,5.9252706,1.1789343,2.579131,23.66112,91.44135
1151,389.52094,9.04039,0.70947105,3.1443553,26.526655,65.26299
1152,240.73244,7.651757,0.9427622,3.4441476,28.316658,83.753174
1153,221.66772,4.1894245,0.710359,2.7061603,42.990517,110.35298
1154,170.98616,5.2466626,1.0824683,2.4635417,24.265043,87.15102
1155,198.96393,4.1207724,0.7627553,2.6329195,38.69548,95.04034
1156,222.66869,3.4443777,0.79841524,2.3123937,30.51249,73.8456
1157,297.73523,5.950676,0.5216151,2.6017563,21.379515,73.31456
1158,162.34966,3.9837208,1.0095394,2.529708,10.916294,66.58197
1159,190.29713,4.414368,0.8073867,2.0876865,13.225533,100.12232
1160,239.85582,4.764032,0.89205384,2.7575452,28.468912,80.05682
1161,213.74956,3.8268797,0.67219186,2.744055,44.08495,93.71983
1162,226.43103,7.676466,1.0945141,2.9664729,27.55487,98.58107
1163,218.76802,3.6470296,0.61927086,2.4863539,35.46059,88.47915
1164,346.3742,7.22205,0.5531006,2.8255203,19.924475,66.5338
1165,157.38693,3.9477024,1.0184507,2.5317912,10.265142,66.01492
1166,174.50426,5.221784,1.1288671,2.645318,25.868628,87.66449
1167,161.88686,3.9748034,1.0456955,2.5416312,10.20388,65.48393
1168,213.9414,3.9715254,0.7196069,2.6883416,42.067,103.8401
1169,211.03998,3.4323256,0.7005753,2.5161877,25.789173,83.889175
1170,182.59587,4.3704677,0.99935806,2.2346578,20.51912,96.8577
1171,194.29007,2.3837457,0.55577993,2.3383586,31.43187,75.28991
1172,162.66629,3.9911344,1.0070819,2.5283215,11.047543,66.907486
1173,306.91418,6.237947,0.5933832,2.5468972,14.576204,58.541027
1174,227.12016,4.8018394,0.9629911,2.6161227,31.782555,80.80572
1175,298.9793,5.9788637,1.0622039,3.0838377,30.782106,131.67444
1176,224.33334,3.918463,0.6696714,2.5350487,32.001236,91.77037
1177,251.64745,6.7692733,0.748147,2.2861435,14.725743,69.79427
1178,218.54526,4.1101317,0.69561243,2.7220128,41.100018,103.5067
1179,214.45079,6.5463557,1.0081935,2.9976296,31.729826,100.009384
1180,242.14584,2.4788377,0.5353228,2.5380437,27.56683,96.87923
1181,212.81487,3.7429342,0.7240451,2.6606913,37.062843,114.59724
1182,214.00829,4.392108,0.8049813,2.161544,13.12846,108.85547
1183,361.4997,8.081137,0.67849445,3.0381758,21.930609,67.90786
1184,170.94101,5.564605,1.1550756,2.6364655,25.108736,87.624565
1185,291.42072,6.5233874,0.7615803,2.5149443,16.721622,76.90507
1186,230.36441,3.2222672,0.6720474,2.953695,36.747017,109.540344
1187,250.62889,7.571283,1.1525493,2.8379068,28.833138,93.013016
1188,233.31915,5.2832475,0.79781365,2.831293,33.145805,85.82446
1189,229.12242,4.2244053,0.7428899,2.7484758,41.53773,109.43944
1190,337.6573,7.3492646,0.68783617,2.9153643,21.130451,63.91497
1191,226.7425,4.5671387,0.84101033,2.2169173,13.12651,115.96064
1192,223.783,3.8636851,0.9034529,2.4699166,33.48877,77.30244
1193,161.39018,3.9554563,1.0177066,2.5246103,10.270666,65.71163
1194,205.89476,3.3882928,0.632753,2.715232,35.22534,97.08991
1195,178.3447,4.7732716,1.0325414,2.3627853,24.429337,89.390656
1196,220.29732,2.8708797,0.7828447,2.3788624,33.7291,77.38867
1197,173.94255,5.316513,1.1174579,2.600673,25.304846,85.404205
1198,210.18352,3.504992,0.74537253,2.6876776,38.171345,103.09283
1199,222.4213,4.5485835,0.7339833,2.8051074,24.771887,82.57104
1200,242.39465,6.081889,0.94076455,2.9056103,31.070648,80.548996
1201,175.47221,5.779646,1.176306,2.6751544,24.884672,90.11873
1202,242.06354,2.748932,0.6204046,2.653817,33.39608,101.57175
1203,209.25456,3.9320133,0.7663671,2.6595204,39.98509,106.63866
1204,235.49472,6.069989,0.9314855,2.9123023,36.608948,90.682144
1205,165.4141,4.0172887,1.0031977,2.4853044,11.180039,65.74468
1206,217.41048,2.7897012,0.60320777,2.3821003,27.01646,90.85726
1207,227.409,6.4579253,0.9502053,2.9364681,26.14396,94.28915
1208,204.4288,3.8783946,0.7713299,2.648825,38.29486,101.13838
1209,206.6166,2.652363,0.58254004,2.371198,29.175179,84.25163
1210,172.14124,6.0803976,1.177616,2.4937494,22.890263,89.71559
1211,179.00989,5.6193094,1.1849539,2.751289,25.199894,91.81786
1212,162.3515,4.002276,1.0075157,2.52754,11.229571,67.00081
1213,217.42119,6.1507926,1.0408545,2.894806,29.697083,104.52754
1214,201.32907,3.6800034,0.72874993,2.758548,39.11775,88.64086
1215,197.54398,5.1532917,1.156771,2.7606416,25.93319,96.99128
1216,229.02396,4.271314,0.74777544,2.7503195,45.879696,99.86242
1217,156.18277,3.96099,1.0222195,2.5358694,10.705534,66.634384
1218,165.96234,3.9937148,1.0330623,2.5215435,10.483926,65.69583
1219,172.12482,5.2785172,1.0725108,2.3940313,23.095749,85.546165
1220,295.20056,7.017763,0.8506871,2.423288,19.273052,86.25201
1221,238.1633,7.1449594,0.9640733,3.0641534,26.486607,98.081635
1222,214.90898,3.7273223,0.6700888,2.630029,31.305897,94.7772
1223,215.17894,3.5932255,0.7750569,2.294663,29.95765,73.016396
1224,224.14244,4.210948,0.7260634,2.8339825,45.931572,108.46603
1225,193.85248,4.327202,0.8277755,2.0905612,12.429791,100.606445
1226,222.34726,3.4736805,0.6430077,2.4287698,29.409977,87.822014
1227,235.5782,5.0039725,0.86838466,2.8185728,26.409786,87.57946
1228,208.0965,4.039668,0.7410502,2.6572416,42.06913,97.701515
1229,347.4475,7.541479,0.69114447,2.96054,26.000338,64.18479
1230,164.18863,3.982923,0.9975138,2.5150666,10.822155,66.42456
1231,218.36818,4.299033,0.8208221,2.7053235,43.813362,107.27044
1232,272.10144,6.551153,0.5925114,2.7506166,24.77145,58.40977
1233,212.58119,6.3183727,0.84550536,3.2794063,22.809328,81.58652
1234,195.64287,2.2325287,0.5673013,2.1916704,32.208584,62.78927
1235,247.57071,4.8515744,0.8287149,2.7309718,38.16272,123.356
1236,213.07053,2.362373,0.6950573,2.2673228,28.311842,70.61552
1237,199.3951,2.7063856,0.6732563,2.1234248,23.830364,72.302536
1238,239.0751,5.9748144,0.97348,2.8604927,26.97726,93.03301
1239,178.24765,5.5224743,1.1635838,2.7162454,25.351465,90.30284
1240,340.00232,7.0650125,0.54355633,2.7997289,20.099339,67.670784
1241,172.893,5.796627,1.1458728,2.5146399,23.838188,86.22769
1242,177.81493,3.939512,0.7573007,3.2098064,33.691185,120.71521
1243,171.8395,5.722197,1.1385045,2.4807482,23.133953,88.809044
1244,176.96365,5.8504844,1.1623943,2.57711,23.792086,90.642944
1245,204.82185,3.9986029,0.7246266,2.7393212,38.287457,99.991356
1246,213.74437,3.5973945,0.7312583,2.573681,39.01461,112.4024
1247,326.57614,6.957163,0.6269463,2.5779827,13.239922,55.91757
1248,205.34096,3.6953256,0.7147883,2.7186058,39.383327,94.71174
1249,237.8429,4.545358,0.8948731,2.3151374,13.833178,120.83998
1250,252.6547,6.7160573,0.7358352,2.272309,14.830311,69.1125
1251,251.23566,6.8502064,0.9293923,3.0681233,28.193323,87.432816
1252,176.18999,5.9009438,1.1460589,2.539777,23.634224,88.81251
1253,206.0422,2.5038621,0.654427,2.3491778,26.415182,76.9692
1254,151.90271,3.9363258,1.0391353,2.5457165,10.324877,66.11202
1255,224.94058,3.3351583,0.6906698,2.5034542,31.843113,79.231705
1256,215.19606,6.8791165,1.0977367,2.942998,32.199352,101.74221
1257,198.53966,4.42449,0.789981,2.1531403,14.650629,99.85571
1258,245.44737,4.732164,0.79615295,2.7245708,30.91599,136.29364
1259,206.37122,4.080047,0.79434854,2.6887026,40.696266,100.33328
1260,237.8002,3.7526274,0.7841609,2.5240424,34.66376,75.772736
1261,241.47543,7.8161907,1.0295573,3.1883285,30.764706,92.99596
1262,208.66704,6.306605,0.99852896,2.9532773,30.589956,110.63176
1263,210.42249,3.5999901,0.6600237,2.6637607,37.710682,91.055145
1264,246.90253,6.98511,1.1213533,2.984481,36.83287,94.35709
1265,231.66333,5.5273495,1.0505676,2.804028,33.248646,82.17156
1266,214.88391,3.0147524,0.77962184,2.3257396,31.795769,75.01915
1267,219.91743,6.1689095,0.9911875,2.925363,30.483774,106.957306
1268,172.54982,5.9031835,1.1696341,2.5247455,23.146338,90.43007
1269,229.72887,3.5364513,0.7049931,2.90048,33.774574,102.09172
1270,252.5449,6.9302473,0.7279489,2.2649987,13.780144,66.2762
1271,215.71762,3.9396577,0.65725946,2.5162125,30.499718,84.37874
1272,221.59096,7.733002,1.0520082,3.116239,27.305885,94.78504
1273,199.83945,2.718224,0.6166456,2.0252643,28.435349,72.46959
1274,224.52155,3.9869025,0.7368434,2.6979113,39.855198,115.63052
1275,154.04622,3.9095623,1.0576375,2.5540924,9.718586,65.11512
1276,201.72075,3.9066172,0.7916631,2.6316857,40.861385,97.025085
1277,172.18315,5.7142615,1.1345669,2.495186,23.636902,88.255226
1278,196.14597,3.975919,0.78838134,2.7288883,37.861473,100.460815
1279,188.96729,2.530611,0.58286834,2.128099,29.15859,64.40636
1280,231.94753,4.6252356,0.7936935,2.6894863,26.7496,85.71804
1281,223.6536,3.2501092,0.72280216,2.7011712,35.69072,101.75034
1282,223.52943,2.5472617,0.7130176,2.37965,27.688164,77.00119
1283,254.79852,4.256673,0.80300915,2.6738422,33.818867,77.56925
1284,233.38805,3.339608,0.61766744,2.5371883,50.59465,89.74197
1285,327.68546,8.091759,0.7585973,3.120548,25.196234,60.86905
1286,219.36954,5.237254,0.77507347,3.2159917,39.902393,119.884766
1287,188.22922,5.252581,1.1452731,2.769189,26.22514,93.351685
1288,240.96172,6.827537,0.9903238,3.116659,33.183193,84.9409
1289,210.03572,3.105571,0.7485967,2.241059,28.867249,69.16862
1290,189.52026,3.7011786,0.6984264,2.9231238,32.884995,86.19543
1291,202.72903,3.65756,0.6882658,2.6893432,40.066162,94.50795
1292,254.9886,5.0021567,0.9408322,2.8674848,30.285862,75.14552
1293,207.17685,3.8815064,0.72936684,2.6501675,40.902176,101.57129
1294,227.76572,7.413722,1.0732235,2.87517,26.586428,94.52206
1295,204.03241,2.7187595,0.6664027,2.1430972,27.987358,75.130356
1296,155.17575,4.566221,0.9513622,2.3382769,22.300745,67.8047
1297,241.04262,6.6469035,0.7728618,2.3135672,14.031083,69.24306
1298,219.87062,3.9481835,0.80201745,2.634641,40.43267,108.631134
1299,216.02583,4.176294,0.7697653,2.678411,44.282104,111.950424
1300,243.8887,5.354943,0.7769971,2.7492518,32.140995,84.314705
1301,170.41016,5.285419,1.0849285,2.4513288,24.314598,86.90827
1302,228.76396,3.0691016,0.5852022,2.5403955,22.869453,105.35368
1303,236.18388,4.439093,0.8525849,2.298618,13.36906,115.48957
1304,159.3639,3.9725912,1.01125,2.5296416,10.79966,66.57348
1305,201.81848,3.564406,0.68533397,2.6861258,33.845184,86.29263
1306,208.52408,4.9724917,0.86665314,2.797742,25.782932,83.47871
1307,221.16623,4.986077,1.1529849,2.6720939,24.04568,108.87172
1308,200.41641,2.6622114,0.7376035,2.315383,27.984142,77.97565
1309,223.32744,3.313904,0.76806855,2.4041862,34.723347,76.62123
1310,208.20522,4.045906,0.7444246,2.6576579,42.12534,100.26076
1311,178.46088,5.6617575,1.1775391,2.740376,25.296413,90.134315
1312,291.26,6.6312127,1.0864092,3.091911,31.368526,109.93804
1313,331.67065,3.6702852,0.7143319,2.603478,28.627197,89.60448
1314,199.58139,3.4858632,0.8367443,2.172757,26.95498,64.6367
1315,214.86552,2.3581817,0.6701371,2.3404682,26.12443,74.21158
1316,219.93367,4.7637773,0.7772852,2.4888484,27.789848,99.444916
1317,250.62512,6.665455,0.7837958,2.279779,15.209051,73.441055
1318,174.96587,5.3583646,1.1435087,2.642983,25.123217,90.69811
1319,308.54297,2.381761,0.61636204,2.3663988,56.023224,78.30388
1320,197.83931,4.2773438,0.7670823,2.117012,17.268797,94.73941
1321,227.97011,6.1901584,0.96161324,2.9053319,28.014668,93.84036
1322,184.73935,5.531273,1.160992,2.6580803,24.600515,95.001976
1323,206.88956,5.021866,1.0447537,2.4403188,19.303907,115.981384
1324,205.35912,3.9386368,0.7414665,2.6241555,42.927105,99.518486
1325,213.38956,3.2823968,0.798643,2.4085753,30.843472,79.90025
1326,244.11713,4.319412,0.74044967,2.7329092,36.848686,90.80517
1327,189.51749,2.5152962,0.69949853,2.325208,26.394712,75.18628
1328,247.3385,6.640994,0.79016125,2.357946,14.382039,71.62124
1329,172.08684,5.7965474,1.1282084,2.3601186,21.273201,88.551994
1330,238.38165,7.8238144,0.9899725,3.2117882,27.211906,92.28653
1331,196.329,4.095026,1.0634736,2.4030166,27.053173,94.29741
1332,170.50443,5.597125,1.1025141,2.4394112,23.644014,83.3674
1333,219.88083,6.489005,0.97674036,2.9626973,27.22442,103.181984
1334,219.5762,4.162633,0.7229313,2.7420933,42.730095,107.57826
1335,198.78854,3.2903,0.6869447,2.5471244,40.058212,128.6952
1336,175.32106,5.4911075,1.1387173,2.5788076,24.382406,90.69786
1337,203.65298,3.5485342,0.709118,2.6701038,41.539753,116.060005
1338,189.87943,5.3132534,1.1720021,2.697336,25.327805,97.500854
1339,274.89267,6.8917303,0.621382,2.626631,21.755932,65.539925
1340,176.69862,5.987731,1.1793551,2.5782323,23.443527,91.33015
1341,205.74115,3.4533615,0.7481325,2.8480659,39.03897,104.7786
1342,238.17268,3.9480138,0.8317522,2.669043,32.570248,73.95688
1343,214.0133,6.9387474,1.1116208,2.8945832,30.207745,107.9508
1344,216.08665,2.6236925,0.75464773,2.3842437,31.722174,79.529526
1345,283.98312,6.597106,0.744685,2.4447544,16.010616,81.02672
1346,337.7119,7.573576,0.6843922,2.9127517,20.78151,58.711784
1347,214.2634,4.062909,0.7831172,2.694303,41.489746,108.46325
1348,173.20139,5.3510756,1.0798726,2.3760047,22.576958,85.70585
1349,194.37186,3.9921312,0.7925923,3.094494,27.9108,93.683716
1350,188.05106,6.199449,1.0737095,2.4772975,20.850307,86.34246
1351,251.61551,6.6760473,0.72931075,2.2766657,14.749297,68.06616
1352,176.57109,5.8765416,1.1537259,2.5570118,23.673597,89.86914
1353,236.1583,5.0775466,0.79670006,2.8911374,27.66504,84.541176
1354,204.32188,3.581098,0.7177664,2.7710178,35.50388,101.40301
1355,217.09552,5.398607,0.7651817,3.0870407,22.51269,83.48938
1356,258.97858,6.562327,0.67527896,2.3693426,14.127812,73.94498
1357,173.34985,5.8858814,1.1767553,2.5764458,23.621899,89.97186
1358,237.81232,4.605255,0.7931945,2.2305741,15.984171,128.6507
1359,168.05014,4.0466833,1.0001601,2.4960349,11.58667,66.69951
1360,303.4077,7.0285525,0.7758942,2.5402744,20.153389,88.03528
1361,327.59998,6.841526,0.72220373,2.8125987,23.642176,77.360565
1362,238.9101,6.5122685,0.77051365,2.3380377,13.846307,68.71072
1363,199.36165,2.4905233,0.64855,2.1270084,29.139118,73.0785
1364,221.56583,3.9481125,0.72789305,2.6896791,43.45272,99.077415
1365,330.80322,8.013331,0.792464,3.127458,28.382275,65.91432
1366,215.2439,4.224935,0.6976548,2.7116606,38.16416,107.95579
1367,209.52728,4.1311755,0.78503567,2.687718,40.320103,103.88325
1368,218.76309,4.359443,0.7852671,2.6561503,44.407017,106.09944
1369,208.63489,3.2893558,0.6474882,2.439763,28.858341,85.20027
1370,233.05693,5.9731064,1.1115844,2.7984254,34.07894,81.71741
1371,231.045,5.45677,1.0352707,2.5944538,31.780684,77.182335
1372,304.43784,7.2073994,0.68988866,2.7619255,17.35279,57.403152
1373,284.5506,6.909892,0.95900404,3.0152776,31.776548,84.09588
1374,237.5879,2.8560085,0.59864044,2.6501148,28.362238,88.64482
1375,154.6474,3.9335887,1.0259125,2.538124,10.2727375,65.889824
1376,206.41893,4.755173,1.075133,2.573075,23.791235,99.98793
1377,215.56094,7.100387,1.0846007,3.0041685,31.648796,108.233986
1378,214.48267,3.446828,0.6794353,2.6479545,38.677673,99.06082
1379,226.64557,2.764251,0.5730768,2.5039775,32.92016,90.26385
1380,213.28966,4.1760936,0.7787987,2.6565197,43.950478,108.92402
1381,209.97585,4.470846,0.90971476,2.1994562,14.203562,114.9588
1382,205.95728,2.413724,0.4300505,2.0732164,26.366636,73.54462
1383,368.58218,8.641941,0.7277605,3.1074665,27.74105,65.73027
1384,290.0048,6.6991415,0.80676806,2.5066335,17.518337,80.25695
1385,268.5853,6.4436393,0.7775563,2.4602628,17.682266,75.60946
1386,189.25659,4.3119383,0.80988073,2.0112658,14.209218,98.86446
1387,249.26593,6.5245214,0.7715858,2.288795,15.510687,73.40913
1388,247.3744,6.627434,0.7788069,2.2832565,14.867208,72.271835
1389,208.44193,3.4307613,0.7515109,2.6953192,39.322353,107.652306
1390,287.367,6.632043,0.8066986,2.4621093,18.293919,81.020676
1391,269.17075,6.153021,0.9075836,2.7979338,30.34724,93.1354
1392,270.73892,6.132593,0.87764984,2.859251,32.75621,89.89137
1393,302.73602,6.6684995,0.82125086,2.5047424,19.52041,85.2515
1394,247.84319,4.8920703,0.8358306,2.824399,48.27567,116.50825
1395,195.98013,4.9383807,1.0823132,2.5412233,25.39114,96.055885
1396,158.88461,3.941888,1.0195549,2.5338538,10.316229,65.85044
1397,169.05423,5.391146,1.1302328,2.5344474,24.527538,88.06672
1398,304.64792,7.520612,0.619112,2.6915765,27.787048,60.390167
1399,171.19125,5.5977306,1.1205606,2.4948406,23.81539,87.29489
1400,156.35081,3.9217968,1.0285761,2.5370119,10.020847,65.511154
1401,266.13773,6.5784082,0.6142151,2.7507267,26.092129,58.969795
1402,307.7447,6.993706,0.7348043,2.8294919,22.584637,68.420876
1403,247.85739,6.850954,0.7489281,2.2796926,14.00792,68.687935
1404,169.93709,4.071791,0.9926778,2.4917612,11.936458,67.348045
1405,175.22044,5.909731,1.1602726,2.5487254,23.637695,89.5194
1406,171.90749,5.699435,1.1177578,2.477183,23.784727,84.36181
1407,203.18382,3.5636232,0.6888258,2.7376335,35.228256,100.60068
1408,256.43237,5.9358525,0.814235,2.7907846,35.86997,88.00603
1409,217.25587,4.8885045,1.0597235,2.5292284,23.723816,105.73286
1410,248.64722,6.929045,0.75591815,2.2782207,13.94985,68.79409
1411,303.4249,6.474763,0.68046,2.6696074,20.882801,71.15919
1412,243.18263,5.259275,0.91108286,2.932027,32.285484,78.59664
1413,230.67143,5.275945,0.77179426,2.9472148,26.608486,81.90756
1414,203.87851,3.805733,0.74172133,2.6644077,38.874462,96.057205
1415,219.0602,4.212047,0.69285583,2.842601,41.91382,99.873985
1416,171.78055,5.3492174,1.1351005,2.579941,25.018162,88.80816
1417,193.42682,4.1114445,0.75583315,3.137061,31.643265,113.46648
1418,174.40382,5.344754,1.1276911,2.593342,25.09821,88.44902
1419,175.03922,5.32905,1.1173449,2.5775557,24.885979,88.78161
1420,222.97787,6.8838243,0.92200613,3.072231,26.4266,90.090065
1421,173.30495,5.830308,1.1717919,2.5662444,23.582117,90.67043
1422,208.64032,6.3467607,1.0620106,2.825382,26.762138,106.356346
1423,326.93463,7.4846077,0.72372484,2.9784453,23.612906,65.9359
1424,250.18747,6.721285,0.739527,2.2897034,14.519137,68.94659
1425,239.8843,5.247171,0.94496447,2.308011,13.694667,118.20224
1426,183.67982,3.529457,0.8020594,2.0415702,20.696451,80.025826
1427,211.38777,3.8925593,0.7217325,2.6711612,40.1711,108.43935
1428,227.4535,4.5465064,0.72611684,2.797915,36.279728,102.27118
1429,155.48518,3.9359653,1.0571033,2.5583534,10.085144,65.55565
1430,201.74486,2.6298635,0.69261587,2.2059042,28.68831,70.39477
1431,219.35773,3.4381475,0.64340115,2.4684284,28.694908,86.35894
1432,216.35475,2.5338113,0.5452008,2.3626795,27.961773,84.366135
1433,163.97697,3.9562106,0.99772835,2.5056818,10.546035,65.727875
1434,179.14633,4.7555,1.0785635,2.4170253,25.375576,91.28716
1435,226.13654,3.7308698,0.7946087,2.7405083,35.40849,111.247215
1436,161.37628,3.965373,1.0054137,2.5239751,10.5789585,66.270966
1437,181.38927,4.0427284,0.82398736,2.0647695,24.7345,68.77205
1438,326.1524,7.8454666,0.7069352,3.0527894,22.647121,57.455986
1439,227.69437,4.372506,0.76713735,2.2449422,12.499397,120.795334
1440,203.47826,3.9423327,0.76976985,2.6520784,40.315475,101.40899
1441,223.93344,4.223661,0.766529,2.8328514,45.217422,116.062996
1442,229.70956,2.8905635,0.6721678,2.4316192,30.456999,84.08003
1443,214.32831,4.495523,1.1102835,2.5580666,26.118666,101.68222
1444,243.15642,3.4099498,0.7453657,2.5781517,30.915504,79.47383
1445,217.57233,4.610832,0.93147415,2.9312015,30.595411,119.32842
1446,254.54346,7.126316,0.617026,2.2445176,10.924412,71.744804
1447,174.5905,5.405481,1.1466157,2.6054404,24.841438,90.807686
1448,177.85953,5.813579,1.1871897,2.7308354,25.144485,90.226845
1449,203.5906,3.8553467,0.71954197,2.5820436,42.348915,95.59084
1450,251.06609,6.8324547,0.7344049,2.2846463,14.229253,67.88747
1451,224.58298,4.1359615,0.6699595,2.5824323,32.316257,86.875595
1452,237.9292,3.4998317,0.5525062,2.3620944,38.02852,74.2548
1453,219.96019,4.259776,0.6637451,2.5514698,30.580296,85.74081
1454,222.0126,3.568532,0.8269973,2.4456947,32.53267,69.57731
1455,226.22672,7.3034887,0.9805262,3.0868926,26.671528,93.84618
1456,169.92186,2.772709,0.7737421,2.3146768,19.858253,72.07416
1457,175.25818,5.816256,1.1897795,2.709221,24.964542,89.05231
1458,201.41954,3.5138183,0.698507,2.560953,38.50077,99.1687
1459,155.95139,3.9325247,1.0628039,2.5570452,9.7677765,65.238785
1460,216.61078,3.131362,0.77215135,2.2919028,29.59608,67.79289
1461,200.49411,3.9260187,0.7352931,2.8129146,31.391546,105.844604
1462,271.83774,5.9745483,0.6377937,2.4743066,20.452261,69.704895
1463,171.86992,5.250454,1.0857025,2.4777312,24.610422,87.62886
1464,267.65173,6.7285624,0.97303784,2.9528954,30.139528,87.78387
1465,225.74173,7.896715,1.1010089,3.1119742,31.59327,106.518196
1466,211.23618,3.1901398,0.53569216,2.3134704,24.038465,96.076454
1467,171.79681,5.995552,1.1453173,2.3911068,21.624748,88.52532
1468,224.3953,7.488493,1.1058148,3.0158632,31.17137,105.054825
1469,214.99422,3.5130968,0.615064,2.5014324,27.2792,97.627975
1470,213.76999,3.6741183,0.648253,2.7570302,40.73507,95.47643
1471,174.0647,5.4008503,1.0872319,2.471284,23.752445,87.6753
1472,209.95901,3.7722287,0.7137623,2.62359,30.457527,111.21969
1473,221.33607,7.1987133,1.0644076,2.9943855,29.736788,102.43098
1474,254.68372,6.7447357,0.60523915,2.2447517,12.117626,68.46439
1475,212.78687,4.2224226,0.7552868,2.6196914,42.232822,107.280624
1476,168.22986,4.052066,0.9993896,2.4952354,11.617836,66.80356
1477,238.93489,5.423798,0.93820965,2.9613361,21.930016,72.63926
1478,331.94623,7.3046017,0.6938613,3.026116,22.319227,64.434906
1479,366.01675,7.980014,0.6041794,2.9977825,20.571924,67.48634
1480,225.0195,4.2126503,0.6465459,2.6234148,32.823807,95.95401
1481,177.58812,4.6559973,1.0331631,2.2761478,21.37459,89.79001
1482,215.4839,4.5112395,0.7457485,2.905683,35.02652,105.25412
1483,189.12946,2.557976,0.6279293,2.1964338,28.68234,64.7414
1484,217.3561,3.454133,0.6181619,2.7881408,39.656853,85.21363
1485,198.79492,3.5242772,0.69430983,2.7552724,34.076736,105.03305
1486,231.09445,5.464646,1.0527899,2.6773398,31.719408,84.07728
1487,288.64157,6.3499055,0.617804,2.473086,13.365245,57.31972
1488,210.17297,3.9397092,0.7589077,2.6018636,41.85311,108.85458
1489,150.72519,3.8940034,1.0446676,2.5389981,9.403482,65.025276
1490,399.5819,9.151224,0.6038858,3.1794524,23.225435,56.371704
1491,241.04018,5.344601,1.299408,2.985651,27.077816,121.46565
1492,189.07788,3.7678797,0.73083997,2.8895283,33.033447,111.637794
1493,224.10248,4.0986543,0.712409,2.7668777,39.657604,104.23457
1494,188.9131,3.6586535,0.72644246,2.8754108,34.66111,104.1827
1495,371.83368,8.438156,0.70169544,3.0540519,26.072243,65.368256
1496,148.728,3.919616,1.0529184,2.5472639,9.896713,65.745026
1497,257.75116,6.516831,0.6945384,2.3207734,18.075579,66.0347
1498,223.56168,5.979805,0.8684361,3.0053782,33.154926,103.54242
1499,239.53302,4.741602,0.7132402,2.83959,48.2639,95.738625
1500,212.3662,4.450912,0.9589225,2.1961038,13.89713,117.33381
1501,261.7746,5.8533134,1.2487658,2.9972665,20.290993,111.12026
1502,190.19962,4.0201516,0.8243543,3.3106804,35.158684,132.54321
1503,207.84311,4.073575,0.7670368,2.6768303,39.79721,109.723816
1504,218.44347,6.005681,1.0489513,2.90973,29.360725,106.18031
1505,173.53625,5.2283263,1.0828638,2.4232469,23.493414,89.24249
1506,169.8992,6.027037,1.1731455,2.4603927,22.585033,89.14387
1507,250.7636,6.5079837,0.7769417,2.382284,14.200291,70.615
1508,196.5987,3.559022,0.70614994,2.6992471,31.068941,93.465294
1509,257.06247,5.613973,1.099964,2.4972224,10.151144,126.45526
1510,206.27208,3.9090173,0.73636717,2.8025985,38.27124,101.99665
1511,206.06389,4.341302,0.7598122,3.0191333,32.633648,113.65373
1512,213.76378,3.8769436,0.7551652,2.674035,38.46656,109.746796
1513,153.86864,3.9216366,1.0413433,2.547595,10.147856,65.61441
1514,228.90602,7.798336,1.0852451,2.909204,26.593073,99.65009
1515,171.78116,5.5049214,1.1554818,2.636815,25.122303,88.52468
1516,207.50279,3.394867,0.76397115,2.7824707,39.318253,110.6425
1517,175.3555,5.8689837,1.1712338,2.574122,23.631636,91.09608
1518,171.44102,6.0533457,1.1775644,2.502108,22.927378,89.28167
1519,179.796,5.648571,1.1837964,2.742876,25.126684,91.79123
1520,264.81534,6.3261023,0.917493,2.9917278,29.582508,82.56752
1521,167.2977,4.0086393,1.0273898,2.5124905,10.750513,65.86625
1522,228.38535,8.791178,1.0897148,3.459094,28.512398,93.524475
1523,203.04549,3.2404366,0.7276705,2.660641,31.032513,98.27261
1524,210.1256,3.5058024,0.67865336,2.4771252,30.81909,86.16392
1525,172.96698,5.199137,1.1156547,2.5583642,25.274773,88.18182
1526,282.6458,4.4612126,0.82251245,2.9100678,31.628534,121.144745
1527,205.27155,2.5730155,0.6848413,2.1549983,27.825773,64.243195
1528,216.24805,7.044304,1.0229554,3.093138,27.290901,99.32792
1529,252.22397,6.655871,0.760164,2.2735143,14.941898,71.95478
1530,171.89543,5.2020764,1.1120722,2.536371,25.105726,88.30553
1531,172.2849,6.0992126,1.1740901,2.4777656,22.66978,89.76145
1532,212.36632,4.0877695,0.71721804,2.7750914,39.263092,107.09233
1533,218.86267,4.509542,0.8575907,2.181954,13.984637,116.04213
1534,168.92491,5.458677,1.1300182,2.5048468,24.128517,88.43522
1535,312.23816,7.4126043,0.7203201,2.9405928,23.386963,60.832966
1536,178.54135,5.3032494,1.1338248,2.6350765,25.370102,90.6315
1537,177.27528,5.912258,1.2011799,2.7332232,24.895222,90.26092
1538,323.4317,6.630174,0.5903554,2.7421052,20.758469,69.91727
1539,163.03142,3.9942324,1.0352716,2.4701366,10.6922,64.62092
1540,239.11113,4.6118264,0.89469755,2.2667544,12.222462,122.723816
1541,226.84935,3.0340416,0.73049444,2.3828895,28.852558,76.84685
1542,173.44827,5.4324718,1.1475592,2.6266766,25.138481,89.193306
1543,214.82703,3.2949977,0.7302997,2.2719717,28.933271,73.874794
1544,214.58333,3.8752675,0.784728,2.6994553,36.33824,110.772285
1545,158.6957,3.9648502,1.007625,2.5275004,10.722796,66.41245
1546,171.76721,5.5741343,1.1221584,2.4966972,23.94323,88.06711
1547,215.86334,3.274034,0.7182863,2.9166408,38.311035,111.55232
1548,214.53876,4.5594654,0.72713655,3.0929692,37.343468,114.77291
1549,173.39824,5.219196,1.1191707,2.5534947,25.08726,89.21031
1550,227.69661,3.710487,0.7453896,2.6785698,22.654629,85.89135
1551,228.62093,9.505972,1.1938372,3.539438,30.545479,102.4152
1552,220.22873,3.9828415,0.660709,2.699095,36.142075,88.494804
1553,197.93616,2.7051485,0.6982263,2.1402946,24.728983,68.39777
1554,223.55539,4.4568024,0.94112605,2.2980838,12.358329,123.36383
1555,228.44612,4.0581293,0.78134555,2.7553632,41.15906,109.937256
1556,294.3073,7.039124,0.6666714,2.7712586,17.056057,59.15798
1557,227.2437,4.327917,0.71527153,2.779236,44.01266,92.25501
1558,385.7943,8.858388,0.7057498,3.108177,25.804098,65.917206
1559,209.63887,5.202877,1.1347765,2.6222484,21.22809,117.17703
1560,201.55249,2.5943615,0.70326936,2.2176845,30.403065,69.305
1561,211.55675,5.223697,1.2282158,2.8693035,26.819832,105.55763
1562,218.20226,6.049049,1.0368028,2.8984866,29.0775,107.5
1563,152.55742,1.8811276,0.61242414,2.2633514,30.589798,56.719223
1564,175.46266,5.359838,1.1091297,2.556715,24.57313,89.010994
1565,219.61156,3.8077264,0.791197,2.6774511,36.337055,115.5267
1566,173.31512,5.897662,1.1664732,2.5409772,23.407585,90.14638
1567,243.33766,5.3839564,0.877594,3.4159136,32.30616,142.4524
1568,160.46304,3.9720218,1.0118662,2.529932,10.779524,66.574715
1569,170.62502,5.395772,1.0918244,2.410624,23.225052,86.0808
1570,217.54901,3.9773095,0.6978801,2.7351923,43.23917,106.358
1571,187.30751,3.494784,0.6554027,2.5669653,38.937546,129.66457
1572,234.63382,5.868393,0.88398254,3.118515,27.24433,86.19787
1573,173.43854,4.4605517,0.83838916,2.0182955,14.385674,94.031685
1574,218.78508,4.784026,1.1762574,2.6396947,24.059114,110.655136
1575,224.45473,4.2770967,0.6832769,2.5548823,32.265762,85.621315
1576,154.95479,3.9472804,1.0248747,2.537888,10.416298,66.24671
1577,255.29945,6.747056,0.79223174,2.3721938,15.615899,73.37745
1578,228.44429,4.572025,0.8560357,2.2303066,12.956041,117.776726
1579,232.97665,6.5029426,1.0714092,2.8822098,32.670555,80.96173
1580,204.63596,3.2630558,0.62159455,2.73351,42.41827,88.83177
1581,170.74542,5.093394,1.082547,2.4352155,24.90807,87.36104
1582,162.40533,4.5330906,0.93320024,1.9254276,17.480154,84.80576
1583,260.13123,2.769889,0.59898806,2.60089,36.575657,101.05724
1584,188.83919,3.5646772,0.7644623,2.7098827,34.013374,107.951584
1585,273.68893,3.71384,0.80241585,2.859374,40.54088,118.53027
1586,203.02783,4.62792,0.76587737,2.1389384,13.917702,107.91001
1587,175.79349,4.631297,0.78157425,2.011274,12.476875,102.804504
1588,243.35562,7.5304065,0.9531328,3.064539,27.645172,92.6084
1589,219.70137,3.767737,0.722456,2.7405894,33.861423,106.90768
1590,250.62982,6.855624,0.74527216,2.2822707,14.303813,68.88525
1591,171.39014,5.7748055,1.1568774,2.5317304,23.754032,88.78804
1592,178.38129,5.1326227,1.1190201,2.552784,25.074554,92.50057
1593,231.38983,5.7413535,0.9615313,2.6126091,29.566853,88.225624
1594,206.54927,3.4094384,0.7482099,2.9952328,38.17047,115.929214
1595,165.94595,4.0023155,1.0342537,2.5283103,10.659524,65.76544
1596,169.8533,5.408243,1.1342672,2.5471957,24.602169,88.373566
1597,242.01825,4.592964,0.85572165,2.7291765,42.833584,121.19015
1598,206.85843,4.19153,0.71856844,2.7912335,31.67058,102.071144
1599,168.19644,4.0285187,1.0281495,2.522134,11.028579,66.263794
1600,218.2118,5.1680117,1.1947334,2.8449445,27.393381,102.94194
1601,325.90198,6.7612696,0.83041817,2.5682151,20.908537,90.53687
1602,228.16437,4.964483,0.936257,3.2066746,30.59597,127.85901
1603,196.27103,3.723445,0.7192167,2.597833,37.381233,100.2752
1604,215.46452,3.8748288,0.7606282,2.7014782,38.22262,106.34425
1605,194.24199,3.3506677,0.7856658,2.9839883,40.223957,118.27303
1606,158.35413,3.946511,1.0465056,2.5482275,10.14469,65.546486
1607,204.53754,6.285088,1.0382259,2.8477187,26.614525,108.0192
1608,153.70123,3.916753,1.0403352,2.5424895,9.933672,65.66679
1609,204.60075,2.8054476,0.7204639,2.2139792,29.73294,68.507835
1610,276.83054,6.7928452,0.92595345,2.9456315,31.772814,87.68878
1611,332.3807,6.862253,0.5489949,2.77213,20.411518,68.66955
1612,214.13702,3.8518608,0.7656313,2.6992514,35.63803,106.89552
1613,164.74231,4.0070667,1.0047172,2.5285528,11.180913,66.93562
1614,223.07838,4.199761,0.6823173,2.8134608,40.51969,91.73956
1615,172.04442,5.8207583,1.1384525,2.4438114,23.002132,88.2708
1616,224.81398,4.339312,0.8894676,2.26222,11.951941,102.24872
1617,226.72095,8.112507,1.054897,3.1962514,30.957714,106.86322
1618,266.98416,6.0210814,1.0949886,2.9082057,32.6401,112.90522
1619,174.48633,5.5697584,1.1008575,2.445319,23.192957,87.79366
1620,243.29674,5.590473,1.0440884,2.7376723,33.434902,77.43372
1621,326.65613,7.9754543,0.72083783,3.0855622,23.41785,57.81656
1622,228.45126,2.8176146,0.6495911,2.3942585,29.462234,85.46064
1623,202.03172,3.8217716,0.7292222,2.8007069,38.675995,103.193054
1624,204.0712,3.828765,0.8575667,2.2201033,29.31874,66.7203
1625,239.72787,7.128011,0.96776915,3.081993,25.750618,88.44196
1626,216.91498,5.217938,1.2174805,2.7981331,25.531914,109.70555
1627,233.4468,5.1448655,0.75164056,2.9196475,27.49488,84.0662
1628,196.84732,4.015782,0.8086912,2.748495,35.662262,105.65224
1629,185.72339,4.3750453,0.83750486,2.0139215,12.259528,100.8896
1630,196.97183,3.4945903,0.68927914,2.6535926,35.04094,86.829994
1631,161.33261,3.4435203,0.9117506,2.1542335,29.2589,73.918625
1632,243.53358,4.9833117,0.9001504,2.887148,32.790726,76.31686
1633,243.73776,3.8935597,0.7956093,2.651097,33.24691,74.34934
1634,170.66649,6.058874,1.1772337,2.48058,22.698805,89.099625
1635,241.39201,5.278796,0.94403154,3.8039951,39.78773,129.29324
1636,171.03455,5.21559,1.087375,2.4484067,24.418474,88.28457
1637,196.90953,3.7713747,0.7566556,2.6657183,37.57912,103.00255
1638,252.98201,6.511539,0.77481294,2.3882756,14.297039,70.717766
1639,276.33792,6.7599306,0.5966284,2.5963256,18.707867,62.91603
1640,172.11868,5.8513484,1.1408381,2.469488,23.1172,87.80963
1641,197.23082,3.808322,0.78123397,2.68009,37.917046,97.69162
1642,243.66505,6.7981386,1.0300525,3.0542672,28.64976,92.090675
1643,244.71837,4.387247,0.82487476,2.7485936,32.318066,78.06036
1644,248.2409,6.1532974,1.0265336,2.840933,25.40619,95.41857
1645,237.69318,8.650183,1.0149736,3.5208092,28.528753,89.910255
1646,207.93588,4.4691296,0.8497639,2.1201768,13.855528,112.88638
1647,189.39468,4.382332,0.9737263,2.2969022,22.342659,97.72649
1648,246.25499,6.5529633,0.64610505,2.2773798,12.363395,71.22364
1649,268.97763,6.6412745,0.6938841,2.440024,15.666278,76.21613
1650,193.49557,3.3967717,0.76205885,2.9318745,39.161034,111.47431
1651,166.86542,5.192754,1.0905403,2.3773165,23.16121,85.99246
1652,210.24971,2.296695,0.6625758,2.1931262,28.07798,67.72151
1653,172.55905,5.5502763,1.1144614,2.4784415,23.546055,88.26059
1654,234.87094,7.2256093,0.9717375,3.0813255,29.647038,95.26809
1655,201.7613,3.3603182,0.66560936,2.6373072,28.66131,108.793396
1656,286.06503,6.461438,0.78750765,2.534197,18.586906,80.057
1657,180.27652,4.1295214,0.7625666,3.2466834,35.355186,118.03057
1658,172.8756,4.010328,0.8598207,1.999506,21.40641,75.27812
1659,215.52269,4.036002,0.6893666,2.8060682,44.2864,92.466675
1660,215.5818,3.9156132,0.77573204,2.7116728,36.9093,109.013176
1661,216.96794,4.443965,0.88772124,2.208571,11.622326,116.28212
1662,230.52312,3.541639,0.8292664,2.5222545,31.83877,76.18342
1663,219.76341,3.2207327,0.8195086,2.3347878,32.741413,73.24329
1664,216.09958,2.968965,0.7326464,2.334125,30.223642,74.0418
1665,237.95668,6.46275,0.9156901,3.0298471,25.321896,89.7816
1666,270.09103,6.385428,0.6635314,2.4261894,13.84729,61.0688
1667,207.50609,6.194652,1.0239949,2.920669,30.940786,111.301605
1668,177.80585,6.0506334,1.1554614,2.530045,23.13181,91.007
1669,184.77115,4.9685345,1.0865495,2.5181236,25.73087,90.95164
1670,220.21321,7.2464023,1.0458136,3.0179741,27.89947,101.6244
1671,188.92998,3.472462,0.77365196,2.1354432,22.688187,72.360634
1672,309.52466,6.089383,0.5144214,2.643582,21.05835,71.195145
1673,172.37247,5.828708,1.162595,2.5319636,23.436981,89.843666
1674,186.07729,4.4453444,0.885528,2.013815,13.622364,104.61231
1675,247.24756,8.498013,1.1416857,3.234725,30.027084,89.75732
1676,196.44803,4.5655384,0.7251201,3.1811829,32.495506,109.04263
1677,223.65302,3.1898859,0.7205504,2.5535874,28.275846,80.591
1678,229.96404,7.280365,1.0595157,3.0017133,32.857327,98.54945
1679,252.601,6.352033,0.9317331,2.882758,26.491493,85.36744
1680,276.62378,6.247592,0.88374054,2.9870322,33.184433,80.37145
1681,256.34555,6.3698664,0.9166152,3.0150812,31.578304,78.42504
1682,203.70418,3.7083046,0.7243171,2.6616716,39.705585,107.33902
1683,174.86234,5.690134,1.1255668,2.4859164,23.238487,89.73393
1684,258.9401,7.3729057,0.9676089,3.1609616,29.272213,87.173256
1685,226.84126,4.7104363,0.7403102,2.579948,34.224728,89.843254
1686,201.80656,2.3883793,0.691963,2.1955893,29.358412,68.631615
1687,310.03433,6.473873,1.4764049,3.2936192,28.617315,151.66798
1688,341.43625,7.131026,0.7429687,2.8461862,23.820978,79.20235
1689,175.46246,5.6133966,1.1538317,2.6138337,24.397717,90.311295
1690,207.23149,3.9919305,0.68545413,2.0804486,15.3254,105.95955
1691,325.52435,6.5806293,0.51720035,2.7206624,20.566673,69.38745
1692,261.69965,5.828637,1.1546731,2.5260623,29.789085,76.90804
1693,414.39215,9.970492,0.6193808,3.3099499,24.969378,55.252987
1694,243.90533,6.453693,0.782334,2.3516004,14.90655,71.897644
1695,178.58797,4.6951294,1.0325742,2.3317833,23.858316,89.79795
1696,223.9596,3.745884,0.8600347,2.4796207,31.893269,71.72201
1697,206.72144,6.198811,1.0288682,2.899241,28.857553,108.837326
1698,191.28291,4.1313562,0.8541126,2.2824292,24.96642,72.13912
1699,354.57556,8.297389,0.7291653,3.0820847,27.25218,65.76646
1700,182.08788,5.2080493,1.1168561,2.576472,24.881905,92.99484
1701,235.6161,5.4347696,0.97171015,2.8566206,31.762156,74.93763
1702,208.68549,2.6259263,0.7495394,2.3412533,31.31645,78.42828
1703,188.56203,3.650268,0.78132534,2.719121,33.252274,110.0105
1704,211.50343,4.1146584,0.77185625,2.7590365,36.310688,114.58567
1705,210.85892,4.1652913,0.7790047,2.6661975,42.16701,106.19046
1706,174.19019,5.906323,1.1265776,2.4406474,23.083038,86.11576
1707,243.78665,2.9115517,0.642509,2.6792386,31.656036,104.88258
1708,206.55873,4.069927,0.7484556,2.6218493,40.99133,103.90358
1709,227.58054,5.138934,1.0001726,2.7806165,32.259098,81.96702
1710,221.86855,3.2905312,0.7694173,2.438682,31.32304,74.70078
1711,224.32431,3.38545,0.72536474,2.38116,30.81875,76.860855
1712,199.71356,3.8409753,0.754609,2.6451554,39.932278,96.51355
1713,172.79251,5.737596,1.177522,2.682702,25.191475,88.26128
1714,216.76651,5.893782,0.8907779,2.8094673,24.073528,89.414795
1715,212.5103,4.9279227,0.81378275,3.5688148,38.490543,127.305405
1716,208.40039,4.2731028,0.7143571,2.8220994,31.797358,104.55025
1717,280.40338,4.359753,0.6954533,2.7883108,64.660614,103.11846
1718,197.85844,4.634362,1.1108847,2.5239713,26.113838,97.36737
1719,209.0534,6.120856,0.98960805,2.8727353,25.13236,103.637375
1720,184.09962,3.3778944,0.68595386,2.7046916,37.34961,78.453384
1721,243.74815,6.3826866,0.7806718,2.3796778,14.848669,71.50696
1722,188.1678,4.9976254,1.1192788,2.5625315,22.900782,104.16863
1723,349.71634,7.9580026,0.69552565,3.0082827,25.126469,68.07174
1724,209.2173,3.2990541,0.58744276,2.4539163,33.11984,87.2624
1725,329.9006,6.75498,0.52537465,2.7506983,20.419506,68.97264
1726,241.69475,5.196475,0.80399656,2.7986653,46.847694,109.20047
1727,192.86255,3.4400363,0.7307338,2.5590348,35.684467,103.0913
1728,215.90707,3.472266,0.6722507,2.4860344,33.561203,83.37059
1729,253.53166,4.710722,0.89817023,2.8914766,27.289627,91.462616
1730,171.85913,5.412733,1.1408898,2.6235564,25.203728,88.332306
1731,250.86342,6.503269,0.77010834,2.3844113,14.050328,69.47747
1732,215.33769,3.9484324,0.75518054,2.8915017,43.085594,107.79211
1733,297.23584,5.902225,1.0916064,3.008728,30.559444,116.18616
1734,169.35406,5.3044734,1.1271307,2.569491,25.060902,87.36079
1735,201.9716,3.7247043,0.7169123,2.7500777,40.422287,85.691795
1736,208.60309,3.7516098,0.7643406,2.6339903,39.524357,98.00892
1737,244.19052,7.358057,0.9048246,3.1302738,29.164358,89.09469
1738,226.68466,4.5073647,0.95840573,2.2624784,12.569072,125.283676
1739,215.8298,2.1890254,0.46161172,2.4122167,20.347893,93.625656
1740,152.33127,3.8969114,1.0391741,2.5384164,9.466682,65.014435
1741,228.1825,4.9043083,0.96980894,2.2509284,12.818639,117.16307
1742,196.27518,4.4220357,0.8018333,2.0756,13.112325,102.51413
1743,275.39108,7.0264997,0.955753,3.0859911,29.836666,82.920204
1744,221.47311,2.4387476,0.5621972,2.3839078,25.9894,86.63182
1745,226.7131,4.680134,0.9610796,2.5040088,32.104797,72.174416
1746,213.42448,3.637254,0.7203545,2.7561145,35.726406,108.29304
1747,262.0915,7.1373954,1.0055809,3.1984131,34.67926,85.47078
1748,204.93056,2.5868547,0.46385452,2.0950496,22.96495,77.866
1749,155.71553,3.9465244,1.0289354,2.5409613,10.425705,66.21055
1750,254.55157,6.6582484,0.7849664,2.3800278,15.434386,72.73606
1751,215.30803,4.27178,0.81001556,2.7000844,41.184,114.23631
1752,221.77821,4.655594,1.1634141,2.7064548,26.1173,103.80707
1753,317.5483,6.219727,0.5508033,2.6807227,20.166588,67.42608
1754,213.6562,3.5552464,0.7179347,2.8135076,34.746887,103.73503
1755,222.59187,6.204394,0.99886817,2.9517,29.95806,104.46238
1756,171.34514,5.83355,1.1387408,2.4310236,22.888565,88.13659
1757,235.25526,5.969489,1.0816593,2.8202162,31.700191,81.01044
1758,335.45453,7.3914137,0.6848658,2.8925612,21.498875,62.895393
1759,238.72147,4.7911344,0.7292697,2.6912882,36.9916,82.39393
1760,274.11874,6.716564,0.71686554,2.3951478,12.683127,72.85519
1761,225.90251,3.678586,0.75028706,2.8997197,36.973465,105.27489
1762,207.51146,3.8761096,0.94585776,2.6326447,28.303738,82.81001
1763,236.94183,4.473217,0.7901275,2.7971709,30.469805,81.92116
1764,174.4404,4.1150613,0.97772485,2.498345,12.566751,68.41262
1765,176.61563,6.054315,1.1600105,2.5189772,22.78157,90.231026
1766,159.13844,3.9524436,1.0540625,2.5490305,9.951523,65.25597
1767,220.57692,3.481457,0.855627,2.394345,31.066687,68.984055
1768,225.1816,4.1689844,0.6798637,2.7407377,45.20854,102.592606
1769,213.80022,7.496601,1.0619261,3.0604262,27.887568,107.45219
1770,278.37854,6.563758,0.7793821,2.257357,15.598403,79.101494
1771,204.44089,3.9288807,0.7650759,2.6462882,41.642284,101.17276
1772,224.9219,7.41588,0.9675393,3.0070968,24.602388,94.097946
1773,206.41019,3.2194135,0.5984005,2.381886,30.263412,84.05687
1774,195.92784,3.4566078,0.7764914,2.7167377,35.600746,77.03114
1775,257.89337,2.0690334,0.4516409,2.414321,31.126083,94.210236
1776,171.71112,5.532432,1.1565102,2.641903,25.2332,88.01405
1777,176.10242,5.455168,1.0896745,2.4907887,23.800373,88.323235
1778,230.95714,3.9176273,0.70053166,2.5994055,33.258656,81.69795
1779,254.87564,4.877168,0.8118445,2.819161,34.430088,77.22893
1780,181.87044,4.558298,0.79277587,1.9986389,11.695929,104.44455
1781,234.15549,3.7191362,0.64912784,2.8209894,55.152176,93.15437
1782,205.4182,4.533927,0.8272794,2.715668,26.562302,83.27331
1783,200.73111,3.4741752,0.6546751,2.727869,33.6451,94.968544
1784,251.42604,6.868147,0.7339932,2.2826517,14.100475,67.5974
1785,246.64581,5.2017956,0.8095199,2.8418555,33.220478,80.458
1786,210.5883,4.129207,0.7275409,2.890564,37.777576,112.303795
1787,172.4425,6.0895777,1.145019,2.3920157,20.831556,88.976776
1788,173.00194,5.9219837,1.1705954,2.5301466,23.199846,90.411224
1789,158.41348,3.960517,1.0467756,2.461278,10.306978,63.65641
1790,231.55078,2.9614003,0.6219126,2.6582234,28.042511,83.08586
1791,218.21606,4.368053,0.71842945,2.7419074,42.357025,106.96656
1792,206.93538,4.033034,0.7337211,2.6750891,41.70474,96.35407
1793,217.1001,4.3861513,0.94319975,2.3482416,28.746986,66.70425
1794,205.26978,2.8170834,0.75552607,2.4173858,30.694101,76.44832
1795,210.19167,4.3182936,0.7276324,2.9414093,31.420185,91.187004
1796,228.76273,4.945309,0.9513603,2.4333954,13.767509,100.83521
1797,365.0307,7.7743254,0.5952531,2.9101524,19.952927,64.077354
1798,221.27473,3.1377954,0.73666364,2.5597045,27.929962,80.90048
1799,263.35532,5.6809387,0.8717915,2.9282477,46.017296,109.299675
1800,206.4835,6.371063,1.0323757,2.9243472,30.281029,109.3486
1801,238.20958,4.663578,0.7618751,2.8784661,45.87017,101.75057
1802,199.47343,3.6338525,0.7479527,2.9054418,36.548145,110.31402
1803,208.31522,3.6865077,0.668932,2.7041779,33.871204,98.70649
1804,210.11449,4.5282197,0.8222793,2.2396896,12.281142,111.15329
1805,255.02316,4.1132784,0.772341,2.6628048,33.918808,79.609344
1806,252.60262,6.6193266,0.7527989,2.2999446,15.60114,71.50336
1807,177.14633,5.707174,1.1875807,2.739166,25.202015,90.16167
1808,209.23534,3.9067593,0.78162414,2.696146,37.577316,112.47125
1809,265.0684,6.3561254,0.66564107,2.4058068,13.722906,62.63156
1810,230.89697,3.3702295,0.73698103,2.5304005,27.624485,86.33243
1811,211.7448,3.6764612,0.6596581,2.7715635,38.9836,94.901276
1812,173.00977,5.471917,1.1040163,2.4807272,23.584236,88.04014
1813,203.27417,2.4820547,0.6212598,2.2897422,28.299868,78.925156
1814,224.77028,3.4512515,0.68516105,2.7126408,38.339973,107.36557
1815,171.86427,5.312343,1.0801815,2.3761587,22.71299,85.58589
1816,347.4589,8.226431,0.73769426,3.093412,27.46597,64.76244
1817,250.3178,4.9578447,0.90841854,2.7946637,32.90267,75.639946
1818,170.1939,4.0501065,0.99447465,2.4984767,11.610681,67.104195
1819,184.56252,4.185546,0.88321716,2.1292317,28.110062,67.219055
1820,224.86028,7.124469,0.998534,3.080006,29.22582,98.72401
1821,195.19257,2.4543726,0.70351255,2.2696962,29.878601,67.842674
1822,352.72583,7.292446,0.5532266,2.834979,19.731983,65.311676
1823,181.37952,6.297311,1.123153,2.4756076,21.133324,89.44481
1824,207.62852,3.0024717,0.64876467,2.4510002,36.852,77.024956
1825,239.66562,6.4944973,0.771388,2.342817,13.878613,68.9144
1826,236.28761,6.6358075,1.0121504,3.0607197,29.996689,82.838104
1827,214.37988,3.164455,0.6124017,2.3633413,27.590672,89.349556
1828,212.61194,3.1023188,0.6661047,2.395643,28.641403,84.55069
1829,149.23009,3.8841,1.048355,2.5424418,9.217188,64.741035
1830,218.81432,4.981637,0.7793849,3.240672,29.59635,108.5172
1831,227.60767,6.5060344,0.9340596,3.0732667,25.593998,94.304146
1832,195.57494,4.290339,0.6990342,3.0109463,31.450846,107.354324
1833,264.46335,5.963167,0.83012843,2.843917,33.03784,82.34838
1834,211.83635,4.0177407,0.78554195,2.6057782,44.02129,107.7931
1835,175.32303,5.3912773,1.0918165,2.521465,24.299381,87.95876
1836,154.82944,3.9158552,1.0484207,2.5481772,9.802837,65.205414
1837,274.53558,6.673584,1.0573177,3.0519223,29.268417,94.88319
1838,234.09792,9.034207,1.1509624,3.2928846,30.254705,103.10088
1839,212.69131,4.5855913,0.7861972,3.3584142,31.179558,103.141846
1840,246.49875,2.6825917,0.5745351,2.588088,30.781391,103.24394
1841,207.20515,4.235612,0.70365036,2.919923,33.279247,109.56959
1842,357.75995,7.5207624,0.62873834,2.8998477,20.72165,65.45646
1843,248.18083,5.6664095,0.9490277,3.4291878,32.071823,124.42636
1844,213.12817,3.9224555,0.8576121,2.332979,31.516216,69.26403
1845,171.88968,5.449561,1.1045943,2.4503698,23.445967,88.29046
1846,187.6623,5.123981,1.1277063,2.6680741,25.547293,94.33276
1847,322.71344,7.629546,0.71049184,3.0276246,24.07099,62.475082
1848,259.32034,3.1876788,0.66311115,2.7508545,36.196922,107.85495
1849,280.1587,6.384408,1.0732961,3.174843,31.055622,104.34946
1850,223.41907,2.9918575,0.67230403,2.4514122,28.601183,83.033356
1851,348.57263,7.288564,0.59767187,2.8600512,20.011496,66.13207
1852,198.71536,3.7248573,0.71729696,2.6809008,36.739708,98.84183
1853,220.79906,4.5082436,0.81710225,2.3019652,12.9558735,112.9657
1854,337.74753,8.017323,0.7261503,3.0592644,25.41433,61.493847
1855,247.7167,6.7777176,0.90695596,3.0902233,28.772747,88.15277
1856,378.36624,7.069623,0.87545455,2.5606403,25.98534,110.00131
1857,233.70274,4.126801,0.8019882,2.6719842,43.331047,122.89516
1858,173.15001,6.16752,1.1703484,2.474503,22.46659,89.56413
1859,159.37805,2.3600461,0.7156014,2.350962,33.285553,59.25151
1860,165.46213,4.0077677,1.0042179,2.5240667,11.085425,66.77465
1861,235.6711,6.363085,1.1672426,2.9692774,30.529812,87.155014
1862,224.62575,4.1706667,0.694308,2.7735665,45.401276,106.8941
1863,203.39566,2.2464914,0.49670744,2.3349924,29.447102,85.064476
1864,152.14865,3.8928785,1.067211,2.5577352,9.385363,64.7404
1865,311.24716,7.778178,0.6942666,2.2942333,13.369472,83.530045
1866,174.84154,5.695213,1.1290972,2.5391827,23.89854,88.91326
1867,194.37465,3.8861504,0.7622216,2.0269723,14.702017,89.29918
1868,279.0934,6.446205,0.89240277,3.068163,34.31332,81.26564
1869,237.23007,4.312893,0.87400633,2.7596653,36.642296,81.69092
1870,213.79001,4.3655734,0.74578995,2.6309104,27.444887,86.61428
1871,238.87044,7.7315226,1.1564811,2.8310566,28.260193,93.34581
1872,171.8286,6.188948,1.1824054,2.4848247,22.447935,88.84701
1873,237.09521,4.836429,0.9371054,2.5571141,27.163662,78.5268
1874,149.83025,3.8693779,1.0633823,2.552918,9.120609,64.462326
1875,215.66602,5.4395223,1.0079794,2.7216957,29.517715,78.9056
1876,281.36005,6.4593754,0.75559676,2.4854116,15.65836,75.11194
1877,214.20657,4.270756,0.7904689,2.700723,42.67862,105.055504
1878,163.22816,3.9465723,0.9953786,2.4936976,10.2356205,65.1798
1879,169.08344,4.1014314,0.94386804,2.4252222,11.133533,64.813126
1880,190.65155,4.4844146,1.0733479,2.4453127,25.618063,94.800186
1881,165.65149,4.0083,1.0043869,2.4867065,10.910181,65.78144
1882,278.1011,5.694012,0.5649349,2.50972,20.392635,66.88848
1883,180.78369,6.1379566,1.1630425,2.5639305,23.322376,92.613335
1884,172.46579,5.3194065,1.1289319,2.551998,24.819958,89.47319
1885,208.72748,6.5252275,0.84024006,3.339403,22.016453,75.96755
1886,247.54512,5.0806236,0.7858034,2.7893224,31.944702,84.263145
1887,239.9031,3.4632773,0.7896134,2.6344757,30.37154,88.08357
