sample_index,Fe,Zn,B,Cu,S,Mn
0,152.53156,3.4830294,1.0283394,2.4361496,23.935553,87.3281
1,314.34457,5.5830283,-1.0796297,1.5324792,13.119279,57.055756
2,203.32237,3.8446841,0.9729262,2.5740414,30.877417,89.216064
3,209.56512,4.1041226,1.1184652,2.502164,29.178967,77.79152
4,214.434,6.914887,-0.19282341,2.4937909,18.391874,108.312225
5,192.9324,3.8384614,0.5954739,2.3112285,28.733484,84.15964
6,242.01588,4.2498345,1.2888489,3.2219603,38.855328,99.12285
7,197.78958,4.8765025,-0.03191199,1.5428293,21.09599,96.3737
8,182.86868,3.6802816,0.68752253,2.1221678,28.14417,96.49174
9,162.85185,4.6195292,1.5293164,1.4961853,12.377864,65.00207
10,288.85355,7.277189,0.7910992,2.6171596,20.752977,81.50153
11,201.6682,3.4769857,0.8738219,2.6891525,33.813118,90.59362
12,159.60432,3.9737382,1.2721028,2.8891175,24.552328,92.5206
13,229.26585,4.5062633,0.71875596,2.921253,35.68357,101.03444
14,231.52065,5.7572703,1.208781,2.9165053,17.808266,107.220985
15,183.58797,2.921512,0.58815134,2.179907,31.469007,85.71722
16,339.67667,6.729209,2.0108771,2.7971,22.98827,66.85177
17,180.35442,5.9464283,0.04546091,3.3457305,29.852032,109.77853
18,222.57196,4.4677854,0.9086465,2.5266945,29.177866,78.69558
19,346.97375,6.0584593,-0.535839,2.59877,16.978039,59.40837
20,210.54555,3.4669247,1.0038702,2.9046001,40.036957,106.25349
21,209.39731,4.1515765,0.3692354,1.99797,26.918386,75.65075
22,328.99316,6.2557154,-0.28641742,2.5032585,16.678356,61.705715
23,163.88744,4.180326,1.2284105,2.2523673,21.4751,86.1026
24,225.14294,3.9085042,0.847942,2.785715,40.876778,116.68184
25,224.40193,3.863038,1.1591187,3.5257983,41.178093,107.750595
26,219.88039,5.806788,0.15173832,1.83749,21.25944,97.840836
27,165.98592,4.834522,1.2228699,2.0059726,19.741768,90.71741
28,197.30376,4.0217214,0.6643977,2.2263417,26.627672,75.647446
29,187.95657,5.1332664,0.2874071,2.6510005,32.411884,109.14668
30,347.1709,6.598207,-0.47143647,3.1153834,17.447618,63.82407
31,210.5343,3.1514943,0.43293685,2.6289544,40.855915,104.101
32,165.03351,5.28327,0.75030893,2.4238467,16.263891,101.62947
33,190.63542,3.5332913,0.6561122,2.3652482,29.907288,81.70533
34,303.82153,7.23933,-0.1740929,2.1704986,20.922483,89.50273
35,228.96454,6.318286,1.5142643,3.042095,15.955063,63.95372
36,175.80751,4.098664,1.3770361,1.9254597,21.84232,91.97262
37,215.5701,4.4876833,0.6781095,2.7825282,36.142784,114.85487
38,191.81424,4.14158,0.7915458,2.569832,32.016956,101.21389
39,210.41458,4.202585,0.8637383,2.79477,32.125786,90.11316
40,295.37582,5.9656553,1.6489763,2.3126879,19.175367,61.423786
41,205.61317,3.8528812,0.9286677,2.7252102,37.932705,108.2494
42,352.99493,6.9803195,-0.6570452,2.8052306,16.513205,66.31516
43,195.53009,6.8530483,1.0737014,1.6732161,11.589631,111.286095
44,219.44943,3.5394459,1.1192956,3.093384,41.41633,109.43154
45,201.91544,4.9922867,0.8441711,3.217466,34.189278,113.5806
46,207.02504,3.6489742,0.9399181,2.4856281,20.17877,100.01351
47,337.59055,5.638854,0.92689353,1.7305462,17.965748,59.458317
48,289.34467,6.539526,1.1048088,2.2864513,16.60767,67.78193
49,180.7797,3.2019975,0.8054875,2.335222,28.799877,86.59761
50,230.06679,4.7388573,0.7096034,2.9882693,35.328217,102.14327
51,197.79022,3.8161407,1.0357952,2.421234,27.86842,72.3362
52,161.15926,5.0423727,1.2800779,2.3613777,23.83346,90.56464
53,150.84352,3.7410824,1.1257138,2.0958729,23.466864,86.250145
54,214.72372,4.21853,0.8142126,2.3559022,29.022654,77.14326
55,202.59987,4.5264816,0.8348253,2.9422548,34.77599,110.749016
56,166.73708,5.082181,1.1190257,2.516418,23.610823,93.92739
57,164.96515,2.8393538,1.3205149,1.6069623,20.10263,80.974754
58,206.19313,3.87668,0.7531071,2.859977,36.120216,105.45215
59,238.65237,7.068699,1.476197,2.9494853,16.112621,73.22788
60,256.8331,7.485498,1.6126771,3.1231296,18.206825,78.14744
61,191.98357,3.2280567,0.74577665,2.0703294,33.133343,98.399925
62,183.8229,6.717143,-0.15700245,3.244673,17.508842,106.42455
63,169.67555,4.916898,1.1850395,2.3537118,16.225101,86.70169
64,204.6156,3.9795296,0.86376214,2.3318205,29.098442,79.616714
65,191.41313,4.561902,0.88443524,2.8496463,31.844032,107.09468
66,235.89117,4.779999,1.3453939,3.7433767,40.467644,109.81497
67,302.21625,6.1034193,-0.7534848,2.1571403,13.896232,59.57368
68,229.31682,4.9648237,0.79676884,2.1073265,24.996155,74.60583
69,345.9453,6.7224636,0.79319394,3.5361896,22.20986,62.801292
70,209.87946,4.996919,0.060056254,2.4463704,29.63161,104.82911
71,166.1499,4.9105096,1.2149594,2.1274588,18.545664,89.12279
72,218.08594,3.8189237,0.94353396,2.9798405,35.27543,86.76224
73,164.25447,2.4578114,1.3720472,1.3558607,23.899593,83.21833
74,192.7365,4.81178,0.81471443,3.1624448,31.981447,107.807434
75,170.86652,5.3976994,0.39447057,2.1761274,15.2447,99.8413
76,169.03372,4.66045,1.2335372,2.485866,21.296364,89.39535
77,328.45563,6.666284,0.6984601,3.4619715,34.140903,87.22274
78,218.15823,4.7767115,0.4440961,2.582658,31.338655,99.69265
79,159.1585,3.0447848,1.212126,1.6538035,18.63585,79.29865
80,191.52568,2.2681322,0.7832244,1.7382598,37.23082,96.42239
81,291.5705,6.0861464,-0.47108838,3.0663774,14.759462,61.14581
82,161.0559,4.314645,2.4266195,1.952798,13.429219,63.439003
83,142.79259,4.353167,1.6172881,1.8841274,25.71305,87.783966
84,206.8328,4.498016,0.16066808,2.3922534,30.429962,95.76738
85,203.88965,7.368144,0.22745529,2.8381443,13.603444,103.04732
86,216.83952,4.154684,0.5933547,2.3383675,31.587927,86.23571
87,203.6275,4.273855,0.7770319,2.806065,35.663242,109.974335
88,316.9184,6.400936,1.1751056,3.3384883,32.150597,79.15361
89,323.90738,6.535778,1.8122768,2.5876331,21.373907,65.769226
90,200.76482,4.4704823,0.30668166,2.2018156,26.87839,84.825745
91,203.48347,3.7910929,0.82764304,2.5505447,37.14765,108.043495
92,306.17642,6.057246,0.9262747,3.4649336,34.289177,83.55907
93,188.89447,5.3463244,1.3039553,2.745915,25.85889,103.31463
94,184.79282,6.9182534,-0.85495394,1.7961336,10.226896,102.82881
95,240.93988,6.937597,2.265329,3.50664,18.118834,69.290794
96,158.07347,4.5199475,0.9841811,2.4646626,24.982687,90.70187
97,154.99919,4.640971,0.43917143,2.1044173,8.7762985,65.85129
98,348.3462,5.697737,-0.33848542,1.4297364,15.448008,59.44716
99,198.38835,4.751718,1.6383138,2.5200431,23.523476,82.15537
100,207.1346,4.150453,1.0463579,2.423528,28.728294,81.08424
101,197.99026,3.9235628,0.68560916,2.5070915,30.336107,87.16708
102,217.06142,4.656812,0.18095493,2.2511847,27.988644,85.33291
103,195.54102,4.338373,0.51234084,2.378961,35.510536,107.98123
104,234.57014,6.9883533,1.1573057,2.7635777,16.81721,75.77651
105,203.61253,4.1023417,0.9717507,2.431956,26.733627,71.43808
106,329.6751,7.0010767,1.9426789,3.5448453,28.61436,72.35035
107,188.17477,4.8417277,0.8684008,2.9898558,31.291702,107.47437
108,218.08165,4.675154,0.6818813,3.1776283,35.863228,112.279305
109,254.61992,5.2389083,1.4316514,3.004054,29.68227,74.13529
110,171.4631,4.2300863,0.741631,1.4571472,12.762591,66.162
111,155.37016,3.7247975,1.0383205,1.9952844,21.096718,83.5859
112,242.3492,5.890933,0.42660594,3.535162,34.426296,112.12957
113,210.49704,4.892881,0.83466166,3.1327293,35.543518,116.86966
114,223.57628,4.477944,0.6994024,2.3054392,27.684134,72.98497
115,223.90822,4.5487337,0.82968545,2.3207133,27.758121,75.152916
116,199.59714,3.6884534,0.84747905,2.492954,36.17868,105.11684
117,169.15213,4.3258276,1.4611306,2.221363,23.822472,89.943886
118,270.128,6.1849766,-0.5365826,3.0121093,13.696896,59.897182
119,177.83426,2.757489,0.90288514,2.2911937,31.189232,84.664055
120,252.09927,5.521577,0.3588301,2.472046,30.01027,94.82739
121,187.18735,3.8462644,-0.43950027,2.233465,12.499529,72.234055
122,160.75931,3.2987537,1.362998,3.1105366,11.451289,72.384285
123,237.25772,4.645249,1.1293633,2.7189016,32.872566,89.38705
124,178.69316,4.8309383,1.1731353,2.7104733,24.548576,93.90064
125,187.52391,3.475189,0.40856302,1.5064878,34.70979,101.6576
126,162.79547,4.803437,1.1076224,2.3937964,20.98311,89.3673
127,180.69632,5.164649,0.8704446,3.3184414,25.875046,101.42084
128,138.10927,4.3561325,1.5138662,2.1356118,24.85957,85.799774
129,174.64772,4.6000123,1.07775,2.5354974,22.61986,93.32647
130,197.68462,3.7517233,0.7799432,2.3867712,29.470963,80.12584
131,215.3869,4.567086,0.9658392,2.500527,28.94543,90.39998
132,318.1278,6.002498,0.67579615,3.3145134,34.26677,78.757416
133,232.86597,4.6609225,0.6915595,2.3787076,29.449532,79.96666
134,232.31187,4.0433106,1.3188362,3.3642588,39.534622,102.627144
135,292.36053,5.636734,0.10855086,1.7856576,15.711248,55.356655
136,190.5563,3.2853076,0.5266652,2.4131029,31.943605,92.679214
137,162.88087,4.2736697,1.0853176,2.1637926,20.393238,88.672806
138,247.78754,6.829078,1.806462,2.834209,18.7731,71.57341
139,211.75969,4.9183607,0.8345237,3.1361377,34.916836,116.25307
140,194.50642,4.3424006,0.23705494,2.457774,30.52749,101.97018
141,195.21893,2.615082,1.5277011,1.4467162,32.60816,102.104485
142,198.41681,3.5805573,0.89484316,2.4418948,31.150782,82.049446
143,245.74033,5.4144087,0.7780052,2.875813,31.321291,92.39641
144,160.31311,3.8607,0.9186675,2.3823144,24.053764,90.525276
145,146.25562,3.8980238,0.14284,2.2405915,25.087425,86.69847
146,189.70172,4.173858,0.9129781,2.5406482,32.63811,104.20578
147,229.99713,4.898318,1.721025,2.8560355,27.766602,75.651764
148,219.33058,7.7270484,0.8276535,2.7771723,15.419146,107.99193
149,290.16016,6.182338,1.3367751,2.0789049,17.61792,63.479424
150,240.80405,5.2836213,0.21838701,2.5565681,30.948101,96.21383
151,165.14217,3.3501005,1.4026926,1.9416912,18.361223,78.1846
152,176.84981,2.7599523,0.7500068,1.9607608,31.402157,89.28782
153,206.25513,4.214602,0.6828061,2.3288732,34.07634,110.31491
154,241.31145,4.7759027,0.23093253,2.9698474,39.545944,119.937614
155,157.90596,3.7999413,0.9977743,2.1846578,22.583673,86.01445
156,172.22246,4.583968,0.544831,3.1016686,28.11825,99.31936
157,220.27208,4.8597236,0.3380518,2.7691643,32.9394,102.364265
158,202.88881,3.3327386,0.77384055,2.6775274,38.634727,103.68054
159,200.27975,4.498612,0.9196084,2.8580933,34.20706,110.3266
160,197.23198,3.7913759,0.9600703,2.3436613,28.850801,78.11362
161,204.89568,5.100888,0.64518607,3.3026404,32.725983,113.769485
162,220.18967,4.003159,1.0919971,2.7844355,34.37647,96.27236
163,226.10498,4.356655,0.63077927,2.405342,30.75095,82.70741
164,199.3653,3.1917102,0.5426132,2.352806,38.20372,102.57074
165,311.35464,6.4271336,1.7267957,2.2269375,19.324501,67.32974
166,279.96677,5.502538,0.96981233,3.2467797,34.969402,87.13607
167,182.70076,5.56528,0.79768485,2.189553,16.785093,109.31645
168,156.71054,3.9565136,0.73718786,2.6448207,10.318788,68.804695
169,156.0771,4.9180355,1.3501654,3.1168082,15.31604,70.44784
170,199.85202,4.0323057,0.79812413,2.2062042,26.727251,74.916664
171,279.90933,5.676686,1.0469222,2.9210365,30.511576,77.87619
172,189.43773,3.7792203,0.5269862,3.0152085,10.662912,73.32534
173,210.98901,3.9549286,0.61261576,2.792522,34.937374,99.05445
174,197.49951,3.324708,0.4229737,2.5213594,34.09293,97.88169
175,127.04478,4.111538,2.267211,1.9862415,14.79554,58.420353
176,183.35863,5.964753,0.37094906,1.609891,14.025788,109.977875
177,201.792,4.16304,0.6858211,2.815298,34.29338,104.709496
178,214.3072,4.461458,0.85625404,2.2014542,26.621855,75.29897
179,215.98839,4.2866073,0.7301257,2.380395,28.204409,74.69922
180,192.4801,2.4306366,0.8707528,1.5422332,31.304598,97.17545
181,199.57414,4.8260155,0.5855588,2.4293072,34.63068,112.822716
182,216.20508,6.587612,1.0951793,2.7214756,17.794937,78.69374
183,188.18518,4.9403853,1.1929803,2.4187534,22.387777,96.44318
184,217.23431,3.647849,1.2125735,3.2829318,40.251343,107.001305
185,163.33682,2.4387133,0.69841844,1.6746672,29.230486,82.380066
186,199.08052,3.6951926,1.373404,2.7063746,30.731516,83.40769
187,232.30011,4.662344,1.6279836,3.0142865,31.06991,82.27485
188,255.66313,6.4071684,1.899903,2.6205676,19.559984,65.21046
189,207.30322,4.095398,0.48086053,2.6194997,32.90415,98.562096
190,243.80478,4.911267,1.1297693,2.7361112,33.105366,94.262115
191,162.53577,4.2954516,1.0130305,2.3345218,21.79037,87.80975
192,205.13356,3.4340432,0.9846538,3.0092814,38.204582,102.23137
193,141.62173,4.21134,1.0468814,2.1789482,12.122944,63.865902
194,285.57205,5.1446977,-0.07967283,2.780915,39.03549,98.98621
195,146.56374,3.3558967,1.6078265,3.2800307,10.424341,70.72317
196,212.63565,3.6202507,1.0000775,2.810546,35.566673,96.52476
197,337.06958,6.618786,1.532383,2.0922117,19.568262,69.903564
198,210.03313,3.7410355,1.0369554,2.8742077,34.198566,89.29476
199,191.26944,4.340285,0.75117064,2.5574148,30.505096,103.00055
200,233.13182,4.476882,0.9594107,2.740415,33.920986,93.656815
201,202.20778,4.619735,2.0245206,2.7251194,30.86661,99.06055
202,199.06036,3.3644788,0.568152,2.5388663,35.302498,98.73135
203,218.85776,4.436685,0.9325375,2.7181296,30.39815,84.43546
204,278.41876,5.7349353,-0.076676376,2.2522545,29.55417,84.03111
205,270.40683,5.613258,0.75946534,2.8006105,32.75587,94.33861
206,255.6615,6.0964384,0.4290951,1.9674861,14.409251,61.32105
207,241.25432,7.178135,1.3037324,2.8990037,16.310682,74.97062
208,236.37125,6.7682266,1.40625,2.6773994,16.814802,70.17191
209,153.20905,4.403775,0.69810164,2.7527008,23.09161,87.34012
210,157.63487,4.36529,0.92190737,1.6558336,12.963744,65.448524
211,201.31511,4.0264077,0.81892204,2.5479841,34.940994,108.1357
212,165.10632,3.771201,1.4507914,4.151953,10.455564,69.31942
213,210.71881,4.714763,0.41650724,3.0623717,33.963257,112.39091
214,212.9106,3.33525,0.70135635,2.6864069,37.841633,97.857994
215,208.83719,4.057224,0.32660496,2.1626377,29.526447,83.11322
216,146.42624,4.420825,2.128843,2.2995975,24.207006,89.42504
217,161.51953,2.9349668,1.2520409,1.8897756,21.723839,84.31904
218,176.39693,4.7519016,1.1486549,2.6765478,27.085327,98.85724
219,166.35104,4.5122795,1.0534122,2.4170146,21.35333,89.76344
220,223.22943,4.5935473,0.18699026,2.1470602,27.883404,82.92499
221,165.69621,4.4245725,0.072412536,3.369408,13.039058,69.01032
222,328.22025,5.907395,0.94262975,1.3164164,15.9527235,65.16661
223,150.49933,3.8582146,0.79380864,2.3873496,23.276062,83.06756
224,247.16014,3.7120285,0.57471925,2.629407,43.237812,113.888245
225,208.35901,4.9257336,0.8018213,2.3154473,24.72722,90.51648
226,221.22049,5.967269,1.8327875,2.6523328,17.228022,58.39962
227,218.79247,4.195322,1.5761249,3.022759,33.531265,88.100494
228,213.1437,6.264756,1.5928285,2.698463,21.35984,101.1352
229,171.81972,4.4294944,1.1912906,2.0458899,19.526861,90.826454
230,233.44438,4.67916,1.0501926,2.7291152,31.527563,87.103134
231,178.04073,6.3481164,-0.30142534,2.9640703,15.539276,97.009575
232,184.79416,6.432199,-0.12104277,2.824702,14.81053,99.17933
233,208.90483,4.8606877,0.49622583,3.060666,32.947678,111.788
234,151.07732,4.137895,1.4210131,2.4405458,22.831707,87.31053
235,245.4349,4.4149027,0.93018764,3.4689727,41.98601,107.81469
236,215.5451,4.651431,0.55534637,3.1240668,35.130547,110.167915
237,201.34717,6.870582,1.9281406,3.3637936,28.310898,105.022354
238,173.79045,4.6161532,1.0740016,2.300874,20.898268,93.86447
239,217.9105,7.6862926,0.796824,3.1181676,18.633661,108.56928
240,178.06044,4.189511,0.05330932,2.372211,10.163994,72.95526
241,202.53972,3.8853865,1.3230994,2.5751474,28.568613,106.56442
242,302.4608,7.114188,2.8878229,4.1978793,35.243454,124.26044
243,239.24889,6.2499037,1.5853882,2.614332,18.482273,66.59205
244,267.4183,7.187173,1.2036481,2.7725086,19.452147,77.41988
245,183.87376,3.6060731,0.9700683,2.2565932,26.668608,73.41125
246,165.0026,4.6354027,1.2697804,2.3324258,22.653116,89.36017
247,161.59761,4.2715907,1.0459795,3.0598228,25.14476,93.494194
248,167.43454,3.104657,1.0105712,1.9450401,28.268373,92.56931
249,137.21178,3.59656,2.1707196,3.7072225,8.975975,62.440407
250,173.8448,4.829769,0.6473531,3.000147,24.469048,96.67065
251,194.6423,3.9107077,0.8370379,2.3547235,33.89281,105.11873
252,209.7514,3.8650367,0.7097816,2.7480478,34.256725,90.901085
253,187.08044,7.030162,-0.62397313,3.053841,14.639201,104.11396
254,175.75548,5.0079618,0.96280044,3.0013485,25.156338,99.25391
255,204.88846,2.8314965,1.4375157,2.8487937,38.91717,94.100395
256,214.85521,3.4080408,1.0319643,2.9999797,40.263557,106.57369
257,214.63326,4.657416,0.6670164,2.3073173,27.149923,95.41302
258,200.67886,4.895393,0.35845667,2.6884506,29.234901,106.5798
259,215.7374,4.333083,0.56493556,2.1033123,27.32143,76.514305
260,193.22275,3.756314,0.8053239,2.4632795,29.2359,80.58225
261,181.817,3.3954809,1.7549601,1.6886556,29.614828,94.33934
262,224.28268,4.7482266,1.2791808,2.520902,27.202898,75.493996
263,214.37885,4.682055,0.428214,2.4444258,29.48625,90.20268
264,193.25632,3.882819,0.86531276,2.154913,25.933977,71.36093
265,213.34052,4.3062763,0.52755636,2.5989034,32.298645,93.90923
266,255.53139,5.329237,0.8744944,2.7569642,32.263565,93.02613
267,163.48183,4.4811554,1.4453125,1.5766755,19.029202,87.41643
268,182.98105,3.0287971,0.6449078,2.3867998,30.902956,87.83197
269,167.86057,4.457854,1.1322834,1.464819,12.462152,65.61079
270,148.25238,4.0534353,1.6884818,2.9667373,12.46311,70.204155
271,295.5836,7.113842,0.6026198,4.9131866,16.096645,74.13298
272,197.47102,3.385061,0.9104435,2.564106,32.653587,88.560745
273,207.31898,4.265529,0.7598719,2.4639907,28.833036,82.491554
274,222.7608,4.739096,0.7903277,2.95044,33.631535,101.28187
275,216.47691,4.050682,1.0164516,3.1861098,38.46901,107.97655
276,160.86465,3.334915,0.8451748,2.454625,21.960703,86.2339
277,165.41135,4.0893703,-0.016973138,1.6268669,11.868633,63.89201
278,183.5902,3.7192225,0.939707,2.0940964,23.457926,94.86279
279,172.64316,5.3603625,0.17621556,2.9362652,16.013796,74.21941
280,148.67046,3.940167,1.1554964,2.7583265,12.221895,69.26581
281,245.51271,5.3953114,1.0813563,2.5325696,27.4684,82.870255
282,212.68155,4.857168,1.350308,2.4581003,24.693563,79.275955
283,244.30548,5.321099,1.3099835,2.5851548,27.41331,78.23791
284,197.5567,3.6958344,0.82035536,2.8387935,34.940792,99.54252
285,178.48338,4.8172097,-0.097824305,2.2858925,32.18518,103.41211
286,214.28015,4.2492943,0.7308486,2.9826512,34.60545,96.816124
287,221.74934,4.5125284,1.11292,2.8217077,31.658796,92.58231
288,162.63057,4.5739207,0.9362622,2.3277225,19.055475,87.972725
289,164.35413,4.505252,1.2648087,2.1478224,22.406305,89.74488
290,295.63736,6.7786555,1.0787082,2.0917397,16.967089,68.10456
291,262.70724,6.442592,1.0123374,2.546575,17.123116,63.58128
292,574.4861,9.713116,-8.718579,-3.0160208,30.098238,186.21295
293,217.96051,4.383772,1.4684384,3.079005,31.91823,88.651764
294,197.12979,3.920547,0.6940565,2.3544238,28.581867,80.57312
295,231.58089,5.6609106,-0.61997855,2.3115573,28.722677,104.68404
296,168.98589,4.0231614,1.1950073,2.2524946,22.660343,89.10533
297,247.64462,6.9223948,1.2558994,3.4748447,15.366043,70.5086
298,243.08679,6.9802976,1.0363953,2.6705868,13.632746,71.49243
299,252.32602,6.4400406,1.9230313,2.5768683,18.697529,64.660576
300,175.96443,4.8955927,1.1558504,2.1286702,15.62432,87.800156
301,186.51318,6.5687647,0.2162557,2.9273,16.82567,108.756714
302,265.4631,4.166917,0.14710292,2.3518937,43.761696,117.824486
303,160.67903,4.1928782,1.1283185,2.3312397,24.899149,88.635086
304,166.67325,2.7093117,0.86887354,2.0405679,28.68174,80.18134
305,171.3227,5.3910937,0.61936736,2.354816,17.552761,100.449196
306,266.48975,5.322196,0.6174931,2.833677,35.7914,100.352486
307,222.65677,4.5469384,0.9753105,3.1408145,40.203766,117.91707
308,173.61613,4.599018,0.034828797,1.9371088,9.569708,70.076
309,225.56223,4.364546,0.8858287,2.541628,29.693096,73.59536
310,209.73344,4.079457,0.98904186,2.6753697,30.755957,83.850266
311,194.03452,3.3319423,0.5792951,1.8485852,35.93445,103.55528
312,215.38411,4.7197533,1.4554603,2.628806,26.604206,80.40355
313,151.56612,3.302242,1.0631993,1.9705118,23.189726,85.68333
314,176.02696,5.9564524,0.14854112,2.0111656,13.928207,103.07259
315,230.9964,4.7136464,0.14607665,2.163438,28.131418,83.129906
316,174.56688,5.0993648,0.94114155,3.1095934,24.30181,98.27915
317,284.8892,6.3841257,0.21018222,4.1676793,16.714834,62.780167
318,277.13748,6.0956,1.3426025,3.62784,36.21849,100.04665
319,143.05046,3.6792269,0.61045986,2.624453,23.80785,84.11667
320,188.6676,6.1983724,0.598205,2.5214124,17.301962,111.762054
321,198.5697,4.567662,0.82733244,2.788651,32.134182,107.88273
322,139.18773,3.5976193,1.3369772,2.7691445,10.52846,66.8726
323,179.8343,4.7870398,1.2714224,2.4922404,23.526573,93.93145
324,320.66827,6.3913465,-0.5750518,2.475161,15.586786,62.23997
325,214.83604,4.8485622,1.28791,2.623139,26.139362,88.25021
326,184.85947,4.147122,0.40207314,1.7415711,22.20092,94.37881
327,175.76463,2.2442176,0.78764945,1.4388981,32.16126,88.91613
328,164.64716,3.9308836,0.36094353,2.2323253,28.512783,94.5692
329,174.77798,3.9244077,3.8205068,3.432207,13.632478,69.53175
330,128.25296,3.7074652,2.1005738,2.5363557,12.786495,57.038494
331,191.99623,4.0157313,0.015194744,1.571343,36.99071,106.71648
332,247.06763,5.1189914,0.4597686,2.9983225,37.418434,108.721115
333,248.3255,4.3798666,1.3039937,3.755472,43.788307,113.2281
334,247.84816,4.1824074,1.4874141,3.790961,45.374973,115.7669
335,197.4112,4.827548,0.7814444,3.1188514,33.416794,110.66512
336,155.75566,4.959731,1.7240734,2.6294487,25.793404,94.308235
337,173.8354,3.3722684,1.2993219,1.8612666,27.040504,95.463165
338,192.73775,4.483036,0.8228985,2.0525844,22.852386,81.65176
339,215.99222,6.273129,1.8125513,2.63813,16.916111,65.639755
340,205.79587,4.7208166,0.83895916,2.958807,34.626656,113.8702
341,224.48965,6.179314,1.7157054,3.0864534,27.03706,112.20093
342,199.05302,4.771575,0.52971375,3.0241983,31.641989,108.47412
343,192.16853,4.993678,0.9691655,3.171139,30.945932,109.08826
344,164.62405,4.4238443,1.2155659,2.3864279,20.530657,86.46171
345,207.5393,3.3453577,0.9301451,2.8239748,37.8271,102.1882
346,203.26877,4.2963524,0.9836648,2.610789,28.923252,88.28332
347,381.6528,9.694872,3.3727384,4.4108706,38.57041,127.1028
348,206.4862,3.2138183,0.87162006,2.722698,38.879356,103.94027
349,179.8163,5.9214664,0.14188853,2.509696,16.46461,103.67163
350,254.47354,5.053927,1.0672042,3.6456475,40.691517,108.91008
351,208.86873,4.1481476,0.8273955,2.55091,35.58474,110.88733
352,333.2811,5.510872,0.74944854,1.8287511,18.097015,56.28459
353,205.3714,3.4958274,0.8974244,2.7267466,34.394253,89.246605
354,183.57367,5.315074,1.3159127,2.2392764,16.322983,92.01364
355,221.92676,4.559819,0.4709823,2.5347285,31.737038,89.88462
356,211.25743,4.8065987,0.9341782,2.1538558,25.165491,83.91636
357,153.63373,4.581182,0.75180376,2.7249322,23.702528,87.73445
358,202.63066,4.364906,0.57202965,2.5131235,29.797892,95.10573
359,199.54622,3.8110492,0.64939994,2.5781515,31.785984,88.45397
360,198.63133,3.3025572,0.67930585,2.6155965,34.429787,91.88961
361,147.80803,3.482318,1.4080584,2.4180093,25.02498,86.56607
362,229.33586,6.889668,0.57427466,1.9485615,16.946735,107.24318
363,183.60507,6.1253214,0.19981882,2.3334856,14.756943,105.14511
364,207.98198,3.702413,0.897657,2.8843122,36.266987,103.08002
365,244.14124,5.359541,1.0030904,3.488435,36.89067,108.912674
366,316.00302,7.8034463,1.2769756,2.629848,18.852629,84.645256
367,151.67763,3.3538616,0.7850284,2.2872043,21.81233,83.29186
368,145.42657,3.5663593,1.1549814,2.9638124,11.372927,68.97599
369,202.5843,3.6482065,0.62781286,2.4705367,38.94619,106.217705
370,169.66681,4.976586,1.2461057,2.181023,16.270847,87.78102
371,158.69681,2.5910327,0.79343647,1.8177975,27.71337,77.98381
372,190.33029,2.975412,0.58728075,2.4755375,33.804634,90.234085
373,204.64664,3.5570633,0.7098897,2.708539,37.802128,105.71189
374,158.98781,5.2602015,1.4150858,2.8809454,27.335695,96.381775
375,177.26323,5.5630946,0.68409306,2.7192926,18.89069,96.159
376,188.78075,3.7349231,0.60558325,2.324786,28.414927,80.66843
377,320.26178,5.9731,-0.73578286,2.3768454,14.838843,61.005817
378,160.7242,2.7450416,1.8415279,2.1301234,29.840965,73.78534
379,175.2326,4.345253,1.3314588,2.2961812,24.38649,93.56282
380,249.13304,4.243681,0.90030295,3.1164317,41.90647,106.72503
381,169.97887,4.305673,0.10526256,1.9029675,9.503673,67.54552
382,184.51863,5.8365746,0.71647274,2.6671073,18.125553,110.81808
383,198.42418,6.5665097,0.03386584,3.0209775,17.824644,108.51075
384,255.84076,5.5880365,0.7589036,2.867286,30.664274,89.01901
385,176.87042,5.2192025,0.49559116,2.606131,17.384674,72.829765
386,167.17049,2.83738,0.9749649,1.5871295,28.78211,91.26802
387,264.95917,5.3553653,1.3935254,3.6410174,38.052383,101.49233
388,216.0529,4.5505342,0.64540523,2.346693,28.400078,84.943306
389,203.73882,3.8738074,0.8782446,2.637963,31.340796,87.2104
390,171.95515,3.9916158,0.7255584,2.8863878,28.229008,95.33878
391,197.16548,2.7351656,0.83951163,2.4392226,37.781174,97.86792
392,144.83128,3.5198057,0.29188478,2.4708667,24.523726,84.91805
393,229.4068,4.7939262,1.0687952,2.5783768,29.884806,88.79653
394,202.24829,3.820847,1.151336,2.589436,30.783028,83.393135
395,147.19069,3.1318676,0.54771763,2.3042748,24.7534,84.05891
396,165.62537,3.8194542,-0.09495736,1.9330822,11.348915,66.10041
397,206.1985,4.292132,0.7570619,2.3623288,27.410093,78.75965
398,262.63965,5.502029,1.1083272,2.7093759,28.4889,76.70479
399,198.96701,3.2959564,0.2188529,1.822794,34.93704,98.21168
400,383.27686,7.6062565,-0.6638186,1.9058756,24.939274,99.784485
401,209.73383,3.9953015,1.01794,2.5297842,30.19689,80.13529
402,201.95871,3.7029212,1.1282616,2.7317162,31.827805,85.011986
403,223.8549,4.543961,0.091151804,2.1955929,28.897932,84.21844
404,173.34454,3.7818952,1.0346875,1.9523578,23.933867,94.05038
405,165.24171,3.706059,0.6561193,2.8343973,10.703249,71.850784
406,181.13954,3.3494937,0.7738062,2.2416286,28.214447,80.34875
407,157.23622,4.456454,0.23117673,2.7789934,26.976587,92.89293
408,243.5481,4.788384,0.82841307,2.663386,33.344822,91.960495
409,182.94093,6.6055093,-0.6525704,2.1437993,11.979327,102.72272
410,199.34009,3.8240926,1.694838,2.1937966,14.748327,92.043785
411,224.67314,4.656667,0.5358645,3.1222203,36.977844,115.03769
412,200.85342,3.5494328,0.82906055,2.1714957,16.037792,97.12491
413,187.93689,6.562512,0.625274,1.8454698,13.046022,108.135284
414,214.35347,7.2463856,-0.18212776,2.5076869,15.495617,105.853424
415,196.67793,3.760198,0.5889085,2.3942096,34.068474,102.278175
416,207.65869,3.9187915,0.83110946,2.7656682,37.046673,108.346695
417,211.32376,4.150185,0.73754925,2.7438138,33.342663,97.845856
418,204.68216,4.6385326,1.5504532,2.2648282,21.809635,103.59785
419,287.3548,6.1928215,1.1408925,2.1667023,20.94982,69.98239
420,210.52083,3.6489966,0.84290755,2.8746793,37.457016,105.40538
421,162.14694,3.5952249,1.6042359,3.0725775,10.553443,65.83841
422,168.95648,3.656423,3.349436,3.367521,11.342002,69.27041
423,207.12155,4.017409,0.74930835,2.6172373,37.008503,111.63377
424,192.31703,3.7661746,0.6577024,2.409195,32.95598,101.3599
425,208.31711,6.122689,1.4166718,2.5503614,18.014505,73.00448
426,319.18292,6.5922647,-0.19344316,3.966783,17.545721,63.89833
427,266.82266,5.2537913,0.75958914,2.8331695,34.702915,94.65765
428,203.48651,3.9388669,1.2285395,2.6109903,30.292894,83.24105
429,166.21678,3.6409874,1.1436222,2.0130177,25.700247,90.31342
430,281.5647,6.5880723,1.1013157,2.3787627,18.120522,64.80431
431,232.54218,4.634303,0.6420951,2.3331017,27.26806,70.49396
432,199.47339,4.816429,0.62601614,2.921162,30.730316,107.99334
433,207.51544,3.138812,1.127594,2.852478,37.27467,94.55305
434,200.10939,4.410879,0.9855668,2.6003172,33.703045,109.78671
435,274.34818,6.6988006,2.8438327,3.9846394,32.44887,118.50743
436,210.21037,4.5140862,0.3821817,2.8585663,33.943546,109.77722
437,157.46243,4.0620804,1.4083276,2.2481072,21.705338,89.01317
438,200.2638,4.1713805,0.7985988,2.2630184,26.10272,74.75653
439,171.77286,3.3355975,1.2025495,2.0089772,28.382141,92.85585
440,232.5071,4.6363077,1.1748259,3.1784954,34.93662,97.77682
441,147.72504,4.1793685,0.82273513,2.4481897,23.306997,85.69488
442,295.22443,5.892749,0.9820247,3.6148596,38.51701,97.09002
443,201.96928,5.2172723,0.5951577,2.128372,20.400585,102.18659
444,212.49309,4.2457023,0.85061216,2.4716346,30.501856,92.782425
445,200.43582,2.967583,1.0469446,2.850908,37.066463,93.57565
446,155.34744,5.0498486,1.3523178,2.7801547,27.111877,94.14063
447,220.09077,4.3143067,0.76540667,2.3360083,29.723095,81.06599
448,136.92586,3.1301782,2.3120973,2.456058,10.7615,64.901955
449,200.17776,4.4170947,0.79656315,2.8287272,33.902718,108.57196
450,216.75317,4.6029577,0.72468317,2.3456786,26.705763,76.82075
451,265.3016,7.6150184,1.036138,2.903472,18.467394,82.378876
452,194.04288,5.1973925,0.13125676,2.758026,34.179035,112.012634
453,223.3534,3.8018568,0.7997081,2.948367,35.928627,86.76559
454,249.2714,5.233435,1.0807054,2.806697,31.028728,87.770775
455,193.86356,3.7714975,1.1609588,2.5079143,28.690376,79.71959
456,239.21431,6.9233203,-0.88724154,1.9559189,22.36319,116.03685
457,162.8464,4.6942773,0.9703074,2.4307292,18.458946,86.907616
458,223.76666,3.2223287,0.9188201,2.8972585,41.455704,99.74695
459,168.69702,5.0219917,0.8154781,1.9600955,14.164967,87.43047
460,205.30177,4.077832,1.0477068,3.0387106,34.32051,100.43949
461,172.54976,5.646829,0.6701421,2.4530513,15.480986,103.687996
462,152.46913,4.682423,1.5291171,2.7209468,24.6266,89.78152
463,220.91698,3.9253166,0.6933186,2.685509,33.66884,83.4473
464,231.97829,4.709241,1.1598258,2.6150634,29.609232,79.76058
465,220.31137,4.7808237,0.52688855,2.6863778,32.563988,104.924995
466,256.15704,5.358392,1.1394651,2.6932826,29.276463,78.89243
467,221.2864,2.9792254,0.7792068,2.8864443,42.675053,107.411804
468,197.55186,6.797431,0.12995356,3.3017097,19.056347,108.42701
469,270.2028,6.80111,1.1435754,2.5449617,16.846367,68.486206
470,299.26318,6.1508684,1.568181,3.3226137,29.062132,70.804344
471,153.1246,2.836471,1.0648191,2.0037992,24.181656,83.3728
472,186.38991,5.3678665,1.1335595,3.6507528,29.863504,109.29277
473,235.30986,5.241707,0.752993,3.1093085,33.59076,98.90766
474,198.82745,3.9489048,0.78866565,2.1639884,26.72768,72.95435
475,173.73062,5.217938,0.6023993,2.745295,17.037243,72.89175
476,222.35623,3.9583573,0.8370273,3.0578864,38.33649,106.36146
477,210.43521,3.4143057,1.1030025,3.0336199,39.3123,103.723625
478,168.27742,4.7422204,1.0283728,2.4978304,20.306316,91.11758
479,201.58026,4.0441318,0.81277853,2.56461,35.930042,108.448235
480,235.897,4.964861,-0.05309715,2.1143053,27.383286,84.63634
481,208.49776,4.5137386,0.6672555,2.3050358,26.498789,78.56568
482,202.46948,3.7215753,1.0249751,2.7290137,32.38096,88.724266
483,163.74721,4.5925527,0.9633065,2.7190905,25.20034,93.13116
484,178.22192,6.264796,-0.09091641,2.687228,14.119619,100.41817
485,219.83731,4.030807,1.86847,2.3778784,20.715794,101.95459
486,211.58713,4.31575,0.98790735,2.3880677,28.349607,81.0253
487,164.27396,4.187364,1.4184568,1.7480953,11.703255,63.32752
488,207.43327,4.1336145,1.0856864,2.4579496,28.986118,81.8599
489,206.03242,4.188337,0.49637735,2.148343,27.09468,76.90035
490,186.30249,3.0187926,1.2032068,2.581499,32.026157,85.87154
491,221.9046,4.9496083,0.3031948,2.5306127,30.072645,92.46629
492,182.9492,4.5978036,0.8070089,1.7163907,18.178108,89.22004
493,209.51309,4.159209,0.45720142,2.7205832,33.65882,101.070816
494,206.1645,4.081163,1.0206795,2.6859825,31.274261,97.429924
495,203.74266,6.0306625,0.4563648,1.9009252,16.39078,97.70225
496,257.12152,5.3789854,1.4911642,2.9662309,29.88786,77.49784
497,222.71608,4.488821,0.8024801,2.3770926,28.828476,78.01918
498,363.65115,6.1606364,-0.4374639,1.6034106,17.049248,60.994133
499,158.58804,3.9004004,1.002382,2.4994655,24.561499,91.303635
500,184.25154,3.1358178,1.453273,2.6609683,30.904484,79.90824
501,175.18045,5.050007,1.6880023,2.1360407,17.539959,88.41593
502,326.73654,7.0363145,-0.19725946,4.2230644,17.867159,69.1752
503,190.29468,7.153666,-0.6860934,2.9983613,13.768618,100.84195
504,210.82346,4.2933435,0.9805947,2.602861,28.986181,80.605415
505,219.05177,4.4974804,1.3254025,2.6469321,28.997978,80.71022
506,206.87785,4.94365,0.10867636,1.820481,22.435547,93.158066
507,206.35934,4.0298953,0.55614024,2.5265892,31.79881,90.94541
508,256.88193,5.935786,1.3593657,2.203786,19.083984,64.13149
509,189.08774,3.2553458,3.4238935,2.6651266,11.052415,71.255714
510,222.57558,5.04574,0.6843109,2.6213987,28.74417,89.43143
511,183.97853,2.8093944,0.58343464,1.8942087,32.02348,91.78866
512,341.53577,6.4114866,-0.70616853,2.4461584,16.058228,62.13289
513,205.6098,3.569668,0.8031598,2.3511572,37.98931,107.82302
514,222.23239,3.534558,1.0195787,3.0649374,42.853542,111.57649
515,175.77013,5.340979,1.6337318,2.2145972,17.948019,90.72369
516,246.7673,4.9912744,0.77417165,2.6603534,33.60401,92.20266
517,218.09949,7.4802027,0.41168755,3.1605752,17.528791,114.61196
518,246.95206,7.252762,1.0321896,2.8000147,17.252544,78.45968
519,184.0929,4.9092083,1.28105,2.4073422,20.30342,96.843025
520,200.95302,3.0806592,0.9079445,2.4280832,37.89568,102.26203
521,234.78589,5.0481234,1.0727072,3.7177234,38.634037,110.114105
522,203.76883,4.151721,0.9231481,2.34116,28.969084,87.12089
523,218.32062,4.548849,0.8842519,2.2557583,26.37282,72.847565
524,188.36504,3.55921,1.1440141,2.4563422,28.42519,75.74193
525,303.0425,6.030074,0.2764933,2.190881,17.285284,57.92351
526,189.48923,5.143679,0.30527133,2.0869734,8.777891,63.593277
527,216.83992,4.134401,0.7185656,2.4479373,30.057354,77.867195
528,240.8985,6.0777926,1.2441752,2.4549868,19.281769,68.81813
529,171.96767,4.3377914,1.1421125,2.4105804,22.421846,92.44463
530,306.984,6.3851686,1.9827182,3.5463316,27.91833,66.36983
531,202.10617,3.5763044,0.58689475,2.4352193,32.833862,88.69447
532,217.55038,4.4188137,0.93138355,2.927311,39.00298,115.48223
533,159.36465,5.3666444,1.143786,2.936522,27.336052,96.781044
534,321.4936,8.018792,0.35638544,2.3094077,17.646063,87.84336
535,245.66261,6.544645,1.4351976,3.1372383,17.89255,62.91422
536,283.13602,5.94123,0.93607324,1.9585254,20.637053,67.761795
537,201.36638,4.30407,0.91161984,2.645366,35.378647,110.40106
538,206.47388,3.721241,0.64889103,2.7189379,34.74055,95.465
539,181.93575,4.3727584,1.248446,2.7093773,24.411142,98.91534
540,457.85162,8.899445,3.0116396,6.186607,37.97089,92.07355
541,195.88986,4.5051966,1.0113275,2.370565,25.302176,105.28652
542,164.53305,4.0914483,1.0386901,2.3842108,23.452946,89.07704
543,253.07751,5.999413,1.0919869,1.9281508,15.000361,64.14682
544,190.96947,4.979454,0.99246746,3.1640973,31.157162,108.98089
545,229.42944,6.593761,0.21483913,1.782686,16.50213,106.37286
546,190.62721,3.2101035,0.63125515,2.1258955,32.653255,96.31762
547,216.67607,4.139448,0.548982,2.931174,36.81362,105.67831
548,321.26242,6.991241,1.1851411,4.076527,21.290943,67.45047
549,136.79347,3.7131262,1.7750611,2.1531582,24.355059,87.740486
550,245.06763,5.082536,0.47790748,2.4859226,31.661663,94.10065
551,231.1055,4.8723607,1.3884172,2.6613388,28.804146,81.093864
552,218.32945,4.116664,0.9821711,2.965879,34.817997,95.15293
553,141.82562,4.180981,1.6691725,2.6704845,12.436097,67.3134
554,190.17104,3.887672,0.86276865,2.3173559,32.377045,102.72209
555,284.50348,6.3544908,0.09963316,2.6013637,16.099062,60.062042
556,334.63675,5.6124578,-0.38740507,1.4147032,15.164387,57.054207
557,230.7,5.6355042,0.55258435,3.7368753,36.01199,116.58311
558,223.8743,4.6397924,0.8244685,2.5038214,28.909487,80.61083
559,151.2983,4.53059,2.102276,1.5173258,12.029746,61.15428
560,159.44237,3.717967,0.7684325,2.6621852,26.385527,88.77298
561,183.43832,3.0126343,0.713503,2.305167,30.572355,86.6864
562,202.4628,3.9322686,1.5195868,2.7389865,30.122328,84.2138
563,172.47545,4.123028,0.52924263,2.1036098,9.988672,67.67409
564,201.51859,4.2676344,0.7609515,2.8306837,35.330994,109.01605
565,357.09637,5.8818955,-0.56684136,2.1711247,17.064486,58.00927
566,221.60484,2.9542873,0.96610445,2.587738,42.00639,104.87079
567,221.89279,3.5915956,0.8101094,2.924152,42.45783,112.78881
568,251.05847,5.5481915,-0.24121818,2.6122735,35.001637,118.31995
569,155.71466,3.9446664,1.2129557,1.89248,20.66694,83.16679
570,228.0619,5.2717643,1.120291,3.0808947,30.753979,96.56488
571,150.61006,3.9655142,1.567483,2.5119505,23.887821,89.29356
572,163.38977,4.4463024,1.1849053,2.797213,22.779121,92.643326
573,172.16597,4.7506905,1.2363441,2.276862,19.295824,90.459564
574,221.54808,5.5522423,0.95010597,2.2456677,19.316034,69.332695
575,236.18573,4.716392,1.2807429,2.7817667,30.90286,83.070015
576,155.28226,2.759955,1.035888,2.081873,26.376005,85.329926
577,239.62346,5.2803082,1.0366728,2.407391,27.86509,86.42915
578,257.95047,4.9304557,0.25694343,2.5698671,32.51536,86.492256
579,280.44263,7.52346,0.8462917,2.2058804,15.45691,73.06989
580,200.41219,4.2545023,0.7856983,2.8606207,35.151905,109.39829
581,153.46844,4.0363336,1.0015008,2.1203547,24.257824,86.4999
582,197.99374,3.9814146,0.51694906,2.7278116,32.68943,99.6456
583,297.3763,6.7038774,1.3218057,2.2828555,19.607656,70.78169
584,211.2452,4.2422495,0.74835616,2.2092457,27.332003,74.929115
585,195.53741,3.2723312,0.72159016,2.4927988,32.580093,94.2205
586,213.40909,4.155925,0.5493273,3.0612402,36.827457,106.134224
587,229.7119,4.5504723,1.2767446,3.7055588,40.838867,111.59835
588,260.3639,7.164351,1.2380042,3.0580583,16.223507,72.38962
589,198.99174,3.8458285,0.69372547,2.1660202,27.911612,75.67327
590,271.11908,6.8110213,1.0989566,2.4526284,17.705673,66.06199
591,219.1096,4.738606,0.6097567,3.1501155,37.855103,118.301025
592,192.5894,5.2386374,0.16813478,2.9299884,33.92126,111.381226
593,234.04576,5.02758,1.0949385,3.0692267,32.831287,99.27843
594,169.80515,4.595811,1.3364632,2.3930607,22.749407,90.68374
595,204.4122,3.3341687,0.7049536,2.800902,37.280922,97.98408
596,207.54196,4.788051,1.7857132,3.1962116,31.509453,97.28272
597,235.65611,6.3000336,1.5455542,2.623518,18.303465,67.86281
598,197.5461,4.313991,0.7900533,2.743973,33.682987,107.772285
599,316.618,6.5621724,-0.24297124,3.8699799,16.997934,65.20424
600,175.8054,5.97915,-0.08058787,1.6582379,12.601529,103.17091
601,162.39275,4.226378,1.8092866,2.6490602,15.097066,66.333374
602,234.10373,4.6854515,0.1647827,2.79802,37.238037,109.26162
603,187.52072,4.8123693,0.77238566,2.7092664,31.64283,107.35015
604,246.99431,4.797182,1.1624272,3.4413736,38.86202,105.86144
605,320.06168,6.2726064,1.0163739,2.0769362,22.320564,71.75938
606,140.01868,4.0011516,1.9251392,2.1731668,24.15171,85.66139
607,205.55136,4.244795,0.8348821,2.1569998,26.26795,75.29794
608,209.14897,4.4874616,0.17164949,2.3491654,31.008802,100.45775
609,238.61322,7.1417136,1.0541334,2.7846532,16.246386,75.90193
610,217.64067,8.79055,-0.42284417,2.3119674,6.021438,114.378784
611,224.2995,3.6994832,1.2154696,2.5572264,18.433659,103.54206
612,214.08998,3.7934873,0.8745821,2.9511983,37.308662,105.72601
613,207.12556,4.3623943,0.79912126,2.3228853,27.009693,79.95077
614,206.59879,4.3359056,0.7728953,2.270264,26.229761,75.34884
615,259.95544,5.7127953,1.1401677,2.9246397,30.703281,91.25542
616,186.31944,5.484042,1.0268939,2.978965,22.049196,102.11895
617,149.34404,4.3601913,2.1105025,2.2846782,24.573938,91.46665
618,342.9177,6.453249,-0.1896146,1.8437725,16.55725,61.2975
619,187.5664,3.4982738,0.71019644,2.1801305,28.124964,89.055984
620,198.34554,4.3972034,0.94960505,2.5533621,34.335873,109.79777
621,176.51115,3.4936197,0.95049995,1.7595485,24.482256,93.85655
622,316.70602,6.95379,0.5627398,3.7945967,20.283237,64.325424
623,284.081,5.282795,-1.5227494,1.5438334,38.77375,132.16132
624,210.86876,3.642928,0.90738887,2.8958523,38.057255,106.34223
625,198.11119,3.8333137,1.1315658,2.5593219,29.831356,82.090126
626,201.44986,3.9790301,0.64653915,2.505963,30.523306,86.500916
627,169.28526,3.9443352,1.0805604,2.4113655,26.548063,96.029144
628,202.80222,4.1628222,0.71809506,2.371591,36.646484,110.93547
629,328.48993,6.3798904,-0.64758897,2.8764863,16.036959,62.044376
630,144.63988,3.553413,0.60651374,2.5099316,10.855651,62.83136
631,286.30356,6.231692,0.73449194,1.9605386,16.088808,63.42702
632,433.31857,7.3585005,-0.96504164,1.2067847,23.665573,97.9735
633,227.93092,6.795233,1.125771,2.731866,17.767853,78.00831
634,176.20247,4.2164383,0.896391,2.3691056,29.638071,100.343475
635,352.03433,5.68917,-0.34575224,1.3887787,15.35919,59.965496
636,287.1364,5.975481,0.490664,2.1969237,16.613955,58.97978
637,201.65485,3.6309276,0.66123015,2.6571393,34.081436,94.82036
638,193.08127,3.6297634,0.74681836,2.1143277,30.098976,99.20902
639,211.65187,3.3150115,0.92621654,2.8847322,39.143597,103.474
640,169.72134,4.772076,1.2027133,2.5675933,21.00267,89.68819
641,214.28024,4.769059,0.39940095,3.0185094,33.876556,111.40399
642,161.13223,3.2346354,1.1820922,1.7573974,18.853928,80.88954
643,163.29433,4.846578,0.907561,2.3898888,20.027958,90.02288
644,373.791,6.715381,-0.6298777,1.5629139,24.487444,90.948364
645,226.0724,4.5626397,0.63175064,2.2494452,27.442299,75.20572
646,233.17917,5.9329877,1.5107884,2.4607782,18.053207,63.298973
647,216.8136,4.072758,0.96391195,3.0969949,39.193832,110.3731
648,309.87906,6.326908,-0.12562528,3.550781,16.95285,62.311188
649,317.0642,6.11818,1.1492994,3.39694,31.800905,72.64009
650,213.88394,4.3680663,0.85954267,2.2596252,27.704634,77.5672
651,166.37988,3.9691,1.2258394,2.204091,23.154346,88.368965
652,258.6196,7.0937386,0.90938026,3.4795742,15.062774,71.89878
653,206.64647,3.614464,0.87309366,2.6214688,37.57462,107.07855
654,216.53844,3.9333441,0.97650665,2.84452,34.761116,95.21734
655,202.1122,4.241762,0.8594277,2.094872,24.956482,71.361145
656,205.10204,5.02971,0.93999237,3.1107373,32.684704,113.43021
657,268.74573,5.0516725,-0.3031311,2.387198,41.364697,115.96209
658,200.92584,3.643084,1.0498102,2.58181,31.049984,79.2122
659,197.65321,4.030532,0.788624,2.4733684,34.57519,107.32419
660,248.66571,7.2815113,2.4328647,3.6106758,18.02542,74.63429
661,227.50111,4.5454473,-0.06152623,1.9736341,27.0499,79.96803
662,191.64749,4.2355895,0.8606983,2.2933507,33.53909,106.36467
663,259.6611,7.035103,0.8161312,2.484072,16.395792,66.90128
664,176.01996,3.8400428,1.0430827,2.5354064,24.649237,91.280014
665,227.91942,4.6877007,0.6040529,2.6080222,32.100773,93.48116
666,201.56789,4.056329,1.2074449,2.447816,26.991323,72.67685
667,216.83188,6.2768006,0.11949386,1.9608622,18.473013,93.407486
668,202.888,4.7644105,0.23878536,1.8054125,22.456482,92.08933
669,163.38068,3.8858476,2.1217055,2.312922,14.287052,64.45793
670,234.97961,4.459074,0.75263745,2.71673,33.18114,85.47799
671,199.39075,4.127442,0.7575446,2.0420241,25.748486,73.57933
672,253.3186,4.9263906,1.1599474,3.6969507,41.225483,108.5445
673,163.93147,3.3476443,0.90738064,2.3260124,27.471405,78.95119
674,281.63824,6.9367404,0.37270978,1.7077214,13.355574,69.49467
675,234.1493,4.786136,0.53808695,2.1614988,25.625967,71.01621
676,194.99413,3.82915,0.98113877,2.3022444,27.63387,76.198616
677,183.40091,6.3459525,-0.13384065,3.1978557,17.589098,103.64576
678,270.8393,6.794382,1.7447712,2.7514608,19.889654,65.444786
679,216.28458,4.1559677,1.4626074,2.8574975,31.01932,79.34123
680,196.79097,4.1267695,0.6545219,2.6371257,33.610004,105.67882
681,215.01215,3.6145632,0.70829797,2.8262484,36.257175,91.302444
682,266.02655,4.8040843,-0.16756116,2.3003662,39.116524,107.08547
683,204.18742,2.916965,0.8742954,2.7730386,38.81491,100.992485
684,150.39072,3.5611618,0.918559,2.3243954,23.66573,85.97347
685,184.86058,5.1284404,0.2999606,2.8963778,31.627449,107.49859
686,204.90186,4.5305285,0.7565715,3.0512352,33.188305,104.695335
687,166.11057,3.2855368,1.0941815,1.9835063,24.806103,87.39058
688,213.2143,5.736045,0.23665419,1.5979832,18.521492,100.95095
689,224.5556,6.3198285,0.22148228,2.1878746,23.699528,111.6218
690,191.06512,4.7575397,0.24963257,2.4772818,34.235424,108.44111
691,232.25705,4.7332797,1.0627491,2.5583951,28.911583,76.821304
692,195.71953,4.6544466,1.2217431,2.869565,21.80572,103.257835
693,205.39153,4.2304907,1.3125765,2.6383438,28.714947,84.06921
694,232.63843,4.556278,0.9687312,2.7992573,32.490536,86.94765
695,181.76044,4.792134,1.4049122,2.380197,23.09696,100.12895
696,200.5349,4.411284,1.1141269,2.3675447,25.796179,85.66592
697,213.6374,4.2721014,0.79167527,2.265451,28.269762,77.86185
698,194.44681,4.1419687,0.51835036,2.406655,28.474707,86.07735
699,181.62694,4.0576506,1.6059475,2.7504644,14.269779,68.23295
700,191.64989,7.083616,-0.8612419,2.854756,13.704896,106.52596
701,191.17383,3.4676344,0.8348453,2.398117,29.923115,78.856514
702,217.36545,5.0591097,-0.22339429,2.3703506,30.247799,102.38481
703,157.69247,4.4460926,0.47282803,4.0088882,10.333218,71.071465
704,157.99113,3.3348806,0.5609804,2.7965658,11.489308,68.03767
705,196.18436,4.4251,0.6955151,2.826826,32.506104,105.89054
706,250.18468,4.972735,1.3153417,3.6083841,38.457447,104.9593
707,339.46375,6.6597433,0.36832374,2.4534132,19.66739,62.370064
708,194.29811,5.373573,0.7930257,3.5700443,25.322428,107.31746
709,239.13155,4.0012445,0.94118124,3.1714182,38.917084,94.20111
710,277.47125,6.083733,0.7704737,2.9335515,31.411615,92.97834
711,199.86243,3.7915368,0.8472871,2.4838402,30.56953,86.63396
712,229.4193,4.5819006,0.6651416,2.7552798,34.17758,99.34291
713,220.24089,3.9775991,0.91633564,2.6720805,32.344273,78.56286
714,161.05588,4.6559343,0.99450225,2.5130954,21.791538,91.86711
715,197.93065,5.0506425,0.9657734,3.0981107,31.029444,110.69026
716,365.06912,5.53729,-0.35694665,1.2694006,15.456702,59.066032
717,223.76483,4.5940785,0.5983114,2.1455517,26.682873,75.08697
718,205.33846,4.240131,0.84651554,2.2118773,26.474829,75.14339
719,280.50778,5.582171,0.7484261,2.8587878,34.09894,92.49849
720,324.1205,6.0535703,1.5656066,2.349159,19.721968,64.27657
721,229.37999,4.7573123,1.0693707,2.5468295,28.5041,78.46955
722,210.82765,3.6336858,1.08652,3.064297,37.16725,102.0697
723,151.43307,3.5897257,1.5615954,3.0142117,11.027308,72.62036
724,199.69022,3.7077057,0.92855257,2.76974,34.4187,100.21358
725,169.54129,3.9105356,0.7606352,2.7263649,13.640037,63.735058
726,203.84346,4.0781126,1.2198322,2.4817302,27.531416,73.05604
727,158.55005,4.515919,0.9894057,2.2011814,18.87521,85.85516
728,185.27037,5.75534,1.0048718,2.2182019,14.778601,97.24623
729,187.67644,2.5766947,0.8551144,2.3501666,34.999126,86.72954
730,180.29204,5.522828,1.4049463,2.6719036,24.577168,99.37512
731,174.37262,3.2793539,0.9510365,2.233374,26.995266,72.40431
732,186.1017,5.4115934,1.4103982,2.7366729,23.299788,103.66459
733,188.87297,3.4741457,0.75224745,2.3129463,34.704365,100.40162
734,180.87865,4.264126,-0.1290522,2.2668777,9.996474,73.03765
735,173.7809,5.198037,0.3468327,3.406351,27.021795,98.40916
736,271.41724,7.9152174,0.83580565,3.1001778,17.748528,84.637825
737,344.05582,6.413498,0.59832484,3.5399368,34.88924,79.33063
738,204.18933,3.8933313,0.7561767,2.68463,32.798252,93.61798
739,215.5189,4.187347,0.9678491,2.5262525,31.544285,89.36277
740,256.2273,6.5372105,1.109699,2.688427,17.359074,63.85458
741,225.27141,5.3096523,0.602369,3.1775732,32.439293,103.8437
742,325.4887,7.144315,-1.060426,2.560057,13.598759,66.9418
743,192.48131,4.8176727,0.40748197,2.6451752,34.146034,109.37574
744,187.87492,3.8992805,0.44071722,2.2920268,28.160614,85.1225
745,229.78976,5.246106,0.7556979,2.930327,32.16482,104.654976
746,149.8211,3.588591,1.4139855,2.4882483,25.107857,87.6736
747,233.60573,4.7252245,0.1905278,2.3737624,30.628708,88.20411
748,169.73885,3.8372777,0.42506057,1.5768658,18.007378,81.56295
749,117.402725,3.7310245,2.2322898,4.1176586,8.68794,58.955822
750,158.18433,4.3167624,1.2498715,2.293183,21.232922,90.07524
751,339.36484,6.6442733,-0.38486588,3.3892686,17.461103,64.175255
752,200.14793,4.646465,0.59813124,2.4792354,35.12436,111.775826
753,213.88689,4.2060223,0.70377916,3.0861125,38.478962,111.48878
754,194.66937,3.6415179,0.55955356,2.0382338,36.649124,104.27146
755,196.44643,4.6415434,0.8768253,2.9191527,32.499626,108.41141
756,196.70567,5.15501,2.3286967,2.1726635,22.460176,94.22848
757,308.732,5.9693427,0.8170024,3.2828357,33.41433,79.47914
758,176.78409,5.175658,1.0253997,2.4022946,17.1222,92.40022
759,196.07254,5.4396043,0.2752172,3.1468577,33.87234,113.77833
760,245.60777,7.2699623,2.1447594,3.126698,24.510735,95.57159
761,256.79395,7.382422,1.5324981,3.1351688,16.794704,76.05848
762,168.74574,6.0938478,-0.2906655,2.447569,13.167486,96.49749
763,210.935,4.1802197,0.74786186,2.2383676,28.73007,79.26097
764,193.63687,6.9584737,-0.69318,2.998933,14.045456,105.17206
765,204.04193,3.799829,0.32948408,2.3795016,32.825687,100.269905
766,215.23064,4.009188,0.8759776,2.9957721,40.831833,112.34476
767,218.23311,4.4505315,0.77865416,2.8224573,33.105537,95.88489
768,395.92535,7.2653303,1.6570847,4.3624516,35.84921,78.554665
769,162.49777,4.7396984,1.030884,2.4696567,21.98106,90.14047
770,157.30286,3.5036745,2.3137677,2.6032705,10.675476,67.869095
771,196.22119,3.4499412,1.0207665,2.6760755,31.857527,80.439445
772,163.43448,3.673794,1.1390357,2.2014759,23.341543,86.48916
773,214.66171,4.8098316,0.48050314,2.4297953,27.177336,83.14152
774,196.51299,3.1121016,0.683765,2.254975,37.938015,100.7569
775,186.60818,4.9465775,0.97899085,3.1331973,30.361822,107.07604
776,188.73424,6.3659797,-0.14814901,3.2047703,17.868864,105.57504
777,222.02016,3.5536213,1.5468891,2.938801,27.588686,107.334785
778,189.71646,4.1963344,0.9370951,2.5015063,32.019367,104.339584
779,198.43376,7.350458,-0.6292089,2.779244,13.551675,106.98902
780,175.16638,4.6870894,0.6902411,3.3389945,26.729448,99.97456
781,200.46951,5.30942,0.63542837,2.2578197,21.563704,103.91718
782,163.27805,4.331412,0.7799808,2.8568833,24.669504,92.34373
783,152.57466,4.168899,0.75236547,2.7163017,23.900808,87.75941
784,249.92204,5.8750553,1.4963694,3.7269003,36.750435,107.57065
785,186.53453,3.381805,0.0748616,1.4201802,36.911777,100.39703
786,213.61197,4.2597513,0.88191575,2.3837628,28.18039,74.57874
787,155.32498,3.7088351,1.0172555,2.1514564,24.40258,87.042564
788,263.5487,5.3104143,0.9451656,3.2931108,37.23282,97.34246
789,224.81032,4.664855,0.5832077,2.627251,31.195456,86.955894
790,226.81573,4.4275007,0.77283067,2.4492178,29.596922,75.54289
791,152.73218,5.4994874,1.6425655,2.4638267,22.206135,89.67133
792,208.61664,4.3297668,0.724024,2.4809945,29.032,83.71942
793,179.7829,3.4720678,1.1989207,2.2377105,26.962734,94.68241
794,144.10284,4.228781,1.2891243,2.4130025,21.945864,84.255806
795,248.98566,4.8455143,0.4059078,2.4532154,37.465076,103.94336
796,266.97592,5.458634,0.9226623,2.9962547,32.911537,88.815025
797,196.79181,3.7677867,0.81400275,2.5625322,31.215654,91.58972
798,193.87729,4.0504894,0.76252025,2.5459247,33.34791,104.73589
799,232.61275,7.011088,-0.0037622675,2.4723804,20.08268,100.895134
800,151.95988,4.9457297,1.303906,2.7344022,26.517147,91.58338
801,204.47699,4.252781,0.8561744,2.5137367,29.585949,94.32608
802,185.92696,3.1855404,0.756544,2.1478739,31.40606,93.86339
803,191.87033,4.171653,0.8731596,2.4473698,32.043545,104.00398
804,147.14908,4.035569,0.5017353,1.4537446,10.94061,60.136356
805,152.31044,3.163841,0.78407377,2.1802955,26.136301,84.231316
806,204.5666,4.5223026,0.68008417,2.8130255,33.384808,109.18724
807,240.21321,8.906116,-0.6825661,1.8444023,13.904455,120.42448
808,191.37592,3.7184675,1.1522098,2.4506721,27.915052,75.80864
809,188.2701,3.0422099,0.79089195,1.8811735,33.065155,97.39552
810,147.85432,4.0272436,1.2752805,1.7993891,20.374998,83.3458
811,232.62314,4.683525,0.93968636,2.7716017,32.338837,91.83673
812,217.47034,3.3286552,1.0418859,3.1474814,40.89624,103.216965
813,211.2946,4.8189178,0.6592073,3.2083256,35.234108,113.99763
814,179.32344,6.011439,0.33312652,2.8248992,17.072178,97.08254
815,209.12466,4.295343,0.75304323,2.1328087,26.471241,74.31282
816,192.18404,3.810032,0.7900921,2.4201343,34.8641,103.45784
817,151.90663,4.4322033,0.4105209,2.6663475,26.683922,91.092606
818,239.49385,4.7565207,1.2163532,3.0140727,32.52076,85.69347
819,183.24332,5.905518,0.09351322,2.8252501,18.047585,102.61186
820,320.34692,6.3175864,-0.5235287,2.9241145,16.010836,61.509293
821,195.73218,6.648899,0.27777538,2.9034822,17.995695,102.378494
822,252.12059,7.241701,1.3500862,3.2334666,15.404065,73.47497
823,195.58885,4.132192,0.8707919,2.605682,34.457638,106.765785
824,199.9751,4.433179,0.9400516,2.610402,34.633644,110.58389
825,211.4036,4.098201,0.62268484,2.6203387,32.680077,92.80476
826,222.66182,4.0722837,0.62077165,2.5491614,32.764774,83.55814
827,266.44565,7.5799026,1.0989845,2.890035,18.498627,81.31747
828,205.85411,3.305808,0.850972,2.7530153,37.557194,102.32731
829,201.47388,3.9773154,1.0627797,2.6480668,29.760157,82.89258
830,209.89449,5.20628,1.1004,3.0616856,34.117252,118.88861
831,169.73541,3.8159945,1.462533,2.4428875,12.274989,64.2088
832,190.16374,3.957428,0.8741161,2.3008642,32.972908,104.06887
833,310.15988,6.007957,0.76319283,3.2130558,35.235897,88.18385
834,180.17276,2.8317347,0.7648272,2.2355168,34.41414,88.92716
835,204.65753,3.6738768,1.2827752,2.9100587,32.967937,84.801544
836,242.16977,4.665927,1.5067024,3.1250174,34.08321,86.75644
837,240.85147,5.0324073,1.2325432,2.735605,30.668062,88.43972
838,149.95761,4.9476643,0.84918696,2.6651776,26.553232,90.466896
839,193.98021,4.765872,0.98934454,2.9764395,31.537043,109.04709
840,331.41498,7.09863,1.1146059,1.9797693,17.855368,72.91154
841,189.54861,2.6605134,1.1307046,1.9119161,27.602026,89.31478
842,273.98706,5.547206,1.0394602,2.9770253,34.368637,93.67089
843,178.83025,2.6021252,0.7475094,2.2591672,32.44911,84.66417
844,215.07356,4.4585657,0.87217265,2.2382278,27.27361,77.839714
845,308.89142,6.000822,-0.5160742,2.1541321,14.932456,59.29782
846,224.8353,5.081747,0.45365483,3.253096,34.897186,111.614876
847,155.20546,4.1588235,1.8448913,2.1890469,23.425198,91.9786
848,207.25285,4.0744553,0.87258935,2.5850902,30.292387,83.72515
849,201.71863,3.0362337,1.0170939,2.6670184,36.55401,93.50627
850,173.67537,2.8544478,3.138863,2.4588478,10.458557,73.99876
851,366.97452,6.15877,-2.1863067,1.8854774,41.5989,116.09057
852,224.13345,4.417266,0.6353895,2.3886118,29.46084,80.07058
853,199.29391,4.27938,1.0339267,2.2163413,25.217192,75.53836
854,200.97743,4.9680076,0.86905414,2.2131886,22.280575,91.7297
855,205.82062,5.945174,0.34826,2.4505165,19.522385,103.86296
856,193.32932,5.432304,0.7849836,3.3122947,31.537851,112.718605
857,457.09003,5.640096,-0.27087215,1.7258315,19.652552,61.717636
858,212.95575,3.9717715,0.5306677,2.3486,32.634045,86.60589
859,203.42932,3.9639182,0.8917307,2.7851663,32.616554,94.86337
860,226.18248,6.324585,1.8166122,3.027842,27.099436,111.82735
861,193.67783,7.3106,-0.17369667,2.1311698,11.012373,108.03446
862,358.12833,6.5888534,2.0103362,3.9908054,30.320145,65.25364
863,224.05476,6.6695023,-0.07195352,1.8486931,18.106314,111.92292
864,200.99171,3.81645,0.88193756,2.368025,29.135723,77.97772
865,245.91838,5.4302993,0.9643678,3.7668216,38.59674,111.811905
866,203.51935,3.8543506,0.520257,2.3612027,30.629484,83.93781
867,199.74797,3.7957509,1.0937665,2.6417198,30.559052,83.025566
868,223.72882,4.2966,0.9247095,2.5824065,30.42001,77.397575
869,170.61737,4.394706,1.0664666,2.5410907,23.004246,91.70059
870,169.47096,5.3421445,0.056351677,2.9361343,15.525435,73.714386
871,198.98709,3.0898192,0.8327381,2.4188645,37.090626,101.94754
872,202.62105,5.4789877,0.91293985,3.5907812,32.0178,113.50844
873,190.61513,3.8722188,0.816409,2.4494867,34.24432,103.06455
874,203.83124,4.4685974,0.66374683,2.539379,28.626137,88.03078
875,179.8016,4.5584435,0.8719629,2.4487984,19.570356,93.917175
876,215.1545,4.368316,0.55771875,2.1130667,27.495358,79.16589
877,170.98573,2.178997,0.7776413,1.2587683,28.953917,89.803055
878,206.23726,6.5126514,-0.10033956,2.3179681,17.512596,105.51786
879,191.02614,5.3192897,1.5467558,2.496276,22.68051,96.56865
880,165.56471,5.2658434,1.0613837,2.9054656,25.44192,96.840775
881,152.61075,1.8145617,1.2891598,1.64699,23.68849,78.7917
882,238.7784,7.060536,1.1949573,2.7470608,16.993555,75.69059
883,290.20807,6.908848,-0.04959178,3.2385118,16.03688,63.327488
884,208.66782,4.675684,0.59129715,2.5978842,29.243845,90.552284
885,185.6419,4.1364775,0.88405305,2.2460582,32.682217,103.41131
886,207.34802,4.19133,0.7016474,2.3111317,27.625753,76.27436
887,205.32568,4.3441725,0.82869256,2.118737,25.011137,72.605354
888,268.04697,6.987759,1.0379722,2.9186053,15.73908,71.27443
889,154.13216,3.6039984,0.9862923,2.1043823,24.372065,86.06603
890,196.02875,3.4275994,1.0421476,2.7049835,32.53777,87.865135
891,163.5143,2.6134434,0.8664069,1.9713911,28.734592,79.16937
892,280.56845,7.743721,1.6632762,3.5591967,17.769972,78.892334
893,185.55139,3.288219,0.585083,2.2821577,30.120893,83.44387
894,194.63649,4.0672274,0.7548852,2.5824597,33.206207,102.93344
895,140.186,3.9258182,2.097401,1.407714,11.755645,54.78339
896,214.5119,3.7092865,0.84710556,3.037499,37.621128,97.57453
897,195.89009,4.1527333,0.7475535,2.6181502,33.4841,105.16477
898,331.88882,7.0634117,0.4001944,2.2196214,22.4744,83.76218
899,266.5942,5.682022,1.8307168,3.1965559,30.24862,79.41162
900,264.6193,5.5847445,0.61058646,2.447737,29.07441,88.47908
901,254.39427,7.320397,1.3196905,3.2523935,15.209035,74.75765
902,185.69247,5.225038,1.9098024,2.2873619,21.839394,91.14811
903,182.5812,3.931042,0.35188234,2.3265445,10.261076,70.25259
904,356.5262,8.402946,-0.3745129,1.9802817,16.881386,94.66958
905,185.90813,3.1503563,0.88552016,2.445713,30.925104,86.0309
906,200.7442,3.3748333,1.0090666,2.998545,36.06591,98.10919
907,220.44092,3.362278,0.96743315,3.0732331,41.89495,107.04737
908,173.07877,4.218047,0.77922225,2.4738102,10.124389,69.46376
909,238.01634,4.1742325,1.07674,3.4828377,41.555172,106.18169
910,271.60684,5.778774,0.7868977,2.7564983,31.744621,95.46552
911,221.10776,4.450445,0.90664667,2.3928685,28.166527,75.44465
912,215.6896,3.9082894,0.84323627,2.7040324,33.210224,84.40954
913,296.37662,6.4661856,1.4994369,2.336366,18.853262,65.74303
914,183.78621,4.225984,1.620477,2.175351,23.353268,94.838715
915,266.56705,5.3236375,0.869632,2.7579393,30.859053,79.49188
916,146.28436,3.3593674,1.2886653,2.1396031,24.044292,84.61456
917,224.43742,4.8359685,0.5626788,2.463239,29.44732,88.308815
918,196.13795,3.7206874,0.70093006,2.4066355,36.3519,104.185745
919,235.16106,5.1948485,0.9341244,3.0132506,32.29399,97.67664
920,226.88957,4.6185994,0.7485537,2.475529,29.383928,81.89976
921,216.69147,6.591919,0.9657487,2.1420228,16.400908,103.75163
922,219.4647,4.5389853,1.2459416,2.5533044,27.972855,77.420975
923,224.25844,6.208302,2.0617433,2.5837827,17.66247,59.881752
924,358.05594,5.6396613,0.8824782,1.7520864,18.78871,59.17372
925,200.80179,4.4493856,0.72887194,2.8344119,33.78207,109.32351
926,242.15775,6.6584473,1.6429498,2.8006268,17.285479,68.20006
927,267.99026,5.269998,0.17734393,2.418029,33.5612,91.10028
928,203.89632,4.3985667,0.87693745,2.090263,24.819939,74.330444
929,196.88306,4.6910796,1.8680842,2.4729311,25.188137,93.275116
930,152.10172,3.5135007,0.41406655,2.426382,11.024327,64.672035
931,318.76123,6.657142,0.81643325,3.5049882,34.26536,89.880806
932,186.57578,4.7286973,1.2679985,2.4038455,21.080637,96.31067
933,338.52148,6.5403438,0.033441573,3.4385104,18.74379,63.69703
934,197.08669,6.9529123,-0.15740398,3.2791357,17.96547,106.83806
935,197.68246,4.984182,0.59069103,2.640862,33.651844,112.488304
936,217.68929,5.716168,1.8786306,2.5279865,17.970251,59.944145
937,156.86783,4.5838184,0.063916,3.4724796,11.372724,69.234985
938,232.89902,4.8084383,1.1049602,2.815524,31.334482,89.55862
939,207.23071,3.470544,0.63882893,2.6424088,39.730453,106.14878
940,193.78993,6.342406,0.2821818,2.9974504,17.785166,104.90492
941,197.20508,4.8274446,0.8599125,3.0132618,31.484238,108.78546
942,169.28513,3.3813508,3.2007325,2.9910824,12.556564,69.48171
943,174.72873,5.8686285,0.9519538,3.3445547,19.42815,107.34998
944,267.05664,5.2599893,-0.26554286,1.9201664,27.499708,78.70134
945,205.19841,4.833054,2.0474873,2.8637495,30.800966,99.37874
946,228.3757,5.0915656,1.553863,2.6975648,26.615664,80.59032
947,202.33403,4.1637163,0.6803318,2.229582,26.93513,77.40932
948,147.65778,1.9937867,0.8629479,2.1058304,24.688513,81.43204
949,183.06277,4.817122,1.3029413,2.8839123,21.278536,92.631874
950,176.04605,6.089268,-0.10912757,3.0188622,17.702925,100.55838
951,165.90262,2.8198626,1.3115716,1.7472404,24.027449,85.636856
952,168.5116,5.1253257,0.9876638,2.558884,23.000038,92.2408
953,194.42879,3.6535752,0.98966664,2.386501,29.108892,77.8123
954,275.87198,5.886487,0.048317075,2.6655579,33.63321,103.853065
955,160.33519,2.6584156,1.8757744,2.938035,9.833997,73.90767
956,162.99945,4.920324,1.0988586,2.8472195,23.219898,93.81726
957,265.4955,4.623967,1.0513916,3.6422846,43.609722,106.932976
958,197.56877,4.94222,0.92661136,3.0170918,31.169363,109.673996
959,178.12553,5.202961,1.0451667,2.6745481,20.704973,95.991844
960,224.34613,4.3387814,0.9075462,2.556394,29.489416,72.91465
961,161.07196,3.9803166,0.96184915,2.332615,24.637192,89.84077
962,286.70572,6.4409256,1.0321288,2.973182,19.346098,62.277912
963,207.13184,2.9377956,1.0640235,3.0266564,39.585342,95.93179
964,171.6651,3.7082863,0.823645,2.5337698,20.410172,90.61915
965,169.69072,5.220022,0.8793985,2.3970172,17.122887,103.860916
966,168.05371,3.7587886,3.9652674,3.2252266,11.943016,68.00068
967,260.64374,6.0217657,1.5299487,2.39465,19.55599,64.73233
968,175.01817,4.049577,0.83048874,3.078662,13.684285,66.215965
969,216.93896,5.573294,1.8555739,2.3834307,18.082119,60.107212
970,145.86732,3.74229,1.3800669,2.3790317,23.081871,85.05787
971,237.9835,4.389798,1.2954104,3.4828448,39.21381,102.81985
972,232.4088,5.1191587,0.7429469,3.3423648,36.840885,114.63539
973,169.23834,4.7031784,1.2593639,2.5185769,23.490124,91.689766
974,201.05661,4.5291033,0.9265271,2.767658,33.260315,110.26681
975,157.79169,3.8449008,0.9898376,2.4022014,24.005531,90.3168
976,176.6337,4.5100822,0.9809477,2.8512337,25.54223,96.52837
977,154.45517,1.933505,0.9370331,1.8543937,26.452415,82.06779
978,171.7834,4.127723,0.61150986,3.0677037,13.921729,65.914375
979,208.45932,3.4227169,0.8086871,3.0104897,38.429012,100.430565
980,185.75453,4.7839804,1.6990786,2.3270698,23.867725,93.43783
981,205.4136,5.0671268,0.5406018,3.3682296,32.78483,112.47783
982,167.27713,4.176776,2.3051815,2.1138155,14.051927,65.355286
983,141.17358,3.4240065,2.781966,2.2539341,12.073958,66.08845
984,151.88123,3.8302355,1.0684888,1.9454455,20.757154,83.22553
985,149.965,4.000719,0.73085135,2.6999996,23.83368,85.69518
986,224.77644,4.505388,0.2516858,2.6556954,34.948017,101.15017
987,158.36478,2.8128896,2.6805844,2.9272375,11.488281,67.65498
988,281.85187,6.0955906,0.3189009,2.0199325,22.012957,77.69155
989,216.78432,4.354301,0.93407696,2.5141554,30.715183,94.976845
990,215.94897,4.736873,0.8671159,2.0931675,24.045591,71.97722
991,206.89423,4.008355,0.786307,2.8093467,34.9092,105.82639
992,230.8621,4.9640574,0.41227698,2.787197,33.893612,102.9182
993,224.54478,6.619884,0.18772045,2.3462067,20.82321,99.38266
994,229.56746,4.1120305,1.3859136,3.1260653,36.015064,87.357
995,213.5608,4.0847645,0.8505054,2.7812796,33.699448,95.94302
996,156.87103,4.4129496,0.23609969,4.2383504,12.247197,72.82273
997,179.64572,4.2255054,0.9928122,2.267562,25.188671,96.14278
998,256.32242,7.428311,1.4943511,3.2309294,16.239185,76.49633
999,169.28961,4.974986,1.278353,2.375866,21.059967,91.3632
1000,217.86392,3.3129463,1.6319275,3.1988864,39.94394,98.496315
1001,250.29582,4.839559,1.0687122,2.8511853,34.746296,92.40766
1002,167.1963,3.8000007,1.0620346,2.2313104,26.322948,91.94137
1003,247.53197,5.8273854,1.0748827,2.1137004,19.847717,66.80552
1004,227.45311,4.333595,1.4984655,3.1616642,34.226963,91.00161
1005,242.89267,7.158191,1.9541757,3.340957,16.142998,73.5215
1006,196.12709,5.271426,1.3365362,3.0416808,27.779037,110.58547
1007,217.67165,4.2818694,0.96228963,2.5239177,28.430296,71.56833
1008,194.68918,4.792827,0.89423615,2.7322435,32.378006,110.19606
1009,163.70317,4.9946175,1.0847738,1.9867293,19.288296,91.66161
1010,201.82533,3.389359,0.88886935,2.5570111,37.906055,104.64793
1011,306.7107,6.114914,-0.71943635,2.0520613,14.113932,59.74984
1012,218.52333,4.413003,0.5858056,2.151401,27.502218,77.42753
1013,149.82913,3.8561459,0.35106802,2.674618,24.553492,87.79685
1014,158.04718,4.609674,1.8818154,2.6463583,25.028719,94.00507
1015,376.76486,6.0254507,-0.5540252,1.3823937,16.41714,60.979843
1016,202.11488,4.1249304,0.7729035,2.8759573,35.812756,106.7821
1017,251.80273,5.321965,1.363297,2.8017147,29.11728,78.01881
1018,210.6087,3.2795558,0.77399206,2.8420284,40.26483,105.517395
1019,395.00784,6.05389,1.3564177,2.2970324,22.4661,63.27293
1020,308.51233,6.713209,-0.6013105,3.1454768,15.178398,64.11078
1021,183.62361,4.52458,0.7211163,2.5532966,31.456217,104.00538
1022,210.55544,4.086533,1.0212097,2.492705,30.33878,83.22926
1023,154.16338,3.8262827,1.3119223,2.2845552,22.307028,87.338715
1024,190.53444,3.6547675,0.55625725,2.1774297,28.268726,78.833
1025,235.91957,7.1064754,1.2253432,2.8232396,16.638094,75.569496
1026,207.33174,4.1902285,0.9240373,2.5703409,36.4479,112.2621
1027,221.0804,4.7516203,0.15973702,2.3496585,30.093304,92.511475
1028,136.91508,4.274671,0.33648998,3.9563975,13.505433,66.258156
1029,227.12807,4.4124527,0.25073034,2.0782313,28.021528,76.311516
1030,173.55116,5.5639563,0.6848059,2.6251395,17.314978,103.97216
1031,191.08,4.107224,0.761918,2.2600496,33.544712,106.856926
1032,259.26724,7.4857807,1.5515127,3.4280138,16.112387,76.53883
1033,217.87485,3.4721541,0.84298617,2.9567187,40.482582,107.49055
1034,203.341,7.606374,-1.0950363,2.9407492,13.129839,105.8585
1035,197.85374,3.8194106,0.80750734,2.5106325,29.973974,82.24607
1036,170.49417,4.561075,0.9700698,2.5903447,23.851538,94.77422
1037,198.33096,4.6387477,0.9472584,2.8593829,32.80104,109.69827
1038,198.07927,2.941297,1.404666,2.9812107,36.810833,91.3116
1039,237.91342,5.4481483,1.2909405,2.5129602,25.830177,82.90684
1040,222.97868,4.2917967,1.690702,3.1311762,32.836792,86.7608
1041,192.73436,3.9589968,0.53716016,2.1786516,27.321663,83.36709
1042,210.58974,6.9687505,0.5118125,2.715991,18.328974,106.0162
1043,215.78925,3.5271459,0.8444204,3.0116794,39.30979,106.31609
1044,211.77574,4.6522307,0.31553614,2.4773862,30.278399,94.712074
1045,161.68982,5.123947,0.83023703,2.763422,27.162138,96.1336
1046,199.56433,3.4683743,0.6961288,2.3898182,32.506138,92.226326
1047,193.96054,5.600127,0.86179775,1.5405855,14.040455,88.799416
1048,215.83409,3.9528193,0.904826,3.0085132,36.65829,103.70907
1049,293.44452,5.6709976,0.9632159,3.3477542,35.356792,86.46594
1050,223.33,3.886987,1.2117074,3.2523952,39.00809,102.52085
1051,156.99182,4.0319386,1.0357254,1.9328481,19.449928,84.93778
1052,212.26637,4.334671,0.964395,2.684133,30.158009,85.25017
1053,244.43207,5.0579,0.9924273,3.0293956,34.333214,98.84966
1054,293.92236,5.607987,0.9639353,3.228223,33.49444,77.451096
1055,154.39015,4.54809,0.7937397,2.676174,23.084583,88.40981
1056,231.88785,4.547294,1.0204625,2.7905452,33.35066,94.726715
1057,252.35278,5.892883,1.9800372,3.348607,32.88874,120.2402
1058,178.03078,5.303651,0.99816173,3.2671163,24.28596,100.85859
1059,253.99414,4.8563595,1.1908629,3.1919222,35.95026,93.62309
1060,203.69676,4.226032,0.88871306,2.4910448,26.180561,103.0046
1061,165.72572,4.3551207,1.8959165,1.4155457,13.186057,63.240063
1062,231.91156,4.906007,0.3976984,2.187573,24.63754,71.99176
1063,212.81111,4.2932615,1.5033143,2.7633054,29.45538,80.36908
1064,209.89204,4.440894,0.7999267,2.7787504,35.715443,113.41087
1065,213.51424,4.187263,0.7071472,2.4775043,31.75541,96.413185
1066,161.66855,4.677777,0.9268221,2.6454952,23.188683,91.716255
1067,173.09949,4.6465864,1.0779896,2.4157052,21.099834,93.331726
1068,164.38437,4.3881407,0.2934268,2.1623447,13.135491,67.342964
1069,223.86552,7.6426945,0.39893508,2.6645012,15.63839,108.643654
1070,232.18007,4.7330837,1.289994,2.7631698,30.351315,83.531784
1071,200.57552,7.2589884,0.58371514,2.658197,13.410973,99.912865
1072,263.29007,7.5502524,1.1003075,3.059118,15.178015,77.20935
1073,198.61926,4.488364,0.7021465,2.9108388,33.115406,107.59822
1074,313.6004,6.4300075,1.5348408,2.1718297,18.96076,67.303154
1075,194.6354,4.749512,0.93202215,2.710061,32.9459,110.16136
1076,159.143,4.575927,1.010005,2.1985412,18.69382,86.14498
1077,212.26935,4.333556,0.7004392,2.5423412,30.169327,85.68406
1078,233.57431,5.4823184,2.1759114,3.3266053,31.454237,111.07893
1079,238.59285,7.1054573,1.1554737,2.779073,16.123976,74.5436
1080,185.8516,4.1044564,0.4065203,2.0805788,33.89346,102.91041
1081,210.65836,4.2233105,0.8522347,2.8491092,32.77401,94.24865
1082,226.11646,4.73632,1.1971605,2.5202813,27.883476,78.19225
1083,200.55544,4.4815373,0.6423489,2.7281904,31.528479,105.17249
1084,157.67659,4.4126735,1.8629637,1.3840331,12.909562,62.889046
1085,211.5532,5.073872,0.44726872,3.3545625,33.69338,114.14709
1086,186.09895,3.730887,0.9673851,2.121241,26.439697,85.17182
1087,243.08687,7.128539,1.1674783,2.7677565,17.101442,76.08738
1088,268.11594,6.3792768,0.6969944,2.877429,18.863972,115.60042
1089,293.4946,6.954436,1.3548639,2.5179317,17.762728,71.01917
1090,255.60938,5.19779,1.1723583,2.986018,33.260654,91.891655
1091,176.32791,3.7968621,-0.36914498,1.6912274,11.075495,66.942535
1092,259.57672,6.7144184,1.6772716,4.6398916,18.600342,67.67241
1093,223.25017,4.9661593,1.2190113,2.5952828,26.450346,82.462654
1094,221.34018,7.863735,-0.21656907,3.1742125,15.790215,116.05314
1095,185.33374,6.2185326,-0.46880558,2.617353,14.944274,103.05848
1096,261.52484,7.5577765,1.5203238,3.157644,17.644424,78.5704
1097,182.7966,5.9436703,0.49901044,1.8831831,14.90887,108.325806
1098,145.381,3.5230017,1.2359135,3.024756,12.219556,67.24409
1099,174.98198,5.0071297,1.0460734,2.6741118,20.922499,95.97792
1100,205.72183,4.1085453,0.60526687,2.654204,32.220547,90.823784
1101,180.56444,3.5379162,1.8302498,2.7431722,28.486074,74.22812
1102,311.13785,6.034464,-0.6195022,2.0759342,14.659588,59.36098
1103,255.5332,5.4974613,1.5829093,2.9152966,28.5427,76.436356
1104,188.93987,7.1596146,-1.2157018,1.8815937,9.5564785,102.76755
1105,270.8023,6.286357,1.706696,2.506277,19.916971,66.46876
1106,293.01392,5.501781,1.2101052,3.4718318,36.346344,85.97362
1107,198.53467,4.076551,1.2547171,2.4684849,23.60569,102.17253
1108,211.4213,4.1575775,0.9446154,2.60759,29.491756,77.261734
1109,228.16118,3.631759,1.1217747,3.253651,42.76368,112.554634
1110,188.64528,4.314175,0.29237255,1.9220315,34.50065,105.96791
1111,217.97784,4.587873,0.7847073,2.6145122,29.777754,85.521965
1112,364.99728,7.5404325,0.41372526,3.8723366,38.46255,100.59615
1113,167.8608,4.4741735,2.1464872,2.1377995,12.867218,66.191826
1114,186.4684,3.107196,0.6648517,2.2628992,31.930183,92.85122
1115,194.98254,5.11373,0.6551344,3.2128413,29.711998,107.90808
1116,280.4908,5.668713,0.150296,2.6173203,38.25644,109.092606
1117,208.21252,4.2126284,0.23357469,2.1206434,28.547329,84.59448
1118,153.8453,4.333008,0.76522356,2.1766386,12.895931,66.54669
1119,189.51779,3.2779002,1.0630431,2.6180863,31.515053,84.1809
1120,351.55582,6.4307075,-0.1901843,3.1913092,18.667776,62.932915
1121,250.17023,5.2881103,1.03016,2.911927,31.616108,87.719475
1122,216.18744,4.5123167,0.7711446,2.149279,26.024853,74.056595
1123,183.00444,5.1892514,1.4042838,2.6885495,25.438122,99.554245
1124,238.61017,6.9558387,1.1832292,2.6821315,17.057503,74.65039
1125,291.6709,6.037653,1.1422739,3.2202003,31.35344,81.23707
1126,231.62291,4.5210476,0.7696629,2.4823825,29.201914,73.6591
1127,160.53647,3.4673603,1.249615,3.3323064,11.536563,76.578896
1128,260.50406,5.5922256,-0.090749264,2.6645818,34.67426,108.21279
1129,197.94888,4.265832,1.5579181,2.6671293,25.653221,73.76865
1130,289.04916,5.90252,0.94722575,3.52431,37.68817,98.17574
1131,204.23286,7.5669904,0.3977921,3.1515415,15.874741,104.30935
1132,225.06064,5.4555235,0.67362887,2.841135,33.059536,107.008026
1133,366.6704,6.1674476,1.209507,2.120974,21.899569,69.31869
1134,170.3056,4.323188,1.1460519,2.4941256,22.974493,90.75052
1135,213.12735,3.6708868,1.001787,2.947105,40.768005,109.19118
1136,153.87277,4.1141114,1.3019438,2.6503577,24.275057,90.020004
1137,204.30238,4.016836,0.7482086,2.2172437,27.36982,72.965
1138,178.49615,5.1184916,1.0047193,2.3916266,15.967914,91.37677
1139,193.51332,3.5014548,0.750494,2.5496001,31.579445,86.17143
1140,222.97842,5.9320574,1.9480689,2.50407,17.67227,59.093906
1141,221.03229,4.7911205,0.31850204,2.8875186,34.86182,112.93234
1142,387.34375,6.7101884,-1.5232329,1.466611,14.187615,69.04872
1143,245.64285,4.8904567,1.3809841,2.9306061,32.347454,84.776886
1144,201.68134,4.37998,0.8045318,2.90357,32.53957,102.290504
1145,191.12152,3.5032606,0.60659236,2.3397858,30.564516,86.75449
1146,231.74776,4.8496346,0.66431266,2.2256744,25.443138,71.129425
1147,399.64233,6.232535,-0.60051835,1.8671248,18.606203,60.959877
1148,217.3657,3.5361927,0.76033133,2.8798044,38.381466,93.44506
1149,251.03389,4.494805,-0.018499762,2.3017185,40.09085,107.0537
1150,180.43228,3.2508907,1.7696855,1.5777618,29.541939,92.60848
1151,325.34903,6.8612494,1.383291,2.073636,18.572384,71.25077
1152,205.82109,3.8181205,0.5971254,2.6859915,34.019867,92.823
1153,194.38863,4.636755,0.83112645,2.948668,31.915192,107.338196
1154,156.27245,4.0536585,0.87284195,2.423937,23.263765,88.62729
1155,203.4049,4.764008,0.6166052,2.89648,30.590948,102.47359
1156,196.34883,3.961274,1.0599279,2.3099155,26.636387,73.53826
1157,271.26913,6.875348,1.9291902,3.4943583,20.665703,67.453804
1158,152.30072,3.6899602,1.6305001,3.3737214,9.553826,64.87818
1159,192.83711,7.447552,-1.038542,2.6519957,11.019515,100.94706
1160,204.15872,4.0873795,1.0282414,2.3959763,28.677391,80.86819
1161,218.25989,3.3017104,1.0554464,3.045965,41.190056,107.04487
1162,244.48279,4.9661355,1.1863148,3.0819101,33.586617,91.6888
1163,198.64642,3.061751,0.9349167,2.7094083,35.252636,91.79998
1164,401.0801,5.76839,-0.22018676,1.5646883,17.785934,61.638336
1165,143.34097,4.3536615,1.2143216,2.2500513,12.238832,64.9225
1166,180.9381,4.188343,1.290566,2.4778156,26.804014,96.72331
1167,177.79149,5.363205,0.243862,2.5527956,17.475832,73.59078
1168,215.7538,3.5751169,1.2481487,3.288334,39.774498,103.62496
1169,205.72537,3.3803968,0.6880395,2.7539973,36.552124,96.146454
1170,180.12163,4.0157456,0.7294376,2.1340792,22.320559,93.17443
1171,226.64304,4.5947,0.5967563,2.2093604,27.635391,75.62754
1172,176.32199,3.381736,0.0038469434,2.586888,12.425428,72.00714
1173,308.67618,6.4682255,1.3951547,2.1480489,18.553736,66.80255
1174,221.90237,4.2988796,1.3363547,2.9190567,32.334072,87.273186
1175,254.16298,5.7155843,-0.201844,2.5398734,33.17997,111.903244
1176,230.91733,4.2091465,0.64586383,3.0382578,38.745205,106.51107
1177,272.14972,7.5768633,1.7488704,3.5288403,17.695099,77.27551
1178,214.4322,3.5171206,0.7985849,2.8880904,38.406723,104.9566
1179,220.50084,4.563028,1.1839511,2.86231,30.766022,92.86699
1180,214.46684,5.1044064,0.01663825,2.5763063,30.594791,103.63981
1181,190.03397,4.9276943,0.6009514,2.8086886,32.41807,109.29977
1182,198.7753,7.334063,-0.30386055,2.3323565,12.755981,111.51706
1183,276.4623,6.4949408,1.15944,2.9160259,19.26861,61.6705
1184,176.49835,4.8281655,0.9302898,2.8012006,24.146809,95.11994
1185,282.07962,6.2138343,1.1497345,2.0737293,17.187668,62.702484
1186,203.18922,4.8892274,0.104833275,2.754071,29.548763,105.05001
1187,243.76338,4.95866,1.082829,2.6844783,30.814932,82.7058
1188,216.1459,3.6139688,1.059746,2.950875,36.771484,95.88711
1189,214.2594,3.6630025,0.89594716,2.7818885,39.407444,110.57723
1190,310.1506,7.550278,0.06876646,1.5156963,12.912643,74.55642
1191,203.59543,7.6381702,-0.7028224,2.9260411,13.549009,110.74852
1192,241.54776,5.2333355,1.5375733,2.7556796,27.638262,77.03261
1193,159.45305,4.1322975,0.4683181,1.5821356,11.721689,63.858784
1194,227.23547,3.5217025,1.1902256,3.285615,43.364113,111.86269
1195,163.07977,3.8421388,1.2367587,2.0354104,23.828299,90.599045
1196,182.87538,3.6805403,0.52167505,2.0525346,26.539145,86.01267
1197,158.27678,3.7469385,1.0418904,2.6710448,26.285772,92.063194
1198,237.21263,5.513599,0.785755,3.4448524,35.407112,111.59248
1199,209.77907,3.8543286,0.4076169,2.5316043,34.309917,96.710495
1200,191.44571,3.8281908,0.4067471,1.9529535,26.263163,94.85154
1201,162.17789,4.0048084,1.0235229,2.9125445,24.274248,92.230705
1202,257.15143,5.4669247,1.0429761,3.269434,35.56136,98.38221
1203,175.13321,5.353186,-0.61969924,2.5882585,32.110806,105.455414
1204,237.04306,4.7435565,0.731639,2.8872497,35.53574,104.11801
1205,117.64128,3.8747578,2.4034405,3.5105572,8.287604,57.579605
1206,206.69524,3.9385831,0.5534598,2.590155,32.89958,91.840454
1207,178.55556,3.2714334,0.95855075,1.7886415,29.913723,97.21293
1208,199.63072,3.9941473,0.70146334,2.6312962,35.35277,107.20805
1209,233.73413,4.910133,0.2288652,2.2273233,27.54734,82.622696
1210,152.74156,3.1897376,0.20741773,2.3512912,26.452066,88.17231
1211,170.01051,6.320755,1.0714042,2.7306159,23.106325,97.971825
1212,173.21252,4.029699,0.73969734,1.5596347,11.531809,65.13371
1213,217.19206,4.700207,0.82903725,2.6614065,29.837317,90.11529
1214,201.03075,3.4404836,0.8394588,2.700859,37.095997,103.16018
1215,173.27866,4.905813,1.3060172,2.3984332,22.455664,95.37622
1216,213.07036,3.5386117,0.8898707,2.7108693,39.8264,110.00062
1217,187.48532,4.0138054,3.766839,3.8377197,13.98558,72.07387
1218,175.68147,4.268791,-0.5981853,3.5635664,12.869165,69.04183
1219,157.60764,3.6786652,0.9227542,2.038167,21.313137,84.919304
1220,253.91238,7.1409607,1.226737,3.1776178,15.690977,72.0257
1221,176.80324,3.7504487,0.92056376,1.8844132,25.057161,95.42697
1222,203.81276,3.47012,0.43477398,2.4030588,34.69431,102.359955
1223,217.31343,4.126696,0.8768479,2.5105853,30.132845,77.23191
1224,199.26234,4.8643165,0.9358823,2.6492314,32.711884,113.607506
1225,206.73111,7.3028936,0.02423118,3.0586872,16.78901,105.36598
1226,194.08977,2.762702,0.6381835,2.5169773,36.327824,92.99733
1227,206.65364,3.849959,0.7920315,2.6176894,32.264168,90.719345
1228,198.84492,3.6596029,0.8501897,2.3341546,36.222023,105.94172
1229,397.7594,7.2077913,-0.2259945,2.3475413,20.114748,70.32263
1230,172.06392,4.14672,-0.0052144155,2.226456,9.925593,70.23672
1231,217.9001,3.941018,1.0675924,3.2024674,38.25136,107.03807
1232,141.0233,3.972049,0.8578516,1.5946758,8.418826,60.11669
1233,196.0695,3.4563532,0.7983808,2.4862037,31.927456,85.54379
1234,209.58807,4.464798,1.0410724,2.371108,25.053152,70.24265
1235,234.10118,4.877192,0.07568295,2.5352392,34.063,102.97637
1236,220.6138,4.353055,0.77826536,2.3398314,28.654715,76.10031
1237,198.41975,3.5650618,0.9392546,2.506446,31.602762,81.897255
1238,218.3617,4.9317613,0.8116489,2.5451372,28.127666,89.46909
1239,177.30455,4.5338717,1.1915202,2.7743518,23.223547,97.53888
1240,373.1908,6.6009264,1.6151257,2.5042212,24.435427,71.434944
1241,158.14626,3.9750845,0.8951934,2.420248,23.678354,87.65422
1242,206.6726,4.6133513,0.52365804,2.5582426,32.711758,110.543495
1243,164.27007,4.598992,1.2299688,2.3226037,22.497824,89.15593
1244,157.95929,4.9652467,0.9718451,2.5598135,22.024578,89.304794
1245,194.75348,4.1754975,0.37161648,2.1194937,36.089016,107.33781
1246,217.16655,3.8564093,0.72696596,3.0901062,39.266685,108.16209
1247,354.5503,6.845005,1.6138012,2.5779676,21.736063,70.06846
1248,208.57196,3.2958095,0.8368253,2.8130708,39.33967,105.32048
1249,176.08856,6.4582443,-0.60915875,2.7394526,13.098974,96.59041
1250,264.38034,7.6124988,1.232225,3.0037274,18.421022,80.509094
1251,251.81839,5.1423316,1.044872,2.7922952,31.94259,88.40205
1252,167.69167,4.117497,1.3769248,2.162826,22.789295,88.04497
1253,227.3364,5.1082816,0.40162462,2.3659177,26.318857,82.064255
1254,174.75586,3.4736953,3.5874157,2.8149364,9.974138,70.536545
1255,207.18845,4.270982,0.5774762,2.5635264,30.758913,91.10988
1256,229.022,4.901327,0.87029594,2.6574347,30.25461,90.49022
1257,194.97026,7.208403,-0.10684587,2.788081,13.363101,98.18173
1258,254.5189,5.502651,0.34389883,2.517094,28.6371,85.698685
1259,200.27953,4.1518326,0.7965121,2.612117,34.568012,107.8159
1260,199.57393,4.294937,1.1038733,2.3024917,26.010082,88.43601
1261,204.81683,4.3160095,0.58126307,2.4807894,29.298508,86.54101
1262,186.41096,2.898192,0.777161,1.9237354,33.110138,95.24943
1263,220.9807,3.5232294,0.83164066,2.9219747,39.20626,103.67343
1264,237.48349,5.0490704,0.9711837,2.7603512,30.603556,89.43494
1265,244.81554,4.963055,0.9633147,2.5930016,30.746128,82.81089
1266,191.85014,3.69995,0.9596341,2.3098552,28.426617,78.78552
1267,199.52397,3.5673785,0.55931836,2.4677706,32.59136,98.12645
1268,174.76537,5.2445173,0.4783196,2.7079475,18.037992,94.403404
1269,185.21085,5.3374586,1.1191425,3.4667265,29.474169,108.55671
1270,252.30768,7.2646756,1.3206091,3.3493655,14.605688,75.05472
1271,202.92332,4.4445267,0.36446282,2.220124,26.697765,81.88926
1272,216.98132,4.5061636,0.8124432,2.5333972,29.974968,90.713646
1273,226.35237,7.8649473,0.72939557,2.505478,12.733333,109.826515
1274,204.34572,4.307773,0.46912706,2.6457906,37.21093,111.088135
1275,166.98866,4.528828,1.6014881,1.6138384,12.39956,65.52108
1276,204.12585,4.412539,0.430003,2.5011082,37.62167,111.94846
1277,157.66733,4.099124,0.7507796,2.6627965,23.716568,88.09906
1278,192.85805,4.145104,0.7591982,2.5961475,32.72987,104.179146
1279,201.68265,4.221211,0.87131834,2.194509,24.836073,70.06678
1280,204.15611,3.9412065,0.5548087,2.6436234,33.085327,94.80396
1281,206.41301,3.6842241,0.638206,2.7654116,35.820484,100.75133
1282,216.32321,4.382729,0.8838299,2.4329672,28.069883,76.184296
1283,220.4956,4.1493263,1.0538833,2.7298594,30.703186,75.27257
1284,222.2472,3.4711773,1.177331,2.9591866,39.55824,100.07449
1285,320.96613,7.0440207,0.6268397,4.0794077,20.876577,65.39791
1286,197.5197,4.6100616,0.93014675,2.985348,33.599472,109.913284
1287,190.70753,5.1697936,1.3002474,2.6562648,21.68362,101.10437
1288,297.01517,5.5244946,0.79723066,3.24136,34.215576,78.00725
1289,205.54898,4.242711,1.5161738,2.6718256,27.820395,78.00538
1290,176.2684,5.438009,0.33549368,3.1367118,29.160013,105.697685
1291,199.25479,3.8429873,0.7133658,2.673916,37.018425,105.503784
1292,208.34683,4.1963243,0.4036011,2.6244192,33.154373,101.5723
1293,211.11641,3.5127926,1.1842241,3.1324854,40.28808,105.058
1294,267.82263,5.743053,1.4227409,3.1726265,31.846127,89.34081
1295,203.03964,3.8509674,1.0338812,2.5097466,30.65525,83.66256
1296,212.3362,4.5272946,1.1220844,2.4195607,26.104193,73.77541
1297,234.00792,6.76669,1.1001978,2.56792,15.939998,70.78231
1298,209.55019,3.4519522,0.9913201,2.9222834,37.95579,103.19141
1299,202.45389,3.2790747,0.542117,2.3925836,37.811756,103.907295
1300,207.58061,3.5953825,1.0568783,2.9735053,36.071888,98.960594
1301,157.42891,3.8343434,0.97333413,2.161048,23.73215,85.88447
1302,228.01764,4.953343,0.4135592,2.2943375,26.977192,82.48727
1303,246.43488,8.169125,0.71458703,2.2836182,17.134295,114.48437
1304,161.147,2.943434,2.2372923,3.3584933,10.099294,77.11133
1305,207.27512,3.4744582,0.8988314,2.8500702,36.19646,97.05816
1306,204.73735,3.1129282,0.83234274,2.7513254,37.05461,91.0035
1307,216.18086,4.1097136,1.2265756,2.1695426,29.562609,112.69163
1308,216.01076,4.3991404,0.63282704,2.1072125,27.497164,77.50283
1309,200.49591,4.087251,0.82634974,2.2977972,26.937729,76.01293
1310,214.36186,4.166353,1.1585782,3.20767,37.96865,107.73431
1311,193.16968,5.317149,1.765455,2.4288228,22.661821,95.570915
1312,315.23087,7.0815043,0.28205124,3.4648573,38.50315,117.66638
1313,338.37787,5.762526,-1.028574,2.7201307,46.424603,121.11295
1314,269.1513,5.851825,1.1738777,2.9898632,28.06936,76.2091
1315,193.00255,3.6273475,1.0900133,2.5324256,29.830261,80.19053
1316,224.17088,4.2136297,0.5824553,3.0001268,37.582836,102.37603
1317,240.23369,7.052647,1.205939,2.7080803,16.816832,74.472275
1318,251.55743,6.950097,2.1105466,3.4283738,30.13351,117.86177
1319,246.67578,4.5818124,-0.068663545,2.2340927,38.78613,112.5627
1320,187.90137,6.4116335,0.4596799,2.6492407,16.662045,96.37366
1321,217.53409,4.3646665,0.6861651,2.7729087,34.017704,106.18424
1322,173.35332,5.1124496,0.92309064,3.110973,26.656569,100.00702
1323,320.64453,7.4882174,0.60575134,2.4494462,21.692362,87.32556
1324,236.52672,4.687358,1.1762354,3.7498226,42.0905,116.68603
1325,208.90527,4.0453734,1.3030152,2.6870568,30.94884,84.369
1326,203.95787,3.6968074,0.8928918,2.4857695,32.91912,88.77799
1327,195.49316,4.00645,0.7078865,2.2476187,26.853577,78.794945
1328,249.26918,6.768228,1.871968,2.9731758,18.67561,68.537094
1329,173.36255,4.6059036,1.2976243,2.4084828,19.608545,88.10929
1330,222.40321,5.311479,-0.123758845,1.8337916,23.298677,96.157616
1331,178.22977,4.1453786,1.2411795,2.2203276,23.326197,93.26148
1332,166.77556,3.8598557,1.239389,2.1458101,22.909641,87.81988
1333,222.28838,4.52044,0.9912316,2.932875,33.477203,101.3932
1334,207.38417,4.2566686,0.41466928,2.978872,35.616734,109.004234
1335,212.28036,3.8850844,0.8081332,2.8304756,38.396324,111.36774
1336,163.76724,4.5205617,1.1147268,2.30143,22.324234,90.20163
1337,212.11989,3.8378303,0.19125548,1.8057638,40.373856,112.942604
1338,181.82414,4.5320187,0.75507754,2.8576195,22.229452,98.57257
1339,257.19183,6.4024014,0.6843016,3.923686,16.999657,62.44047
1340,161.27039,4.747653,1.1109049,2.3105414,20.574772,89.3394
1341,201.44965,4.1103168,0.79689264,2.5362031,35.567413,108.97664
1342,193.8297,3.8923764,0.5750148,2.4246206,29.401085,83.90332
1343,202.95009,3.6147044,0.98212594,2.7816253,34.041927,97.860085
1344,216.33015,4.29679,0.742163,2.328639,28.3517,75.8146
1345,274.8384,5.80733,0.9224711,2.0466754,20.646166,68.0785
1346,280.0838,7.3874426,0.7438127,2.15344,15.209256,71.48558
1347,196.66582,3.7164326,0.8074127,2.3182335,34.981655,105.17543
1348,157.45686,3.5836768,0.9360288,1.9559605,19.503992,82.38036
1349,204.14514,5.0408807,0.7342478,3.0661147,31.37615,112.25393
1350,154.8069,4.2340155,1.2640679,2.442963,22.426102,89.968956
1351,254.6185,7.4996347,1.4946775,3.2573388,14.839427,77.4172
1352,161.94246,4.2970552,1.1059365,2.2538788,20.859043,87.16002
1353,210.30707,4.6687403,0.34803674,2.3402853,27.988472,87.07473
1354,206.77782,4.344523,0.5149877,2.9861152,34.42044,106.93494
1355,181.01472,2.9240906,0.445898,2.1856704,30.81048,89.703674
1356,272.89758,5.9198923,0.9452749,2.1421952,20.123007,67.70567
1357,177.7353,5.0913987,1.2763469,2.6012259,23.962025,96.55027
1358,227.5866,6.261113,0.37024552,2.0289795,21.819319,104.33961
1359,149.63467,4.6164417,0.47028548,2.0692196,8.698959,64.1759
1360,242.25017,6.198305,1.3162236,2.4940948,18.583387,67.335724
1361,239.61305,6.355517,0.55199426,3.1709955,15.30733,61.084663
1362,224.45253,5.8626747,1.9259973,2.43591,18.000673,60.098858
1363,219.33098,4.4656963,0.5167432,2.0505028,26.61423,75.78773
1364,214.89421,3.5118089,0.7673673,2.8699033,40.82041,109.57628
1365,372.81073,7.322872,-0.09813438,3.193688,19.901148,71.29934
1366,197.45398,3.7128565,0.90024835,2.211746,35.13162,106.120605
1367,199.90074,4.006662,0.6587435,2.4379504,36.2332,107.911766
1368,211.30075,3.558033,1.0481222,3.0155222,38.489883,105.03397
1369,207.70552,4.376202,0.5755085,2.3162463,27.747322,80.4337
1370,211.38617,4.429667,1.2509904,2.5467286,28.593046,85.504684
1371,241.01219,5.321774,1.2538984,2.5204513,27.579565,83.14143
1372,278.66507,6.8724556,1.4677241,2.6757472,19.411575,66.25262
1373,209.08861,4.749464,0.64957535,2.145839,24.509184,95.92619
1374,212.85791,4.208448,0.75718373,2.8586645,34.213734,100.51662
1375,151.80193,3.0553532,2.8426263,2.708366,12.096497,70.68202
1376,173.862,3.877418,1.2146351,2.1326642,23.00609,90.01078
1377,219.71506,4.500532,0.7641412,2.6029778,30.819878,88.87454
1378,217.5356,3.430245,0.650078,2.839373,41.751118,108.64824
1379,206.6843,3.392732,1.0955081,2.9986923,38.183434,101.246925
1380,192.79478,3.440181,0.1427184,1.5605959,37.6431,103.14603
1381,182.76604,6.235749,-0.43975824,2.5563424,14.099053,100.773224
1382,300.0073,6.4636626,1.1639237,3.338556,31.183422,80.60493
1383,340.28033,6.751619,1.4192989,2.499361,20.548426,68.03551
1384,287.27304,6.2422795,0.9109935,2.2122726,20.726469,71.237946
1385,345.4559,6.5341754,1.0088804,1.9084853,19.598953,73.888115
1386,198.27377,7.3183885,0.52144295,3.406142,18.212334,107.59862
1387,246.0596,6.489511,1.0183847,3.3495429,16.37639,63.81443
1388,245.59035,7.1626835,1.1020658,2.740979,16.42379,74.86336
1389,193.18176,4.334196,0.97835237,2.6223843,32.95299,106.98868
1390,234.22435,6.11821,1.5908637,2.541674,17.90199,64.324524
1391,264.06403,6.413874,0.7508996,3.096363,31.358229,110.79684
1392,249.58075,5.3109875,1.0431702,2.8731055,32.362186,98.45633
1393,303.36337,6.8373456,0.8559764,2.383166,21.34489,77.28686
1394,200.01854,3.616197,0.7828393,2.0016077,32.763725,104.97827
1395,161.31564,4.2915363,1.0423694,2.5182126,23.344822,91.917595
1396,159.96474,4.0477614,2.4589303,2.930336,14.126256,66.48615
1397,158.14201,4.777255,1.3328621,2.358073,21.873846,91.0576
1398,279.2077,6.6335416,0.56966895,2.2109118,14.904374,67.97359
1399,147.3465,2.9204803,0.43677396,2.0965075,25.574457,84.0722
1400,170.79968,3.9453394,0.45626998,1.4969499,11.867239,64.23557
1401,268.80234,6.3279443,1.4755156,4.767432,19.529758,64.95526
1402,273.7183,6.506205,-0.26018834,3.8402836,15.379207,62.642937
1403,238.4561,7.0817738,1.1691389,2.773451,16.074722,74.174385
1404,140.83919,4.008944,0.84482294,1.4285253,11.003612,57.935028
1405,163.3221,4.081551,0.97247285,2.416765,22.789957,88.413826
1406,174.62538,3.048229,1.1883695,2.2486494,23.395191,88.571396
1407,194.98004,4.0773096,0.6760929,2.4941673,32.902363,104.270905
1408,227.4353,3.959416,0.4873615,2.6637201,37.090073,101.43887
1409,193.21797,5.017063,1.142884,2.4809124,19.274893,98.029236
1410,255.54059,7.4150715,1.1121359,2.7907493,17.458199,78.85634
1411,309.5636,6.80261,1.0093467,4.1374497,21.567556,64.2003
1412,190.11455,3.582556,0.59721804,2.3569076,29.96306,86.31247
1413,207.73878,3.4590871,0.87869674,2.857974,36.180122,92.28278
1414,209.5592,4.114588,0.9115699,2.972548,38.263214,110.3284
1415,211.25803,3.2398338,0.92639464,2.882715,39.97531,104.47129
1416,171.67577,4.090539,1.1894135,2.2702749,20.70203,89.869225
1417,188.91402,4.2193303,0.99614173,2.5045428,32.43968,104.726906
1418,156.00447,3.884195,1.3159325,2.7893775,25.599337,91.10323
1419,166.85707,4.3258495,1.2290082,2.2103257,22.127247,91.52619
1420,203.16844,4.341862,0.6253314,2.5679138,29.69372,89.6712
1421,178.60439,5.172347,1.2729571,2.6603556,23.893991,97.08974
1422,192.02023,3.142989,0.8832038,1.8541901,33.981888,100.95565
1423,300.39136,6.887111,0.3055842,2.862786,17.748222,63.643513
1424,248.70795,7.309259,2.2026918,3.4380996,17.86222,75.60428
1425,178.38054,6.2964444,-0.38880968,2.7576914,13.687669,97.15089
1426,240.35588,6.66416,0.6351199,2.2455692,23.12968,109.73666
1427,238.24101,4.7314167,0.43979573,2.5206962,32.830288,92.43576
1428,212.78076,4.387069,0.6192315,2.7835908,36.031662,113.02142
1429,172.1021,4.1644,0.20935467,2.5057309,10.33587,71.81147
1430,194.89261,3.8281841,0.77433616,2.1467063,26.961588,73.36711
1431,213.21094,4.229569,0.8498545,2.4367867,28.752575,77.85666
1432,293.353,6.3143244,0.8397978,3.533086,34.55251,92.277626
1433,146.68524,3.9100046,2.2473912,3.1597083,9.610723,72.5349
1434,181.41225,4.5517507,1.3888104,2.256559,20.99259,89.257675
1435,200.34479,4.54275,0.143991,2.4667242,30.418121,103.01503
1436,165.82861,3.74658,1.1279833,3.038841,11.346966,73.82149
1437,226.55946,4.350904,1.5555174,3.0853505,32.616196,83.72663
1438,328.52075,6.829714,-0.337501,3.5692258,17.120867,65.477806
1439,223.71935,6.298354,1.0751619,1.9096332,18.058693,98.39553
1440,181.76842,5.350807,-0.499969,2.7501526,33.41733,107.51863
1441,211.98315,4.6941633,0.2195206,3.0062327,33.723938,110.848625
1442,220.25829,4.6933527,0.6573274,2.5467947,29.401867,84.24384
1443,173.1385,4.5028095,0.6031751,2.7148614,23.217916,94.34508
1444,204.6681,4.0888867,0.9032071,2.409264,28.26001,78.32123
1445,212.78761,4.0556774,1.1437833,2.716229,32.616943,88.26149
1446,222.60304,6.639089,1.7789207,2.6877594,17.058813,70.60993
1447,150.1431,4.480154,1.4440691,2.3365438,22.635773,88.00045
1448,171.59935,3.309844,1.3380444,1.9879104,24.306082,85.12527
1449,199.66614,4.6996417,0.73382276,3.0617855,33.140385,108.74567
1450,253.23605,7.293545,1.9600172,3.6625717,16.872639,74.699326
1451,202.21313,3.1013377,1.064462,2.9412317,36.417946,88.93731
1452,194.06493,4.096026,0.8232387,2.3578331,29.136332,86.622696
1453,219.13484,4.0787024,0.8875758,2.9265037,35.408512,97.07264
1454,174.94588,3.1846294,0.68535125,2.1709793,26.907095,84.9142
1455,215.83044,4.106855,0.7589694,2.8224983,34.29337,95.043396
1456,193.8573,4.0867777,0.6894489,2.0583208,25.422148,76.18408
1457,186.3001,4.580935,1.9784291,2.3571694,18.801735,85.45059
1458,203.59631,4.148992,0.8952691,2.5564692,35.753586,110.14744
1459,180.79236,4.0188003,0.62296546,3.304503,13.4986315,67.84792
1460,222.54337,4.5348973,1.202889,2.6339626,29.791739,83.75427
1461,207.70561,5.1187797,0.63054615,3.0877023,31.214676,112.478516
1462,268.56433,6.3809476,0.5755112,4.2475777,15.624499,65.191124
1463,156.39896,4.6473846,0.6471783,2.2916856,27.17069,92.16533
1464,236.51317,5.590837,0.7232945,2.4662137,27.679045,97.425514
1465,265.42645,5.2086062,0.62322354,2.7814016,32.21378,85.14379
1466,247.0481,5.5133166,1.1495826,3.153962,33.11215,92.20472
1467,154.58627,4.1182265,1.1505709,2.5559533,23.215158,88.87012
1468,309.0457,5.6284523,0.79574424,3.4963403,38.62151,89.48418
1469,210.78891,4.75108,-0.058126606,2.2710361,29.543985,97.8016
1470,208.37119,3.266733,0.7939899,2.5931594,38.698135,106.31324
1471,157.39864,3.8455396,0.93713814,2.3332117,21.219524,86.44856
1472,250.42383,5.600257,-0.36070085,2.591912,33.525948,110.321526
1473,234.06027,4.8134165,0.86041874,2.7171702,32.116085,93.54317
1474,235.3013,6.1995187,1.5176551,2.5669508,18.133717,66.485954
1475,264.61295,5.284755,1.3638854,3.678097,41.587982,109.2736
1476,131.98685,4.1728196,2.1171558,2.3791344,9.657672,58.116215
1477,241.56218,5.864106,-0.37194467,2.7954738,33.414894,115.45958
1478,332.7788,7.7168965,-1.5052519,1.5073451,11.031531,70.86457
1479,445.1573,6.8315716,-0.051910006,1.4732625,17.239042,77.56338
1480,197.84193,3.3960783,0.72750044,2.4817514,32.230713,93.537025
1481,167.39607,4.3765335,0.9451603,2.2819088,15.96302,84.482895
1482,186.92409,4.37863,0.9033596,2.6588697,29.631115,103.0884
1483,198.18286,4.060069,0.919735,2.2138362,25.883194,73.33571
1484,202.91342,2.7324064,1.0047619,2.7306163,38.78833,96.28971
1485,193.04823,3.7535079,0.69540036,2.4691808,35.188446,102.96288
1486,228.02658,4.795562,1.205852,2.689827,29.52619,86.75787
1487,362.76028,7.2560964,-0.5003909,3.2893891,18.083624,70.80611
1488,213.56102,4.2834544,0.9065414,3.110841,35.650394,106.54921
1489,154.38332,3.3912704,1.8754065,3.350244,10.124107,75.31762
1490,409.38916,6.1167917,1.0754209,2.306513,22.904894,62.320305
1491,272.695,7.2130623,1.9460247,3.503927,32.618725,122.3193
1492,196.39534,5.200686,0.96469265,3.2318864,30.538404,110.77564
1493,204.39638,4.6140304,0.7373751,3.0634289,35.134926,112.294815
1494,199.39355,4.1472716,0.72791904,2.6622398,33.355545,104.48279
1495,422.07495,5.514662,-0.52651584,1.2087886,17.998676,58.183224
1496,147.94052,3.3481038,3.10221,2.9071789,9.755466,63.39211
1497,228.18324,5.7413015,1.6511457,2.5307152,19.332512,64.31176
1498,210.28366,3.8996007,0.99970454,2.7666814,33.270733,98.46648
1499,215.8788,3.3153615,0.85244393,2.964115,41.184486,106.560974
1500,182.54193,6.5649343,-0.4251664,3.0177252,15.894337,102.45074
1501,252.4004,5.013302,0.771699,2.6562018,36.203735,102.15811
1502,183.4541,3.5983477,0.52672255,1.8838582,34.54218,99.905235
1503,208.9059,4.4784775,0.68634737,3.0542078,35.316345,109.393234
1504,235.78983,4.3952656,1.2412755,3.3751583,37.893948,98.7731
1505,158.37068,3.7058303,1.03601,2.067216,23.373697,87.97982
1506,153.08086,4.295833,1.0828509,2.7836661,25.272894,91.02177
1507,256.40594,5.9235888,1.6232114,2.2934144,18.473213,62.075047
1508,197.22005,3.087588,0.6489528,2.2909749,38.737312,100.60326
1509,261.96912,8.111365,0.2889615,1.7671025,18.288568,115.28393
1510,196.10663,3.210486,0.5657792,2.287884,35.884724,99.470184
1511,195.91998,5.607471,0.43403757,3.391584,33.183567,114.59313
1512,199.72878,4.4770985,0.82482445,2.7825847,33.14864,108.373764
1513,157.6569,4.2715955,1.078264,1.539756,11.483837,63.294083
1514,201.35272,3.487342,0.9308377,2.546709,32.79448,92.84644
1515,175.08798,4.874939,0.95289737,3.0258174,24.274895,97.64283
1516,200.4529,4.469016,0.85822475,2.6889389,32.96689,108.61287
1517,151.97539,1.567084,1.2956998,1.4855286,20.992414,75.71739
1518,153.8102,3.2023313,0.40958536,2.3070767,26.14616,87.85482
1519,189.1702,4.8419294,0.5774824,2.1525712,17.206991,99.75253
1520,211.7969,4.114809,0.73975587,2.4693363,29.668827,79.05952
1521,168.60947,4.405858,1.12024,2.554866,15.653282,66.927
1522,210.5825,4.1996603,0.69433725,2.672662,32.0593,91.15626
1523,311.8142,6.579962,0.35707226,3.2427247,31.369522,83.26084
1524,218.9323,4.7779593,0.56560504,2.3923597,27.059727,80.750786
1525,160.47147,5.317097,0.89818746,2.9035978,27.37586,96.77686
1526,257.41217,4.55104,0.17362556,2.6781087,41.68167,110.50334
1527,191.4795,3.2149653,1.1168611,2.6921556,32.205357,77.92867
1528,191.16826,3.1884844,0.6918876,2.1194482,31.738672,96.077545
1529,253.82945,7.317815,0.9759225,2.7762399,17.455227,78.78196
1530,180.11609,5.0101376,1.5334532,2.533549,25.37305,97.08052
1531,157.54965,4.2820616,0.59008026,2.9334426,26.325363,90.27659
1532,197.86925,4.6538253,0.7869436,2.834597,34.454308,110.519295
1533,189.06659,7.0726204,-0.9360092,2.8255687,13.079761,103.78686
1534,152.25732,4.3947835,0.5037916,2.8693676,25.880716,90.26729
1535,307.29358,6.2942796,-0.9641238,1.8118491,12.943137,60.8439
1536,169.29663,3.3871977,0.9213938,2.282108,21.074064,88.17415
1537,179.81352,4.3068166,0.3614016,1.8424189,16.49041,94.369354
1538,243.8079,6.362213,1.2051454,3.349373,17.592216,60.63196
1539,147.9007,3.937498,0.39026022,2.1483822,11.853517,62.01555
1540,194.50215,6.443783,0.33903447,3.3678916,20.665419,108.240875
1541,208.5687,4.2202435,1.0358899,2.3982093,28.07741,78.116615
1542,168.58228,4.6948476,0.98050517,2.6876388,23.995949,93.47288
1543,204.25208,3.9600422,1.1178355,2.5667927,29.907722,82.11233
1544,217.08351,4.025644,0.76901937,3.0317342,39.4787,112.77348
1545,185.68996,3.6402912,3.291148,3.7560115,13.473087,68.2723
1546,171.42891,4.6036873,1.6190016,2.2817106,23.94124,90.596985
1547,200.02238,4.3846054,0.9071489,2.7672558,34.509933,109.76754
1548,222.99927,5.027713,0.5285254,3.1153483,34.29889,111.00152
1549,164.45863,4.079995,0.68019223,2.7023637,21.49826,89.8196
1550,237.21698,5.221397,0.10496245,2.323004,27.900524,88.168365
1551,210.79811,3.3902867,1.2331812,2.8767147,36.240906,95.45676
1552,210.33383,3.31701,0.9429993,2.9530976,37.337616,91.45405
1553,185.33167,3.717734,1.3531172,2.4802206,26.28672,71.55769
1554,188.52757,6.5315633,-0.43540046,3.193168,16.456215,106.18369
1555,209.53107,3.69295,0.44964164,2.322466,40.37484,109.65304
1556,353.62308,6.317769,-0.32784182,2.6239693,17.920155,61.890667
1557,203.23239,3.6539404,0.51366067,1.8636398,37.731987,109.3722
1558,363.25168,6.479875,-0.913865,1.6667548,15.725194,62.459118
1559,196.30145,5.385224,1.2298737,2.4026523,18.291824,98.22708
1560,206.06926,3.6805325,0.9741761,2.7062078,31.691963,77.9779
1561,191.75653,5.326128,1.081953,2.684053,20.666615,99.71222
1562,237.77522,5.240728,1.0369034,3.166487,33.45222,99.63512
1563,233.19624,4.1274214,1.0430582,2.992693,37.10361,92.13115
1564,151.44934,4.40668,1.7468066,2.3145738,26.026283,91.76017
1565,208.4391,3.4877543,0.70718634,2.512398,39.767616,107.60815
1566,158.52652,4.901505,0.87629205,2.6063228,20.589651,89.74288
1567,195.02507,4.0783787,0.19252193,1.5566788,36.772476,108.07083
1568,159.69254,3.7861464,-0.006260261,2.0058625,11.809099,64.54834
1569,156.4019,3.9089983,1.048888,1.958132,20.422083,83.98604
1570,209.21603,3.4140456,0.9935129,2.820721,39.43528,106.45607
1571,202.49812,5.2575183,0.9502558,3.5248125,33.587887,114.305534
1572,205.87639,4.0885067,1.1394739,2.4548907,28.52367,77.42567
1573,163.47311,5.349372,0.49986982,1.9605944,14.289214,100.43383
1574,156.02686,3.9080288,1.354255,2.5439699,24.822126,91.38382
1575,229.65712,4.585818,0.18042508,2.1415646,27.986414,80.55023
1576,136.36465,3.1674633,3.1263552,2.3704689,8.518345,62.224964
1577,278.90628,7.3272195,1.1917701,2.545527,16.131216,74.54545
1578,195.92984,7.4139605,-1.2452857,2.727792,11.116142,102.66995
1579,252.2938,5.4142284,1.2974172,2.6791883,29.579283,85.404274
1580,224.6386,4.1118245,0.86406875,3.1030242,37.470245,101.29165
1581,157.29651,3.3125691,1.1325095,1.7814865,23.019716,84.93804
1582,189.81155,6.6325254,-0.21177772,3.34599,17.327055,105.4966
1583,233.05316,5.162311,0.77053,3.0557256,33.815468,105.01326
1584,213.27322,4.8722544,0.58572954,3.0134246,32.548294,106.3176
1585,216.5188,3.3894196,0.5447111,2.3313684,38.328255,101.79723
1586,212.06007,7.8394384,-0.5849292,2.8182008,12.600015,109.3113
1587,189.77908,6.5841646,0.5780577,1.8863415,12.838864,108.38594
1588,181.56987,3.1640012,0.5373766,2.1857908,31.42573,91.348305
1589,205.04503,4.654093,0.4014657,2.7105048,37.377693,113.45756
1590,258.56378,7.353758,1.7537396,3.3987324,16.94302,74.84942
1591,168.55434,4.0717034,1.2299936,2.3751073,22.97521,88.711426
1592,179.064,3.8875544,1.0916328,2.3523562,18.623985,90.56265
1593,230.38345,4.813405,0.5573589,2.3794587,29.82614,88.73498
1594,196.48909,4.7393417,0.9303226,2.9261863,33.115128,110.3678
1595,191.77202,3.501024,0.54367495,4.0811257,11.586093,73.12738
1596,138.84752,4.6557503,1.6575179,2.2193284,25.509056,87.66383
1597,217.79759,4.2039385,1.1736574,3.206819,40.210617,112.46396
1598,187.45322,4.281503,0.6098325,2.6574821,30.275116,101.04694
1599,159.34001,4.721312,-0.06175559,2.8707497,14.11971,67.416824
1600,186.69456,4.475548,0.9691294,1.8426818,17.630068,95.92361
1601,292.49826,6.399203,0.8860163,2.2534804,16.809942,65.190895
1602,181.66168,3.676689,1.9166574,2.8060489,27.937431,73.02427
1603,219.99463,4.177894,0.92771333,3.0097466,35.43716,99.00894
1604,192.26987,3.7022636,0.70093846,1.9580482,34.620518,104.23235
1605,188.40398,5.2541876,0.38424748,2.990329,32.137768,109.74227
1606,183.98022,4.326252,-0.25879923,1.818643,9.719266,70.79477
1607,214.43292,4.905458,0.8004332,2.5298147,28.164076,97.00242
1608,115.91077,4.5405316,1.9765806,2.5724115,7.4353137,56.95203
1609,219.53151,4.1388474,0.91547054,2.5710053,30.107893,73.61128
1610,335.23727,6.6571994,0.7166304,3.5558195,34.42377,83.936615
1611,333.42468,6.4734163,1.8612466,2.57218,21.544716,66.58989
1612,204.779,4.299984,0.8322074,2.848778,35.44096,111.4588
1613,175.16014,3.5832996,0.9527486,2.9384851,11.343455,66.67948
1614,206.1193,3.052275,0.46049464,2.530593,38.527283,102.14785
1615,156.05978,4.7882795,0.88714665,2.6474993,25.134863,90.873856
1616,210.83469,6.383553,0.26779372,1.6235863,15.183335,101.18228
1617,263.5689,4.971267,1.069644,3.1539333,35.912727,89.266235
1618,235.16058,5.099714,0.16802046,2.5883617,34.034706,115.95572
1619,154.23138,4.326564,0.90019614,2.4360347,26.367605,88.80232
1620,242.70499,5.0244207,1.1874912,2.6782997,29.316235,78.04408
1621,330.2167,7.0027156,0.641959,4.0240912,21.32994,65.07185
1622,216.58826,4.4053903,0.51729566,2.0527706,25.897009,71.95541
1623,211.09496,4.625504,0.6078778,2.9354625,33.424744,107.42328
1624,226.51422,4.4138775,1.4876144,3.2239738,34.13738,92.017815
1625,296.0379,6.561788,0.9952418,2.9067025,27.136772,79.487465
1626,183.94713,4.5083647,1.2230814,2.2634087,21.439983,96.25894
1627,194.4493,2.6652896,0.6347956,2.4680119,37.719788,94.39185
1628,199.05165,4.6346083,0.62131244,3.0363545,32.322964,106.47222
1629,178.86334,5.3969646,1.2105501,1.6699884,15.233246,107.923225
1630,200.24435,3.9044018,0.7541641,2.8420417,33.594223,99.84784
1631,186.87517,4.6754274,1.3080101,2.0537186,17.961023,91.49616
1632,217.28023,4.4482074,1.0974541,2.74126,29.729523,79.961586
1633,224.97412,4.192565,1.3811796,3.107771,34.214134,91.3428
1634,174.63028,4.7214036,1.2573991,2.4362097,24.150192,94.70998
1635,198.70007,3.519796,0.92633885,2.0817335,34.8725,105.17192
1636,161.21625,4.0011687,0.8120331,2.6051974,24.375578,89.75447
1637,195.04292,4.613162,0.83698374,2.8505387,31.572792,106.76709
1638,251.3651,5.9634504,1.2568035,2.2185295,19.508074,65.45278
1639,257.51428,6.290865,1.1440961,4.541531,17.654112,62.962776
1640,171.56096,4.808981,1.7312107,2.24077,23.591488,90.86556
1641,204.79764,4.711505,0.6292559,3.0619094,33.554764,110.1368
1642,225.39586,4.201331,0.3819667,2.746976,36.855675,101.36319
1643,226.20164,4.451775,0.4926471,2.340454,29.095299,80.428276
1644,307.29993,6.8550544,0.46732014,3.0745637,32.56668,102.28516
1645,207.79202,4.3001623,0.63387495,2.43434,29.22309,84.91271
1646,176.79135,6.1199813,-0.17114477,2.542201,14.771319,101.381065
1647,198.57396,4.6324916,0.6901543,1.9858361,22.589575,98.29415
1648,287.5394,6.6243424,1.1831877,2.3643293,16.742268,68.8861
1649,353.64734,5.86764,-0.055906408,3.1274016,19.537394,56.661343
1650,203.79198,4.6751275,0.7912967,2.9043238,35.422466,113.03433
1651,171.49681,4.2318697,1.1409321,2.2451725,20.715576,89.63474
1652,198.10359,3.5827155,1.413172,2.8066287,31.670492,80.93826
1653,164.3509,4.326029,1.0137265,2.173138,21.176437,90.347046
1654,215.84329,4.243305,0.6070902,2.623317,32.61123,89.641266
1655,193.87427,4.654352,0.72640544,2.3213851,33.6359,109.88277
1656,304.9089,6.129055,1.4630332,2.1109178,18.101986,65.2616
1657,209.88713,4.7605824,0.6593358,2.8775735,33.359066,112.062485
1658,160.68814,3.4607224,0.8849006,1.9178222,21.903265,77.56139
1659,230.66849,3.507942,1.1270194,3.385071,43.66641,108.95825
1660,210.47574,4.1220007,0.7426857,2.9510586,36.26093,107.93602
1661,187.03474,4.3768396,0.20036349,1.5091257,20.830107,89.3281
1662,200.08986,3.964607,0.97255963,2.5467064,29.683472,92.74473
1663,172.91539,2.7038333,0.75484544,2.1448631,30.012938,83.498116
1664,198.87451,4.1202765,0.8535335,2.3865845,27.072565,77.67836
1665,259.72498,5.3969846,0.8516414,2.8678207,31.515413,86.908394
1666,301.19608,6.7176175,0.62784094,3.1097891,19.310545,62.6633
1667,239.20456,4.7925167,1.1136553,3.193475,35.47457,98.58982
1668,165.18451,4.0602894,1.0713491,2.346053,23.911589,89.65064
1669,162.03128,4.1374106,0.9356229,2.5100098,23.720945,91.87217
1670,201.70026,3.1003869,0.96525997,2.7822971,36.567432,96.03601
1671,334.70215,6.6825976,1.9019442,3.7084043,29.41562,67.27788
1672,246.62245,5.9091935,1.1561866,2.0846946,18.601501,65.36719
1673,166.62167,5.3101563,1.3192708,2.4351974,20.991713,91.21864
1674,189.11563,6.511301,-0.1231222,2.556305,14.64652,107.604614
1675,229.87857,4.908659,1.0971396,2.4407551,27.916567,81.23169
1676,201.82649,5.0613413,0.8023067,3.246941,32.332222,111.77396
1677,193.05417,3.6788085,0.8247099,2.440474,29.203398,79.307465
1678,286.02267,5.990043,0.86230403,3.0384994,31.306015,84.36703
1679,196.65907,3.9402757,0.3961618,1.9248184,27.3063,98.33101
1680,200.95343,4.0388074,0.49869132,2.5147057,31.161837,91.551956
1681,285.5008,5.6397867,1.054862,3.0825129,32.54296,79.48109
1682,198.42744,4.282672,0.88851434,2.6964028,34.364426,108.43913
1683,150.3406,3.6635969,0.42106307,2.4543693,20.87526,82.89211
1684,203.53499,3.9013321,0.54530394,2.201495,28.88759,78.94503
1685,233.99684,4.8554573,0.49080127,2.5715015,32.639652,96.73071
1686,209.4435,4.1955643,0.660664,2.2476954,26.966784,72.79427
1687,251.18727,6.2000237,0.7588647,2.838487,14.028547,108.06901
1688,339.62814,5.835996,-0.7957105,1.1584123,22.95339,84.89268
1689,208.62146,5.5565157,1.4884639,3.1490963,25.576136,108.07523
1690,203.13133,7.547095,-0.8649958,3.0328493,13.8539505,109.14209
1691,383.41937,5.2558227,-0.09586007,1.4295743,16.248093,60.12464
1692,236.60188,5.2869806,0.9378105,2.3753781,27.662317,90.20604
1693,319.39447,6.083085,1.6271944,2.2057192,19.653114,64.282616
1694,208.2353,5.310225,1.3643365,2.3664622,19.475409,68.056244
1695,170.07089,3.0747924,1.0154626,2.275822,24.822739,91.01565
1696,219.54668,4.247946,1.5567853,2.9422095,31.721487,82.42102
1697,246.53638,5.2225666,1.2664819,3.510829,36.22432,101.82885
1698,256.80652,5.115914,1.198777,2.9030223,29.9861,72.610565
1699,301.3397,6.7177534,-0.037847675,1.7277561,14.3370075,64.08827
1700,174.0672,5.388951,1.3357587,2.499873,22.189386,95.34414
1701,218.98486,4.7639685,0.6865534,2.4572794,28.809505,90.420395
1702,210.92334,4.196261,0.9031884,2.3415425,27.70831,73.70029
1703,207.13187,4.371602,0.7006013,2.9011118,34.290752,106.98491
1704,192.27281,4.409255,0.82019246,2.7433023,31.647442,105.532875
1705,201.97105,3.313689,0.673241,2.6779308,37.518066,101.34204
1706,147.12828,3.1394877,1.0576577,2.302309,23.185959,83.67004
1707,211.27707,4.2001033,0.60542786,2.990846,35.535038,106.54107
1708,202.21533,4.0108705,0.57729715,2.5865388,37.510002,108.45975
1709,254.07973,5.642856,1.1779766,2.590038,28.439991,88.0712
1710,205.0608,4.0000668,1.0445826,2.4558966,28.30292,74.07678
1711,235.4637,4.507221,0.6531408,2.4846892,29.79048,74.38183
1712,209.42949,3.815859,0.6618666,2.9729593,36.819782,101.9127
1713,154.3579,3.949977,1.2831507,2.4686937,24.435854,88.25617
1714,212.86546,4.639726,0.5654222,2.633099,30.66177,94.88095
1715,182.83232,3.8755755,0.71287733,2.1110756,32.639122,100.48342
1716,194.80942,4.3729444,0.93878347,2.7733753,33.661243,107.81057
1717,251.67146,4.435107,1.1068227,3.5236526,42.609188,106.85735
1718,175.75764,4.855167,1.4888706,2.191737,22.208376,93.60691
1719,240.0196,4.476124,1.3349645,3.5747325,39.69445,104.32491
1720,212.70287,3.2774303,1.290648,3.1165411,40.64741,102.745155
1721,268.81296,6.8062873,1.1052148,2.634691,16.688221,68.488625
1722,174.30788,3.231251,0.8244261,1.6681768,23.51129,87.822685
1723,326.3208,5.8942485,0.2370657,1.9251463,17.398254,58.090424
1724,208.98135,4.3444185,0.53572303,2.2517798,27.731693,80.92545
1725,414.51932,6.146054,1.2936301,2.4321032,23.41805,63.968723
1726,222.21152,4.32739,1.184732,3.4837356,40.21638,110.72975
1727,195.60432,4.979594,0.60892123,3.173203,30.291489,106.885185
1728,183.23978,2.6955914,0.85632133,2.309125,33.04152,86.67165
1729,216.24985,4.484238,0.96611065,2.702809,30.920046,92.79539
1730,176.9917,4.183775,1.2600987,2.437007,25.85236,94.194725
1731,229.06555,6.119924,1.7452164,2.497265,17.099977,60.428024
1732,219.40889,4.4994936,0.6083224,2.4987772,38.51097,118.96481
1733,288.09006,7.332976,-0.69109607,2.2680495,25.270582,110.83457
1734,174.66245,4.9475803,0.9274512,3.019329,25.567766,99.09606
1735,204.66107,3.497714,1.0648696,2.9311187,36.142475,99.61472
1736,188.08041,3.657075,0.9264801,2.1737854,32.15133,102.191284
1737,186.18797,3.5169005,0.52206886,2.264244,29.462341,85.78617
1738,200.77814,6.7940545,0.05102274,2.5953486,13.689959,104.034225
1739,192.98413,2.9077537,1.5022879,2.8929956,35.28186,86.64969
1740,152.13843,4.0598483,0.42020988,1.781211,10.999661,63.342888
1741,206.8868,5.130982,0.6617003,2.0123386,21.06263,96.62159
1742,192.55598,6.978085,-0.736901,2.9413538,14.175429,107.75727
1743,226.14143,4.3705015,0.6244269,2.5462766,31.32789,82.70185
1744,209.39305,4.7690973,0.12472463,2.221009,27.045168,88.376045
1745,359.00098,6.700456,2.2312882,4.483398,30.03093,64.09425
1746,207.33798,4.842391,0.8598761,2.9379573,33.198704,113.08675
1747,202.01605,3.5294497,0.95475334,2.8408723,34.98255,98.16227
1748,234.60345,5.029555,0.93080395,2.649846,30.964851,85.51323
1749,134.82266,3.9101753,1.3640673,2.4827237,11.367355,62.561592
1750,245.03671,6.848732,1.4536998,2.7303255,17.690516,71.25914
1751,210.9966,4.1160083,0.60849607,3.0761952,36.728756,107.27847
1752,188.16298,5.9488697,1.4392521,2.22244,24.957577,99.059814
1753,329.90842,6.6530886,2.0601242,2.77264,22.413868,66.97368
1754,196.91167,4.2581835,0.8790979,2.5280116,33.534256,107.119225
1755,228.47493,4.2730103,0.9954477,2.9298997,35.45335,99.47169
1756,137.57985,3.3463478,1.8210647,1.9505491,23.649086,82.811134
1757,289.0622,6.1993794,1.5728221,3.1257668,30.360455,80.37192
1758,327.8213,7.560839,1.2540371,2.6109762,19.508207,73.292435
1759,208.80968,4.2276673,0.5434216,2.1751275,27.778303,79.316124
1760,257.3511,5.949818,1.1227393,2.1333911,19.42556,66.18706
1761,203.31027,4.6064024,0.9125437,2.8912184,34.180332,112.367134
1762,243.15562,4.956527,0.9346201,2.5491521,28.82768,75.30906
1763,228.55405,4.4926057,0.66335785,2.3936017,29.462374,79.32359
1764,160.51552,4.5051093,1.9703567,1.3450078,13.071074,63.360344
1765,167.70111,4.4106107,1.1338933,2.5032437,23.03792,90.02326
1766,175.89253,5.212214,0.5241763,2.6856773,17.18947,72.86707
1767,206.38718,4.059909,1.168962,2.824113,30.993229,91.69992
1768,253.14111,4.435935,1.3791065,3.7581673,43.763878,110.9668
1769,232.10583,4.660787,1.1345801,3.1639786,34.92435,98.52615
1770,327.5438,7.483111,-0.75863504,1.9416586,21.290754,95.85183
1771,201.52516,4.244203,0.7535058,2.6709874,36.325333,110.00448
1772,211.34235,4.433132,0.5401669,2.396845,29.24421,85.19999
1773,220.92679,4.8010435,0.45354515,2.453054,28.478529,85.70119
1774,214.25288,4.4230723,0.7068125,2.1406605,26.90121,75.25782
1775,251.93518,5.216474,1.1740942,3.112605,33.33816,90.43499
1776,161.65034,5.29155,1.0428245,2.5978887,24.014597,93.285416
1777,150.2619,3.765921,1.2352245,2.0476186,22.746572,85.684875
1778,201.35788,3.6545725,0.68331003,2.5005581,32.074844,86.86513
1779,211.51845,4.3286657,0.957614,2.5023062,29.477413,90.4144
1780,180.60588,6.6479836,0.027074873,3.013095,16.53964,104.53419
1781,239.6702,4.011124,1.201587,3.5024586,41.811188,103.40116
1782,201.03278,4.0648775,0.5926302,1.9960991,27.216393,79.19277
1783,192.61252,3.315735,0.85182786,2.2754455,34.993835,99.98733
1784,257.45206,7.3621645,1.857269,3.721966,16.907057,75.36273
1785,215.14284,4.1493044,1.0995474,2.936591,33.58593,93.94954
1786,199.82603,4.772681,0.7281016,2.7531793,34.764576,112.25486
1787,179.40656,5.326224,1.0865638,2.3676224,16.4913,92.655136
1788,154.6139,5.2658443,0.9730832,2.883908,24.634254,91.960884
1789,130.07108,4.1393495,1.7444723,2.421303,9.218966,61.24984
1790,217.78102,4.6321826,0.6852613,2.7911856,32.64998,100.98506
1791,198.29866,3.8503568,0.8321771,2.3490903,34.97104,106.0323
1792,198.43304,3.0751233,0.7446721,2.5033455,37.311523,100.182526
1793,235.18341,5.3554764,1.3484404,2.5915596,25.65826,79.348816
1794,231.53,4.4582896,0.77531254,2.5684855,31.087221,79.75614
1795,196.99187,3.8527255,0.4626946,2.5664408,33.191257,100.69607
1796,245.85411,8.478981,0.4068632,1.8453391,13.822598,116.38487
1797,361.5556,6.542897,1.3185363,1.911086,21.488161,72.51161
1798,221.70416,4.4874306,0.6771741,2.5380132,30.027153,81.17406
1799,229.65276,4.4575653,0.7922891,2.7613168,34.549416,99.48206
1800,249.53233,5.333207,0.95834416,3.0377638,33.111027,93.89586
1801,225.53642,3.4703429,0.5621891,2.8354204,42.880352,113.10147
1802,199.0542,4.647892,0.57692456,2.947727,31.866337,107.51837
1803,241.51851,4.9098473,1.2621102,3.6816478,38.706795,104.48064
1804,180.24393,6.578145,-0.0891811,2.8203208,15.182503,104.25367
1805,198.85283,3.824259,0.739958,2.3126879,28.409628,77.004875
1806,268.4994,7.5683837,1.6789584,3.7999048,17.355352,77.01429
1807,170.23798,4.583852,0.99089986,2.7869327,24.998493,95.161835
1808,237.30089,5.4013114,0.7847931,3.6330113,37.353138,115.48347
1809,315.56387,6.514942,-0.31105018,3.0742445,16.47164,63.11605
1810,232.00053,4.7501364,0.80070037,2.5583644,28.804724,79.03152
1811,205.52756,3.2794697,0.8511213,2.605544,39.045834,105.269844
1812,164.21317,4.4853945,0.9784846,2.4756548,22.708916,90.82305
1813,250.5429,5.129235,0.5049202,2.5261598,30.40595,86.52957
1814,209.31276,4.370398,0.5353175,2.6539502,32.868168,106.21945
1815,151.4838,3.735793,1.0566738,2.0082283,23.141424,85.89112
1816,322.74808,6.422955,-1.0358205,1.3246635,12.758138,61.805424
1817,199.46071,3.8507555,1.205095,2.6686997,29.741505,81.06711
1818,136.98987,4.0854735,1.8380637,3.9656973,9.208284,65.61913
1819,175.1918,3.3120077,1.3410373,2.3638604,27.137976,78.47494
1820,242.94977,5.728847,0.8544555,2.5473635,27.402613,95.28709
1821,197.93988,3.7353277,0.7769075,2.2623806,28.925793,77.79249
1822,360.95007,5.5138273,0.6803395,1.8117677,19.04533,56.562798
1823,158.3923,4.581592,0.98141295,2.384575,18.038052,84.08367
1824,375.92386,7.0856743,2.033328,3.986389,32.160316,72.02514
1825,253.2627,6.414509,0.9069374,2.6240911,16.820023,61.91461
1826,256.44254,5.443182,1.3015997,3.045953,31.12036,84.84581
1827,204.89883,3.6428535,0.5892339,2.6294403,33.973404,92.52228
1828,199.06427,3.856496,0.3566399,2.170437,31.322765,103.14374
1829,137.1577,4.006668,1.3601573,2.5016007,11.29024,63.90671
1830,191.03508,4.71034,0.7552632,2.6990237,32.694695,108.36206
1831,218.23325,4.4026303,0.79759485,2.7993863,32.968082,94.8368
1832,194.73665,4.950763,0.755644,3.1638725,30.957115,108.773605
1833,282.89438,5.766886,0.44939482,2.650622,32.264706,94.17497
1834,210.62434,3.4452534,0.7192529,2.646239,40.670143,107.74223
1835,160.76392,3.3733587,1.1849325,1.918454,22.885414,84.127205
1836,136.90903,4.1358066,1.2654755,1.4954746,11.052305,58.39045
1837,260.36353,5.691322,0.66332376,2.6857877,29.959293,92.32052
1838,188.132,3.2950432,0.7881614,2.3527615,30.586615,83.05052
1839,194.85298,5.0383024,0.07305157,2.61773,35.275505,111.38557
1840,239.283,5.560564,0.8511753,2.891829,30.508682,97.27771
1841,225.5931,5.111482,0.64713216,3.5963948,37.186905,115.82527
1842,383.00696,6.039624,-0.28663242,1.5638609,17.878864,60.887264
1843,186.3931,2.7136211,1.9403176,2.4285316,35.930088,84.21713
1844,150.26427,2.4631438,0.6721418,0.98798466,23.62858,79.51738
1845,149.36983,3.8064692,1.6777067,2.5212076,25.068037,89.02075
1846,184.16754,4.777401,1.0659261,2.988149,22.69429,100.04796
1847,326.84106,6.5265746,-0.6599824,3.1008098,15.854749,62.919415
1848,207.8584,4.5346737,0.33483797,2.4939501,30.591465,98.16684
1849,268.56262,5.6219516,2.024443,3.4994197,29.979242,125.84433
1850,199.13391,3.999137,0.84396523,2.1949275,26.896381,74.25732
1851,353.1771,6.5206704,1.3296406,1.917381,21.226542,72.49407
1852,205.72195,4.0597425,1.0326729,2.810913,37.718124,107.76359
1853,174.60812,5.6635895,0.96088976,2.9337661,18.024136,106.10182
1854,301.66025,6.8945026,1.148422,2.1150696,17.187216,69.945816
1855,204.76619,3.8525803,1.0841866,2.7609127,31.581606,84.125336
1856,461.36365,8.773001,-2.1079965,1.5915104,27.610575,122.983986
1857,197.07463,4.7108235,0.7775476,3.0755382,33.24771,109.85066
1858,154.76688,4.015041,0.8815704,2.4421196,22.95233,87.061584
1859,207.59354,3.5613692,0.7993822,2.626936,35.018875,89.175964
1860,163.31445,3.6621907,1.5939701,2.9060395,12.787207,63.122807
1861,249.2484,5.421239,1.1615548,2.601496,29.106329,87.10062
1862,220.9914,3.3957143,0.9776117,3.0259774,41.83445,110.35472
1863,191.94063,2.9419124,1.4124517,2.8102145,34.45433,86.40986
1864,124.84125,3.6547575,2.2342544,4.076803,8.623777,60.98627
1865,363.24118,8.025731,-1.0379286,1.8662472,21.144453,101.38276
1866,139.82797,3.8172438,1.7884636,2.204721,23.85058,85.933784
1867,223.94926,6.1512547,0.7133924,1.8560096,18.575344,98.03603
1868,178.47891,3.4175284,0.5339041,1.8795172,24.670591,90.44988
1869,178.07317,3.253214,0.47402036,1.7829651,24.622887,88.665115
1870,206.7492,4.2659626,0.41175598,2.393203,30.149548,90.230125
1871,265.0852,5.1829534,0.61254555,2.7792747,33.06524,87.78059
1872,149.32199,3.0976562,0.9551187,2.190205,23.048988,81.98469
1873,218.40784,4.7792287,1.2699676,2.6912007,27.608341,86.1218
1874,145.71284,4.2361617,0.7732297,2.2266214,12.785262,64.32314
1875,241.32759,4.940638,1.5836275,3.0082533,30.50618,80.63848
1876,328.3478,6.2035985,1.5325484,2.0073483,18.879206,67.12491
1877,204.82503,3.9518127,0.57587206,2.3897622,38.018238,110.02382
1878,126.711975,3.3261523,2.1398773,2.3641453,9.4981165,61.025723
1879,172.76843,2.8184216,3.167484,2.3988116,10.165642,73.63189
1880,179.26231,4.549665,1.290113,2.2798235,19.300344,90.772675
1881,174.20193,4.0131907,-0.28018034,1.9466679,12.017754,67.003716
1882,210.16594,5.8421783,1.8608816,2.8415437,16.927584,56.50305
1883,241.1731,7.0980935,1.976038,3.0589352,25.749517,101.96916
1884,172.57939,3.3423772,1.1017311,2.350738,21.431213,87.74108
1885,214.56544,4.5846696,0.9443882,2.2475138,27.17262,82.57585
1886,269.58798,5.4216523,0.55596757,2.6350083,29.66483,80.04623
1887,214.87805,4.365483,0.71068215,2.4348688,29.186811,82.3068
