sample_index,Fe,Zn,B,Cu,S,Mn
0,217.52433151686338,4.430719887091551,0.7750494823156249,2.5667034845249512,25.98604365899551,90.60046810186607
1,281.7035041533761,6.320703020846015,0.6623087900942414,2.634110695721785,19.960577959745805,69.22649846002804
2,222.378838544456,4.157545675793257,0.8350438096675868,2.6589385590921086,33.74169649037544,94.22263464959128
3,215.08878607669354,4.133673246761185,0.7750494823156249,2.4490053919363257,26.319471260868657,90.27948227645662
4,215.88547397651803,4.394463528026905,0.8570708324659306,2.469360809009815,32.49059441483569,80.31808120627683
5,182.1535438606868,4.128712807502082,1.0159206599125306,2.4628608936615732,14.933249894509164,67.04391662207429
6,220.54415663864756,4.157545675793257,0.8350438096675868,2.6987160066982177,30.81629313310022,94.22263464959128
7,215.88547397651803,4.394463528026905,0.8570708324659306,2.469360809009815,32.49059441483569,80.31808120627683
8,215.88547397651803,4.394463528026905,0.8570708324659306,2.469360809009815,32.49059441483569,80.31808120627683
9,186.6296024686738,5.0273052705742085,1.086337163072364,2.469182053461465,24.29143358495801,88.96833070212094
10,215.88547397651803,4.394463528026905,0.8570708324659306,2.469360809009815,32.49059441483569,80.31808120627683
11,211.39895505537592,4.073212168418435,0.8537809638336874,2.6647362841790945,34.67947397421373,100.39658754635752
12,217.52433151686338,3.8776064167521405,0.7750494823156249,2.5667034845249512,26.319471260868657,90.27948227645662
13,222.378838544456,4.170750192554759,0.8301928041900329,2.6589385590921086,32.73302055911584,87.570574427299
14,217.19701872165373,3.8593805990630106,0.7993679814514386,2.4490053919363257,26.971001166883955,87.35874459981665
15,220.7066338788841,3.837215352489461,0.7993679814514386,2.4576655302173402,27.38529168608002,87.35874459981665
16,211.39895505537592,4.073212168418435,0.8591374709590801,2.6647362841790945,33.48748850815503,101.07514585868427
17,220.809211612888,3.700013468903091,0.784332544303114,2.4773490710504946,27.207740358049175,87.35874459981665
18,215.88547397651803,4.394463528026905,0.8570708324659306,2.469360809009815,32.49059441483569,80.31808120627683
19,215.88547397651803,4.394463528026905,0.8570708324659306,2.469360809009815,32.49059441483569,80.31808120627683
20,273.96821953051426,6.334225768024961,0.6793503424078592,2.7518087883104103,18.443385150337395,67.38917509291346
21,191.15964626549587,4.358444508519339,1.1176132336517133,2.4174047992034104,24.24410387423146,88.96833070212094
22,215.88547397651803,4.394463528026905,0.8570708324659306,2.469360809009815,32.49059441483569,80.31808120627683
23,190.64902167244236,4.7047435263624875,0.9698009763533699,2.421181278580416,23.167323908641446,94.32289533497413
24,217.52433151686338,4.133428574763834,0.7750494823156249,2.460029014388048,26.319471260868657,90.27948227645662
25,215.88547397651803,4.394463528026905,0.8570708324659306,2.469360809009815,32.49059441483569,80.31808120627683
26,217.52433151686338,4.368165627674219,0.7750494823156249,2.5667034845249512,27.81351874543614,90.60046810186607
27,179.69052907464922,4.800673448274344,1.1338446740146093,2.5715298494217085,23.82746406947749,95.3083816440977
28,217.53026129571123,4.287645848697807,0.8705858297618918,2.4490053919363257,22.536366872967232,94.12275254322503
29,241.5492647515787,6.275968672208412,0.6878449471080427,2.4564208034505803,18.091838098222155,70.98328883044091
30,178.9122512603151,4.931052656689833,1.0876081046306578,2.469182053461465,24.181558530169227,88.84016666537022
31,217.52433151686338,3.8623872155196866,0.7750494823156249,2.5667034845249512,26.319471260868657,90.13659474250237
32,215.88547397651803,4.394463528026905,0.8570708324659306,2.469360809009815,32.49059441483569,80.31808120627683
33,217.52433151686338,4.368165627674219,0.7750494823156249,2.5667034845249512,26.374118042484564,90.60046810186607
34,215.88547397651803,4.394463528026905,0.8570708324659306,2.469360809009815,32.49059441483569,80.31808120627683
35,222.10003012427956,4.155462753858781,0.803018077197741,2.781385883324468,30.800293931646173,94.3855150518761
36,215.88547397651803,4.394463528026905,0.8570708324659306,2.469360809009815,32.49059441483569,80.31808120627683
37,215.88547397651803,4.394463528026905,0.8570708324659306,2.469360809009815,32.49059441483569,80.31808120627683
38,211.39895505537592,4.181811223218951,0.8573828376890171,2.6647362841790945,34.67947397421373,94.48539715824235
39,189.91837271403514,4.56187088197184,0.8736703516152315,2.4490053919363257,23.062272485702557,94.22263464959128
40,215.88547397651803,4.394463528026905,0.8570708324659306,2.469360809009815,32.49059441483569,80.31808120627683
41,211.39895505537592,4.0572252444597865,0.802500725195751,2.782502839186789,32.99890230018185,101.87545116979692
42,279.1932943769694,6.301653020617173,0.6679063786686084,2.7518087883104103,46.09097254484911,69.24605813189939
43,217.52433151686338,4.411017521783344,0.7750494823156249,2.5667034845249512,25.98604365899551,90.60046810186607
44,220.809211612888,3.700013468903091,0.7993679814514386,2.4773490710504946,27.207740358049175,87.35874459981665
45,185.76755459396617,4.230137035933707,0.9678930566951441,2.4628608936615732,14.617312725462185,67.17208065882501
46,196.70366755740903,3.6757806177887566,0.7706366478117557,3.055258573509105,30.689922585129946,103.83132541365912
47,215.88547397651803,4.394463528026905,0.8570708324659306,2.469360809009815,32.49059441483569,80.31808120627683
48,215.88547397651803,4.394463528026905,0.8570708324659306,2.469360809009815,32.49059441483569,80.31808120627683
49,231.7470491735383,3.837215352489461,0.7966466217511396,2.4526023178260346,27.854663389344903,87.570574427299
50,215.88547397651803,4.394463528026905,0.8570708324659306,2.469360809009815,32.49059441483569,80.31808120627683
51,186.6296024686738,5.0273052705742085,1.1038384426480277,2.3780507176325014,25.487578759629372,88.96833070212094
52,219.89643341626092,3.676921258245357,0.7816111846028151,2.6589385590921086,27.459129554552575,87.570574427299
53,215.88547397651803,4.394463528026905,0.8570708324659306,2.469360809009815,32.49059441483569,80.31808120627683
54,215.08878607669354,4.482299340796086,0.7848063570018133,2.4490053919363257,26.319471260868657,90.13659474250237
55,273.96821953051426,6.334225768024961,0.6793503424078592,2.7518087883104103,18.086221143426183,67.38917509291346
56,215.88547397651803,4.394463528026905,0.8570708324659306,2.469360809009815,32.49059441483569,80.31808120627683
57,215.88547397651803,4.394463528026905,0.8570708324659306,2.469360809009815,32.49059441483569,80.31808120627683
58,211.39895505537592,4.333288158807749,0.8591374709590801,2.7279790128457555,33.08196254655617,104.44606282566322
59,185.76755459396617,4.258127339490317,0.9678930566951441,2.3977842360016433,14.617312725462185,67.17208065882501
60,215.88547397651803,4.394463528026905,0.8570708324659306,2.469360809009815,32.49059441483569,80.31808120627683
61,267.96137157288683,4.8644534506053,1.1382452503129747,2.8463621612315513,29.0032177761605,116.17386476411403
62,211.34712642077503,4.0603763745981345,0.802500725195751,2.8825567020404037,31.501162237704776,103.34303732978795
63,197.30055844631474,4.732470465802358,1.075796068277817,2.408744660922396,23.167323908641446,88.96833070212094
64,215.08878607669354,3.559668283125691,0.7598753941227347,2.4490053919363257,26.319471260868657,90.13659474250237
65,215.88547397651803,4.394463528026905,0.8570708324659306,2.469360809009815,32.49059441483569,80.31808120627683
66,179.69052907464922,4.800673448274344,1.1338446740146093,2.5715298494217085,23.92909291245983,95.3083816440977
67,215.08878607669354,3.9602003522696725,0.7750494823156249,2.4490053919363257,26.319471260868657,90.13659474250237
68,215.88547397651803,4.394463528026905,0.8570708324659306,2.469360809009815,32.49059441483569,80.31808120627683
69,215.88547397651803,4.394463528026905,0.8570708324659306,2.469360809009815,32.49059441483569,80.31808120627683
70,215.88547397651803,4.394463528026905,0.8570708324659306,2.469360809009815,32.49059441483569,80.31808120627683
71,215.88547397651803,4.394463528026905,0.8570708324659306,2.469360809009815,32.49059441483569,80.31808120627683
72,220.7066338788841,3.837215352489461,0.7993679814514386,2.4526023178260346,27.23510270492353,87.35874459981665
73,225.12633701222427,3.700013468903091,0.7966466217511396,2.4773490710504946,27.679268796819624,87.570574427299
74,211.39895505537592,4.097909997612062,0.802500725195751,2.8530148390228014,31.501162237704776,100.69084962831876
75,215.08878607669354,4.067406877081871,0.7750494823156249,2.4490053919363257,26.319471260868657,90.27948227645662
76,221.2823314008721,3.8515443871825683,0.7993679814514386,2.4490053919363257,26.971001166883955,87.35874459981665
77,211.4996891706441,4.133673246761185,0.7750494823156249,2.4490053919363257,26.319471260868657,90.27948227645662
78,212.12492378802665,4.077667192923563,0.8234791082997593,2.6437750390702326,33.11987553328852,94.22263464959128
79,222.378838544456,4.170750192554759,0.8301928041900329,2.6589385590921086,30.08532839858376,87.570574427299
80,228.77999062041803,3.845044692981391,0.7966466217511396,2.4526023178260346,27.854663389344903,87.570574427299
81,215.88547397651803,4.394463528026905,0.8570708324659306,2.469360809009815,32.49059441483569,80.31808120627683
82,215.88547397651803,4.394463528026905,0.8570708324659306,2.469360809009815,32.49059441483569,80.31808120627683
83,215.88547397651803,4.394463528026905,0.8570708324659306,2.469360809009815,32.49059441483569,80.31808120627683
84,220.809211612888,3.639170591692325,0.7598753941227347,2.5850078646614,28.56783231900654,87.6797304252261
85,215.88547397651803,4.394463528026905,0.8570708324659306,2.469360809009815,32.49059441483569,80.31808120627683
86,211.39895505537592,4.430769700508367,0.8591374709590801,2.834302241718285,33.08196254655617,106.41189957659265
87,222.20261256642308,4.157545675793257,0.8350438096675868,2.6987160066982177,29.974071407766576,94.12275254322503
88,191.25675050105463,5.108510518427632,1.1229029623977007,2.437088340036565,26.199404381315382,88.96833070212094
89,215.88547397651803,4.394463528026905,0.8570708324659306,2.469360809009815,32.49059441483569,80.31808120627683
90,216.04765829890377,4.096766224489613,0.7993679814514386,2.4490053919363257,25.751773375903877,87.35874459981665
91,227.4137473241727,6.683730775508387,0.9031367739200418,2.3964277060476418,16.447024832542205,69.51735814225148
92,211.67365589488,4.077667192923563,0.8234791082997593,2.6340399949905478,33.11987553328852,94.22263464959128
93,212.12492378802665,4.478650499634115,0.8858759852497824,2.6536459419610874,34.59731796622053,94.22263464959128
94,227.4137473241727,6.683730775508387,0.9031367739200418,2.3964277060476418,17.092083221205957,69.51735814225148
95,215.88547397651803,4.394463528026905,0.8570708324659306,2.469360809009815,32.49059441483569,80.31808120627683
96,223.83592022646022,3.8515443871825683,0.7993679814514386,2.4490053919363257,27.728391448649575,87.35874459981665
97,212.12492378802665,4.097735967717066,0.8234791082997593,2.6536459419610874,31.824532191310436,94.22263464959128
98,215.88547397651803,4.394463528026905,0.8570708324659306,2.469360809009815,32.49059441483569,80.31808120627683
99,215.88547397651803,4.394463528026905,0.8570708324659306,2.469360809009815,32.49059441483569,80.31808120627683
100,217.19701872165373,3.8593805990630106,0.7993679814514386,2.4490053919363257,25.722252129285135,87.35874459981665
101,215.88547397651803,4.394463528026905,0.8570708324659306,2.469360809009815,32.49059441483569,80.31808120627683
102,215.08878607669354,2.801841156072458,0.7598753941227347,2.460029014388048,26.319471260868657,90.13659474250237
103,215.88547397651803,4.394463528026905,0.8570708324659306,2.469360809009815,32.49059441483569,80.31808120627683
104,179.69052907464922,4.791456745279294,1.1338446740146093,2.5909451846725826,23.82746406947749,97.00033959964277
105,215.88547397651803,4.394463528026905,0.8570708324659306,2.469360809009815,32.49059441483569,80.31808120627683
106,215.88547397651803,4.394463528026905,0.8570708324659306,2.469360809009815,32.49059441483569,80.31808120627683
107,215.88547397651803,4.394463528026905,0.8570708324659306,2.469360809009815,32.49059441483569,80.31808120627683
108,215.88547397651803,4.394463528026905,0.8570708324659306,2.469360809009815,32.49059441483569,80.31808120627683
109,215.08878607669354,4.294075721938225,0.7750494823156249,2.4490053919363257,26.319471260868657,90.27948227645662
110,216.04765829890377,4.170347097483148,0.7993679814514386,2.4490053919363257,25.751773375903877,90.13659474250237
111,215.88547397651803,4.394463528026905,0.8570708324659306,2.469360809009815,32.49059441483569,80.31808120627683
112,200.24962254576073,4.197972485103841,0.802500725195751,3.069590201023467,30.698610353875637,112.22061793078468
113,215.88547397651803,4.394463528026905,0.8570708324659306,2.469360809009815,32.49059441483569,80.31808120627683
114,215.88547397651803,4.394463528026905,0.8570708324659306,2.469360809009815,32.49059441483569,80.31808120627683
115,211.39895505537592,4.196942728424673,0.802500725195751,2.8678258379390367,31.501162237704776,105.1226575763379
116,185.76755459396617,3.8855632101390416,0.9678930566951441,2.3977842360016433,14.617312725462185,67.17208065882501
117,227.4137473241727,6.631685328136576,0.8887145031877612,2.3964277060476418,16.129154198363082,69.51735814225148
118,211.34712642077503,4.097909997612062,0.802500725195751,2.718306448088089,31.501162237704776,100.69084962831876
119,215.88547397651803,4.394463528026905,0.8570708324659306,2.469360809009815,32.49059441483569,80.31808120627683
120,211.39895505537592,4.788986778851498,0.8537809638336874,2.7279790128457555,33.097092858565546,103.76750451333648
121,215.08878607669354,4.856293412748345,0.7993679814514386,2.4490053919363257,25.383006658454335,90.27948227645662
122,190.64902167244236,4.7303064053442165,0.9698009763533699,2.421181278580416,23.38516522273009,94.90119296191803
123,223.02073869727928,3.700013468903091,0.7816111846028151,2.5637134085175375,27.207740358049175,87.35874459981665
124,211.39895505537592,4.086510722248338,0.802500725195751,2.6647362841790945,31.443635613896777,100.69084962831876
125,215.08878607669354,4.39490344277203,0.7976378266922721,2.4490053919363257,26.319471260868657,90.13659474250237
126,220.809211612888,3.700013468903091,0.7993679814514386,2.4773490710504946,27.207740358049175,87.35874459981665
127,215.88547397651803,4.394463528026905,0.8570708324659306,2.469360809009815,32.49059441483569,80.31808120627683
128,222.20261256642308,4.170750192554759,0.8186281028222054,2.6987160066982177,30.23940608919871,87.570574427299
129,182.93182167502093,4.15717189770116,1.0365869837513688,2.4628608936615732,15.502032271698644,67.04391662207429
130,211.39895505537592,4.088693294617013,0.802500725195751,2.8825567020404037,31.501162237704776,101.87545116979692
131,220.46267327365354,3.5323940699723844,0.7598753941227347,2.4490053919363257,27.23510270492353,87.35874459981665
132,217.4054521513564,3.700013468903091,0.7816111846028151,2.6589385590921086,27.459129554552575,88.00766050270661
133,212.12492378802665,4.478650499634115,0.8858759852497824,2.6536459419610874,34.59731796622053,94.22263464959128
134,215.88547397651803,4.394463528026905,0.8570708324659306,2.469360809009815,32.49059441483569,80.31808120627683
135,281.7035041533761,6.334822422196698,0.6623087900942414,2.645134318173507,19.960577959745805,69.22649846002804
136,248.4397016453897,6.383726997888246,0.7864658164076493,2.4564208034505803,18.654311599904716,74.77166208972183
137,211.39895505537592,4.3594865057589605,0.8591374709590801,2.834302241718285,33.01903183465057,105.1226575763379
138,208.9903729854182,4.093237572040705,0.802500725195751,2.939183472638849,31.008647284639565,105.1226575763379
139,211.4996891706441,4.110428272307078,0.7750494823156249,2.4490053919363257,26.319471260868657,90.27948227645662
140,217.52433151686338,4.368165627674219,0.7750494823156249,2.5667034845249512,25.98604365899551,90.60046810186607
141,241.5492647515787,6.275968672208412,0.6878449471080427,2.4917842507364782,16.910862762734258,69.22649846002804
142,215.88547397651803,4.394463528026905,0.8570708324659306,2.469360809009815,32.49059441483569,80.31808120627683
143,211.39895505537592,4.035838210387169,0.802500725195751,2.6647362841790945,35.23331254587588,100.39658754635752
144,212.12492378802665,4.1091352430807895,0.8234791082997593,2.6944547178803235,31.824532191310436,94.22263464959128
145,215.88547397651803,4.394463528026905,0.8570708324659306,2.469360809009815,32.49059441483569,80.31808120627683
146,215.88547397651803,4.394463528026905,0.8570708324659306,2.469360809009815,32.49059441483569,80.31808120627683
147,222.378838544456,4.162160129850387,0.8319592878142471,2.6987160066982177,27.037959061764997,94.12275254322503
148,219.72020743822802,3.676921258245357,0.7816111846028151,2.6987160066982177,29.119705002879414,87.570574427299
149,217.52433151686338,4.368165627674219,0.7750494823156249,2.5667034845249512,26.374118042484564,90.60046810186607
150,269.17061411518483,6.392713045971289,0.6793503424078592,2.581858515639865,17.227667296092196,67.71016091832291
151,220.96522729672535,3.700013468903091,0.7816111846028151,2.5637134085175375,26.873671441671938,87.35874459981665
152,219.48178484762647,4.157545675793257,0.8234791082997593,2.7702379996801527,31.824532191310436,94.22263464959128
153,222.378838544456,4.162160129850387,0.8301928041900329,2.6987160066982177,31.051900115174018,87.570574427299
154,220.7066338788841,3.837215352489461,0.7993679814514386,2.4576655302173402,27.23510270492353,87.35874459981665
155,220.7066338788841,3.837215352489461,0.7993679814514386,2.4576655302173402,28.76859861332037,87.35874459981665
156,274.60364065806533,6.0742464370557485,0.7719373308150588,2.495726059465635,24.033661323247145,74.77166208972183
157,186.19396156368222,4.847770461254599,1.1338446740146093,2.6143640114612947,23.21690158697364,90.49069636360973
158,215.88547397651803,4.394463528026905,0.8570708324659306,2.469360809009815,32.49059441483569,80.31808120627683
159,190.64902167244236,4.613650451561674,0.9698009763533699,2.421181278580416,23.38516522273009,94.90119296191803
160,215.88547397651803,4.394463528026905,0.8570708324659306,2.469360809009815,32.49059441483569,80.31808120627683
161,188.655995592186,4.894917894846561,1.1338446740146093,2.5909451846725826,24.24087554716495,98.53886697251077
162,215.08878607669354,4.554476150466831,0.7993679814514386,2.4490053919363257,25.383006658454335,90.13659474250237
163,185.76755459396617,4.258127339490317,0.9678930566951441,2.4751914135345285,14.617312725462185,67.17208065882501
164,217.4054521513564,3.700013468903091,0.7816111846028151,2.5637134085175375,27.345199880442387,88.00766050270661
165,201.4785504593157,4.137103727329482,0.802500725195751,2.939183472638849,30.698610353875637,103.76750451333648
166,215.88547397651803,4.394463528026905,0.8570708324659306,2.469360809009815,32.49059441483569,80.31808120627683
167,221.366283074013,4.129247324638473,0.802500725195751,2.7702379996801527,30.79348699689053,100.39658754635752
168,198.5208005485874,4.8391399306415295,1.1382452503129747,2.7524171531363026,25.536119508843264,92.3399012536065
169,182.93182167502093,4.096728016150741,1.0419927207893376,2.477667822356233,14.604239125613383,67.04391662207429
170,215.88547397651803,4.394463528026905,0.8570708324659306,2.469360809009815,32.49059441483569,80.31808120627683
171,190.88545396778252,4.890614430290365,1.1338446740146093,2.6143640114612947,23.66639373160056,91.5514798055279
172,211.34712642077503,4.088693294617013,0.802500725195751,2.8825567020404037,31.501162237704776,103.76750451333648
173,215.88547397651803,4.394463528026905,0.8570708324659306,2.469360809009815,32.49059441483569,80.31808120627683
174,182.1535438606868,3.919228711984913,1.0365869837513688,2.4628608936615732,15.556747457650157,67.04391662207429
175,215.88547397651803,4.394463528026905,0.8570708324659306,2.469360809009815,32.49059441483569,80.31808120627683
176,215.88547397651803,4.394463528026905,0.8570708324659306,2.469360809009815,32.49059441483569,80.31808120627683
177,203.04808502159375,4.915524856120209,1.1338446740146093,2.5909451846725826,24.37654793824039,100.63863024041113
178,220.96522729672535,3.700013468903091,0.784332544303114,2.5637134085175375,26.873671441671938,87.35874459981665
179,215.88547397651803,4.394463528026905,0.8570708324659306,2.469360809009815,32.49059441483569,80.31808120627683
180,211.4996891706441,4.110428272307078,0.7750494823156249,2.4490053919363257,26.595746179542715,90.27948227645662
181,179.69052907464922,4.800673448274344,1.1338446740146093,2.4998783426500117,23.608879764982646,95.3083816440977
182,222.20261256642308,4.170750192554759,0.8301928041900329,2.6987160066982177,29.31174142737473,87.570574427299
183,215.88547397651803,4.394463528026905,0.8570708324659306,2.469360809009815,32.49059441483569,80.31808120627683
184,227.4137473241727,5.823225094424519,0.9486623758133967,2.3964277060476418,16.149118546946067,67.17208065882501
185,215.88547397651803,4.394463528026905,0.8570708324659306,2.469360809009815,32.49059441483569,80.31808120627683
186,185.76755459396617,3.958945175577192,0.9678930566951441,2.3964277060476418,14.51454844738744,67.17208065882501
187,218.96681604570142,4.157545675793257,0.8234791082997593,2.7510814884787687,31.824532191310436,94.22263464959128
188,211.39895505537592,3.96385036617183,0.7953739830229466,2.6647362841790945,34.67947397421373,100.39658754635752
189,220.0781607568031,3.700013468903091,0.7966466217511396,2.4773490710504946,27.679268796819624,87.35874459981665
190,215.88547397651803,4.394463528026905,0.8570708324659306,2.469360809009815,32.49059441483569,80.31808120627683
191,215.88547397651803,4.394463528026905,0.8570708324659306,2.469360809009815,32.49059441483569,80.31808120627683
192,215.88547397651803,4.394463528026905,0.8570708324659306,2.469360809009815,32.49059441483569,80.31808120627683
193,215.88547397651803,4.394463528026905,0.8570708324659306,2.469360809009815,32.49059441483569,80.31808120627683
194,211.34712642077503,4.088693294617013,0.802500725195751,2.8825567020404037,31.501162237704776,103.76750451333648
195,192.72439790425386,4.953663164607955,1.1338446740146093,2.6143640114612947,24.152105153465378,95.50102584534335
196,222.12024512661475,4.180812161323539,0.8736703516152315,2.4526023178260346,23.878623029858282,94.12275254322503
197,222.378838544456,4.162160129850387,0.8450911441422437,2.6589385590921086,28.626867363491026,87.570574427299
198,241.5492647515787,6.281459452867166,0.7104332914846899,2.4564208034505803,18.091838098222155,72.66135744743393
199,215.08878607669354,4.297450581630512,0.7993679814514386,2.4490053919363257,29.41367026396,90.27948227645662
200,220.809211612888,3.700013468903091,0.784332544303114,2.4773490710504946,27.207740358049175,87.35874459981665
201,186.19396156368222,5.287852118489581,1.1382452503129747,2.739539347400564,24.390651567055624,94.57767569503855
202,236.83199440683896,6.471468832388791,0.7864658164076493,2.4515351715598706,15.836228467328905,74.77166208972183
203,220.7066338788841,3.837215352489461,0.7993679814514386,2.4526023178260346,27.197348403192983,87.35874459981665
204,220.7066338788841,3.837215352489461,0.7993679814514386,2.4576655302173402,27.38529168608002,87.35874459981665
205,180.23856122793808,4.878668766007193,1.0747724617045367,2.4887880004320047,23.507250922000306,88.96833070212094
206,207.64707124078762,4.47697413653911,0.9005725212566653,2.876582196019482,35.59267366467255,100.76679427716185
207,215.88547397651803,4.394463528026905,0.8570708324659306,2.469360809009815,32.49059441483569,80.31808120627683
208,215.88547397651803,4.394463528026905,0.8570708324659306,2.469360809009815,32.49059441483569,80.31808120627683
209,220.54415663864756,4.157545675793257,0.8234791082997593,2.6987160066982177,29.19325634544984,94.22263464959128
210,269.17061411518483,6.303314128876498,0.6793503424078592,2.5984587208733814,18.951478144035928,67.71016091832291
211,241.5492647515787,6.365367589303203,0.6878449471080427,2.4233874265233344,16.70755201766278,69.22649846002804
212,178.9122512603151,4.9230926566898345,1.1296470792615452,2.4998783426500117,23.507250922000306,88.84016666537022
213,222.22282286061863,3.676921258245357,0.8485501398194275,2.4773490710504946,27.87130522131494,87.570574427299
214,209.59035337673146,4.263598272212444,0.802500725195751,3.136639777965438,31.434195665563536,116.39603454057188
215,211.3747435955559,4.137103727329482,0.802500725195751,2.939183472638849,31.501162237704776,103.76750451333648
216,211.39895505537592,4.47697413653911,0.8875147116218027,2.876582196019482,33.08196254655617,106.41189957659265
217,191.25675050105463,5.507175915018381,1.0964879712797329,2.437088340036565,26.373346924929354,88.96833070212094
218,217.19701872165373,3.806257103341227,0.7976378266922721,2.4490053919363257,26.971001166883955,87.35874459981665
219,215.88547397651803,4.394463528026905,0.8570708324659306,2.469360809009815,32.49059441483569,80.31808120627683
220,215.08878607669354,2.801841156072458,0.7598753941227347,2.4490053919363257,26.319471260868657,90.13659474250237
221,215.88547397651803,4.394463528026905,0.8570708324659306,2.469360809009815,32.49059441483569,80.31808120627683
222,222.10003012427956,4.157545675793257,0.8234791082997593,2.781385883324468,30.71813792365297,94.12275254322503
223,182.1535438606868,3.8987151390055765,1.0205391767398035,2.4628608936615732,14.617312725462185,67.04391662207429
224,306.0682838066783,6.206286173092916,0.6538141853940579,2.7518087883104103,22.333658281719636,67.38917509291346
225,218.96681604570142,4.157545675793257,0.8234791082997593,2.7702379996801527,31.824532191310436,94.48539715824235
226,215.88547397651803,4.394463528026905,0.8570708324659306,2.469360809009815,32.49059441483569,80.31808120627683
227,190.64902167244236,4.292390340727753,0.9360672285652546,2.4490053919363257,23.35564397611135,94.22263464959128
228,191.25675050105463,4.358444508519339,1.010752748608832,2.437088340036565,26.373346924929354,88.96833070212094
229,215.88547397651803,4.394463528026905,0.8570708324659306,2.469360809009815,32.49059441483569,80.31808120627683
230,222.20261256642308,4.162160129850387,0.8186281028222054,2.7510814884787687,30.23940608919871,87.570574427299
231,215.88547397651803,4.394463528026905,0.8570708324659306,2.469360809009815,32.49059441483569,80.31808120627683
232,215.08878607669354,3.888564199906829,0.7696322688089232,2.4490053919363257,26.319471260868657,90.13659474250237
233,244.56663832216762,6.39829628918652,0.6793503424078592,2.5667034845249512,17.047287330011944,63.94702456271894
234,185.76755459396617,4.259419061575916,0.9678930566951441,2.4628608936615732,14.617312725462185,67.17208065882501
235,273.96821953051426,6.2836206823906124,0.6878449471080427,2.7518087883104103,23.73374628211612,67.38917509291346
236,241.5492647515787,6.2843564882522855,0.6878449471080427,2.4515351715598706,16.65846151659416,69.22649846002804
237,182.1535438606868,3.898493780503668,0.9768660470098951,2.4628608936615732,14.617312725462185,67.04391662207429
238,276.9474562501085,5.357568374103325,0.7007194825046056,2.495726059465635,19.116096405503853,72.66135744743393
239,215.88547397651803,4.394463528026905,0.8570708324659306,2.469360809009815,32.49059441483569,80.31808120627683
240,284.37860080511376,5.790026552494523,0.6866272892300551,2.495726059465635,20.03980834733433,72.66135744743393
241,215.08878607669354,4.733537209510137,0.7993679814514386,2.4490053919363257,25.650887040621214,90.13659474250237
242,225.28235269606162,3.700013468903091,0.7816111846028151,2.60139563112803,26.86923461546344,87.570574427299
243,178.9122512603151,4.9230926566898345,1.1296470792615452,2.4887880004320047,23.507250922000306,88.84016666537022
244,178.9122512603151,4.931052656689833,1.087050529290324,2.469182053461465,23.507250922000306,88.96833070212094
245,289.1346487083814,6.226346902955282,0.6866272892300551,2.6097708708876093,22.9180733919427,72.66135744743393
246,218.5332426767998,4.129247324638473,0.802500725195751,2.7702379996801527,31.906688199303638,100.69084962831876
247,215.88547397651803,4.394463528026905,0.8570708324659306,2.469360809009815,32.49059441483569,80.31808120627683
248,190.88545396778252,4.90672534751564,1.1338446740146093,2.7524171531363026,25.536119508843264,91.40984824482516
249,215.88547397651803,4.394463528026905,0.8570708324659306,2.469360809009815,32.49059441483569,80.31808120627683
250,244.48048423733692,6.394982300556801,0.6793503424078592,2.54108551911196,17.121587629869516,67.38917509291346
251,215.88547397651803,4.394463528026905,0.8570708324659306,2.469360809009815,32.49059441483569,80.31808120627683
252,215.88547397651803,4.394463528026905,0.8570708324659306,2.469360809009815,32.49059441483569,80.31808120627683
253,211.34712642077503,4.208342003788397,0.802500725195751,2.8825567020404037,31.501162237704776,105.1226575763379
254,211.39895505537592,4.066441947454836,0.802500725195751,2.6647362841790945,32.133931437253054,100.69084962831876
255,210.94300693647278,4.1091352430807895,0.8234791082997593,2.6420892360997725,31.824532191310436,94.22263464959128
256,219.0340556235314,4.8758720718745785,1.1338446740146093,2.7083090195565434,24.13924670418261,101.73386033134223
257,178.9122512603151,4.9230926566898345,1.1296470792615452,2.4998783426500117,23.507250922000306,88.84016666537022
258,211.39895505537592,4.103815905486101,0.8537809638336874,2.713267128004875,33.097092858565546,100.69084962831876
259,208.97568713847227,4.50680006554528,0.8736703516152315,2.4490053919363257,23.062272485702557,94.22263464959128
260,211.39895505537592,4.184938345744833,0.8463495194562901,2.6369121708231846,34.66434366220435,101.07514585868427
261,180.23856122793808,4.878668766007193,1.0747724617045367,2.47891709754115,23.529392012600546,88.96833070212094
262,214.8766987892977,3.845044692981391,0.7966466217511396,2.4490053919363257,27.854663389344903,88.00766050270661
263,211.34712642077503,4.088693294617013,0.802500725195751,2.8825567020404037,31.501162237704776,103.76750451333648
264,215.88547397651803,4.394463528026905,0.8570708324659306,2.469360809009815,32.49059441483569,80.31808120627683
265,189.88617428543705,3.995721410394449,0.8640792128915508,2.495726059465635,16.30245525631782,71.4825706107621
266,205.0322718249534,4.259024097653053,0.8875147116218027,2.7155423951877355,35.28796452438904,100.76679427716185
267,244.56663832216762,6.392713045971289,0.6793503424078592,2.5667034845249512,17.047287330011944,65.12914696782306
268,215.88547397651803,4.394463528026905,0.8570708324659306,2.469360809009815,32.49059441483569,80.31808120627683
269,215.88547397651803,4.394463528026905,0.8570708324659306,2.469360809009815,32.49059441483569,80.31808120627683
270,220.0781607568031,3.700013468903091,0.7816111846028151,2.4773490710504946,27.207740358049175,87.35874459981665
271,211.39895505537592,4.035838210387169,0.802500725195751,2.6647362841790945,34.58128341583002,100.39658754635752
272,215.88547397651803,4.394463528026905,0.8570708324659306,2.469360809009815,32.49059441483569,80.31808120627683
273,215.88547397651803,4.394463528026905,0.8570708324659306,2.469360809009815,32.49059441483569,80.31808120627683
274,215.88547397651803,4.394463528026905,0.8570708324659306,2.469360809009815,32.49059441483569,80.31808120627683
275,211.39895505537592,4.0572252444597865,0.8081619345257366,2.782502839186789,32.99890230018185,103.76750451333648
276,220.46267327365354,3.845044692981391,0.7993679814514386,2.4490053919363257,27.197348403192983,87.35874459981665
277,211.39895505537592,3.9944541032394945,0.8111653579274363,2.6647362841790945,33.097092858565546,100.69084962831876
278,222.378838544456,4.157545675793257,0.8333983040833535,2.6987160066982177,27.037959061764997,94.12275254322503
279,227.4137473241727,6.511175136098349,0.8887145031877612,2.455465328451705,15.741711565082793,69.51735814225148
280,215.88547397651803,4.394463528026905,0.8570708324659306,2.469360809009815,32.49059441483569,80.31808120627683
281,185.76755459396617,4.014674132762438,0.9678930566951441,2.455465328451705,14.532381392077559,67.17208065882501
282,215.88547397651803,4.394463528026905,0.8570708324659306,2.469360809009815,32.49059441483569,80.31808120627683
283,215.88547397651803,4.394463528026905,0.8570708324659306,2.469360809009815,32.49059441483569,80.31808120627683
284,191.25675050105463,5.108510518427632,1.1038384426480277,2.437088340036565,25.487578759629372,88.96833070212094
285,218.51554815255477,4.157545675793257,0.8350438096675868,2.6987160066982177,28.97766032762173,94.22263464959128
286,207.51936212748691,4.497836864422854,1.0059066367904395,2.495726059465635,16.3897008346221,72.42638460629536
287,215.88547397651803,4.394463528026905,0.8570708324659306,2.469360809009815,32.49059441483569,80.31808120627683
288,179.25609467070115,4.918419524269593,1.1338446740146093,2.5818246595386594,23.891874685864515,93.82572976099152
289,211.39895505537592,4.148444282800697,0.802500725195751,3.046618361057966,32.133931437253054,116.39603454057188
290,225.12633701222427,3.700013468903091,0.7816111846028151,2.4773490710504946,27.679268796819624,87.570574427299
291,211.39895505537592,4.610450452620393,0.8537809638336874,2.713267128004875,33.097092858565546,100.69084962831876
292,217.14685873351516,3.845044692981391,0.7966466217511396,2.4490053919363257,27.854663389344903,88.00766050270661
293,191.15964626549587,4.33334848521713,1.1124554902222556,2.4123415868121048,24.32046098453844,88.96833070212094
294,215.88547397651803,4.394463528026905,0.8570708324659306,2.469360809009815,32.49059441483569,80.31808120627683
295,215.88547397651803,4.394463528026905,0.8570708324659306,2.469360809009815,32.49059441483569,80.31808120627683
296,211.4996891706441,4.067406877081871,0.7750494823156249,2.4490053919363257,26.595746179542715,90.27948227645662
297,215.88547397651803,4.394463528026905,0.8570708324659306,2.469360809009815,32.49059441483569,80.31808120627683
298,215.88547397651803,4.394463528026905,0.8570708324659306,2.469360809009815,32.49059441483569,80.31808120627683
299,215.88547397651803,4.394463528026905,0.8570708324659306,2.469360809009815,32.49059441483569,80.31808120627683
300,215.88547397651803,4.394463528026905,0.8570708324659306,2.469360809009815,32.49059441483569,80.31808120627683
301,220.54415663864756,4.157545675793257,0.8234791082997593,2.6987160066982177,31.824532191310436,94.22263464959128
302,210.92247045931575,4.29434062187187,0.802500725195751,2.9958225313993405,31.501162237704776,105.1226575763379
303,215.88547397651803,4.394463528026905,0.8570708324659306,2.469360809009815,32.49059441483569,80.31808120627683
304,182.1535438606868,3.803779033668936,0.9768660470098951,2.412392854332066,14.473508708414055,67.04391662207429
305,215.88547397651803,4.394463528026905,0.8570708324659306,2.469360809009815,32.49059441483569,80.31808120627683
306,220.7066338788841,3.837215352489461,0.7993679814514386,2.4526023178260346,27.197348403192983,87.35874459981665
307,215.88547397651803,4.394463528026905,0.8570708324659306,2.469360809009815,32.49059441483569,80.31808120627683
308,215.88547397651803,4.394463528026905,0.8570708324659306,2.469360809009815,32.49059441483569,80.31808120627683
309,269.17061411518483,6.3117019449203715,0.6793503424078592,2.581858515639865,17.227667296092196,67.71016091832291
310,241.52963445707718,6.409966925840488,0.7121634462438564,2.4490053919363257,18.072028041801804,69.21920691723939
311,222.22282286061863,4.18542661538067,0.8705858297618918,2.4773490710504946,26.451014210133764,94.12275254322503
312,215.88547397651803,4.394463528026905,0.8570708324659306,2.469360809009815,32.49059441483569,80.31808120627683
313,215.88547397651803,4.394463528026905,0.8570708324659306,2.469360809009815,32.49059441483569,80.31808120627683
314,247.3942292830785,6.557574300929269,0.7831216001680346,2.495726059465635,18.734319096417362,74.77166208972183
315,217.52433151686338,2.801841156072458,0.7598753941227347,2.5667034845249512,26.319471260868657,90.13659474250237
316,211.39895505537592,3.96385036617183,0.8111653579274363,2.6647362841790945,33.23851533370602,100.69084962831876
317,222.34467747697585,4.890614430290365,1.1338446740146093,2.7083090195565434,24.152105153465378,100.63863024041113
318,192.72439790425386,4.890614430290365,1.1338446740146093,2.6143640114612947,24.152105153465378,92.09698712006809
319,221.2823314008721,3.8515443871825683,0.7993679814514386,2.4490053919363257,25.990132511452014,87.35874459981665
320,215.88547397651803,4.394463528026905,0.8570708324659306,2.469360809009815,32.49059441483569,80.31808120627683
321,190.88545396778252,4.862637704387237,1.1338446740146093,2.6143640114612947,23.21690158697364,90.49069636360973
322,186.19396156368222,4.887444343346789,1.1338446740146093,2.675027599824487,26.06311401903124,91.20335034711864
323,215.88547397651803,4.394463528026905,0.8570708324659306,2.469360809009815,32.49059441483569,80.31808120627683
324,178.9122512603151,4.843537159462406,1.121056722511819,2.4998783426500117,23.507250922000306,95.01411956213646
325,215.88547397651803,4.394463528026905,0.8570708324659306,2.469360809009815,32.49059441483569,80.31808120627683
326,222.20261256642308,4.157545675793257,0.8319592878142471,2.6987160066982177,29.974071407766576,94.12275254322503
327,209.59035337673146,4.243034725769667,0.802500725195751,3.136639777965438,31.501162237704776,116.39603454057188
328,216.04765829890377,2.7659551069630437,0.7598753941227347,2.4490053919363257,26.971001166883955,87.35874459981665
329,215.08878607669354,4.110428272307078,0.7750494823156249,2.4490053919363257,26.319471260868657,90.27948227645662
330,215.88547397651803,4.394463528026905,0.8570708324659306,2.469360809009815,32.49059441483569,80.31808120627683
331,211.39895505537592,4.103815905486101,0.8537809638336874,2.6647362841790945,33.097092858565546,100.69084962831876
332,215.88547397651803,4.394463528026905,0.8570708324659306,2.469360809009815,32.49059441483569,80.31808120627683
333,215.88547397651803,4.394463528026905,0.8570708324659306,2.469360809009815,32.49059441483569,80.31808120627683
334,211.4996891706441,4.133428574763834,0.7750494823156249,2.460029014388048,26.319471260868657,90.27948227645662
335,215.88547397651803,4.394463528026905,0.8570708324659306,2.469360809009815,32.49059441483569,80.31808120627683
336,215.88547397651803,4.394463528026905,0.8570708324659306,2.469360809009815,32.49059441483569,80.31808120627683
337,222.22282286061863,4.162160129850387,0.8476940837656965,2.4773490710504946,37.50248768629657,87.570574427299
338,211.11002938471492,4.186602168835235,0.802500725195751,2.939183472638849,31.501162237704776,105.1226575763379
339,215.88547397651803,4.394463528026905,0.8570708324659306,2.469360809009815,32.49059441483569,80.31808120627683
340,217.24943646751905,3.700013468903091,0.7966466217511396,2.4773490710504946,27.679268796819624,88.00766050270661
341,211.39895505537592,4.035838210387169,0.789712773692961,2.6647362841790945,33.20203154128172,95.06272484698003
342,220.7066338788841,3.5323940699723844,0.7598753941227347,2.4526023178260346,27.23510270492353,87.35874459981665
343,269.17061411518483,6.303314128876498,0.6793503424078592,2.5984587208733814,17.227667296092196,67.71016091832291
344,187.4972214805818,4.703749384275275,1.086337163072364,2.5282196758655284,31.064802777972357,88.96833070212094
345,215.88547397651803,4.394463528026905,0.8570708324659306,2.469360809009815,32.49059441483569,80.31808120627683
346,218.18190545133857,4.319455270794043,0.7966466217511396,2.4490053919363257,25.187761114979107,90.1445433316687
347,185.76755459396617,4.258127339490317,0.9678930566951441,2.4751914135345285,14.617312725462185,67.17208065882501
348,215.88547397651803,4.394463528026905,0.8570708324659306,2.469360809009815,32.49059441483569,80.31808120627683
349,215.14520255028856,4.146320430324531,0.802500725195751,2.939183472638849,31.501162237704776,100.69084962831876
350,211.39895505537592,4.066441947454836,0.8081619345257366,2.868869134638295,32.99890230018185,100.69084962831876
351,206.02312413210802,4.401465754969939,0.9986675469757078,2.8329062300716963,35.106370114058514,100.76679427716185
352,217.52433151686338,4.368165627674219,0.7750494823156249,2.5667034845249512,26.374118042484564,90.60046810186607
353,225.02375927822038,3.837215352489461,0.7966466217511396,2.4526023178260346,27.854663389344903,87.570574427299
354,178.9122512603151,4.9230926566898345,1.1260243527389728,2.47891709754115,23.507250922000306,88.84016666537022
355,217.19701872165373,3.8593805990630106,0.7993679814514386,2.4490053919363257,26.971001166883955,87.35874459981665
356,240.3132211378891,6.365367589303203,0.6878449471080427,2.460029014388048,16.63325171780521,66.96647033493764
357,215.88547397651803,4.394463528026905,0.8570708324659306,2.469360809009815,32.49059441483569,80.31808120627683
358,220.809211612888,3.700013468903091,0.784332544303114,2.4773490710504946,27.207740358049175,87.35874459981665
359,215.88547397651803,4.394463528026905,0.8570708324659306,2.469360809009815,32.49059441483569,80.31808120627683
360,215.08878607669354,4.176662611773077,0.7976378266922721,2.4490053919363257,26.319471260868657,90.27948227645662
361,217.19701872165373,3.833917290320011,0.7993679814514386,2.4490053919363257,26.971001166883955,87.35874459981665
362,215.88547397651803,4.394463528026905,0.8570708324659306,2.469360809009815,32.49059441483569,80.31808120627683
363,222.22282286061863,4.162160129850387,0.8494605673899107,2.4773490710504946,26.204509460154945,94.12275254322503
364,215.88547397651803,4.394463528026905,0.8570708324659306,2.469360809009815,32.49059441483569,80.31808120627683
365,215.12065939452827,3.700013468903091,0.7966466217511396,2.441385988403409,31.590555376023623,88.00766050270661
366,191.25675050105463,4.358444508519339,0.989627486236851,2.437088340036565,25.661521303243344,88.96833070212094
367,220.54415663864756,4.157545675793257,0.8525450892432505,2.60139563112803,26.645135985130803,94.22263464959128
368,203.04808502159375,4.915524856120209,1.1338446740146093,2.6641767299433545,24.152105153465378,100.63863024041113
369,222.378838544456,4.157545675793257,0.8499421496197976,2.6589385590921086,28.118322747454826,94.12275254322503
370,191.15964626549587,4.213316342215419,1.1124554902222556,2.408744660922396,23.802733763036464,88.96833070212094
371,289.1346487083814,6.1110481694241585,0.6866272892300551,2.495726059465635,22.03670872442447,72.66135744743393
372,218.76580274363883,4.157545675793257,0.8234791082997593,2.6620060815507736,36.615812415106475,94.22263464959128
373,222.22282286061863,4.162160129850387,0.8476940837656965,2.4773490710504946,26.031623811366423,87.570574427299
374,222.378838544456,4.162160129850387,0.8301928041900329,2.6987160066982177,30.6656688697634,87.570574427299
375,215.88547397651803,4.394463528026905,0.8570708324659306,2.469360809009815,32.49059441483569,80.31808120627683
376,215.88547397651803,4.394463528026905,0.8570708324659306,2.469360809009815,32.49059441483569,80.31808120627683
377,190.88545396778252,4.414639200724365,1.1338446740146093,2.7150459333933457,25.536119508843264,91.40984824482516
378,215.88547397651803,4.394463528026905,0.8570708324659306,2.469360809009815,32.49059441483569,80.31808120627683
379,211.39895505537592,4.069437616562281,0.802500725195751,2.6728024531624714,31.84916157549564,100.39658754635752
380,220.7066338788841,3.837215352489461,0.7993679814514386,2.4576655302173402,30.306661162571913,87.35874459981665
381,186.6296024686738,5.005062013964792,1.1012355030245748,2.4562114149587613,25.254307984299373,88.96833070212094
382,215.08878607669354,4.133428574763834,0.7750494823156249,2.460029014388048,26.319471260868657,90.27948227645662
383,220.46267327365354,3.845044692981391,0.7993679814514386,2.4490053919363257,27.23510270492353,87.35874459981665
384,215.88547397651803,4.394463528026905,0.8570708324659306,2.469360809009815,32.49059441483569,80.31808120627683
385,215.88547397651803,4.394463528026905,0.8570708324659306,2.469360809009815,32.49059441483569,80.31808120627683
386,311.9526183529458,4.157545675793257,0.8234791082997593,2.713423286575262,31.824532191310436,94.22263464959128
387,220.7066338788841,3.837215352489461,0.7993679814514386,2.499128569643805,27.197348403192983,87.35874459981665
388,222.378838544456,4.170750192554759,0.8301928041900329,2.6987160066982177,30.03907374089255,87.570574427299
389,215.88547397651803,4.394463528026905,0.8570708324659306,2.469360809009815,32.49059441483569,80.31808120627683
390,215.88547397651803,4.394463528026905,0.8570708324659306,2.469360809009815,32.49059441483569,80.31808120627683
391,208.5099035666075,4.24163994685611,0.802500725195751,3.0441106898647896,31.501162237704776,105.7333412642659
392,215.88547397651803,4.394463528026905,0.8570708324659306,2.469360809009815,32.49059441483569,80.31808120627683
393,215.88547397651803,4.394463528026905,0.8570708324659306,2.469360809009815,32.49059441483569,80.31808120627683
394,185.76755459396617,3.812248528229911,0.9678930566951441,2.3964277060476418,14.436071071563855,67.17208065882501
395,215.88547397651803,4.394463528026905,0.8570708324659306,2.469360809009815,32.49059441483569,80.31808120627683
396,215.88547397651803,4.394463528026905,0.8570708324659306,2.469360809009815,32.49059441483569,80.31808120627683
397,222.12024512661475,4.194016678085043,0.8688193461376776,2.4526023178260346,27.625767647520224,87.570574427299
398,191.15964626549587,4.358444508519339,1.0809538117072746,2.401125257389479,26.373346924929354,88.96833070212094
399,220.7066338788841,3.837215352489461,0.7993679814514386,2.4526023178260346,27.197348403192983,87.35874459981665
400,221.46886551615654,4.157545675793257,0.8234791082997593,2.6987160066982177,30.711330988897327,94.22263464959128
401,211.39895505537592,4.401465754969939,0.8875147116218027,2.8329062300716963,33.08196254655617,102.90572973578094
402,191.20096222301584,4.372741032781933,0.9698009763533699,2.4247782044701247,24.66475264178975,90.49658247281202
403,215.88547397651803,4.394463528026905,0.8570708324659306,2.469360809009815,32.49059441483569,80.31808120627683
404,215.88547397651803,4.394463528026905,0.8570708324659306,2.469360809009815,32.49059441483569,80.31808120627683
405,192.72439790425386,4.912244471084356,1.1382452503129747,2.8232231645280805,25.536119508843264,113.01779875014816
406,182.93182167502093,4.0061711131154185,1.0412055005786418,2.4628608936615732,13.20453528941053,67.04391662207429
407,215.88547397651803,4.394463528026905,0.8570708324659306,2.469360809009815,32.49059441483569,80.31808120627683
408,226.82936320688663,4.20834571277815,0.8688193461376776,2.4490053919363257,27.590632768565758,87.570574427299
409,220.7066338788841,3.8255513842383913,0.7976378266922721,2.4526023178260346,27.23510270492353,87.35874459981665
410,221.0175976230099,4.157545675793257,0.8350438096675868,2.6987160066982177,29.703091930687112,94.22263464959128
411,215.88547397651803,4.394463528026905,0.8570708324659306,2.469360809009815,32.49059441483569,80.31808120627683
412,211.39895505537592,4.161761463986416,0.802500725195751,2.8874300564127298,32.99890230018185,110.26650810261293
413,215.88547397651803,4.394463528026905,0.8570708324659306,2.469360809009815,32.49059441483569,80.31808120627683
414,215.88547397651803,4.394463528026905,0.8570708324659306,2.469360809009815,32.49059441483569,80.31808120627683
415,215.88547397651803,4.394463528026905,0.8570708324659306,2.469360809009815,32.49059441483569,80.31808120627683
416,269.17061411518483,6.306106555089047,0.6793503424078592,2.5984587208733814,18.54946481656008,67.71016091832291
417,215.88547397651803,4.394463528026905,0.8570708324659306,2.469360809009815,32.49059441483569,80.31808120627683
418,215.88547397651803,4.394463528026905,0.8570708324659306,2.469360809009815,32.49059441483569,80.31808120627683
419,224.43434994500993,4.162160129850387,0.8494605673899107,2.5637134085175375,26.296772286371116,94.12275254322503
420,215.88547397651803,4.394463528026905,0.8570708324659306,2.469360809009815,32.49059441483569,80.31808120627683
421,191.7518893802241,4.5773280931237545,1.0059066367904395,2.495726059465635,16.3897008346221,72.42638460629536
422,220.96522729672535,3.700013468903091,0.784332544303114,2.6987160066982177,29.965383639020885,87.35874459981665
423,223.02073869727928,3.700013468903091,0.784332544303114,2.5637134085175375,27.207740358049175,87.35874459981665
424,220.96522729672535,3.700013468903091,0.784332544303114,2.5637134085175375,26.873671441671938,87.35874459981665
425,215.08878607669354,2.801841156072458,0.7598753941227347,2.460029014388048,26.319471260868657,90.13659474250237
426,219.5508896734104,4.157545675793257,0.8525450892432505,2.4773490710504946,23.979676876669483,94.22263464959128
427,218.5324340233987,4.146320430324531,0.802500725195751,2.7702379996801527,31.501162237704776,100.69084962831876
428,217.52433151686338,4.368165627674219,0.7750494823156249,2.5667034845249512,25.98604365899551,90.60046810186607
429,217.3369516178666,6.5753525361950445,0.8887145031877612,2.455465328451705,25.163972993035372,69.51735814225148
430,215.88547397651803,4.394463528026905,0.8570708324659306,2.469360809009815,32.49059441483569,80.31808120627683
431,215.08878607669354,4.410805787379422,0.7976378266922721,2.4490053919363257,26.319471260868657,90.27948227645662
432,222.20261256642308,4.162160129850387,0.8186281028222054,2.6987160066982177,28.55909492983051,87.570574427299
433,215.88547397651803,4.394463528026905,0.8570708324659306,2.469360809009815,32.49059441483569,80.31808120627683
434,222.10003012427956,4.155462753858781,0.803018077197741,2.781385883324468,30.800293931646173,94.3855150518761
435,186.19396156368222,4.937051110043908,1.1382452503129747,2.7524171531363026,25.536119508843264,92.3399012536065
436,289.1346487083814,6.016024117556926,0.6848971344708886,2.6097708708876093,22.9180733919427,72.66135744743393
437,215.88547397651803,4.394463528026905,0.8570708324659306,2.469360809009815,32.49059441483569,80.31808120627683
438,215.88547397651803,4.394463528026905,0.8570708324659306,2.469360809009815,32.49059441483569,80.31808120627683
439,211.39895505537592,4.091038591725459,0.8061025990510807,2.6647362841790945,30.191729288578824,94.48539715824235
440,215.88547397651803,4.394463528026905,0.8570708324659306,2.469360809009815,32.49059441483569,80.31808120627683
441,259.9246790352524,6.281459452867166,0.6878449471080427,2.5638361263417644,18.091838098222155,70.98328883044091
442,215.88547397651803,4.394463528026905,0.8570708324659306,2.469360809009815,32.49059441483569,80.31808120627683
443,247.3942292830785,6.557574300929269,0.7892597572249952,2.495726059465635,18.734319096417362,74.77166208972183
444,211.39895505537592,4.0572252444597865,0.802500725195751,2.8336817571377906,32.133931437253054,103.76750451333648
445,185.76755459396617,4.23467684533713,0.9678930566951441,2.4898000318649514,14.617312725462185,67.17208065882501
446,211.39895505537592,4.091038591725459,0.8061025990510807,2.6728024531624714,31.906688199303638,94.48539715824235
447,215.88547397651803,4.394463528026905,0.8570708324659306,2.469360809009815,32.49059441483569,80.31808120627683
448,190.88545396778252,4.862637704387237,1.1338446740146093,2.7150459333933457,25.536119508843264,91.40984824482516
449,209.77872095553172,4.257220819614086,0.802500725195751,3.10770967804606,31.501162237704776,116.39603454057188
450,203.04808502159375,4.915524856120209,1.1338446740146093,2.5909451846725826,24.37654793824039,100.63863024041113
451,217.19701872165373,3.8593805990630106,0.7993679814514386,2.4490053919363257,25.990132511452014,87.35874459981665
452,257.79235084391854,6.525676903790714,0.760929659393848,2.495726059465635,19.363728326583363,74.77166208972183
453,220.89284208965069,4.157545675793257,0.8234791082997593,2.7702379996801527,31.824532191310436,94.48539715824235
454,211.4996891706441,4.067406877081871,0.7750494823156249,2.4490053919363257,26.319471260868657,90.27948227645662
455,215.88547397651803,4.394463528026905,0.8570708324659306,2.469360809009815,32.49059441483569,80.31808120627683
456,209.59035337673146,4.24163994685611,0.802500725195751,3.0441106898647896,31.501162237704776,105.7333412642659
457,199.4373893541693,4.416454946942428,1.1382452503129747,2.7524171531363026,27.28048237175271,92.3399012536065
458,215.88547397651803,4.394463528026905,0.8570708324659306,2.469360809009815,32.49059441483569,80.31808120627683
459,284.37860080511376,5.790026552494523,0.6866272892300551,2.495726059465635,20.03980834733433,72.66135744743393
460,215.88547397651803,4.394463528026905,0.8570708324659306,2.469360809009815,32.49059441483569,80.31808120627683
461,217.19701872165373,3.8593805990630106,0.7993679814514386,2.4490053919363257,25.722252129285135,87.35874459981665
462,215.88547397651803,4.394463528026905,0.8570708324659306,2.469360809009815,32.49059441483569,80.31808120627683
463,215.88547397651803,4.394463528026905,0.8570708324659306,2.469360809009815,32.49059441483569,80.31808120627683
464,217.24943646751905,3.700013468903091,0.7816111846028151,2.4773490710504946,27.679268796819624,88.00766050270661
465,220.7066338788841,3.837215352489461,0.7993679814514386,2.4576655302173402,28.76859861332037,87.35874459981665
466,211.39895505537592,4.146679616674164,0.8409930123308974,2.6647362841790945,34.67947397421373,94.48539715824235
467,241.94149086291978,6.275968672208412,0.7104332914846899,2.4564208034505803,18.091838098222155,72.66135744743393
468,217.19701872165373,3.8317204120842274,0.7993679814514386,2.4490053919363257,25.722252129285135,87.35874459981665
469,215.88547397651803,4.394463528026905,0.8570708324659306,2.469360809009815,32.49059441483569,80.31808120627683
470,184.3956059691532,4.940154905990803,1.0876081046306578,2.469182053461465,24.29143358495801,88.96833070212094
471,215.88547397651803,4.394463528026905,0.8570708324659306,2.469360809009815,32.49059441483569,80.31808120627683
472,215.08878607669354,4.578123683050922,0.7993679814514386,2.4490053919363257,29.41367026396,90.13659474250237
473,215.88547397651803,4.394463528026905,0.8570708324659306,2.469360809009815,32.49059441483569,80.31808120627683
474,221.2823314008721,2.9614726854376565,0.7598753941227347,2.460029014388048,26.971001166883955,87.35874459981665
475,222.378838544456,4.157545675793257,0.8494605673899107,2.60139563112803,24.90535304261668,94.12275254322503
476,222.378838544456,4.162160129850387,0.8468576277664579,2.6589385590921086,28.626867363491026,94.12275254322503
477,184.8657092603189,4.878668766007193,1.0747724617045367,2.469182053461465,24.169898755162738,88.96833070212094
478,186.19396156368222,5.287852118489581,1.1382452503129747,2.7524171531363026,24.390651567055624,94.57767569503855
479,220.46267327365354,3.5534322335884916,0.7598753941227347,2.4490053919363257,27.23510270492353,87.35874459981665
480,222.378838544456,4.157545675793257,0.8319592878142471,2.6589385590921086,30.75426573765387,94.12275254322503
481,301.7892971759598,6.5650114460069915,0.760929659393848,2.495726059465635,32.07851288889023,74.77166208972183
482,215.88547397651803,4.394463528026905,0.8570708324659306,2.469360809009815,32.49059441483569,80.31808120627683
483,215.88547397651803,4.394463528026905,0.8570708324659306,2.469360809009815,32.49059441483569,80.31808120627683
484,211.39895505537592,3.946349900316568,0.8409930123308974,2.6647362841790945,34.67947397421373,100.39658754635752
485,215.88547397651803,4.394463528026905,0.8570708324659306,2.469360809009815,32.49059441483569,80.31808120627683
486,178.9122512603151,4.931052656689833,1.087050529290324,2.47891709754115,23.507250922000306,88.84016666537022
487,215.88547397651803,4.394463528026905,0.8570708324659306,2.469360809009815,32.49059441483569,80.31808120627683
488,222.378838544456,4.157545675793257,0.8350438096675868,2.6987160066982177,27.037959061764997,94.12275254322503
489,211.39895505537592,4.20632537981745,0.8875147116218027,2.7279790128457555,33.08196254655617,102.55400948212366
490,215.88547397651803,4.394463528026905,0.8570708324659306,2.469360809009815,32.49059441483569,80.31808120627683
491,211.39895505537592,4.199065169488485,0.802500725195751,3.073907452827449,31.501162237704776,116.39603454057188
492,182.1535438606868,3.8809211387574782,0.9768660470098951,2.4628608936615732,14.617312725462185,67.17208065882501
493,215.88547397651803,4.394463528026905,0.8570708324659306,2.469360809009815,32.49059441483569,80.31808120627683
494,219.89643341626092,3.676921258245357,0.7816111846028151,2.6589385590921086,29.684248069480656,87.570574427299
495,212.12492378802665,4.103874125102356,0.8234791082997593,2.6797238537789565,31.824532191310436,94.22263464959128
496,217.52433151686338,4.368165627674219,0.7750494823156249,2.5667034845249512,26.374118042484564,90.60046810186607
497,197.39034852140514,4.295187576114257,1.0527695170007592,2.455465328451705,16.3897008346221,67.17208065882501
498,182.93182167502093,4.096728016150741,1.0419927207893376,2.477667822356233,14.604239125613383,67.04391662207429
499,158.64135253520269,4.192389976257446,1.0429268277976877,2.467901946109725,16.3897008346221,73.1049429186221
500,191.25675050105463,5.108510518427632,1.1038384426480277,2.4787864386617127,25.487578759629372,88.96833070212094
501,211.39895505537592,4.180500869376197,0.802500725195751,2.9874839192663445,31.501162237704776,110.69521546343375
502,215.88547397651803,4.394463528026905,0.8570708324659306,2.469360809009815,32.49059441483569,80.31808120627683
503,216.58265094891377,3.9869291848576274,0.7993679814514386,2.4490053919363257,25.751773375903877,87.35874459981665
504,211.39895505537592,4.103874125102356,0.8234791082997593,2.6988803649803406,31.824532191310436,94.22263464959128
505,215.88547397651803,4.394463528026905,0.8570708324659306,2.469360809009815,32.49059441483569,80.31808120627683
506,222.22282286061863,4.157545675793257,0.8494605673899107,2.4773490710504946,26.407790465804755,94.12275254322503
507,218.47149929703434,2.7659551069630437,0.7598753941227347,2.5667034845249512,26.971001166883955,87.35874459981665
508,220.9954245317942,4.157545675793257,0.8234791082997593,2.7702379996801527,31.1259013123594,94.22263464959128
509,215.88547397651803,4.394463528026905,0.8570708324659306,2.469360809009815,32.49059441483569,80.31808120627683
510,215.08878607669354,4.528685111799398,0.7993679814514386,2.4490053919363257,25.650887040621214,90.13659474250237
511,215.88547397651803,4.394463528026905,0.8570708324659306,2.469360809009815,32.49059441483569,80.31808120627683
512,216.04765829890377,2.7659551069630437,0.7598753941227347,2.460029014388048,26.971001166883955,87.35874459981665
513,220.96522729672535,3.700013468903091,0.784332544303114,2.5637134085175375,26.873671441671938,87.35874459981665
514,301.17205237520375,6.2836206823906124,0.6764009833687918,2.7518087883104103,28.697231154039688,69.22649846002804
515,221.86625848165227,4.142451841399975,0.789712773692961,2.781385883324468,30.173698802775323,93.74452732406523
516,184.8657092603189,4.878668766007193,1.086337163072364,2.469182053461465,24.844206363331658,88.96833070212094
517,216.04765829890377,3.8997391013655256,0.7976378266922721,2.4490053919363257,26.971001166883955,87.35874459981665
518,215.88547397651803,4.394463528026905,0.8570708324659306,2.469360809009815,32.49059441483569,80.31808120627683
519,215.37925281236951,3.700013468903091,0.7816111846028151,2.6987160066982177,26.183592656877835,88.00766050270661
520,220.809211612888,3.700013468903091,0.7993679814514386,2.4773490710504946,27.207740358049175,87.35874459981665
521,264.0553122576617,6.392713045971289,0.6793503424078592,2.5667034845249512,17.153366996234624,65.45013279323251
522,212.12492378802665,4.077667192923563,0.8234791082997593,2.6647362841790945,34.49912740783682,94.22263464959128
523,243.65983793984313,6.394982300556801,0.6793503424078592,2.54108551911196,17.121587629869516,67.38917509291346
524,263.5879455123718,6.072285885368675,0.7560786539162941,2.495726059465635,18.354156945093635,72.66930603660026
525,299.381420596049,6.189293705392403,0.6679063786686084,2.7518087883104103,32.66509523618733,67.38917509291346
526,215.88547397651803,4.394463528026905,0.8570708324659306,2.469360809009815,32.49059441483569,80.31808120627683
527,220.809211612888,3.700013468903091,0.7993679814514386,2.4773490710504946,27.207740358049175,87.35874459981665
528,191.15964626549587,5.265811348445622,1.1229029623977007,2.4174047992034104,24.24410387423146,88.96833070212094
529,178.9122512603151,4.9230926566898345,1.116780224031101,2.4998783426500117,23.507250922000306,89.10292917402128
530,216.04765829890377,2.8395359799565787,0.7598753941227347,2.4490053919363257,26.971001166883955,90.13659474250237
531,223.02073869727928,3.700013468903091,0.784332544303114,2.5637134085175375,27.207740358049175,87.35874459981665
532,177.02947275245887,3.823900535544955,0.9096048147849057,2.495726059465635,14.474228392625838,71.4825706107621
533,222.22282286061863,4.162160129850387,0.8476940837656965,2.4773490710504946,24.041728269073108,87.570574427299
534,215.88547397651803,4.394463528026905,0.8570708324659306,2.469360809009815,32.49059441483569,80.31808120627683
535,215.88547397651803,4.394463528026905,0.8570708324659306,2.469360809009815,32.49059441483569,80.31808120627683
536,222.20261256642308,4.157545675793257,0.8350438096675868,2.6987160066982177,29.703091930687112,94.22263464959128
537,269.17061411518483,6.492237060130244,0.6793503424078592,2.5984587208733814,17.96357096617662,69.24605813189939
538,223.1959511421143,4.157545675793257,0.8234791082997593,2.7702379996801527,30.71813792365297,94.12275254322503
539,215.88547397651803,4.394463528026905,0.8570708324659306,2.469360809009815,32.49059441483569,80.31808120627683
540,182.1535438606868,3.8987151390055765,0.9768660470098951,2.4628608936615732,14.617312725462185,67.04391662207429
541,222.378838544456,4.157545675793257,0.8499421496197976,2.6589385590921086,28.118322747454826,94.12275254322503
542,215.88547397651803,4.394463528026905,0.8570708324659306,2.469360809009815,32.49059441483569,80.31808120627683
543,190.88545396778252,4.862637704387237,1.1338446740146093,2.675027599824487,26.06311401903124,90.89255252564656
544,182.1535438606868,3.9219442746568522,0.9768660470098951,2.4628608936615732,14.617312725462185,67.04391662207429
545,211.39895505537592,4.035838210387169,0.8081619345257366,2.6647362841790945,33.4044282617807,100.39658754635752
546,217.52433151686338,2.9177002165480244,0.7598753941227347,2.5667034845249512,26.20098965264699,90.13659474250237
547,182.1535438606868,3.919228711984913,1.0159206599125306,2.4628608936615732,15.556747457650157,67.04391662207429
548,220.02433065777274,4.157545675793257,0.8525450892432505,2.4773490710504946,23.979676876669483,94.22263464959128
549,236.83199440683896,6.47549170992591,0.7864658164076493,2.4564208034505803,16.791121889285847,74.77166208972183
550,215.88547397651803,4.394463528026905,0.8570708324659306,2.469360809009815,32.49059441483569,80.31808120627683
551,215.08878607669354,3.5151534347703026,0.7598753941227347,2.4490053919363257,26.319471260868657,90.13659474250237
552,211.39895505537592,4.148444282800697,0.8081619345257366,2.995439443106964,32.99890230018185,116.39603454057188
553,220.7066338788841,3.837215352489461,0.7993679814514386,2.4526023178260346,27.23510270492353,87.35874459981665
554,264.0553122576617,6.392713045971289,0.6793503424078592,2.5667034845249512,17.153366996234624,67.71016091832291
555,223.02073869727928,3.700013468903091,0.784332544303114,2.4773490710504946,27.207740358049175,87.35874459981665
556,220.809211612888,3.700013468903091,0.784332544303114,2.4773490710504946,27.207740358049175,87.35874459981665
557,220.809211612888,3.700013468903091,0.7993679814514386,2.4773490710504946,27.207740358049175,87.35874459981665
558,215.08878607669354,4.196262585188239,0.7750494823156249,2.460029014388048,26.319471260868657,90.27948227645662
559,216.04765829890377,3.59133946720837,0.7598753941227347,2.4490053919363257,26.971001166883955,90.13659474250237
560,215.88547397651803,4.394463528026905,0.8570708324659306,2.469360809009815,32.49059441483569,80.31808120627683
561,215.88547397651803,4.394463528026905,0.8570708324659306,2.469360809009815,32.49059441483569,80.31808120627683
562,211.39895505537592,4.066441947454836,0.8081619345257366,2.6216753770378918,32.99890230018185,100.69084962831876
563,215.88547397651803,4.394463528026905,0.8570708324659306,2.469360809009815,32.49059441483569,80.31808120627683
564,215.88547397651803,4.394463528026905,0.8570708324659306,2.469360809009815,32.49059441483569,80.31808120627683
565,226.60359101091615,3.845044692981391,0.7966466217511396,2.4490053919363257,27.854663389344903,87.570574427299
566,215.88547397651803,4.394463528026905,0.8570708324659306,2.469360809009815,32.49059441483569,80.31808120627683
567,220.7066338788841,3.837215352489461,0.7993679814514386,2.4526023178260346,27.197348403192983,87.35874459981665
568,225.02375927822038,3.837215352489461,0.7966466217511396,2.4576655302173402,29.24012705209082,87.570574427299
569,215.08878607669354,4.067406877081871,0.7750494823156249,2.4490053919363257,26.319471260868657,90.27948227645662
570,215.88547397651803,4.394463528026905,0.8570708324659306,2.469360809009815,32.49059441483569,80.31808120627683
571,220.54415663864756,4.157545675793257,0.8499421496197976,2.60139563112803,28.981979398115705,94.22263464959128
572,211.39895505537592,4.215542082812499,0.8591374709590801,2.593851263681982,33.08196254655617,101.3694079406455
573,210.94300693647278,4.157545675793257,0.8234791082997593,2.6620060815507736,31.824532191310436,94.22263464959128
574,209.77791230213063,4.257220819614086,0.802500725195751,3.0935591908960536,31.501162237704776,116.39603454057188
575,211.39895505537592,4.161761463986416,0.802500725195751,2.9386089743637314,32.133931437253054,105.7333412642659
576,241.5492647515787,6.275968672208412,0.6878449471080427,2.4515351715598706,16.65846151659416,69.22649846002804
577,186.19396156368222,4.847770461254599,1.1338446740146093,2.6143640114612947,26.06311401903124,90.49069636360973
578,212.12492378802665,4.188508599210557,0.8912324923751751,2.6647362841790945,34.51925694230555,94.90119296191803
579,176.2570418554525,3.9162721059075167,0.9096048147849057,2.495726059465635,14.474228392625838,71.4825706107621
580,219.21787929018657,4.157545675793257,0.8234791082997593,2.7702379996801527,31.824532191310436,94.48539715824235
581,215.88547397651803,4.394463528026905,0.8570708324659306,2.469360809009815,32.49059441483569,80.31808120627683
582,215.08878607669354,4.494801318885738,0.7976378266922721,2.4490053919363257,26.319471260868657,90.13659474250237
583,221.41539351089278,4.129247324638473,0.802500725195751,2.781385883324468,30.800293931646173,100.29670543999127
584,215.88547397651803,4.394463528026905,0.8570708324659306,2.469360809009815,32.49059441483569,80.31808120627683
585,215.88547397651803,4.394463528026905,0.8570708324659306,2.469360809009815,32.49059441483569,80.31808120627683
586,215.40991676112955,4.137103727329482,0.802500725195751,2.939183472638849,31.501162237704776,103.76750451333648
587,211.39895505537592,4.073212168418435,0.8537809638336874,2.6647362841790945,33.71129266224976,100.69084962831876
588,178.9122512603151,4.800673448274344,1.1131783501757715,2.5715298494217085,23.82746406947749,95.3083816440977
589,217.52433151686338,3.9082977061538227,0.7750494823156249,2.5667034845249512,26.20098965264699,90.27948227645662
590,215.88547397651803,4.394463528026905,0.8570708324659306,2.469360809009815,32.49059441483569,80.31808120627683
591,179.69052907464922,4.770069711206677,1.1338446740146093,2.4998783426500117,23.744552156058084,95.01411956213646
592,215.88547397651803,4.394463528026905,0.8570708324659306,2.469360809009815,32.49059441483569,80.31808120627683
593,211.39895505537592,4.1510032570327375,0.8537809638336874,2.6647362841790945,33.50261882016441,100.69084962831876
594,215.88547397651803,4.394463528026905,0.8570708324659306,2.469360809009815,32.49059441483569,80.31808120627683
595,217.52433151686338,4.396752561045047,0.7750494823156249,2.5667034845249512,25.98604365899551,90.60046810186607
596,215.08878607669354,3.590342517377903,0.7598753941227347,2.4490053919363257,26.319471260868657,90.13659474250237
597,215.88547397651803,4.394463528026905,0.8570708324659306,2.469360809009815,32.49059441483569,80.31808120627683
598,211.39895505537592,4.243666618741953,0.802500725195751,2.932720162706217,31.501162237704776,105.1226575763379
599,178.0408017070932,4.878668766007193,1.086337163072364,2.469182053461465,24.237439209490656,88.96833070212094
600,215.88547397651803,4.394463528026905,0.8570708324659306,2.469360809009815,32.49059441483569,80.31808120627683
601,220.809211612888,3.700013468903091,0.7993679814514386,2.4773490710504946,27.207740358049175,87.35874459981665
602,215.08878607669354,3.5813719868260865,0.7598753941227347,2.4490053919363257,26.319471260868657,90.13659474250237
603,211.39895505537592,3.96385036617183,0.7983774064246463,2.6647362841790945,34.67947397421373,100.39658754635752
604,217.52433151686338,4.133428574763834,0.7750494823156249,2.5667034845249512,26.20098965264699,90.27948227645662
605,269.17061411518483,6.326226518436518,0.6793503424078592,2.581858515639865,17.96357096617662,69.24605813189939
606,172.65090583554704,4.250730686612821,0.9510274364408396,2.495726059465635,15.784470004247732,71.4825706107621
607,215.08878607669354,3.538618840008926,0.7598753941227347,2.4490053919363257,26.319471260868657,90.13659474250237
608,215.08878607669354,4.067406877081871,0.7750494823156249,2.4490053919363257,26.319471260868657,90.27948227645662
609,215.88547397651803,4.394463528026905,0.8570708324659306,2.469360809009815,32.49059441483569,80.31808120627683
610,219.5508896734104,4.157545675793257,0.8525450892432505,2.4773490710504946,23.979676876669483,94.22263464959128
611,198.9816138102376,4.200422587881335,0.802500725195751,3.055258573509105,30.698610353875637,105.63345915789965
612,186.19396156368222,4.749814649809082,1.1338446740146093,2.675027599824487,24.9176460772436,90.89255252564656
613,217.52433151686338,2.801841156072458,0.7598753941227347,2.5667034845249512,26.319471260868657,90.13659474250237
614,211.39895505537592,4.184938345744833,0.8875147116218027,2.6369121708231846,33.48748850815503,101.3694079406455
615,211.39895505537592,4.035838210387169,0.802500725195751,2.6647362841790945,33.4044282617807,100.69084962831876
616,215.88547397651803,4.394463528026905,0.8570708324659306,2.469360809009815,32.49059441483569,80.31808120627683
617,185.76755459396617,4.014674132762438,0.9678930566951441,2.455465328451705,14.532381392077559,67.17208065882501
618,227.4137473241727,6.502422360415601,0.8887145031877612,2.455465328451705,15.741711565082793,69.51735814225148
619,211.39895505537592,4.138374860529955,0.8537809638336874,2.8329062300716963,33.097092858565546,105.7333412642659
620,215.88547397651803,4.394463528026905,0.8570708324659306,2.469360809009815,32.49059441483569,80.31808120627683
621,215.88547397651803,4.394463528026905,0.8570708324659306,2.469360809009815,32.49059441483569,80.31808120627683
622,217.52433151686338,4.133428574763834,0.7750494823156249,2.5667034845249512,25.98604365899551,90.27948227645662
623,220.7066338788841,3.837215352489461,0.7993679814514386,2.4526023178260346,27.197348403192983,87.35874459981665
624,217.52433151686338,4.396752561045047,0.7750494823156249,2.5667034845249512,25.98604365899551,90.60046810186607
625,211.39895505537592,4.401465754969939,0.8591374709590801,2.8329062300716963,33.08196254655617,110.94506641493967
626,211.39895505537592,4.09717674911075,0.8061025990510807,2.6988803649803406,31.906688199303638,94.48539715824235
627,220.54415663864756,4.157545675793257,0.8234791082997593,2.6987160066982177,32.47632878069696,94.22263464959128
628,185.96717873847933,4.098728016150741,1.0419927207893376,2.477667822356233,14.980492696802234,66.57938120536119
629,219.21318574248286,3.687790624780507,0.7706366478117557,2.781385883324468,30.791606162900482,93.53269749658288
630,215.88547397651803,4.394463528026905,0.8570708324659306,2.469360809009815,32.49059441483569,80.31808120627683
631,200.24962254576073,4.263598272212444,0.802500725195751,3.0441106898647896,30.698610353875637,110.69521546343375
632,215.88547397651803,4.394463528026905,0.8570708324659306,2.469360809009815,32.49059441483569,80.31808120627683
633,215.88547397651803,4.394463528026905,0.8570708324659306,2.469360809009815,32.49059441483569,80.31808120627683
634,215.88547397651803,4.394463528026905,0.8570708324659306,2.469360809009815,32.49059441483569,80.31808120627683
635,185.3032925010508,5.079689161256849,1.0876081046306578,2.4562114149587613,24.77880748280228,88.84016666537022
636,215.88547397651803,4.394463528026905,0.8570708324659306,2.469360809009815,32.49059441483569,80.31808120627683
637,186.19396156368222,5.282332994920865,1.1338446740146093,2.702168127657607,24.390651567055624,93.64762268625721
638,179.69052907464922,4.800673448274344,1.1338446740146093,2.456817435508809,24.064765303535268,95.3083816440977
639,215.88547397651803,4.394463528026905,0.8570708324659306,2.469360809009815,32.49059441483569,80.31808120627683
640,241.5492647515787,6.275968672208412,0.6878449471080427,2.4564208034505803,16.65846151659416,72.66135744743393
641,186.6296024686738,5.0273052705742085,1.1012355030245748,2.4423647757180276,27.54023147017751,88.96833070212094
642,215.88547397651803,4.394463528026905,0.8570708324659306,2.469360809009815,32.49059441483569,80.31808120627683
643,220.7066338788841,3.845044692981391,0.7993679814514386,2.4490053919363257,27.197348403192983,87.35874459981665
644,215.88547397651803,4.394463528026905,0.8570708324659306,2.469360809009815,32.49059441483569,80.31808120627683
645,211.39895505537592,4.073212168418435,0.8537809638336874,2.6647362841790945,33.50261882016441,100.69084962831876
646,189.91837271403514,4.48462452402465,0.8736703516152315,2.4490053919363257,24.028415647221824,94.22263464959128
647,178.0408017070932,4.878668766007193,1.086337163072364,2.469182053461465,24.215298118890416,88.96833070212094
648,215.88547397651803,4.394463528026905,0.8570708324659306,2.469360809009815,32.49059441483569,80.31808120627683
649,179.69052907464922,4.9230926566898345,1.137446547869939,2.4998783426500117,23.744552156058084,89.10292917402128
650,190.64902167244236,4.691116745241471,0.9360672285652546,2.4490053919363257,23.38516522273009,94.22263464959128
651,217.52433151686338,4.133428574763834,0.7750494823156249,2.460029014388048,26.319471260868657,90.27948227645662
652,186.19396156368222,4.887444343346789,1.1338446740146093,2.675027599824487,26.06311401903124,90.89255252564656
653,215.88547397651803,4.394463528026905,0.8570708324659306,2.469360809009815,32.49059441483569,80.31808120627683
654,218.14019234901835,4.180812161323539,0.8736703516152315,2.4576655302173402,22.22930163455026,94.22263464959128
655,222.20261256642308,4.162160129850387,0.8301928041900329,2.6987160066982177,29.974071407766576,87.570574427299
656,209.59035337673146,4.248017399454468,0.802500725195751,3.0441106898647896,31.434195665563536,110.26650810261293
657,215.88547397651803,4.394463528026905,0.8570708324659306,2.469360809009815,32.49059441483569,80.31808120627683
658,216.04765829890377,4.170347097483148,0.7993679814514386,2.4490053919363257,26.019653758070756,90.13659474250237
659,240.3132211378891,6.400100633848405,0.6878449471080427,2.4490053919363257,16.584161216736586,67.54113830024637
660,215.88547397651803,4.394463528026905,0.8570708324659306,2.469360809009815,32.49059441483569,80.31808120627683
661,220.7066338788841,3.837215352489461,0.7993679814514386,2.4526023178260346,27.197348403192983,87.35874459981665
662,215.88547397651803,4.394463528026905,0.8570708324659306,2.469360809009815,32.49059441483569,80.31808120627683
663,211.39895505537592,4.066441947454836,0.802500725195751,2.6647362841790945,32.99890230018185,100.69084962831876
664,215.88547397651803,4.394463528026905,0.8570708324659306,2.469360809009815,32.49059441483569,80.31808120627683
665,207.51936212748691,4.497836864422854,1.015776043371715,2.4910226090556415,16.3897008346221,73.1049429186221
666,217.52433151686338,4.133428574763834,0.7750494823156249,2.460029014388048,26.319471260868657,90.27948227645662
667,211.39895505537592,4.073212168418435,0.8537809638336874,2.6647362841790945,32.858266555168015,100.69084962831876
668,211.39895505537592,4.103815905486101,0.8591374709590801,2.6169719266278983,33.08196254655617,101.3694079406455
669,215.88547397651803,4.394463528026905,0.8570708324659306,2.469360809009815,32.49059441483569,80.31808120627683
670,215.08878607669354,4.033244333762088,0.7848063570018133,2.4490053919363257,26.319471260868657,90.27948227645662
671,222.378838544456,4.162160129850387,0.8301928041900329,2.6987160066982177,30.6656688697634,87.570574427299
672,203.4083247162738,4.416578244614694,0.9986675469757078,2.7155423951877355,35.106370114058514,100.76679427716185
673,215.88547397651803,4.394463528026905,0.8570708324659306,2.469360809009815,32.49059441483569,80.31808120627683
674,218.96681604570142,4.157545675793257,0.8234791082997593,2.7622943201119594,31.824532191310436,94.22263464959128
675,215.88547397651803,4.394463528026905,0.8570708324659306,2.469360809009815,32.49059441483569,80.31808120627683
676,215.88547397651803,4.394463528026905,0.8570708324659306,2.469360809009815,32.49059441483569,80.31808120627683
677,211.39895505537592,4.080836891926005,0.789712773692961,2.7136112290817076,31.906688199303638,95.06272484698003
678,215.88547397651803,4.394463528026905,0.8570708324659306,2.469360809009815,32.49059441483569,80.31808120627683
679,192.72439790425386,4.863143427107134,1.1338446740146093,2.6143640114612947,23.66639373160056,91.72517664471175
680,220.96522729672535,3.700013468903091,0.784332544303114,2.6589385590921086,27.89474375025831,87.35874459981665
681,215.88547397651803,4.394463528026905,0.8570708324659306,2.469360809009815,32.49059441483569,80.31808120627683
682,211.67365589488,4.24695860862392,0.9149419661932735,2.4773490710504946,26.020943272504034,94.22263464959128
683,215.88547397651803,4.394463528026905,0.8570708324659306,2.469360809009815,32.49059441483569,80.31808120627683
684,215.88547397651803,4.394463528026905,0.8570708324659306,2.469360809009815,32.49059441483569,80.31808120627683
685,217.19701872165373,3.542244659204063,0.7598753941227347,2.4490053919363257,26.971001166883955,87.35874459981665
686,215.88547397651803,4.394463528026905,0.8570708324659306,2.469360809009815,32.49059441483569,80.31808120627683
687,191.15964626549587,4.213316342215419,1.075796068277817,2.408744660922396,23.802733763036464,88.96833070212094
688,215.88547397651803,4.394463528026905,0.8570708324659306,2.469360809009815,32.49059441483569,80.31808120627683
689,215.88547397651803,4.394463528026905,0.8570708324659306,2.469360809009815,32.49059441483569,80.31808120627683
690,218.96681604570142,4.157545675793257,0.8234791082997593,2.7702379996801527,31.824532191310436,94.22263464959128
691,215.08878607669354,4.286118563558287,0.7750494823156249,2.4490053919363257,26.319471260868657,90.27948227645662
692,211.39895505537592,4.146679616674164,0.8409930123308974,2.6647362841790945,34.67947397421373,100.39658754635752
693,211.39895505537592,4.275461382730738,0.8537809638336874,2.83946034654246,33.097092858565546,105.7333412642659
694,215.88547397651803,4.394463528026905,0.8570708324659306,2.469360809009815,32.49059441483569,80.31808120627683
695,193.4006410716073,4.358444508519339,0.9617335236162514,2.4787864386617127,25.964290996472158,88.96833070212094
696,215.88547397651803,4.394463528026905,0.8570708324659306,2.469360809009815,32.49059441483569,80.31808120627683
697,217.52433151686338,4.530295907862864,0.7750494823156249,2.5667034845249512,26.374118042484564,90.60046810186607
698,215.88547397651803,4.394463528026905,0.8570708324659306,2.469360809009815,32.49059441483569,80.31808120627683
699,218.76580274363883,4.180812161323539,0.8736703516152315,2.4773490710504946,27.23578632391853,94.22263464959128
700,180.23856122793808,4.931052656689833,1.0986152306581518,2.469182053461465,24.181558530169227,88.96833070212094
701,211.39895505537592,4.353923856747529,0.8537809638336874,2.7279790128457555,33.097092858565546,103.76750451333648
702,219.74041773242357,3.676921258245357,0.7816111846028151,2.4773490710504946,27.679268796819624,87.570574427299
703,215.88547397651803,4.394463528026905,0.8570708324659306,2.469360809009815,32.49059441483569,80.31808120627683
704,215.88547397651803,4.394463528026905,0.8570708324659306,2.469360809009815,32.49059441483569,80.31808120627683
705,216.04765829890377,2.7659551069630437,0.7598753941227347,2.460029014388048,26.971001166883955,87.35874459981665
706,222.22282286061863,4.194016678085043,0.8688193461376776,2.4773490710504946,27.907040072835937,87.570574427299
707,189.91837271403514,4.505420432023836,0.8736703516152315,2.4490053919363257,24.028415647221824,94.22263464959128
708,209.77872095553172,4.24163994685611,0.802500725195751,3.0441106898647896,31.501162237704776,110.26650810261293
709,190.64902167244236,4.707099294018571,0.9414237356906473,2.4490053919363257,23.38516522273009,94.90119296191803
710,217.52433151686338,3.8776064167521405,0.7750494823156249,2.5667034845249512,26.20098965264699,90.27948227645662
711,218.76580274363883,4.157545675793257,0.8350438096675868,2.6620060815507736,30.81629313310022,94.22263464959128
712,207.6582559028339,4.249412178368025,0.802500725195751,3.136639777965438,31.008647284639565,112.32050003715094
713,217.52433151686338,4.368165627674219,0.7750494823156249,2.5667034845249512,26.374118042484564,90.60046810186607
714,201.4785504593157,4.137103727329482,0.802500725195751,2.939183472638849,30.698610353875637,103.76750451333648
715,215.88547397651803,4.394463528026905,0.8570708324659306,2.469360809009815,32.49059441483569,80.31808120627683
716,215.88547397651803,4.394463528026905,0.8570708324659306,2.469360809009815,32.49059441483569,80.31808120627683
717,215.88547397651803,4.394463528026905,0.8570708324659306,2.469360809009815,32.49059441483569,80.31808120627683
718,217.52433151686338,4.196262585188239,0.7750494823156249,2.5667034845249512,26.319471260868657,90.27948227645662
719,220.7066338788841,3.837215352489461,0.7993679814514386,2.441385988403409,28.76859861332037,87.35874459981665
720,211.39895505537592,4.221561981481351,0.8537809638336874,2.7279790128457555,33.097092858565546,103.76750451333648
721,212.12492378802665,4.1091352430807895,0.8234791082997593,2.7136112290817076,31.824532191310436,94.22263464959128
722,222.20261256642308,4.162160129850387,0.8319592878142471,2.6987160066982177,29.974071407766576,94.12275254322503
723,215.08878607669354,4.494801318885738,0.7993679814514386,2.4490053919363257,26.319471260868657,90.13659474250237
724,215.88547397651803,4.394463528026905,0.8570708324659306,2.469360809009815,32.49059441483569,80.31808120627683
725,215.88547397651803,4.394463528026905,0.8570708324659306,2.469360809009815,32.49059441483569,80.31808120627683
726,222.378838544456,4.162160129850387,0.8468576277664579,2.60139563112803,29.3469331677693,94.12275254322503
727,217.52433151686338,4.412530733157856,0.7750494823156249,2.5667034845249512,25.98604365899551,90.60046810186607
728,222.20261256642308,4.162160129850387,0.8186281028222054,2.6987160066982177,35.28302012053611,87.570574427299
729,222.10003012427956,4.157545675793257,0.8234791082997593,2.7702379996801527,30.71813792365297,94.12275254322503
730,211.39895505537592,4.159520547886494,0.8111653579274363,2.842425397633104,33.097092858565546,105.1226575763379
731,211.39895505537592,4.467425254165389,0.8537809638336874,2.6647362841790945,33.097092858565546,100.69084962831876
732,209.77872095553172,4.24163994685611,0.802500725195751,3.0441106898647896,31.501162237704776,105.7333412642659
733,219.21787929018657,4.15084829980165,0.8061025990510807,2.7702379996801527,31.906688199303638,94.48539715824235
734,220.7066338788841,3.837215352489461,0.7993679814514386,2.4526023178260346,27.197348403192983,87.35874459981665
735,299.9888950941516,6.334225768024961,0.6679063786686084,2.7518087883104103,52.68469743189318,67.38917509291346
736,217.19701872165373,2.8478552520936407,0.7598753941227347,2.4490053919363257,26.971001166883955,87.35874459981665
737,222.20261256642308,4.170750192554759,0.8186281028222054,2.6987160066982177,30.09154279478212,87.570574427299
738,215.88547397651803,4.394463528026905,0.8570708324659306,2.469360809009815,32.49059441483569,80.31808120627683
739,215.88547397651803,4.394463528026905,0.8570708324659306,2.469360809009815,32.49059441483569,80.31808120627683
740,215.88547397651803,4.394463528026905,0.8570708324659306,2.469360809009815,32.49059441483569,80.31808120627683
741,222.10003012427956,4.129247324638473,0.789712773692961,2.7702379996801527,30.54115318934917,95.06272484698003
742,211.39895505537592,4.3594865057589605,0.8537809638336874,2.7279790128457555,33.097092858565546,105.1226575763379
743,220.7066338788841,3.837215352489461,0.7993679814514386,2.4576655302173402,27.347537384349472,87.35874459981665
744,215.88547397651803,4.394463528026905,0.8570708324659306,2.469360809009815,32.49059441483569,80.31808120627683
745,220.7066338788841,3.837215352489461,0.7993679814514386,2.4526023178260346,27.197348403192983,87.35874459981665
746,215.88547397651803,4.394463528026905,0.8570708324659306,2.469360809009815,32.49059441483569,80.31808120627683
747,215.88547397651803,4.394463528026905,0.8570708324659306,2.469360809009815,32.49059441483569,80.31808120627683
748,222.10003012427956,4.157545675793257,0.8234791082997593,2.781385883324468,30.71813792365297,94.3855150518761
749,191.25675050105463,5.108510518427632,1.1038384426480277,2.437088340036565,25.487578759629372,88.96833070212094
750,215.88547397651803,4.394463528026905,0.8570708324659306,2.469360809009815,32.49059441483569,80.31808120627683
751,215.08878607669354,3.4997023736558863,0.7598753941227347,2.4490053919363257,26.319471260868657,90.13659474250237
752,220.809211612888,3.700013468903091,0.7993679814514386,2.4773490710504946,27.207740358049175,87.35874459981665
753,215.88547397651803,4.394463528026905,0.8570708324659306,2.469360809009815,32.49059441483569,80.31808120627683
754,215.88547397651803,4.394463528026905,0.8570708324659306,2.469360809009815,32.49059441483569,80.31808120627683
755,222.22282286061863,4.162160129850387,0.8476940837656965,2.4773490710504946,26.204509460154945,94.12275254322503
756,215.88547397651803,4.394463528026905,0.8570708324659306,2.469360809009815,32.49059441483569,80.31808120627683
757,182.93182167502093,4.552835534144051,1.0365869837513688,2.4628608936615732,15.427864430165549,67.04391662207429
758,211.39427482961943,4.1091352430807895,0.8234791082997593,2.6944547178803235,31.824532191310436,94.22263464959128
759,215.88547397651803,4.394463528026905,0.8570708324659306,2.469360809009815,32.49059441483569,80.31808120627683
760,190.88545396778252,4.8758720718745785,1.1338446740146093,2.6143640114612947,23.66639373160056,90.60322688530921
761,215.08878607669354,4.556142996900213,0.7993679814514386,2.4490053919363257,25.650887040621214,90.13659474250237
762,185.76755459396617,3.898493780503668,0.9768660470098951,2.4628608936615732,14.617312725462185,67.17208065882501
763,190.64902167244236,4.741078635182772,0.9414237356906473,2.421181278580416,23.38516522273009,94.90119296191803
764,215.88547397651803,4.394463528026905,0.8570708324659306,2.469360809009815,32.49059441483569,80.31808120627683
765,215.88547397651803,4.394463528026905,0.8570708324659306,2.469360809009815,32.49059441483569,80.31808120627683
766,215.88547397651803,4.394463528026905,0.8570708324659306,2.469360809009815,32.49059441483569,80.31808120627683
767,180.23856122793808,4.856425509397776,1.0747724617045367,2.4887880004320047,23.507250922000306,88.96833070212094
768,304.4602611308363,6.334822422196698,0.6623087900942414,2.7518087883104103,20.476561372156603,69.22649846002804
769,211.39895505537592,4.086510722248338,0.802500725195751,2.8122060631035652,31.501162237704776,100.69084962831876
770,212.12492378802665,4.077667192923563,0.8234791082997593,2.6647362841790945,33.11987553328852,94.22263464959128
771,217.52433151686338,4.133428574763834,0.7750494823156249,2.5667034845249512,26.20098965264699,90.27948227645662
772,215.88547397651803,4.394463528026905,0.8570708324659306,2.469360809009815,32.49059441483569,80.31808120627683
773,190.64902167244236,4.739353089647862,0.9414237356906473,2.421181278580416,23.35564397611135,94.90119296191803
774,215.88547397651803,4.394463528026905,0.8570708324659306,2.469360809009815,32.49059441483569,80.31808120627683
775,215.88547397651803,4.394463528026905,0.8570708324659306,2.469360809009815,32.49059441483569,80.31808120627683
776,242.76418532271637,6.365367589303203,0.6878449471080427,2.581858515639865,17.121587629869516,69.00363652492322
777,211.39895505537592,3.9677369343891837,0.8537809638336874,2.7279790128457555,33.097092858565546,103.76750451333648
778,180.23856122793808,4.878668766007193,1.086337163072364,2.469182053461465,24.181558530169227,88.96833070212094
779,192.72439790425386,4.938377630643089,1.1338446740146093,2.6209181279320584,23.66639373160056,92.09698712006809
780,211.3747435955559,4.102826089812085,0.802500725195751,2.939183472638849,31.501162237704776,103.34303732978795
781,217.52433151686338,4.368165627674219,0.7750494823156249,2.5667034845249512,25.98604365899551,90.60046810186607
782,209.77872095553172,4.257220819614086,0.802500725195751,3.3398132784854537,31.501162237704776,113.88479275726266
783,220.7066338788841,3.5323940699723844,0.7598753941227347,2.4526023178260346,27.23510270492353,87.35874459981665
784,219.74041773242357,3.676921258245357,0.7816111846028151,2.4773490710504946,27.679268796819624,87.570574427299
785,218.96681604570142,4.157545675793257,0.8234791082997593,2.729706403215605,31.824532191310436,94.22263464959128
786,220.809211612888,3.700013468903091,0.784332544303114,2.4773490710504946,27.207740358049175,87.35874459981665
787,215.08878607669354,4.319455270794043,0.7993679814514386,2.4490053919363257,25.383006658454335,90.13659474250237
788,215.88547397651803,4.394463528026905,0.8570708324659306,2.469360809009815,32.49059441483569,80.31808120627683
789,217.19701872165373,3.8193286204324943,0.7696322688089232,2.4490053919363257,26.971001166883955,87.35874459981665
790,215.88547397651803,4.394463528026905,0.8570708324659306,2.469360809009815,32.49059441483569,80.31808120627683
791,215.88547397651803,4.394463528026905,0.8570708324659306,2.469360809009815,32.49059441483569,80.31808120627683
792,215.14601120368965,4.137103727329482,0.802500725195751,2.939183472638849,31.501162237704776,103.76750451333648
793,211.39895505537592,4.610450452620393,0.8537809638336874,2.6216753770378918,33.097092858565546,100.69084962831876
794,241.5492647515787,6.281459452867166,0.6878449471080427,2.4564208034505803,18.091838098222155,70.98328883044091
795,215.08878607669354,4.1123239038164,0.7750494823156249,2.460029014388048,26.319471260868657,90.27948227645662
796,203.04808502159375,4.8444203839433575,1.1338446740146093,2.5909451846725826,24.37654793824039,100.63863024041113
797,281.7035041533761,6.2836206823906124,0.6764009833687918,2.634110695721785,27.54097481444794,69.22649846002804
798,215.22323712853216,3.700013468903091,0.7966466217511396,2.4773490710504946,27.679268796819624,88.00766050270661
799,178.9122512603151,4.9230926566898345,1.087050529290324,2.4998783426500117,23.507250922000306,88.84016666537022
800,199.4373893541693,4.8644534506053,1.1382452503129747,2.7524171531363026,27.28048237175271,92.3399012536065
801,227.30075405241791,6.464190577780162,0.8848636807279554,2.455465328451705,16.966115689984942,69.51735814225148
802,215.88547397651803,4.394463528026905,0.8570708324659306,2.469360809009815,32.49059441483569,80.31808120627683
803,186.19396156368222,5.287852118489581,1.1382452503129747,2.7524171531363026,24.390651567055624,94.57767569503855
804,211.39895505537592,4.401465754969939,0.8875147116218027,2.8329062300716963,33.08196254655617,110.94506641493967
805,222.22282286061863,4.194016678085043,0.8688193461376776,2.4773490710504946,27.907040072835937,87.570574427299
806,211.39895505537592,3.985146574034996,0.8537809638336874,2.7279790128457555,33.097092858565546,102.1914413221573
807,220.7066338788841,3.837215352489461,0.7993679814514386,2.4526023178260346,27.23510270492353,87.35874459981665
808,215.88547397651803,4.394463528026905,0.8570708324659306,2.469360809009815,32.49059441483569,80.31808120627683
809,191.25675050105463,4.933205639018459,1.1176132336517133,2.437088340036565,26.373346924929354,88.96833070212094
810,215.88547397651803,4.394463528026905,0.8570708324659306,2.469360809009815,32.49059441483569,80.31808120627683
811,215.08878607669354,4.733537209510137,0.7993679814514386,2.4490053919363257,25.383006658454335,90.13659474250237
812,215.88547397651803,4.394463528026905,0.8570708324659306,2.469360809009815,32.49059441483569,80.31808120627683
813,215.88547397651803,4.394463528026905,0.8570708324659306,2.469360809009815,32.49059441483569,80.31808120627683
814,215.88547397651803,4.394463528026905,0.8570708324659306,2.469360809009815,32.49059441483569,80.31808120627683
815,215.88547397651803,4.394463528026905,0.8570708324659306,2.469360809009815,32.49059441483569,80.31808120627683
816,221.41539351089278,4.150934884381662,0.802500725195751,2.781385883324468,30.698610353875637,100.5909675219525
817,217.52433151686338,4.133428574763834,0.7750494823156249,2.5667034845249512,26.20098965264699,90.27948227645662
818,190.64902167244236,4.4331958714779205,0.9698009763533699,2.421181278580416,24.629617762835284,94.00275231362373
819,215.88547397651803,4.394463528026905,0.8570708324659306,2.469360809009815,32.49059441483569,80.31808120627683
820,211.39895505537592,4.1659050380223475,0.802500725195751,2.8336817571377906,32.99890230018185,103.76750451333648
821,191.7518893802241,4.365949297809586,1.0059066367904395,2.495726059465635,16.3897008346221,71.7910428766969
822,215.88547397651803,4.394463528026905,0.8570708324659306,2.469360809009815,32.49059441483569,80.31808120627683
823,263.5879455123718,5.916053406885376,0.6839059295297562,2.495726059465635,18.24625881046773,72.66135744743393
824,281.7035041533761,6.334822422196698,0.6848971344708886,2.6097708708876093,19.960577959745805,72.66135744743393
825,215.88547397651803,4.394463528026905,0.8570708324659306,2.469360809009815,32.49059441483569,80.31808120627683
826,211.39895505537592,4.069437616562281,0.789712773692961,2.6988803649803406,31.906688199303638,100.39658754635752
827,217.19701872165373,2.8478552520936407,0.7598753941227347,2.4490053919363257,26.971001166883955,87.35874459981665
828,215.88547397651803,4.394463528026905,0.8570708324659306,2.469360809009815,32.49059441483569,80.31808120627683
829,215.88547397651803,4.394463528026905,0.8570708324659306,2.469360809009815,32.49059441483569,80.31808120627683
830,178.9122512603151,4.800673448274344,1.1338446740146093,2.456817435508809,24.03435139005896,95.3083816440977
831,215.88547397651803,4.394463528026905,0.8570708324659306,2.469360809009815,32.49059441483569,80.31808120627683
832,211.39895505537592,4.066441947454836,0.802500725195751,2.6647362841790945,32.99890230018185,100.69084962831876
833,215.88547397651803,4.394463528026905,0.8570708324659306,2.469360809009815,32.49059441483569,80.31808120627683
834,219.9755830227992,3.700013468903091,0.7966466217511396,2.441385988403409,27.207740358049175,87.35874459981665
835,220.809211612888,3.700013468903091,0.784332544303114,2.4773490710504946,27.207740358049175,87.35874459981665
836,215.88547397651803,4.394463528026905,0.8570708324659306,2.469360809009815,32.49059441483569,80.31808120627683
837,217.52433151686338,2.801841156072458,0.7598753941227347,2.5667034845249512,26.20098965264699,90.13659474250237
838,211.39895505537592,4.232554986290681,0.8537809638336874,2.7279790128457555,33.097092858565546,105.1226575763379
839,217.52433151686338,4.368165627674219,0.7750494823156249,2.5667034845249512,25.98604365899551,90.60046810186607
840,215.88547397651803,4.394463528026905,0.8570708324659306,2.469360809009815,32.49059441483569,80.31808120627683
841,220.96522729672535,3.700013468903091,0.784332544303114,2.6589385590921086,27.89474375025831,87.35874459981665
842,215.88547397651803,4.394463528026905,0.8570708324659306,2.469360809009815,32.49059441483569,80.31808120627683
843,215.08878607669354,4.556142996900213,0.7993679814514386,2.4490053919363257,25.650887040621214,90.13659474250237
844,220.9954245317942,4.157545675793257,0.8234791082997593,2.7702379996801527,31.824532191310436,94.22263464959128
845,211.34712642077503,4.193229514143642,0.802500725195751,2.9874839192663445,31.501162237704776,106.828571355197
846,215.88547397651803,4.394463528026905,0.8570708324659306,2.469360809009815,32.49059441483569,80.31808120627683
847,215.88547397651803,4.394463528026905,0.8570708324659306,2.469360809009815,32.49059441483569,80.31808120627683
848,225.12633701222427,3.700013468903091,0.7816111846028151,2.4773490710504946,27.679268796819624,87.570574427299
849,220.7066338788841,3.700013468903091,0.7993679814514386,2.441385988403409,31.119026937253174,87.35874459981665
850,263.5879455123718,5.871913038481874,0.6839059295297562,2.495726059465635,18.24625881046773,73.10639211200788
851,201.4785504593157,4.093237572040705,0.802500725195751,2.939183472638849,30.698610353875637,105.02277546997165
852,299.9888950941516,6.319113238725274,0.6786395332790418,2.7518087883104103,26.525328233218907,67.38917509291346
853,179.69052907464922,4.918419524269593,1.1338446740146093,2.5909451846725826,23.92909291245983,98.9633341560593
854,215.88547397651803,4.394463528026905,0.8570708324659306,2.469360809009815,32.49059441483569,80.31808120627683
855,180.23856122793808,4.856425509397776,1.0986152306581518,2.469182053461465,24.181558530169227,88.96833070212094
856,222.22282286061863,4.157545675793257,0.8494605673899107,2.4773490710504946,26.407790465804755,94.12275254322503
857,176.2570418554525,3.9993469145063356,0.9096048147849057,2.495726059465635,14.474228392625838,71.4825706107621
858,215.88547397651803,4.394463528026905,0.8570708324659306,2.469360809009815,32.49059441483569,80.31808120627683
859,220.809211612888,3.700013468903091,0.784332544303114,2.4773490710504946,27.207740358049175,87.35874459981665
860,220.809211612888,3.700013468903091,0.7993679814514386,2.4773490710504946,27.207740358049175,87.35874459981665
861,211.39895505537592,4.088693294617013,0.802500725195751,2.8825567020404037,31.501162237704776,103.76750451333648
862,215.08878607669354,4.331208229005399,0.7750494823156249,2.4490053919363257,26.319471260868657,90.13659474250237
863,211.39895505537592,4.066441947454836,0.802500725195751,2.6647362841790945,29.801679540800404,100.69084962831876
864,301.17205237520375,6.2836206823906124,0.6764009833687918,2.7518087883104103,27.403441373655806,69.22649846002804
865,215.88547397651803,4.394463528026905,0.8570708324659306,2.469360809009815,32.49059441483569,80.31808120627683
866,212.12492378802665,4.077667192923563,0.8234791082997593,2.6647362841790945,30.78762363683585,94.22263464959128
867,206.70915338094343,4.401465754969939,0.8875147116218027,2.8329062300716963,33.08196254655617,102.90572973578094
868,215.08878607669354,3.9754195535021264,0.7750494823156249,2.4490053919363257,26.319471260868657,90.27948227645662
869,211.67365589488,4.1091352430807895,0.8350438096675868,2.6079018249393124,31.210256217576898,94.22263464959128
870,178.9122512603151,4.843537159462406,1.1003903986729813,2.4998783426500117,23.507250922000306,95.01411956213646
871,215.88547397651803,4.394463528026905,0.8570708324659306,2.469360809009815,32.49059441483569,80.31808120627683
872,211.67365589488,4.097735967717066,0.8234791082997593,2.6340399949905478,27.082855443555793,94.22263464959128
873,215.88547397651803,4.394463528026905,0.8570708324659306,2.469360809009815,32.49059441483569,80.31808120627683
874,216.04765829890377,4.096766224489613,0.7993679814514386,2.4490053919363257,26.019653758070756,87.35874459981665
875,222.12024512661475,3.814123141831729,0.8485501398194275,2.4526023178260346,27.625767647520224,87.570574427299
876,218.5324340233987,4.129247324638473,0.802500725195751,2.7335280745327086,31.906688199303638,100.69084962831876
877,211.39895505537592,4.365247959212713,0.8537809638336874,2.83946034654246,33.01903183465057,105.7333412642659
878,215.88547397651803,4.394463528026905,0.8570708324659306,2.469360809009815,32.49059441483569,80.31808120627683
879,215.88547397651803,4.394463528026905,0.8570708324659306,2.469360809009815,32.49059441483569,80.31808120627683
880,226.46591178315194,3.837215352489461,0.7966466217511396,2.4576655302173402,29.24012705209082,87.35874459981665
881,220.54415663864756,4.157545675793257,0.8350438096675868,2.6987160066982177,30.81629313310022,94.22263464959128
882,176.2570418554525,3.9162721059075167,0.9096048147849057,2.495726059465635,14.474228392625838,71.4825706107621
883,215.88547397651803,4.394463528026905,0.8570708324659306,2.469360809009815,32.49059441483569,80.31808120627683
884,211.39895505537592,4.436821517097722,0.8409930123308974,2.6647362841790945,34.67947397421373,100.39658754635752
885,211.39895505537592,4.073212168418435,0.8409930123308974,2.6647362841790945,34.88814781629908,100.39658754635752
886,215.88547397651803,4.394463528026905,0.8570708324659306,2.469360809009815,32.49059441483569,80.31808120627683
887,215.08878607669354,2.801841156072458,0.7598753941227347,2.4490053919363257,26.319471260868657,90.13659474250237
888,295.36619529710634,6.2836206823906124,0.6764009833687918,2.645134318173507,22.838395055336537,69.22649846002804
889,220.54415663864756,4.157545675793257,0.8350438096675868,2.6987160066982177,31.507890595097045,94.22263464959128
890,211.39895505537592,4.302163138271225,0.8537809638336874,2.7279790128457555,33.097092858565546,105.1226575763379
891,215.88547397651803,4.394463528026905,0.8570708324659306,2.469360809009815,32.49059441483569,80.31808120627683
892,211.39895505537592,4.193245061462473,0.8537809638336874,2.7279790128457555,33.097092858565546,103.34303732978795
893,211.39895505537592,4.097735967717066,0.8234791082997593,2.6647362841790945,31.767005567502437,94.22263464959128
894,215.88547397651803,4.394463528026905,0.8570708324659306,2.469360809009815,32.49059441483569,80.31808120627683
895,215.88547397651803,4.394463528026905,0.8570708324659306,2.469360809009815,32.49059441483569,80.31808120627683
896,182.93182167502093,4.096728016150741,1.0419927207893376,2.477667822356233,14.604239125613383,67.04391662207429
897,264.0553122576617,6.43931223558174,0.6793503424078592,2.5667034845249512,20.06444572374438,62.64554536849393
898,211.39895505537592,4.224810198304006,0.802500725195751,2.9386089743637314,33.65093143022769,105.7333412642659
899,211.39895505537592,4.302163138271225,0.8591374709590801,2.7279790128457555,33.01903183465057,105.80121588866464
900,185.76755459396617,3.9915373433510464,0.9678930566951441,2.455465328451705,14.532381392077559,67.17208065882501
901,215.88547397651803,4.394463528026905,0.8570708324659306,2.469360809009815,32.49059441483569,80.31808120627683
902,215.88547397651803,4.394463528026905,0.8570708324659306,2.469360809009815,32.49059441483569,80.31808120627683
903,222.378838544456,4.157545675793257,0.8499421496197976,2.6589385590921086,28.118322747454826,94.12275254322503
904,185.76755459396617,3.898493780503668,0.9768660470098951,2.4628608936615732,14.617312725462185,67.17208065882501
905,211.39895505537592,4.47697413653911,0.8875147116218027,2.876582196019482,33.08196254655617,106.41189957659265
906,215.88547397651803,4.394463528026905,0.8570708324659306,2.469360809009815,32.49059441483569,80.31808120627683
907,215.88547397651803,4.394463528026905,0.8570708324659306,2.469360809009815,32.49059441483569,80.31808120627683
908,191.25675050105463,5.0273052705742085,1.1038384426480277,2.4197488162576493,25.579841585845543,88.96833070212094
909,215.88547397651803,4.394463528026905,0.8570708324659306,2.469360809009815,32.49059441483569,80.31808120627683
910,215.88547397651803,4.394463528026905,0.8570708324659306,2.469360809009815,32.49059441483569,80.31808120627683
911,219.48178484762647,4.157545675793257,0.8234791082997593,2.750133211722706,31.824532191310436,94.22263464959128
912,215.88547397651803,4.394463528026905,0.8570708324659306,2.469360809009815,32.49059441483569,80.31808120627683
913,215.88547397651803,4.394463528026905,0.8570708324659306,2.469360809009815,32.49059441483569,80.31808120627683
914,215.88547397651803,4.394463528026905,0.8570708324659306,2.469360809009815,32.49059441483569,80.31808120627683
915,211.39895505537592,4.259024097653053,0.8875147116218027,2.7279790128457555,33.08196254655617,102.29504604785294
916,222.378838544456,4.157545675793257,0.8319592878142471,2.6589385590921086,30.925389093885567,94.12275254322503
917,207.64707124078762,4.47697413653911,0.8875147116218027,2.83946034654246,35.28796452438904,100.76679427716185
918,273.96821953051426,6.331956513439448,0.6793503424078592,2.7518087883104103,18.086221143426183,67.71016091832291
919,219.21707063678548,4.129247324638473,0.789712773692961,2.7702379996801527,31.906688199303638,100.39658754635752
920,222.378838544456,4.162160129850387,0.8468576277664579,2.6589385590921086,32.99714851196797,94.12275254322503
921,186.6296024686738,5.0273052705742085,1.086337163072364,2.469182053461465,24.29143358495801,88.96833070212094
922,217.52433151686338,4.368165627674219,0.7750494823156249,2.5667034845249512,26.374118042484564,90.60046810186607
923,215.88547397651803,4.394463528026905,0.8570708324659306,2.469360809009815,32.49059441483569,80.31808120627683
924,222.22282286061863,4.180812161323539,0.8736703516152315,2.4773490710504946,26.407790465804755,94.12275254322503
925,273.96821953051426,6.2836206823906124,0.6878449471080427,2.645134318173507,18.14092859929078,69.22649846002804
926,176.2570418554525,3.9161066412592516,0.9424072428760595,2.495726059465635,14.275095548174873,71.4825706107621
927,211.39895505537592,3.9944541032394945,0.8081619345257366,2.6647362841790945,33.097092858565546,100.69084962831876
928,215.88547397651803,4.394463528026905,0.8570708324659306,2.469360809009815,32.49059441483569,80.31808120627683
929,191.25675050105463,5.0273052705742085,1.086337163072364,2.469182053461465,24.31357467555825,88.96833070212094
930,211.39895505537592,4.077294019253289,0.802500725195751,2.8336817571377906,29.868359334973164,103.76750451333648
931,279.1932943769694,6.199463819419173,0.6679063786686084,2.7518087883104103,25.81420554689435,67.71016091832291
932,221.86625848165227,4.142451841399975,0.802500725195751,2.781385883324468,30.173698802775323,93.74452732406523
933,179.69052907464922,4.800673448274344,1.1338446740146093,2.456817435508809,24.064765303535268,95.3083816440977
934,179.5963923531239,5.351697506275277,0.8640792128915508,2.495726059465635,14.950029201962023,74.77166208972183
935,191.25675050105463,5.0273052705742085,1.1038384426480277,2.4197488162576493,25.608754042527657,88.96833070212094
936,211.34712642077503,4.097909997612062,0.802500725195751,2.8530148390228014,31.501162237704776,100.69084962831876
937,215.88547397651803,4.394463528026905,0.8570708324659306,2.469360809009815,32.49059441483569,80.31808120627683
938,215.88547397651803,4.394463528026905,0.8570708324659306,2.469360809009815,32.49059441483569,80.31808120627683
939,215.88547397651803,4.394463528026905,0.8570708324659306,2.469360809009815,32.49059441483569,80.31808120627683
940,215.88547397651803,4.394463528026905,0.8570708324659306,2.469360809009815,32.49059441483569,80.31808120627683
941,215.88547397651803,4.394463528026905,0.8570708324659306,2.469360809009815,32.49059441483569,80.31808120627683
942,186.19396156368222,4.841167887695846,1.1338446740146093,2.6143640114612947,23.66639373160056,90.60322688530921
943,222.12024512661475,3.814123141831729,0.8485501398194275,2.4526023178260346,27.625767647520224,87.570574427299
944,211.34712642077503,4.050787856826754,0.802500725195751,2.8825567020404037,31.501162237704776,105.1226575763379
945,198.6636463270489,3.6497054217030476,0.7733580075120546,2.950331356283164,30.689922585129946,96.47914728001331
946,185.76755459396617,3.958945175577192,0.9678930566951441,2.3964277060476418,14.532381392077559,67.17208065882501
947,191.20096222301584,4.372741032781933,0.9698009763533699,2.4123415868121048,24.66475264178975,90.49658247281202
948,215.88547397651803,4.394463528026905,0.8570708324659306,2.469360809009815,32.49059441483569,80.31808120627683
949,215.88547397651803,4.394463528026905,0.8570708324659306,2.469360809009815,32.49059441483569,80.31808120627683
950,220.96522729672535,3.700013468903091,0.784332544303114,2.6987160066982177,30.246916660581974,87.35874459981665
951,211.39895505537592,4.077667192923563,0.8234791082997593,2.6647362841790945,34.49912740783682,94.22263464959128
952,215.88547397651803,4.394463528026905,0.8570708324659306,2.469360809009815,32.49059441483569,80.31808120627683
953,211.39895505537592,4.146679616674164,0.8409930123308974,2.6647362841790945,34.67947397421373,100.39658754635752
954,179.25609467070115,4.918419524269593,1.1338446740146093,2.5818246595386594,24.152105153465378,93.82572976099152
955,215.08878607669354,4.466215496176668,0.7993679814514386,2.4490053919363257,26.319471260868657,90.13659474250237
956,220.54415663864756,4.157545675793257,0.8525450892432505,2.60139563112803,26.645135985130803,94.22263464959128
957,211.39895505537592,4.147483269073612,0.8081619345257366,2.8939841728834934,32.99890230018185,105.7333412642659
958,217.52433151686338,4.368165627674219,0.7750494823156249,2.5667034845249512,25.67495180281944,90.60046810186607
959,179.69052907464922,4.800673448274344,1.1338446740146093,2.4998783426500117,23.608879764982646,95.3083816440977
960,269.17061411518483,6.303314128876498,0.6793503424078592,2.581858515639865,17.227667296092196,67.71016091832291
961,231.4983403395096,3.837215352489461,0.7966466217511396,2.4576655302173402,28.004852370501393,87.570574427299
962,215.88547397651803,4.394463528026905,0.8570708324659306,2.469360809009815,32.49059441483569,80.31808120627683
963,182.93182167502093,4.076145031765812,1.0412055005786418,2.4628608936615732,14.617312725462185,67.04391662207429
964,215.88547397651803,4.394463528026905,0.8570708324659306,2.469360809009815,32.49059441483569,80.31808120627683
965,217.52433151686338,4.368165627674219,0.7750494823156249,2.5667034845249512,26.374118042484564,90.60046810186607
966,215.88547397651803,4.394463528026905,0.8570708324659306,2.469360809009815,32.49059441483569,80.31808120627683
967,215.88547397651803,4.394463528026905,0.8570708324659306,2.469360809009815,32.49059441483569,80.31808120627683
968,297.99180199996135,6.2836206823906124,0.6764009833687918,2.7518087883104103,25.434496373187795,67.38917509291346
969,222.22282286061863,4.157545675793257,0.8494605673899107,2.4773490710504946,26.407790465804755,94.12275254322503
970,180.23856122793808,4.931052656689833,1.087050529290324,2.469182053461465,23.507250922000306,88.96833070212094
971,215.88547397651803,4.394463528026905,0.8570708324659306,2.469360809009815,32.49059441483569,80.31808120627683
972,215.88547397651803,4.394463528026905,0.8570708324659306,2.469360809009815,32.49059441483569,80.31808120627683
973,215.88547397651803,4.394463528026905,0.8570708324659306,2.469360809009815,32.49059441483569,80.31808120627683
974,220.9954245317942,4.157545675793257,0.8234791082997593,2.750133211722706,31.824532191310436,94.22263464959128
975,215.88547397651803,4.394463528026905,0.8570708324659306,2.469360809009815,32.49059441483569,80.31808120627683
976,215.88547397651803,4.394463528026905,0.8570708324659306,2.469360809009815,32.49059441483569,80.31808120627683
977,215.88547397651803,4.394463528026905,0.8570708324659306,2.469360809009815,32.49059441483569,80.31808120627683
978,215.88547397651803,4.394463528026905,0.8570708324659306,2.469360809009815,32.49059441483569,80.31808120627683
979,215.88547397651803,4.394463528026905,0.8570708324659306,2.469360809009815,32.49059441483569,80.31808120627683
980,227.4137473241727,4.791337313007554,0.9031367739200418,2.3964277060476418,16.06677323640056,67.17208065882501
981,215.88547397651803,4.394463528026905,0.8570708324659306,2.469360809009815,32.49059441483569,80.31808120627683
982,215.88547397651803,4.394463528026905,0.8570708324659306,2.469360809009815,32.49059441483569,80.31808120627683
983,272.75329895937665,6.269432974333737,0.6878449471080427,2.6097708708876093,18.091838098222155,72.66135744743393
984,222.12024512661475,4.18542661538067,0.8688193461376776,2.4526023178260346,24.595880366798472,87.570574427299
985,215.88547397651803,4.394463528026905,0.8570708324659306,2.469360809009815,32.49059441483569,80.31808120627683
986,222.378838544456,4.170750192554759,0.8450911441422437,2.6589385590921086,27.686900830568888,87.570574427299
987,215.88547397651803,4.394463528026905,0.8570708324659306,2.469360809009815,32.49059441483569,80.31808120627683
988,220.54415663864756,4.157545675793257,0.8350438096675868,2.6987160066982177,30.74932656095898,94.22263464959128
989,241.5492647515787,6.275968672208412,0.6878449471080427,2.4564208034505803,18.091838098222155,70.98328883044091
990,217.52433151686338,4.368165627674219,0.7750494823156249,2.5667034845249512,27.81351874543614,90.60046810186607
991,211.39895505537592,4.471212683085358,0.8875147116218027,2.784618071606247,33.08196254655617,101.25861369989174
992,211.39895505537592,4.220773582504894,0.8081619345257366,2.8473971639539695,34.54143913815426,105.1226575763379
993,215.88547397651803,4.394463528026905,0.8570708324659306,2.469360809009815,32.49059441483569,80.31808120627683
994,215.88547397651803,4.394463528026905,0.8570708324659306,2.469360809009815,32.49059441483569,80.31808120627683
995,218.96681604570142,4.157545675793257,0.8234791082997593,2.7702379996801527,31.824532191310436,94.22263464959128
996,215.88547397651803,4.394463528026905,0.8570708324659306,2.469360809009815,32.49059441483569,80.31808120627683
997,268.349967817691,6.392713045971289,0.6793503424078592,2.54108551911196,17.227667296092196,67.71016091832291
998,259.86017615335226,5.346322737099476,0.6866272892300551,2.495726059465635,20.702120965453194,72.66135744743393
999,215.88547397651803,4.394463528026905,0.8570708324659306,2.469360809009815,32.49059441483569,80.31808120627683
1000,215.88547397651803,4.394463528026905,0.8570708324659306,2.469360809009815,32.49059441483569,80.31808120627683
1001,215.88547397651803,4.394463528026905,0.8570708324659306,2.469360809009815,32.49059441483569,80.31808120627683
1002,217.52433151686338,4.430719887091551,0.7750494823156249,2.5667034845249512,25.98604365899551,90.60046810186607
1003,236.83199440683896,6.47549170992591,0.7864658164076493,2.4564208034505803,16.791121889285847,74.77166208972183
1004,191.25675050105463,5.476040467506257,1.0964879712797329,2.437088340036565,25.661521303243344,88.96833070212094
1005,211.39895505537592,4.094599202491052,0.8537809638336874,2.7279790128457555,33.3057667006509,102.1914413221573
1006,179.69052907464922,4.800673448274344,1.1338446740146093,2.5715298494217085,23.92909291245983,95.3083816440977
1007,227.30273662172615,3.700013468903091,0.7816111846028151,2.4773490710504946,27.679268796819624,88.00766050270661
1008,215.88547397651803,4.394463528026905,0.8570708324659306,2.469360809009815,32.49059441483569,80.31808120627683
1009,241.5492647515787,6.275968672208412,0.6878449471080427,2.4641604230512395,16.70755201766278,69.22649846002804
1010,217.19701872165373,3.428627225860047,0.7598753941227347,2.4490053919363257,26.971001166883955,87.35874459981665
1011,227.4137473241727,6.556989123903192,0.9031367739200418,2.3964277060476418,16.06677323640056,69.51735814225148
1012,220.809211612888,3.700013468903091,0.7993679814514386,2.4773490710504946,27.207740358049175,87.35874459981665
1013,215.08878607669354,4.482299340796086,0.7848063570018133,2.4490053919363257,26.319471260868657,90.13659474250237
1014,211.11002938471492,4.29434062187187,0.802500725195751,2.939183472638849,31.501162237704776,105.1226575763379
1015,220.46267327365354,3.845044692981391,0.7993679814514386,2.4490053919363257,27.197348403192983,87.35874459981665
1016,215.88547397651803,4.394463528026905,0.8570708324659306,2.469360809009815,32.49059441483569,80.31808120627683
1017,215.88547397651803,4.394463528026905,0.8570708324659306,2.469360809009815,32.49059441483569,80.31808120627683
1018,215.08878607669354,4.878274098899054,0.7993679814514386,2.4490053919363257,26.319471260868657,90.27948227645662
1019,190.64902167244236,4.4331958714779205,0.9698009763533699,2.421181278580416,24.629617762835284,94.90119296191803
1020,211.39895505537592,4.0572252444597865,0.8081619345257366,2.782502839186789,32.99890230018185,103.76750451333648
1021,215.27839129973293,4.709601900900456,0.8688193461376776,2.4490053919363257,25.227008682858184,90.28743086562295
1022,219.0340556235314,4.8758720718745785,1.1338446740146093,2.7083090195565434,24.152105153465378,105.17179707875816
1023,215.88547397651803,4.394463528026905,0.8570708324659306,2.469360809009815,32.49059441483569,80.31808120627683
1024,211.39895505537592,4.401465754969939,0.8875147116218027,2.8329062300716963,33.08196254655617,106.41189957659265
1025,264.0553122576617,6.43931223558174,0.6793503424078592,2.5667034845249512,20.06444572374438,75.02181552909128
1026,215.88547397651803,4.394463528026905,0.8570708324659306,2.469360809009815,32.49059441483569,80.31808120627683
1027,217.52433151686338,4.368165627674219,0.7750494823156249,2.5667034845249512,25.98604365899551,90.60046810186607
1028,215.88547397651803,4.394463528026905,0.8570708324659306,2.469360809009815,32.49059441483569,80.31808120627683
1029,185.76755459396617,3.812248528229911,0.9678930566951441,2.3977842360016433,14.473508708414055,67.17208065882501
1030,211.39895505537592,4.063115986773177,0.802500725195751,2.8678258379390367,31.501162237704776,103.76750451333648
1031,211.39895505537592,4.066441947454836,0.8081619345257366,2.6216753770378918,32.99890230018185,100.69084962831876
1032,220.46267327365354,3.845044692981391,0.7993679814514386,2.4490053919363257,27.23510270492353,87.35874459981665
1033,215.88547397651803,4.394463528026905,0.8570708324659306,2.469360809009815,32.49059441483569,80.31808120627683
1034,269.17061411518483,6.500624876174117,0.6793503424078592,2.581858515639865,17.413613286148646,69.24605813189939
1035,215.88547397651803,4.394463528026905,0.8570708324659306,2.469360809009815,32.49059441483569,80.31808120627683
1036,299.381420596049,6.334822422196698,0.6538141853940579,2.7518087883104103,23.152112582564623,67.38917509291346
1037,222.20261256642308,4.162160129850387,0.8301928041900329,2.6987160066982177,29.974071407766576,87.570574427299
1038,191.20096222301584,4.4331958714779205,0.9828587859882325,2.4123415868121048,24.466920515914502,88.96833070212094
1039,217.4054521513564,3.700013468903091,0.7816111846028151,2.5637134085175375,27.345199880442387,88.00766050270661
1040,215.88547397651803,4.394463528026905,0.8570708324659306,2.469360809009815,32.49059441483569,80.31808120627683
1041,211.39895505537592,4.237269845555587,0.802500725195751,2.945163090834495,32.133931437253054,105.7333412642659
1042,243.79728964452676,6.112234831075181,0.7816148109300954,2.4564208034505803,18.389253670506175,72.66930603660026
1043,191.25675050105463,4.379870310619619,1.0964879712797329,2.437088340036565,25.661521303243344,88.96833070212094
1044,215.88547397651803,4.394463528026905,0.8570708324659306,2.469360809009815,32.49059441483569,80.31808120627683
1045,190.64902167244236,4.688355329187393,0.9360672285652546,2.4490053919363257,23.38516522273009,94.22263464959128
1046,211.39895505537592,4.0572252444597865,0.802500725195751,2.782502839186789,32.99890230018185,103.76750451333648
1047,220.0781607568031,3.700013468903091,0.7966466217511396,2.4773490710504946,27.207740358049175,87.35874459981665
1048,211.39895505537592,4.066441947454836,0.802500725195751,2.6216753770378918,32.99890230018185,100.69084962831876
1049,220.809211612888,3.700013468903091,0.784332544303114,2.4773490710504946,27.207740358049175,87.35874459981665
1050,201.4785504593157,4.093237572040705,0.802500725195751,2.950331356283164,30.698610353875637,105.02277546997165
1051,186.19396156368222,5.19196889614152,1.1338446740146093,2.6143640114612947,23.66639373160056,90.60322688530921
1052,215.88547397651803,4.394463528026905,0.8570708324659306,2.469360809009815,32.49059441483569,80.31808120627683
1053,215.88547397651803,4.394463528026905,0.8570708324659306,2.469360809009815,32.49059441483569,80.31808120627683
1054,227.4137473241727,6.687674177991145,0.8887145031877612,2.3964277060476418,15.824881952784667,69.51735814225148
1055,220.9954245317942,4.157545675793257,0.8234791082997593,2.729706403215605,31.1259013123594,94.22263464959128
1056,215.88547397651803,4.394463528026905,0.8570708324659306,2.469360809009815,32.49059441483569,80.31808120627683
1057,215.88547397651803,4.394463528026905,0.8570708324659306,2.469360809009815,32.49059441483569,80.31808120627683
1058,185.76755459396617,4.014674132762438,0.9678930566951441,2.455465328451705,14.532381392077559,67.17208065882501
1059,215.88547397651803,4.394463528026905,0.8570708324659306,2.469360809009815,32.49059441483569,80.31808120627683
1060,215.88547397651803,4.394463528026905,0.8570708324659306,2.469360809009815,32.49059441483569,80.31808120627683
1061,222.20261256642308,4.162160129850387,0.8186281028222054,2.781385883324468,30.71813792365297,87.570574427299
1062,241.52963445707718,6.073654683695401,0.7121634462438564,2.4490053919363257,16.18476461570209,69.21920691723939
1063,215.88547397651803,4.394463528026905,0.8570708324659306,2.469360809009815,32.49059441483569,80.31808120627683
1064,299.381420596049,6.2836206823906124,0.6764009833687918,2.7518087883104103,38.210213807662406,69.22649846002804
1065,239.02262246060926,6.557574300929269,0.8380008005176349,2.495726059465635,18.734319096417362,74.77166208972183
1066,211.39895505537592,4.103815905486101,0.8591374709590801,2.6647362841790945,33.08196254655617,101.3694079406455
1067,178.9122512603151,4.843537159462406,1.1003903986729813,2.4998783426500117,23.507250922000306,89.96475642855603
1068,191.25675050105463,4.933205639018459,1.0964879712797329,2.437088340036565,26.373346924929354,88.96833070212094
1069,220.96522729672535,3.700013468903091,0.7835987844685413,2.729706403215605,30.70945015490728,87.35874459981665
1070,185.76755459396617,4.259419061575916,0.9678930566951441,2.4628608936615732,14.617312725462185,67.17208065882501
1071,264.0553122576617,6.413142206518724,0.6793503424078592,2.5667034845249512,17.96357096617662,69.24605813189939
1072,220.96522729672535,3.700013468903091,0.784332544303114,2.60139563112803,26.873671441671938,87.35874459981665
1073,215.88547397651803,4.394463528026905,0.8570708324659306,2.469360809009815,32.49059441483569,80.31808120627683
1074,215.88547397651803,4.394463528026905,0.8570708324659306,2.469360809009815,32.49059441483569,80.31808120627683
1075,215.88547397651803,4.394463528026905,0.8570708324659306,2.469360809009815,32.49059441483569,80.31808120627683
1076,216.82097400315376,4.137103727329482,0.802500725195751,2.939183472638849,31.501162237704776,101.87545116979692
1077,182.1535438606868,3.9042531613138163,1.0159206599125306,2.4628608936615732,14.617312725462185,67.04391662207429
1078,215.08878607669354,3.4810587591467588,0.7598753941227347,2.4490053919363257,26.756561719390795,90.13659474250237
1079,215.88547397651803,4.394463528026905,0.8570708324659306,2.469360809009815,32.49059441483569,80.31808120627683
1080,215.88547397651803,4.394463528026905,0.8570708324659306,2.469360809009815,32.49059441483569,80.31808120627683
1081,215.88547397651803,4.394463528026905,0.8570708324659306,2.469360809009815,32.49059441483569,80.31808120627683
1082,206.70915338094343,4.401465754969939,0.8875147116218027,2.8329062300716963,33.08196254655617,102.90572973578094
1083,215.88547397651803,4.394463528026905,0.8570708324659306,2.469360809009815,32.49059441483569,80.31808120627683
1084,215.88547397651803,4.394463528026905,0.8570708324659306,2.469360809009815,32.49059441483569,80.31808120627683
1085,215.88547397651803,4.394463528026905,0.8570708324659306,2.469360809009815,32.49059441483569,80.31808120627683
1086,242.76418532271637,6.2843564882522855,0.6878449471080427,2.581858515639865,17.121587629869516,69.00363652492322
1087,222.20261256642308,4.157545675793257,0.8234791082997593,2.7510814884787687,30.71813792365297,94.12275254322503
1088,203.59347873379176,4.137103727329482,0.802500725195751,2.939183472638849,30.691803419119992,103.76750451333648
1089,215.88547397651803,4.394463528026905,0.8570708324659306,2.469360809009815,32.49059441483569,80.31808120627683
1090,220.7066338788841,3.837215352489461,0.7993679814514386,2.4526023178260346,27.197348403192983,87.35874459981665
1091,215.88547397651803,4.394463528026905,0.8570708324659306,2.469360809009815,32.49059441483569,80.31808120627683
1092,215.88547397651803,4.394463528026905,0.8570708324659306,2.469360809009815,32.49059441483569,80.31808120627683
1093,211.34712642077503,4.129247324638473,0.802500725195751,2.7335280745327086,31.906688199303638,100.69084962831876
1094,211.39895505537592,4.167678806068382,0.8537809638336874,2.834302241718285,33.097092858565546,105.1226575763379
1095,211.39895505537592,4.20632537981745,0.8875147116218027,2.7279790128457555,33.08196254655617,104.44606282566322
1096,220.7066338788841,3.804992714350875,0.7696322688089232,2.4526023178260346,27.23510270492353,87.35874459981665
1097,211.39895505537592,4.066441947454836,0.802500725195751,2.7529609761691867,32.99890230018185,100.69084962831876
1098,215.88547397651803,4.394463528026905,0.8570708324659306,2.469360809009815,32.49059441483569,80.31808120627683
1099,211.39895505537592,4.035838210387169,0.802500725195751,2.6647362841790945,32.539457398851916,100.39658754635752
1100,220.809211612888,3.700013468903091,0.784332544303114,2.4773490710504946,27.207740358049175,87.35874459981665
1101,211.39895505537592,4.800424077573543,0.8537809638336874,2.9119855168465527,33.097092858565546,116.39603454057188
1102,215.88547397651803,4.394463528026905,0.8570708324659306,2.469360809009815,32.49059441483569,80.31808120627683
1103,264.0553122576617,6.43931223558174,0.6793503424078592,2.5667034845249512,20.06444572374438,75.02181552909128
1104,227.4137473241727,5.804001247856645,0.9678930566951441,2.3964277060476418,16.247891988091247,67.17208065882501
1105,227.4137473241727,5.823225094424519,0.9486623758133967,2.3964277060476418,17.092083221205957,67.17208065882501
1106,186.19396156368222,4.495816390942753,1.1382452503129747,2.7524171531363026,24.390651567055624,92.3399012536065
1107,198.08291212031045,4.588059230341767,1.0429268277976877,2.455465328451705,16.3897008346221,68.7003324295161
1108,215.88547397651803,4.394463528026905,0.8570708324659306,2.469360809009815,32.49059441483569,80.31808120627683
1109,269.17061411518483,6.500624876174117,0.6793503424078592,2.581858515639865,17.413613286148646,69.24605813189939
1110,215.88547397651803,4.394463528026905,0.8570708324659306,2.469360809009815,32.49059441483569,80.31808120627683
1111,222.378838544456,4.157545675793257,0.8350438096675868,2.6987160066982177,31.051900115174018,94.12275254322503
1112,215.88547397651803,4.394463528026905,0.8570708324659306,2.469360809009815,32.49059441483569,80.31808120627683
1113,185.76755459396617,3.844840696003765,0.9678930566951441,2.455465328451705,14.453904016253974,67.17208065882501
1114,178.9122512603151,4.9230926566898345,1.1296470792615452,2.4998783426500117,23.507250922000306,88.84016666537022
1115,215.88547397651803,4.394463528026905,0.8570708324659306,2.469360809009815,32.49059441483569,80.31808120627683
1116,264.0553122576617,6.4370575978624105,0.6793503424078592,2.5667034845249512,17.153366996234624,64.26801038812837
1117,273.96821953051426,6.2836206823906124,0.6793503424078592,2.7518087883104103,23.73374628211612,67.38917509291346
1118,264.0553122576617,6.4322082831261405,0.6793503424078592,2.5667034845249512,18.707670984082647,64.26801038812837
1119,217.57275343314367,4.146320430324531,0.802500725195751,2.9096416096212465,30.439469611578634,100.69084962831876
1120,215.88547397651803,4.394463528026905,0.8570708324659306,2.469360809009815,32.49059441483569,80.31808120627683
1121,217.52433151686338,4.530295907862864,0.7750494823156249,2.5667034845249512,26.374118042484564,90.60046810186607
1122,211.4996891706441,4.067406877081871,0.7750494823156249,2.4490053919363257,26.595746179542715,90.27948227645662
1123,222.22282286061863,3.676921258245357,0.833514702671103,2.4773490710504946,27.87130522131494,87.570574427299
1124,222.378838544456,4.157545675793257,0.8525450892432505,2.60139563112803,24.90535304261668,94.12275254322503
1125,211.39895505537592,4.289739577643542,0.8537809638336874,2.8329062300716963,33.097092858565546,106.828571355197
1126,215.88547397651803,4.394463528026905,0.8570708324659306,2.469360809009815,32.49059441483569,80.31808120627683
1127,215.88547397651803,4.394463528026905,0.8570708324659306,2.469360809009815,32.49059441483569,80.31808120627683
1128,222.378838544456,4.157545675793257,0.8319592878142471,2.6987160066982177,27.037959061764997,94.12275254322503
1129,219.48178484762647,4.157545675793257,0.8234791082997593,2.7702379996801527,31.824532191310436,94.22263464959128
1130,201.4785504593157,4.137103727329482,0.802500725195751,2.939183472638849,30.698610353875637,103.66762240697022
1131,217.52433151686338,4.368165627674219,0.7750494823156249,2.5667034845249512,25.98604365899551,90.60046810186607
1132,217.52433151686338,4.396752561045047,0.7750494823156249,2.5667034845249512,25.98604365899551,90.27948227645662
1133,219.48178484762647,4.129247324638473,0.802500725195751,2.7702379996801527,31.906688199303638,100.39658754635752
1134,215.88547397651803,4.394463528026905,0.8570708324659306,2.469360809009815,32.49059441483569,80.31808120627683
1135,216.04765829890377,4.096766224489613,0.7993679814514386,2.4490053919363257,25.751773375903877,87.35874459981665
1136,211.39895505537592,4.035838210387169,0.789712773692961,2.6647362841790945,34.58128341583002,95.06272484698003
1137,189.1211685892614,4.20632537981745,0.8875147116218027,2.7155423951877355,33.08196254655617,100.6197499635011
1138,211.39895505537592,4.352788311961132,0.8537809638336874,2.8329062300716963,33.01903183465057,105.7333412642659
1139,215.88547397651803,4.394463528026905,0.8570708324659306,2.469360809009815,32.49059441483569,80.31808120627683
1140,281.7035041533761,6.334822422196698,0.6623087900942414,2.645134318173507,20.021035067792102,69.22649846002804
1141,219.48178484762647,4.157545675793257,0.8234791082997593,2.7702379996801527,31.824532191310436,94.22263464959128
1142,248.4397016453897,6.383726997888246,0.7864658164076493,2.4564208034505803,18.654311599904716,74.77166208972183
1143,215.88547397651803,4.394463528026905,0.8570708324659306,2.469360809009815,32.49059441483569,80.31808120627683
1144,231.90927696799415,3.8515443871825683,0.7966466217511396,2.4490053919363257,38.56973286748046,87.570574427299
1145,215.88547397651803,4.394463528026905,0.8570708324659306,2.469360809009815,32.49059441483569,80.31808120627683
1146,211.39895505537592,3.96385036617183,0.8081619345257366,2.6647362841790945,33.50261882016441,100.69084962831876
1147,222.22282286061863,4.162160129850387,0.8476940837656965,2.4773490710504946,26.031623811366423,87.570574427299
1148,257.0154031386375,4.862637704387237,1.1338446740146093,2.8089909414885943,26.763718454994528,112.08774574136682
1149,215.88547397651803,4.394463528026905,0.8570708324659306,2.469360809009815,32.49059441483569,80.31808120627683
1150,190.88545396778252,4.8758720718745785,1.1338446740146093,2.6143640114612947,23.66639373160056,91.5514798055279
1151,193.4006410716073,4.358444508519339,0.9486757139813888,2.4787864386617127,25.964290996472158,88.96833070212094
1152,222.22282286061863,4.170750192554759,0.8476940837656965,2.4773490710504946,27.907040072835937,87.570574427299
1153,222.22282286061863,4.170750192554759,0.8476940837656965,2.4773490710504946,27.907040072835937,87.570574427299
1154,212.12492378802665,4.077667192923563,0.8234791082997593,2.6647362841790945,33.11987553328852,94.22263464959128
1155,203.04808502159375,4.938377630643089,1.1338446740146093,2.709705031203132,24.152105153465378,100.63863024041113
1156,212.12492378802665,4.077667192923563,0.8234791082997593,2.6647362841790945,33.11987553328852,94.22263464959128
1157,215.88547397651803,4.394463528026905,0.8570708324659306,2.469360809009815,32.49059441483569,80.31808120627683
1158,215.88547397651803,4.394463528026905,0.8570708324659306,2.469360809009815,32.49059441483569,80.31808120627683
1159,211.39895505537592,4.177342336744393,0.8081619345257366,2.966509343187586,34.80934351765637,116.39603454057188
1160,215.88547397651803,4.394463528026905,0.8570708324659306,2.469360809009815,32.49059441483569,80.31808120627683
1161,215.88547397651803,4.394463528026905,0.8570708324659306,2.469360809009815,32.49059441483569,80.31808120627683
1162,220.809211612888,3.700013468903091,0.784332544303114,2.4773490710504946,27.207740358049175,87.35874459981665
1163,217.52433151686338,4.154932712525853,0.7750494823156249,2.5667034845249512,26.595746179542715,90.27948227645662
1164,211.39895505537592,4.035838210387169,0.7953739830229466,2.6647362841790945,34.58128341583002,100.39658754635752
1165,215.88547397651803,4.394463528026905,0.8570708324659306,2.469360809009815,32.49059441483569,80.31808120627683
1166,217.52433151686338,2.8235448597728534,0.7598753941227347,2.5667034845249512,26.319471260868657,90.13659474250237
1167,215.88547397651803,4.394463528026905,0.8570708324659306,2.469360809009815,32.49059441483569,80.31808120627683
1168,216.04765829890377,4.170347097483148,0.7993679814514386,2.4490053919363257,25.751773375903877,87.35874459981665
1169,215.88547397651803,4.394463528026905,0.8570708324659306,2.469360809009815,32.49059441483569,80.31808120627683
1170,222.22282286061863,4.157545675793257,0.8525450892432505,2.4773490710504946,25.695964844118745,94.12275254322503
1171,185.76755459396617,4.014674132762438,0.9678930566951441,2.455465328451705,14.532381392077559,67.17208065882501
1172,176.2570418554525,4.0916874197587,0.9096048147849057,2.495726059465635,14.474228392625838,71.4825706107621
1173,242.7656780707668,5.911861984188381,0.7121634462438564,2.4564208034505803,17.692441497187662,72.66135744743393
1174,215.88547397651803,4.394463528026905,0.8570708324659306,2.469360809009815,32.49059441483569,80.31808120627683
1175,185.76755459396617,3.892662249014645,0.9678930566951441,2.4628608936615732,14.617312725462185,67.17208065882501
1176,215.88547397651803,4.394463528026905,0.8570708324659306,2.469360809009815,32.49059441483569,80.31808120627683
1177,299.381420596049,6.334225768024961,0.6679063786686084,2.7518087883104103,29.505836189972015,67.38917509291346
1178,215.88547397651803,4.394463528026905,0.8570708324659306,2.469360809009815,32.49059441483569,80.31808120627683
1179,215.88547397651803,4.394463528026905,0.8570708324659306,2.469360809009815,32.49059441483569,80.31808120627683
1180,192.72439790425386,4.863143427107134,1.1338446740146093,2.6143640114612947,23.66639373160056,91.72517664471175
1181,190.88545396778252,4.8758720718745785,1.1338446740146093,2.6143640114612947,23.66639373160056,91.5514798055279
1182,221.0175976230099,4.157545675793257,0.8350438096675868,2.6987160066982177,29.703091930687112,94.22263464959128
1183,215.88547397651803,4.394463528026905,0.8570708324659306,2.469360809009815,32.49059441483569,80.31808120627683
1184,211.39895505537592,4.103815905486101,0.8537809638336874,2.6216753770378918,33.097092858565546,100.69084962831876
1185,209.59035337673146,4.24163994685611,0.802500725195751,3.0441106898647896,31.501162237704776,105.7333412642659
1186,289.1346487083814,6.209050352452008,0.6866272892300551,2.495726059465635,22.03670872442447,72.66135744743393
1187,190.64902167244236,4.7047435263624875,0.9698009763533699,2.421181278580416,23.38516522273009,94.90119296191803
1188,203.04808502159375,4.914160044711465,1.1338446740146093,2.5909451846725826,24.152105153465378,100.63863024041113
1189,184.3956059691532,4.96239816260022,1.086337163072364,2.469182053461465,24.29143358495801,88.96833070212094
1190,217.52433151686338,4.396752561045047,0.7750494823156249,2.5667034845249512,25.98604365899551,90.60046810186607
1191,215.88547397651803,4.394463528026905,0.8570708324659306,2.469360809009815,32.49059441483569,80.31808120627683
1192,217.41876007638237,2.8395359799565787,0.7598753941227347,2.4490053919363257,26.971001166883955,90.13659474250237
1193,190.88545396778252,4.890614430290365,1.1338446740146093,2.6143640114612947,23.66639373160056,92.40148684976157
1194,182.1535438606868,3.803779033668936,1.0205391767398035,2.3964277060476418,14.55198608423764,67.04391662207429
1195,215.88547397651803,4.394463528026905,0.8570708324659306,2.469360809009815,32.49059441483569,80.31808120627683
1196,215.08878607669354,3.234951540863888,0.7598753941227347,2.4490053919363257,26.319471260868657,90.13659474250237
1197,211.39895505537592,4.47697413653911,0.8875147116218027,2.876582196019482,33.08196254655617,106.41189957659265
1198,217.4054521513564,3.700013468903091,0.7808774247682423,2.729706403215605,29.86377151876581,88.00766050270661
1199,190.88545396778252,4.8758720718745785,1.1338446740146093,2.6143640114612947,23.66639373160056,92.78596008662993
1200,219.21707063678548,4.129247324638473,0.802500725195751,2.7335280745327086,31.906688199303638,100.39658754635752
1201,215.88547397651803,4.394463528026905,0.8570708324659306,2.469360809009815,32.49059441483569,80.31808120627683
1202,272.75329895937665,6.2669235796208085,0.7121634462438564,2.5956007952035347,20.468597498296287,72.66135744743393
1203,279.1932943769694,6.301653020617173,0.6679063786686084,2.7518087883104103,49.56713501614734,69.24605813189939
1204,215.88547397651803,4.394463528026905,0.8570708324659306,2.469360809009815,32.49059441483569,80.31808120627683
1205,217.41876007638237,3.9258337659918587,0.7976378266922721,2.4490053919363257,26.971001166883955,90.13659474250237
1206,215.88547397651803,4.394463528026905,0.8570708324659306,2.469360809009815,32.49059441483569,80.31808120627683
1207,222.22282286061863,4.157545675793257,0.8525450892432505,2.4773490710504946,25.695964844118745,94.12275254322503
1208,232.00564259137954,3.700013468903091,0.7816111846028151,2.6987160066982177,30.197533710286855,87.570574427299
1209,220.7066338788841,3.700013468903091,0.7993679814514386,2.441385988403409,27.207740358049175,87.35874459981665
1210,227.4137473241727,6.502422360415601,0.8887145031877612,2.455465328451705,16.966115689984942,69.51735814225148
1211,225.66550039325318,6.487512344874905,0.7750218526683985,2.495726059465635,18.899080663343224,74.77166208972183
1212,220.7066338788841,3.688349500652021,0.7976378266922721,2.441385988403409,27.207740358049175,87.35874459981665
1213,217.4054521513564,3.700013468903091,0.7816111846028151,2.5637134085175375,27.345199880442387,88.00766050270661
1214,215.88547397651803,4.394463528026905,0.8570708324659306,2.469360809009815,32.49059441483569,80.31808120627683
1215,215.88547397651803,4.394463528026905,0.8570708324659306,2.469360809009815,32.49059441483569,80.31808120627683
1216,215.88547397651803,4.394463528026905,0.8570708324659306,2.469360809009815,32.49059441483569,80.31808120627683
1217,269.17061411518483,6.303314128876498,0.6793503424078592,2.581858515639865,17.227667296092196,67.71016091832291
1218,219.73162241756864,3.845044692981391,0.7966466217511396,2.4490053919363257,27.197348403192983,87.35874459981665
1219,215.88547397651803,4.394463528026905,0.8570708324659306,2.469360809009815,32.49059441483569,80.31808120627683
1220,215.08878607669354,4.393236596338648,0.7976378266922721,2.4490053919363257,26.319471260868657,90.13659474250237
1221,215.88547397651803,4.394463528026905,0.8570708324659306,2.469360809009815,32.49059441483569,80.31808120627683
1222,211.39895505537592,4.103815905486101,0.8591374709590801,2.7085636775948814,33.08196254655617,101.3694079406455
1223,197.3418744038347,4.4331958714779205,0.9698009763533699,2.408744660922396,24.466920515914502,88.96833070212094
1224,222.378838544456,3.676921258245357,0.8160134230954393,2.6987160066982177,29.31174142737473,87.570574427299
1225,197.11532573390915,4.295187576114257,1.0527695170007592,2.455465328451705,16.3897008346221,67.17208065882501
1226,217.52433151686338,4.337224206970764,0.7750494823156249,2.5667034845249512,25.98604365899551,90.60046810186607
1227,215.08878607669354,3.5751193442401075,0.7598753941227347,2.4490053919363257,26.319471260868657,90.13659474250237
1228,217.52433151686338,3.6131529006699536,0.7750494823156249,2.5667034845249512,26.319471260868657,90.13659474250237
1229,215.88547397651803,4.394463528026905,0.8570708324659306,2.469360809009815,32.49059441483569,80.31808120627683
1230,215.88547397651803,4.394463528026905,0.8570708324659306,2.469360809009815,32.49059441483569,80.31808120627683
1231,215.88547397651803,4.394463528026905,0.8570708324659306,2.469360809009815,32.49059441483569,80.31808120627683
1232,211.4996891706441,4.133428574763834,0.7750494823156249,2.460029014388048,26.595746179542715,90.27948227645662
1233,217.19701872165373,3.819223960373464,0.7993679814514386,2.4490053919363257,25.751773375903877,87.35874459981665
1234,217.52433151686338,4.396752561045047,0.7750494823156249,2.5667034845249512,25.98604365899551,90.60046810186607
1235,210.46168381454794,3.9869291848576274,0.7966466217511396,2.4490053919363257,25.55652783242865,88.00766050270661
1236,190.64902167244236,4.709713203671191,0.9360672285652546,2.4490053919363257,23.38516522273009,94.22263464959128
1237,211.39895505537592,4.073212168418435,0.8591374709590801,2.6647362841790945,32.84313624315864,101.3694079406455
1238,211.39895505537592,4.748401792901288,0.8591374709590801,2.784618071606247,33.08196254655617,105.80121588866464
1239,219.48178484762647,4.157545675793257,0.8234791082997593,2.7702379996801527,31.824532191310436,94.22263464959128
1240,217.19701872165373,3.7937606516304636,0.7976378266922721,2.4490053919363257,26.971001166883955,87.35874459981665
1241,227.4137473241727,5.823225094424519,0.9486623758133967,2.3964277060476418,17.092083221205957,67.17208065882501
1242,211.39895505537592,4.028908324440908,0.802500725195751,2.782502839186789,32.99890230018185,103.34303732978795
1243,260.9220474060556,6.281714237513329,0.7121634462438564,2.5638361263417644,20.468597498296287,72.66135744743393
1244,178.7280498381257,3.962784481252622,0.9969621246765242,2.455465328451705,14.511782497955894,67.17208065882501
1245,215.88547397651803,4.394463528026905,0.8570708324659306,2.469360809009815,32.49059441483569,80.31808120627683
1246,215.88547397651803,4.394463528026905,0.8570708324659306,2.469360809009815,32.49059441483569,80.31808120627683
1247,215.88547397651803,4.394463528026905,0.8570708324659306,2.469360809009815,32.49059441483569,80.31808120627683
1248,215.88547397651803,4.394463528026905,0.8570708324659306,2.469360809009815,32.49059441483569,80.31808120627683
1249,219.74041773242357,3.676921258245357,0.7816111846028151,2.4773490710504946,27.679268796819624,87.570574427299
1250,215.08878607669354,4.482299340796086,0.7848063570018133,2.4490053919363257,26.319471260868657,90.13659474250237
1251,215.88547397651803,4.394463528026905,0.8570708324659306,2.469360809009815,32.49059441483569,80.31808120627683
1252,215.88547397651803,4.394463528026905,0.8570708324659306,2.469360809009815,32.49059441483569,80.31808120627683
1253,211.39895505537592,4.0834321766385795,0.802500725195751,2.8678258379390367,31.501162237704776,102.1914413221573
1254,220.7066338788841,2.9614726854376565,0.7598753941227347,2.460029014388048,27.23510270492353,87.35874459981665
1255,215.88547397651803,4.394463528026905,0.8570708324659306,2.469360809009815,32.49059441483569,80.31808120627683
1256,211.39895505537592,4.167597119331258,0.802500725195751,3.046618361057966,32.133931437253054,116.39603454057188
1257,269.17061411518483,6.392713045971289,0.6793503424078592,2.581858515639865,17.227667296092196,67.71016091832291
1258,289.1346487083814,6.22358272359619,0.6866272892300551,2.6097708708876093,22.9180733919427,72.66135744743393
1259,222.378838544456,4.170750192554759,0.8450911441422437,2.6589385590921086,27.834764124985476,87.570574427299
1260,269.17061411518483,6.303314128876498,0.6793503424078592,2.581858515639865,17.227667296092196,67.71016091832291
1261,269.17061411518483,6.215649501194645,0.6793503424078592,2.5984587208733814,17.227667296092196,67.71016091832291
1262,217.52433151686338,4.430719887091551,0.7750494823156249,2.5667034845249512,25.98604365899551,90.60046810186607
1263,219.89643341626092,3.676921258245357,0.7816111846028151,2.60139563112803,27.814260318610863,87.570574427299
1264,215.08878607669354,4.319455270794043,0.7993679814514386,2.4490053919363257,25.383006658454335,90.13659474250237
1265,211.39895505537592,4.077294019253289,0.802500725195751,2.8336817571377906,29.868359334973164,103.76750451333648
1266,242.76418532271637,6.275968672208412,0.6878449471080427,2.475184045502962,16.910862762734258,69.22649846002804
1267,215.88547397651803,4.394463528026905,0.8570708324659306,2.469360809009815,32.49059441483569,80.31808120627683
1268,191.7518893802241,4.281073597193798,0.9571655934978003,2.495726059465635,16.3897008346221,71.4825706107621
1269,212.12492378802665,4.103874125102356,0.8234791082997593,2.658348768515793,31.824532191310436,94.22263464959128
1270,217.52433151686338,4.368165627674219,0.7750494823156249,2.5667034845249512,26.374118042484564,90.60046810186607
1271,211.39895505537592,4.091038591725459,0.8061025990510807,2.6647362841790945,31.84916157549564,94.48539715824235
1272,298.59927649806394,6.334225768024961,0.6679063786686084,2.7518087883104103,25.55873164629131,67.38917509291346
1273,197.3418744038347,4.7047435263624875,0.9828587859882325,2.408744660922396,23.167323908641446,88.96833070212094
1274,220.809211612888,3.700013468903091,0.784332544303114,2.4773490710504946,27.207740358049175,87.35874459981665
1275,211.39895505537592,4.066441947454836,0.802500725195751,2.6647362841790945,32.99890230018185,100.69084962831876
1276,186.19396156368222,4.929091110043908,1.1382452503129747,2.7524171531363026,25.536119508843264,91.40984824482516
1277,222.378838544456,4.162160129850387,0.8301928041900329,2.6987160066982177,26.559227227310735,87.570574427299
1278,186.19396156368222,5.282332994920865,1.1338446740146093,2.7524171531363026,24.390651567055624,93.64762268625721
1279,289.1346487083814,6.209050352452008,0.6866272892300551,2.495726059465635,22.263325948217712,72.66135744743393
1280,211.39895505537592,4.019319806669528,0.802500725195751,2.8336817571377906,32.133931437253054,105.1226575763379
1281,233.32688090623407,3.837215352489461,0.7966466217511396,2.4526023178260346,27.854663389344903,87.570574427299
1282,222.378838544456,4.170750192554759,0.8450911441422437,2.6589385590921086,27.686900830568888,87.570574427299
1283,215.14520255028856,4.146320430324531,0.802500725195751,2.9024735474914047,31.501162237704776,100.69084962831876
1284,222.20261256642308,4.162160129850387,0.8203945864464196,2.8608787502582778,30.71813792365297,94.12275254322503
1285,215.88547397651803,4.394463528026905,0.8570708324659306,2.469360809009815,32.49059441483569,80.31808120627683
1286,215.88547397651803,4.394463528026905,0.8570708324659306,2.469360809009815,32.49059441483569,80.31808120627683
1287,267.96137157288683,4.8391399306415295,1.1382452503129747,2.8463621612315513,25.536119508843264,113.01779875014816
1288,185.76755459396617,4.258127339490317,0.9678930566951441,2.4898000318649514,14.617312725462185,67.17208065882501
1289,222.20261256642308,4.157545675793257,0.8203945864464196,2.6542273752637886,30.71813792365297,94.12275254322503
1290,215.88547397651803,4.394463528026905,0.8570708324659306,2.469360809009815,32.49059441483569,80.31808120627683
1291,211.39895505537592,4.10672368596554,0.8081619345257366,2.782502839186789,34.80934351765637,105.1226575763379
1292,222.378838544456,4.157545675793257,0.8468576277664579,2.6589385590921086,28.118322747454826,94.12275254322503
1293,185.76755459396617,3.958945175577192,0.9678930566951441,2.3964277060476418,14.511782497955894,67.17208065882501
1294,220.23417644064045,3.700013468903091,0.7816111846028151,2.6987160066982177,30.246916660581974,87.35874459981665
1295,191.25675050105463,5.0273052705742085,1.1038384426480277,2.4423647757180276,25.608754042527657,88.96833070212094
1296,211.39895505537592,4.066441947454836,0.8081619345257366,2.6647362841790945,32.99890230018185,100.69084962831876
1297,211.39895505537592,4.610477268623679,0.8591374709590801,2.7279790128457555,33.08196254655617,104.44606282566322
1298,220.7066338788841,3.700013468903091,0.7993679814514386,2.441385988403409,31.119026937253174,87.35874459981665
1299,211.39895505537592,4.289739577643542,0.8537809638336874,2.8329062300716963,33.097092858565546,105.7333412642659
1300,211.67365589488,4.1091352430807895,0.8350438096675868,2.6420892360997725,30.81629313310022,94.22263464959128
1301,178.9122512603151,4.770069711206677,1.1131783501757715,2.4998783426500117,23.507250922000306,95.01411956213646
1302,191.25675050105463,5.0273052705742085,1.1038384426480277,2.3780507176325014,25.487578759629372,88.96833070212094
1303,215.88547397651803,4.394463528026905,0.8570708324659306,2.469360809009815,32.49059441483569,80.31808120627683
1304,222.22282286061863,4.162160129850387,0.8476940837656965,2.4773490710504946,27.907040072835937,87.570574427299
1305,179.69052907464922,4.770069711206677,1.1338446740146093,2.4998783426500117,23.608879764982646,95.01411956213646
1306,220.7066338788841,3.837215352489461,0.7993679814514386,2.4526023178260346,27.197348403192983,87.35874459981665
1307,182.1535438606868,3.8809211387574782,0.9768660470098951,2.4628608936615732,14.617312725462185,67.04391662207429
1308,220.46267327365354,3.845044692981391,0.7993679814514386,2.4490053919363257,27.197348403192983,87.35874459981665
1309,203.4083247162738,4.424808897688104,0.9005725212566653,2.7805186744518187,35.59267366467255,100.76679427716185
1310,220.7066338788841,3.845044692981391,0.7993679814514386,2.4490053919363257,27.23510270492353,87.35874459981665
1311,215.88547397651803,4.394463528026905,0.8570708324659306,2.469360809009815,32.49059441483569,80.31808120627683
1312,222.378838544456,4.162160129850387,0.8301928041900329,2.6589385590921086,30.83611087877014,87.570574427299
1313,212.12492378802665,4.097735967717066,0.8234791082997593,2.6797238537789565,31.824532191310436,94.22263464959128
1314,215.88547397651803,4.394463528026905,0.8570708324659306,2.469360809009815,32.49059441483569,80.31808120627683
1315,225.10612671802872,3.700013468903091,0.7816111846028151,2.6987160066982177,29.119705002879414,87.570574427299
1316,215.08878607669354,4.0027980330436455,0.7750494823156249,2.4490053919363257,26.319471260868657,90.27948227645662
1317,215.88547397651803,4.394463528026905,0.8570708324659306,2.469360809009815,32.49059441483569,80.31808120627683
1318,191.25675050105463,4.379870310619619,1.0964879712797329,2.501402398122091,25.78269658614163,88.96833070212094
1319,217.52433151686338,3.9082977061538227,0.7750494823156249,2.460029014388048,26.319471260868657,90.27948227645662
1320,211.39895505537592,4.2235978439484505,0.8081619345257366,2.9735062618971804,32.99890230018185,105.1226575763379
1321,227.4137473241727,6.687674177991145,0.8887145031877612,2.3964277060476418,15.824881952784667,69.51735814225148
1322,218.33141103856153,4.100933678453847,0.8736703516152315,2.585527286890668,27.23578632391853,94.22263464959128
1323,220.809211612888,3.700013468903091,0.784332544303114,2.4773490710504946,27.207740358049175,87.35874459981665
1324,215.88547397651803,4.394463528026905,0.8570708324659306,2.469360809009815,32.49059441483569,80.31808120627683
1325,215.88547397651803,4.394463528026905,0.8570708324659306,2.469360809009815,32.49059441483569,80.31808120627683
1326,211.39895505537592,4.103815905486101,0.8537809638336874,2.713267128004875,33.3057667006509,100.69084962831876
1327,203.04808502159375,4.938377630643089,1.1338446740146093,2.751984985504329,24.152105153465378,100.63863024041113
1328,215.88547397651803,4.394463528026905,0.8570708324659306,2.469360809009815,32.49059441483569,80.31808120627683
1329,225.28235269606162,3.700013468903091,0.7816111846028151,2.6987160066982177,29.119705002879414,87.570574427299
1330,211.39895505537592,4.035838210387169,0.789712773692961,2.6647362841790945,33.20203154128172,95.06272484698003
1331,191.25675050105463,5.108510518427632,1.1038384426480277,2.437088340036565,25.661521303243344,88.96833070212094
1332,211.39895505537592,4.066441947454836,0.8081619345257366,2.7529609761691867,32.99890230018185,100.69084962831876
1333,211.39895505537592,4.181830238779918,0.802500725195751,2.9386089743637314,31.443635613896777,105.7333412642659
1334,215.88547397651803,4.394463528026905,0.8570708324659306,2.469360809009815,32.49059441483569,80.31808120627683
1335,215.08878607669354,4.496468165319122,0.7976378266922721,2.4490053919363257,26.319471260868657,90.13659474250237
1336,212.12492378802665,4.005679348708222,0.8432603793435313,2.6647362841790945,34.59731796622053,94.22263464959128
1337,215.88547397651803,4.394463528026905,0.8570708324659306,2.469360809009815,32.49059441483569,80.31808120627683
1338,211.8670698826481,4.1091352430807895,0.8234791082997593,2.699149936886705,31.824532191310436,94.22263464959128
1339,211.39895505537592,4.180500869376197,0.802500725195751,2.9874839192663445,31.501162237704776,110.69521546343375
1340,211.34712642077503,4.193229514143642,0.802500725195751,2.9874839192663445,31.501162237704776,105.7333412642659
1341,211.34712642077503,4.080836891926005,0.789712773692961,2.718306448088089,31.906688199303638,100.39658754635752
1342,215.88547397651803,4.394463528026905,0.8570708324659306,2.469360809009815,32.49059441483569,80.31808120627683
1343,247.3942292830785,6.546102147612456,0.8750209915248841,2.467901946109725,17.30181543361846,71.04560991294257
1344,216.04765829890377,4.170347097483148,0.7993679814514386,2.4490053919363257,25.751773375903877,90.13659474250237
1345,215.88547397651803,4.394463528026905,0.8570708324659306,2.469360809009815,32.49059441483569,80.31808120627683
1346,215.88547397651803,4.394463528026905,0.8570708324659306,2.469360809009815,32.49059441483569,80.31808120627683
1347,215.88547397651803,4.394463528026905,0.8570708324659306,2.469360809009815,32.49059441483569,80.31808120627683
1348,267.6204356123803,5.555257445854242,0.7560786539162941,2.495726059465635,20.03980834733433,72.66930603660026
1349,244.48048423733692,6.27320184182844,0.6793503424078592,2.581858515639865,17.121587629869516,67.38917509291346
1350,227.4587523055635,3.700013468903091,0.7816111846028151,2.6589385590921086,29.857557122567446,87.570574427299
1351,222.378838544456,4.170750192554759,0.8301928041900329,2.6987160066982177,30.425304986303168,87.570574427299
1352,215.88547397651803,4.394463528026905,0.8570708324659306,2.469360809009815,32.49059441483569,80.31808120627683
1353,217.52433151686338,4.574661013346502,0.7750494823156249,2.5667034845249512,25.98604365899551,90.60046810186607
1354,218.96681604570142,4.157545675793257,0.8234791082997593,2.7510814884787687,31.824532191310436,94.22263464959128
1355,217.19701872165373,3.517156184130623,0.7598753941227347,2.4490053919363257,26.971001166883955,87.35874459981665
1356,202.84878701281082,4.8444203839433575,1.1131783501757715,2.5909451846725826,24.13924670418261,98.53886697251077
1357,221.2823314008721,3.8593805990630106,0.7993679814514386,2.4490053919363257,25.990132511452014,87.35874459981665
1358,219.63783999841968,3.814123141831729,0.7966466217511396,2.4576655302173402,29.24012705209082,87.570574427299
1359,211.39895505537592,4.215542082812499,0.8591374709590801,2.593851263681982,33.08196254655617,101.3694079406455
1360,215.88547397651803,4.394463528026905,0.8570708324659306,2.469360809009815,32.49059441483569,80.31808120627683
1361,215.88547397651803,4.394463528026905,0.8570708324659306,2.469360809009815,32.49059441483569,80.31808120627683
1362,215.88547397651803,4.394463528026905,0.8570708324659306,2.469360809009815,32.49059441483569,80.31808120627683
1363,216.38090087296126,4.50680006554528,0.8688193461376776,2.4490053919363257,25.595775400307726,90.1445433316687
1364,264.0553122576617,6.4322082831261405,0.6793503424078592,2.5667034845249512,18.707670984082647,64.26801038812837
1365,215.08878607669354,4.634729925803409,0.7976378266922721,2.4490053919363257,26.319471260868657,90.27948227645662
1366,215.88547397651803,4.394463528026905,0.8570708324659306,2.469360809009815,32.49059441483569,80.31808120627683
1367,220.809211612888,3.700013468903091,0.784332544303114,2.4773490710504946,27.207740358049175,87.35874459981665
1368,215.88547397651803,4.394463528026905,0.8570708324659306,2.469360809009815,32.49059441483569,80.31808120627683
1369,206.70915338094343,4.47697413653911,0.8875147116218027,2.83946034654246,32.795423664054276,100.76679427716185
1370,191.15964626549587,5.664476745036369,1.1176132336517133,2.4174047992034104,24.24410387423146,88.96833070212094
1371,191.25675050105463,5.108510518427632,1.086337163072364,2.5282196758655284,31.14093824403995,88.96833070212094
1372,215.88547397651803,4.394463528026905,0.8570708324659306,2.469360809009815,32.49059441483569,80.31808120627683
1373,220.7066338788841,3.8255513842383913,0.7976378266922721,2.4526023178260346,27.23510270492353,87.35874459981665
1374,220.96522729672535,3.700013468903091,0.784332544303114,2.6987160066982177,30.246916660581974,87.35874459981665
1375,215.08878607669354,4.401156085358011,0.7976378266922721,2.4490053919363257,26.319471260868657,90.13659474250237
1376,182.93182167502093,4.148907934553035,1.0419927207893376,2.4628608936615732,14.677036790721274,67.04391662207429
1377,215.88547397651803,4.394463528026905,0.8570708324659306,2.469360809009815,32.49059441483569,80.31808120627683
1378,269.17061411518483,6.199463819419173,0.6793503424078592,2.5984587208733814,18.54946481656008,67.71016091832291
1379,222.12024512661475,4.180812161323539,0.8705858297618918,2.441385988403409,24.245510138681247,94.12275254322503
1380,215.88547397651803,4.394463528026905,0.8570708324659306,2.469360809009815,32.49059441483569,80.31808120627683
1381,191.7518893802241,4.3605648258946985,0.9424072428760595,2.495726059465635,16.3897008346221,71.4825706107621
1382,222.378838544456,4.170750192554759,0.8450911441422437,2.6589385590921086,27.686900830568888,87.570574427299
1383,215.88547397651803,4.394463528026905,0.8570708324659306,2.469360809009815,32.49059441483569,80.31808120627683
1384,241.5492647515787,6.275968672208412,0.6878449471080427,2.475184045502962,16.910862762734258,69.22649846002804
1385,220.9954245317942,4.157545675793257,0.8234791082997593,2.7510814884787687,31.757565619169196,94.22263464959128
1386,197.3418744038347,4.539998083054858,0.9698009763533699,2.408744660922396,23.167323908641446,90.49658247281202
1387,215.88547397651803,4.394463528026905,0.8570708324659306,2.469360809009815,32.49059441483569,80.31808120627683
1388,215.88547397651803,4.394463528026905,0.8570708324659306,2.469360809009815,32.49059441483569,80.31808120627683
1389,191.25675050105463,5.0273052705742085,1.086337163072364,2.469182053461465,24.954081418120442,88.96833070212094
1390,215.88547397651803,4.394463528026905,0.8570708324659306,2.469360809009815,32.49059441483569,80.31808120627683
1391,264.0553122576617,6.634139753866775,0.6793503424078592,2.5667034845249512,19.51448804371641,76.55771274266776
1392,215.88547397651803,4.394463528026905,0.8570708324659306,2.469360809009815,32.49059441483569,80.31808120627683
1393,267.6204356123803,6.278194633448601,0.760929659393848,2.495726059465635,22.266130754261017,74.77166208972183
1394,206.02312413210802,4.387187560057135,0.9284664838772649,2.83946034654246,35.106370114058514,100.76679427716185
1395,215.88547397651803,4.394463528026905,0.8570708324659306,2.469360809009815,32.49059441483569,80.31808120627683
1396,220.7066338788841,3.837215352489461,0.7993679814514386,2.4576655302173402,27.347537384349472,87.35874459981665
1397,215.88547397651803,4.394463528026905,0.8570708324659306,2.469360809009815,32.49059441483569,80.31808120627683
1398,269.17061411518483,6.303314128876498,0.6793503424078592,2.5984587208733814,17.227667296092196,67.71016091832291
1399,220.96522729672535,3.700013468903091,0.784332544303114,2.60139563112803,28.2498745143166,87.35874459981665
1400,182.93182167502093,4.096728016150741,1.0419927207893376,2.477667822356233,14.604239125613383,67.04391662207429
1401,215.88547397651803,4.394463528026905,0.8570708324659306,2.469360809009815,32.49059441483569,80.31808120627683
1402,281.7035041533761,6.334822422196698,0.6623087900942414,2.645134318173507,20.476561372156603,69.22649846002804
1403,215.88547397651803,4.394463528026905,0.8570708324659306,2.469360809009815,32.49059441483569,80.31808120627683
1404,215.88547397651803,4.394463528026905,0.8570708324659306,2.469360809009815,32.49059441483569,80.31808120627683
1405,211.39895505537592,4.097909997612062,0.802500725195751,2.8825567020404037,31.501162237704776,100.69084962831876
1406,215.88547397651803,4.394463528026905,0.8570708324659306,2.469360809009815,32.49059441483569,80.31808120627683
1407,215.88547397651803,4.394463528026905,0.8570708324659306,2.469360809009815,32.49059441483569,80.31808120627683
1408,218.51554815255477,4.157545675793257,0.8350438096675868,2.6987160066982177,30.81629313310022,94.22263464959128
1409,217.52433151686338,4.368165627674219,0.7750494823156249,2.5667034845249512,26.374118042484564,90.60046810186607
1410,182.1535438606868,3.848341702340473,0.9768660470098951,2.412392854332066,14.473508708414055,67.04391662207429
1411,217.52433151686338,4.133428574763834,0.7750494823156249,2.5667034845249512,26.477264571321047,90.27948227645662
1412,218.14019234901835,4.180812161323539,0.8736703516152315,2.441385988403409,22.443607487724734,94.22263464959128
1413,215.88547397651803,4.394463528026905,0.8570708324659306,2.469360809009815,32.49059441483569,80.31808120627683
1414,211.39895505537592,4.200401559966075,0.8591374709590801,2.7279790128457555,33.08196254655617,104.44606282566322
1415,299.9888950941516,6.334225768024961,0.6679063786686084,2.7518087883104103,25.434496373187795,67.38917509291346
1416,276.9474562501085,5.861372647299054,0.7007194825046056,2.495726059465635,19.116096405503853,72.66135744743393
1417,215.08878607669354,4.556142996900213,0.7993679814514386,2.4490053919363257,25.383006658454335,90.13659474250237
1418,221.41539351089278,4.150934884381662,0.802500725195751,2.781385883324468,30.219878519421375,94.03878940602647
1419,218.96681604570142,4.157545675793257,0.8234791082997593,2.7622943201119594,31.824532191310436,94.22263464959128
1420,221.86625848165227,4.170750192554759,0.8186281028222054,2.781385883324468,30.09154279478212,87.83333693595006
1421,185.76755459396617,4.014674132762438,0.9678930566951441,2.455465328451705,14.532381392077559,67.17208065882501
1422,215.88547397651803,4.394463528026905,0.8570708324659306,2.469360809009815,32.49059441483569,80.31808120627683
1423,222.378838544456,4.162160129850387,0.8494605673899107,2.5637134085175375,25.413897658652882,94.12275254322503
1424,215.88547397651803,4.394463528026905,0.8570708324659306,2.469360809009815,32.49059441483569,80.31808120627683
1425,220.809211612888,3.700013468903091,0.7993679814514386,2.4773490710504946,27.207740358049175,87.35874459981665
1426,215.88547397651803,4.394463528026905,0.8570708324659306,2.469360809009815,32.49059441483569,80.31808120627683
1427,215.88547397651803,4.394463528026905,0.8570708324659306,2.469360809009815,32.49059441483569,80.31808120627683
1428,299.9888950941516,6.334225768024961,0.6679063786686084,2.7518087883104103,34.02259798118837,67.38917509291346
1429,182.1535438606868,4.401138790743009,1.0566355779321948,2.477667822356233,15.556747457650157,67.04391662207429
1430,215.88547397651803,4.394463528026905,0.8570708324659306,2.469360809009815,32.49059441483569,80.31808120627683
1431,215.88547397651803,4.394463528026905,0.8570708324659306,2.469360809009815,32.49059441483569,80.31808120627683
1432,220.658002732211,4.401465754969939,0.8875147116218027,2.8329062300716963,35.28796452438904,100.76679427716185
1433,215.88547397651803,4.394463528026905,0.8570708324659306,2.469360809009815,32.49059441483569,80.31808120627683
1434,215.88547397651803,4.394463528026905,0.8570708324659306,2.469360809009815,32.49059441483569,80.31808120627683
1435,211.39895505537592,4.333288158807749,0.8875147116218027,2.7279790128457555,33.08196254655617,104.44606282566322
1436,171.08875326755944,4.194965714053616,1.015776043371715,2.467901946109725,16.3897008346221,73.1049429186221
1437,215.88547397651803,4.394463528026905,0.8570708324659306,2.469360809009815,32.49059441483569,80.31808120627683
1438,215.88547397651803,4.394463528026905,0.8570708324659306,2.469360809009815,32.49059441483569,80.31808120627683
1439,215.88547397651803,4.394463528026905,0.8570708324659306,2.469360809009815,32.49059441483569,80.31808120627683
1440,220.7066338788841,3.837215352489461,0.7993679814514386,2.4576655302173402,28.76859861332037,87.35874459981665
1441,215.88547397651803,4.394463528026905,0.8570708324659306,2.469360809009815,32.49059441483569,80.31808120627683
1442,215.88547397651803,4.394463528026905,0.8570708324659306,2.469360809009815,32.49059441483569,80.31808120627683
1443,178.7280498381257,3.962784481252622,0.9969621246765242,2.455465328451705,14.532381392077559,67.17208065882501
1444,191.15964626549587,4.311922683116849,1.075796068277817,2.4123415868121048,24.32046098453844,88.96833070212094
1445,217.52433151686338,4.133428574763834,0.7750494823156249,2.5667034845249512,26.20098965264699,90.27948227645662
1446,220.54415663864756,4.157545675793257,0.8350438096675868,2.6987160066982177,30.81629313310022,94.22263464959128
1447,215.88547397651803,4.394463528026905,0.8570708324659306,2.469360809009815,32.49059441483569,80.31808120627683
1448,220.46267327365354,3.8698681553994856,0.7598753941227347,2.5667034845249512,26.901675103050383,87.6797304252261
1449,220.54415663864756,4.157545675793257,0.8499421496197976,2.6589385590921086,27.84734327037536,94.22263464959128
1450,179.69052907464922,4.800673448274344,1.1338446740146093,2.5715298494217085,24.064765303535268,95.3083816440977
1451,215.88547397651803,4.394463528026905,0.8570708324659306,2.469360809009815,32.49059441483569,80.31808120627683
1452,185.76755459396617,3.9915373433510464,0.9678930566951441,2.455465328451705,14.532381392077559,67.17208065882501
1453,215.88547397651803,4.394463528026905,0.8570708324659306,2.469360809009815,32.49059441483569,80.31808120627683
1454,203.04808502159375,4.938377630643089,1.1338446740146093,2.709705031203132,24.152105153465378,100.63863024041113
1455,211.39895505537592,4.181811223218951,0.8573828376890171,2.6647362841790945,34.88814781629908,94.48539715824235
1456,220.96522729672535,3.700013468903091,0.784332544303114,2.60139563112803,28.2498745143166,87.35874459981665
1457,219.7200848723668,4.401465754969939,0.8875147116218027,2.8329062300716963,32.795423664054276,100.76679427716185
1458,215.88547397651803,4.394463528026905,0.8570708324659306,2.469360809009815,32.49059441483569,80.31808120627683
1459,215.88547397651803,4.394463528026905,0.8570708324659306,2.469360809009815,32.49059441483569,80.31808120627683
1460,215.88547397651803,4.394463528026905,0.8570708324659306,2.469360809009815,32.49059441483569,80.31808120627683
1461,215.88547397651803,4.394463528026905,0.8570708324659306,2.469360809009815,32.49059441483569,80.31808120627683
1462,191.25675050105463,5.0273052705742085,1.1038384426480277,2.3780507176325014,25.487578759629372,88.96833070212094
1463,222.20261256642308,4.170750192554759,0.8186281028222054,2.7510814884787687,30.23940608919871,87.570574427299
1464,211.39895505537592,4.13604492279078,0.802500725195751,2.8825567020404037,31.501162237704776,105.1226575763379
1465,217.52433151686338,3.9082977061538227,0.7750494823156249,2.5667034845249512,26.20098965264699,90.27948227645662
1466,211.67365589488,4.478650499634115,0.8432603793435313,2.6340399949905478,50.52234735801183,94.22263464959128
1467,211.39427482961943,4.1091352430807895,0.8234791082997593,2.67307963261716,31.824532191310436,94.22263464959128
1468,215.88547397651803,4.394463528026905,0.8570708324659306,2.469360809009815,32.49059441483569,80.31808120627683
1469,215.88547397651803,4.394463528026905,0.8570708324659306,2.469360809009815,32.49059441483569,80.31808120627683
1470,279.1932943769694,6.476051378354772,0.6793503424078592,2.7518087883104103,18.735410806616528,69.24605813189939
1471,216.04765829890377,3.6054573992626886,0.7598753941227347,2.4490053919363257,26.971001166883955,90.13659474250237
1472,215.88547397651803,4.394463528026905,0.8570708324659306,2.469360809009815,32.49059441483569,80.31808120627683
1473,219.21787929018657,4.129247324638473,0.789712773692961,2.7702379996801527,31.906688199303638,100.39658754635752
1474,215.88547397651803,4.394463528026905,0.8570708324659306,2.469360809009815,32.49059441483569,80.31808120627683
1475,215.88547397651803,4.394463528026905,0.8570708324659306,2.469360809009815,32.49059441483569,80.31808120627683
1476,215.88547397651803,4.394463528026905,0.8570708324659306,2.469360809009815,32.49059441483569,80.31808120627683
1477,265.5526103029465,6.54771489550372,0.760929659393848,2.495726059465635,20.457496098445404,74.77166208972183
1478,211.39895505537592,4.097735967717066,0.8234791082997593,2.6988803649803406,31.824532191310436,94.22263464959128
1479,215.88547397651803,4.394463528026905,0.8570708324659306,2.469360809009815,32.49059441483569,80.31808120627683
1480,215.88547397651803,4.394463528026905,0.8570708324659306,2.469360809009815,32.49059441483569,80.31808120627683
1481,299.381420596049,6.189293705392403,0.6679063786686084,2.7518087883104103,23.152112582564623,67.38917509291346
1482,211.39895505537592,4.430769700508367,0.8875147116218027,2.834302241718285,33.08196254655617,102.90572973578094
1483,178.9122512603151,4.9230926566898345,1.087050529290324,2.4998783426500117,23.507250922000306,88.84016666537022
1484,192.72439790425386,4.953663164607955,1.1338446740146093,2.6209181279320584,23.66639373160056,92.09698712006809
1485,215.88547397651803,4.394463528026905,0.8570708324659306,2.469360809009815,32.49059441483569,80.31808120627683
1486,215.88547397651803,4.394463528026905,0.8570708324659306,2.469360809009815,32.49059441483569,80.31808120627683
1487,215.88547397651803,4.394463528026905,0.8570708324659306,2.469360809009815,32.49059441483569,80.31808120627683
1488,217.41876007638237,2.8395359799565787,0.7598753941227347,2.460029014388048,26.971001166883955,90.13659474250237
1489,263.5879455123718,5.572553996357514,0.6839059295297562,2.495726059465635,18.24625881046773,72.66135744743393
1490,215.88547397651803,4.394463528026905,0.8570708324659306,2.469360809009815,32.49059441483569,80.31808120627683
1491,211.39895505537592,4.10672368596554,0.802500725195751,2.8336817571377906,32.133931437253054,105.1226575763379
1492,220.2082054762639,4.146320430324531,0.802500725195751,2.7702379996801527,30.76982098124203,100.69084962831876
1493,222.10003012427956,4.133861778695604,0.789712773692961,2.781385883324468,30.800293931646173,93.74452732406523
1494,172.65090583554704,3.9707617197860934,0.9424072428760595,2.495726059465635,14.237419412846819,71.4825706107621
1495,215.88547397651803,4.394463528026905,0.8570708324659306,2.469360809009815,32.49059441483569,80.31808120627683
1496,211.39895505537592,4.035838210387169,0.7953739830229466,2.6647362841790945,34.58128341583002,100.39658754635752
1497,215.88547397651803,4.394463528026905,0.8570708324659306,2.469360809009815,32.49059441483569,80.31808120627683
1498,216.04765829890377,4.011528513926791,0.7993679814514386,2.4490053919363257,26.971001166883955,87.35874459981665
1499,220.9954245317942,4.157545675793257,0.8234791082997593,2.8497308666139625,31.824532191310436,94.22263464959128
1500,220.7066338788841,3.804992714350875,0.7976378266922721,2.4490053919363257,27.23510270492353,87.35874459981665
1501,215.88547397651803,4.394463528026905,0.8570708324659306,2.469360809009815,32.49059441483569,80.31808120627683
1502,211.39895505537592,4.097909997612062,0.802500725195751,2.8825567020404037,31.501162237704776,100.69084962831876
1503,185.76755459396617,4.184812657581184,0.9678930566951441,2.412392854332066,14.473508708414055,67.17208065882501
1504,212.7396888573698,4.146320430324531,0.802500725195751,2.7702379996801527,31.501162237704776,100.69084962831876
1505,215.88547397651803,4.394463528026905,0.8570708324659306,2.469360809009815,32.49059441483569,80.31808120627683
1506,215.88547397651803,4.394463528026905,0.8570708324659306,2.469360809009815,32.49059441483569,80.31808120627683
1507,226.56848951715583,3.700013468903091,0.7966466217511396,2.4773490710504946,27.679268796819624,88.00766050270661
1508,211.39895505537592,4.208810386901619,0.802500725195751,3.2831865078870086,31.501162237704776,113.88479275726266
1509,221.79336925310344,3.828452176524835,0.7966466217511396,2.4490053919363257,25.466062853358746,87.570574427299
1510,211.67365589488,4.077667192923563,0.8350438096675868,2.6079018249393124,38.33761715477655,94.22263464959128
1511,215.88547397651803,4.394463528026905,0.8570708324659306,2.469360809009815,32.49059441483569,80.31808120627683
1512,215.88547397651803,4.394463528026905,0.8570708324659306,2.469360809009815,32.49059441483569,80.31808120627683
1513,211.39895505537592,4.035838210387169,0.802500725195751,2.6647362841790945,33.4044282617807,100.39658754635752
1514,190.88545396778252,4.8758720718745785,1.1338446740146093,2.6143640114612947,23.66639373160056,91.5514798055279
1515,215.88547397651803,4.394463528026905,0.8570708324659306,2.469360809009815,32.49059441483569,80.31808120627683
1516,215.88547397651803,4.394463528026905,0.8570708324659306,2.469360809009815,32.49059441483569,80.31808120627683
1517,215.88547397651803,4.394463528026905,0.8570708324659306,2.469360809009815,32.49059441483569,80.31808120627683
1518,178.9122512603151,4.9230926566898345,1.1296470792615452,2.4887880004320047,23.507250922000306,88.84016666537022
1519,191.20096222301584,4.4331958714779205,0.9698009763533699,2.4123415868121048,24.598359792165112,88.96833070212094
1520,211.11083803811601,4.102826089812085,0.802500725195751,2.939183472638849,31.501162237704776,103.34303732978795
1521,215.88547397651803,4.394463528026905,0.8570708324659306,2.469360809009815,32.49059441483569,80.31808120627683
1522,215.88547397651803,4.394463528026905,0.8570708324659306,2.469360809009815,32.49059441483569,80.31808120627683
1523,186.66851583518056,4.847770461254599,1.1338446740146093,2.675027599824487,26.06311401903124,90.89255252564656
1524,215.88547397651803,4.394463528026905,0.8570708324659306,2.469360809009815,32.49059441483569,80.31808120627683
1525,217.19701872165373,3.468783864549594,0.7598753941227347,2.4490053919363257,26.971001166883955,87.35874459981665
1526,215.88547397651803,4.394463528026905,0.8570708324659306,2.469360809009815,32.49059441483569,80.31808120627683
1527,211.39895505537592,4.035838210387169,0.789712773692961,2.6647362841790945,33.20203154128172,95.06272484698003
1528,215.88547397651803,4.394463528026905,0.8570708324659306,2.469360809009815,32.49059441483569,80.31808120627683
1529,190.64902167244236,4.47914179254211,0.8736703516152315,2.4490053919363257,24.028415647221824,94.22263464959128
1530,209.33374598555247,4.938377630643089,1.1338446740146093,2.714863136027307,24.152105153465378,100.63863024041113
1531,215.88547397651803,4.394463528026905,0.8570708324659306,2.469360809009815,32.49059441483569,80.31808120627683
1532,178.9122512603151,4.770069711206677,1.0421675563714392,2.4998783426500117,23.507250922000306,95.14228359888718
1533,211.39895505537592,4.080836891926005,0.789712773692961,2.7136112290817076,31.906688199303638,100.39658754635752
1534,215.88547397651803,4.394463528026905,0.8570708324659306,2.469360809009815,32.49059441483569,80.31808120627683
1535,190.64902167244236,4.988467402031454,0.9414237356906473,2.4443019415263323,23.38516522273009,94.90119296191803
1536,218.51554815255477,4.157545675793257,0.8234791082997593,2.6987160066982177,31.824532191310436,94.22263464959128
1537,259.86017615335226,5.546695583986277,0.7560786539162941,2.495726059465635,20.52784806405957,72.66930603660026
1538,182.93182167502093,4.15717189770116,1.0566355779321948,2.4628608936615732,15.556747457650157,67.04391662207429
1539,217.52433151686338,4.368165627674219,0.7750494823156249,2.5667034845249512,25.98604365899551,90.60046810186607
1540,211.39895505537592,4.080836891926005,0.789712773692961,2.7136112290817076,31.906688199303638,100.39658754635752
1541,225.10612671802872,3.700013468903091,0.7808774247682423,2.7510814884787687,29.86377151876581,87.570574427299
1542,211.39895505537592,4.3594865057589605,0.8537809638336874,2.784618071606247,33.097092858565546,105.1226575763379
1543,281.7035041533761,6.320703020846015,0.6623087900942414,2.634110695721785,19.960577959745805,69.22649846002804
1544,215.88547397651803,4.394463528026905,0.8570708324659306,2.469360809009815,32.49059441483569,80.31808120627683
1545,211.39895505537592,4.077294019253289,0.802500725195751,2.8678258379390367,31.501162237704776,103.76750451333648
1546,178.9122512603151,4.9230926566898345,1.1296470792615452,2.4998783426500117,23.507250922000306,88.84016666537022
1547,220.46267327365354,3.845044692981391,0.7993679814514386,2.4490053919363257,27.23510270492353,87.35874459981665
1548,222.378838544456,4.162160129850387,0.8476940837656965,2.5637134085175375,24.39472497051831,87.570574427299
1549,211.11083803811601,4.317148328425279,0.802500725195751,3.0877866558125753,31.501162237704776,105.7333412642659
1550,211.11083803811601,4.102826089812085,0.802500725195751,2.939183472638849,31.501162237704776,105.1226575763379
1551,211.39895505537592,4.330241775043912,0.8537809638336874,2.7279790128457555,33.097092858565546,103.76750451333648
1552,299.9888950941516,6.334225768024961,0.6679063786686084,2.7518087883104103,31.274353245159887,67.38917509291346
1553,215.88547397651803,4.394463528026905,0.8570708324659306,2.469360809009815,32.49059441483569,80.31808120627683
1554,200.24962254576073,4.183260525004564,0.802500725195751,3.0807380846677823,30.698610353875637,112.22061793078468
1555,211.39895505537592,4.799955694460321,0.8537809638336874,2.7279790128457555,33.097092858565546,105.1226575763379
1556,263.840206089058,6.392713045971289,0.6793503424078592,2.5667034845249512,17.153366996234624,67.71016091832291
1557,264.0553122576617,6.43931223558174,0.6793503424078592,2.5667034845249512,20.06444572374438,75.02181552909128
1558,219.74041773242357,3.676921258245357,0.7816111846028151,2.4773490710504946,27.679268796819624,87.570574427299
1559,211.39895505537592,4.854590132930984,0.8537809638336874,2.7279790128457555,33.097092858565546,105.1226575763379
1560,191.47397067828769,4.938377630643089,1.1338446740146093,2.6580399774090804,24.152105153465378,95.50102584534335
1561,215.88547397651803,4.394463528026905,0.8570708324659306,2.469360809009815,32.49059441483569,80.31808120627683
1562,190.64902167244236,4.441032083358364,0.9698009763533699,2.421181278580416,23.35564397611135,94.90119296191803
1563,217.52433151686338,4.368165627674219,0.7750494823156249,2.5667034845249512,25.98604365899551,90.60046810186607
1564,172.65090583554704,4.297508954278961,0.9424072428760595,2.495726059465635,15.508061698082127,71.4825706107621
1565,222.22282286061863,4.157545675793257,0.8508995836590171,2.4773490710504946,25.695964844118745,94.12275254322503
1566,217.52433151686338,4.133428574763834,0.7750494823156249,2.5667034845249512,27.20561223071269,90.27948227645662
1567,222.10003012427956,4.15084829980165,0.8305400026603602,2.7702379996801527,30.800293931646173,94.3855150518761
1568,222.378838544456,4.157545675793257,0.8350438096675868,2.6987160066982177,25.403965519271004,94.22263464959128
1569,215.88547397651803,4.394463528026905,0.8570708324659306,2.469360809009815,32.49059441483569,80.31808120627683
1570,220.809211612888,3.700013468903091,0.7993679814514386,2.4773490710504946,27.207740358049175,87.35874459981665
1571,222.378838544456,4.157545675793257,0.8350438096675868,2.6987160066982177,25.403965519271004,94.22263464959128
1572,211.34712642077503,4.050787856826754,0.802500725195751,2.887251921046785,31.501162237704776,105.1226575763379
1573,215.88547397651803,4.394463528026905,0.8570708324659306,2.469360809009815,32.49059441483569,80.31808120627683
1574,190.64902167244236,4.597262254386582,0.9360672285652546,2.4490053919363257,23.38516522273009,94.22263464959128
1575,215.88547397651803,4.394463528026905,0.8570708324659306,2.469360809009815,32.49059441483569,80.31808120627683
1576,215.88547397651803,4.394463528026905,0.8570708324659306,2.469360809009815,32.49059441483569,80.31808120627683
1577,211.39895505537592,4.035838210387169,0.802500725195751,2.6647362841790945,33.4044282617807,100.39658754635752
1578,222.20261256642308,4.162160129850387,0.8203945864464196,2.781385883324468,30.71813792365297,94.12275254322503
1579,191.15964626549587,4.213316342215419,1.1124554902222556,2.4123415868121048,24.32046098453844,88.96833070212094
1580,211.11083803811601,4.137103727329482,0.802500725195751,2.939183472638849,31.501162237704776,103.76750451333648
1581,215.08878607669354,4.365183402562899,0.7976378266922721,2.4490053919363257,26.319471260868657,90.13659474250237
1582,190.64902167244236,4.28455412884731,0.9360672285652546,2.4490053919363257,23.35564397611135,94.22263464959128
1583,217.52433151686338,4.368165627674219,0.7750494823156249,2.5667034845249512,25.98604365899551,90.60046810186607
1584,263.5879455123718,5.916053406885376,0.7560786539162941,2.495726059465635,19.116096405503853,72.66930603660026
1585,215.88547397651803,4.394463528026905,0.8570708324659306,2.469360809009815,32.49059441483569,80.31808120627683
1586,215.88547397651803,4.394463528026905,0.8570708324659306,2.469360809009815,32.49059441483569,80.31808120627683
1587,219.48178484762647,4.15084829980165,0.8061025990510807,2.7702379996801527,31.906688199303638,94.48539715824235
1588,184.8657092603189,4.878668766007193,1.0747724617045367,2.4993439060482507,24.169898755162738,88.96833070212094
1589,215.88547397651803,4.394463528026905,0.8570708324659306,2.469360809009815,32.49059441483569,80.31808120627683
1590,264.0553122576617,6.392713045971289,0.6793503424078592,2.5667034845249512,17.227667296092196,67.71016091832291
1591,191.25675050105463,5.108510518427632,1.1038384426480277,2.437088340036565,25.487578759629372,88.96833070212094
1592,215.27839129973293,4.53169519241413,0.8705858297618918,2.4490053919363257,22.565888119585974,94.12275254322503
1593,201.58173962834502,4.298955075929,0.802500725195751,2.950331356283164,30.698610353875637,98.47059735404561
1594,191.47397067828769,4.961681644711464,1.1338446740146093,2.5818246595386594,24.152105153465378,95.50102584534335
1595,211.39895505537592,4.467425254165389,0.8537809638336874,2.6647362841790945,33.097092858565546,100.69084962831876
1596,215.88547397651803,4.394463528026905,0.8570708324659306,2.469360809009815,32.49059441483569,80.31808120627683
1597,222.378838544456,4.162160129850387,0.8476940837656965,2.5637134085175375,36.41070733813186,87.570574427299
1598,215.88547397651803,4.394463528026905,0.8570708324659306,2.469360809009815,32.49059441483569,80.31808120627683
1599,178.7280498381257,4.016350279350494,1.0527695170007592,2.455465328451705,14.511782497955894,67.17208065882501
1600,215.88547397651803,4.394463528026905,0.8570708324659306,2.469360809009815,32.49059441483569,80.31808120627683
1601,222.10003012427956,4.162160129850387,0.8186281028222054,2.781385883324468,30.71813792365297,87.570574427299
1602,215.88547397651803,4.394463528026905,0.8570708324659306,2.469360809009815,32.49059441483569,80.31808120627683
1603,215.88547397651803,4.394463528026905,0.8570708324659306,2.469360809009815,32.49059441483569,80.31808120627683
1604,215.88547397651803,4.394463528026905,0.8570708324659306,2.469360809009815,32.49059441483569,80.31808120627683
1605,269.17061411518483,6.492237060130244,0.6793503424078592,2.581858515639865,17.413613286148646,69.24605813189939
1606,215.88547397651803,4.394463528026905,0.8570708324659306,2.469360809009815,32.49059441483569,80.31808120627683
1607,215.88547397651803,4.394463528026905,0.8570708324659306,2.469360809009815,32.49059441483569,80.31808120627683
1608,217.52433151686338,4.154932712525853,0.7750494823156249,2.5667034845249512,26.595746179542715,90.27948227645662
1609,220.19046170208014,4.326926651259851,0.8705858297618918,2.4490053919363257,22.536366872967232,94.12275254322503
1610,241.5492647515787,6.275968672208412,0.6878449471080427,2.480760628284756,18.54294192676663,69.22649846002804
1611,220.809211612888,3.700013468903091,0.784332544303114,2.4773490710504946,27.207740358049175,87.35874459981665
1612,211.39895505537592,4.0572252444597865,0.802500725195751,2.8336817571377906,32.133931437253054,101.87545116979692
1613,215.88547397651803,4.394463528026905,0.8570708324659306,2.469360809009815,32.49059441483569,80.31808120627683
1614,211.39895505537592,4.694235737543846,0.8591374709590801,2.9119855168465527,33.08196254655617,117.07459285289862
1615,260.326024992082,4.912244471084356,1.1382452503129747,2.8463621612315513,26.14795355110698,113.01779875014816
1616,215.88547397651803,4.394463528026905,0.8570708324659306,2.469360809009815,32.49059441483569,80.31808120627683
1617,215.27839129973293,4.701011838196083,0.8705858297618918,2.4490053919363257,22.565888119585974,94.26564007717928
1618,182.1535438606868,3.8464658091976864,1.0365869837513688,2.4628608936615732,14.933249894509164,67.04391662207429
1619,273.96821953051426,6.334225768024961,0.6793503424078592,2.7518087883104103,18.443385150337395,67.38917509291346
1620,211.67365589488,4.077667192923563,0.8350438096675868,2.6340399949905478,34.49913190888754,94.22263464959128
1621,185.76755459396617,4.014674132762438,0.9678930566951441,2.455465328451705,14.453904016253974,67.17208065882501
1622,220.809211612888,3.700013468903091,0.784332544303114,2.4773490710504946,27.207740358049175,87.35874459981665
1623,215.88547397651803,4.394463528026905,0.8570708324659306,2.469360809009815,32.49059441483569,80.31808120627683
1624,198.9816138102376,4.304688681173698,0.802500725195751,3.055258573509105,30.698610353875637,105.63345915789965
1625,227.4137473241727,6.553963254018913,0.9031367739200418,2.455465328451705,15.983602848698688,69.51735814225148
1626,219.74041773242357,3.676921258245357,0.7966466217511396,2.4773490710504946,27.679268796819624,87.570574427299
1627,220.7066338788841,3.5323940699723844,0.7598753941227347,2.4490053919363257,27.23510270492353,87.35874459981665
1628,222.378838544456,4.162160129850387,0.8468576277664579,2.6589385590921086,28.118322747454826,94.12275254322503
1629,182.93182167502093,4.096728016150741,1.0419927207893376,2.477667822356233,14.677036790721274,67.04391662207429
1630,211.39895505537592,3.9989819727166154,0.8117638083810663,2.6647362841790945,34.67947397421373,94.48539715824235
1631,239.02262246060926,6.557574300929269,0.760929659393848,2.495726059465635,18.531885061167923,74.77166208972183
1632,220.96522729672535,3.700013468903091,0.784332544303114,2.60139563112803,26.873671441671938,87.35874459981665
1633,215.40991676112955,4.146320430324531,0.802500725195751,2.72717709253895,31.501162237704776,100.69084962831876
1634,221.41539351089278,4.146320430324531,0.802500725195751,2.7702379996801527,30.459784050478103,100.5909675219525
1635,211.39895505537592,4.035838210387169,0.789712773692961,2.6647362841790945,32.425630119224365,100.39658754635752
1636,215.88547397651803,4.394463528026905,0.8570708324659306,2.469360809009815,32.49059441483569,80.31808120627683
1637,274.60364065806533,6.0982161860214195,0.8157421676990988,2.495726059465635,19.812908578822366,74.77166208972183
1638,215.88547397651803,4.394463528026905,0.8570708324659306,2.469360809009815,32.49059441483569,80.31808120627683
1639,225.10612671802872,3.700013468903091,0.7808774247682423,2.6987160066982177,28.18346035939761,87.570574427299
1640,211.67365589488,4.077667192923563,0.8350438096675868,2.6340399949905478,44.62463751762189,94.22263464959128
1641,215.88547397651803,4.394463528026905,0.8570708324659306,2.469360809009815,32.49059441483569,80.31808120627683
1642,211.39895505537592,4.208121788645373,0.8537809638336874,2.784618071606247,33.097092858565546,105.1226575763379
1643,215.88547397651803,4.394463528026905,0.8570708324659306,2.469360809009815,32.49059441483569,80.31808120627683
1644,219.48178484762647,4.157545675793257,0.8234791082997593,2.7510814884787687,31.824532191310436,94.22263464959128
1645,215.88547397651803,4.394463528026905,0.8570708324659306,2.469360809009815,32.49059441483569,80.31808120627683
1646,299.9888950941516,6.334225768024961,0.6679063786686084,2.7518087883104103,33.91531372109677,67.38917509291346
1647,211.39895505537592,4.0347358417502,0.8081619345257366,2.7361021687605747,33.097092858565546,105.1226575763379
1648,181.09479527603668,3.9162721059075167,0.8640792128915508,2.495726059465635,14.821413595127135,71.4825706107621
1649,185.76755459396617,3.812248528229911,0.9678930566951441,2.3977842360016433,14.617312725462185,67.17208065882501
1650,221.2823314008721,3.8515443871825683,0.7993679814514386,2.4490053919363257,25.722252129285135,87.35874459981665
1651,211.39895505537592,3.9944541032394945,0.8111653579274363,2.6216753770378918,33.097092858565546,100.69084962831876
1652,220.89284208965069,4.129247324638473,0.789712773692961,2.7702379996801527,30.79348699689053,100.39658754635752
1653,304.4602611308363,6.334822422196698,0.6623087900942414,2.7518087883104103,20.476561372156603,69.22649846002804
1654,191.25675050105463,5.0273052705742085,1.1012355030245748,2.4562114149587613,25.254307984299373,88.96833070212094
1655,198.5208005485874,4.8391399306415295,1.1382452503129747,2.7524171531363026,27.28048237175271,96.83774992943384
1656,225.28235269606162,3.700013468903091,0.7816111846028151,2.6589385590921086,27.459129554552575,87.570574427299
1657,215.88547397651803,4.394463528026905,0.8570708324659306,2.469360809009815,32.49059441483569,80.31808120627683
1658,217.41876007638237,3.6054573992626886,0.7598753941227347,2.4490053919363257,26.971001166883955,90.13659474250237
1659,215.88547397651803,4.394463528026905,0.8570708324659306,2.469360809009815,32.49059441483569,80.31808120627683
1660,222.20261256642308,4.157545675793257,0.8234791082997593,2.750133211722706,30.45899718135597,94.22263464959128
1661,215.88547397651803,4.394463528026905,0.8570708324659306,2.469360809009815,32.49059441483569,80.31808120627683
1662,215.88547397651803,4.394463528026905,0.8570708324659306,2.469360809009815,32.49059441483569,80.31808120627683
1663,215.88547397651803,4.394463528026905,0.8570708324659306,2.469360809009815,32.49059441483569,80.31808120627683
1664,211.39895505537592,4.09543493015992,0.802500725195751,2.8417479261211676,31.501162237704776,103.76750451333648
1665,215.08878607669354,2.801841156072458,0.7598753941227347,2.460029014388048,26.319471260868657,90.13659474250237
1666,186.19396156368222,4.931531986475192,1.1338446740146093,2.7524171531363026,25.536119508843264,91.40984824482516
1667,215.08878607669354,4.755517895660844,0.7993679814514386,2.4490053919363257,26.319471260868657,90.13659474250237
1668,217.52433151686338,3.8623872155196866,0.7750494823156249,2.5667034845249512,26.319471260868657,90.27948227645662
1669,211.39895505537592,4.184938345744833,0.8875147116218027,2.6369121708231846,33.48748850815503,95.9283651035783
1670,215.88547397651803,4.394463528026905,0.8570708324659306,2.469360809009815,32.49059441483569,80.31808120627683
1671,191.15964626549587,4.4331958714779205,0.9828587859882325,2.4123415868121048,24.806764535152478,88.96833070212094
1672,215.88547397651803,4.394463528026905,0.8570708324659306,2.469360809009815,32.49059441483569,80.31808120627683
1673,222.20261256642308,4.157545675793257,0.8203945864464196,2.7510814884787687,30.71813792365297,94.12275254322503
1674,219.21787929018657,4.15084829980165,0.789712773692961,2.7702379996801527,31.906688199303638,94.48539715824235
1675,185.76755459396617,3.8809211387574782,0.9768660470098951,2.4628608936615732,14.617312725462185,67.17208065882501
1676,215.88547397651803,4.394463528026905,0.8570708324659306,2.469360809009815,32.49059441483569,80.31808120627683
1677,205.0322718249534,4.259024097653053,0.8875147116218027,2.7155423951877355,33.08196254655617,102.29504604785294
1678,215.08878607669354,3.566498290219502,0.7598753941227347,2.4490053919363257,26.319471260868657,90.13659474250237
1679,215.54364959156146,4.48328912973156,0.8736703516152315,2.4490053919363257,20.384131277521462,94.22263464959128
1680,211.11083803811601,4.137103727329482,0.802500725195751,2.939183472638849,31.501162237704776,103.76750451333648
1681,215.88547397651803,4.394463528026905,0.8570708324659306,2.469360809009815,32.49059441483569,80.31808120627683
1682,215.88547397651803,4.394463528026905,0.8570708324659306,2.469360809009815,32.49059441483569,80.31808120627683
1683,182.1535438606868,3.8987151390055765,0.9722475301826221,2.4628608936615732,14.617312725462185,67.04391662207429
1684,215.08878607669354,4.578123683050922,0.7993679814514386,2.4490053919363257,26.319471260868657,90.13659474250237
1685,217.19701872165373,2.8880118907831873,0.7598753941227347,2.4490053919363257,26.971001166883955,87.35874459981665
1686,176.2570418554525,3.9161066412592516,0.9424072428760595,2.495726059465635,14.237419412846819,71.4825706107621
1687,215.88547397651803,4.394463528026905,0.8570708324659306,2.469360809009815,32.49059441483569,80.31808120627683
1688,185.76755459396617,4.014674132762438,0.9678930566951441,2.455465328451705,14.511782497955894,67.17208065882501
1689,220.96522729672535,3.700013468903091,0.784332544303114,2.6987160066982177,29.965383639020885,87.35874459981665
1690,220.54415663864756,4.157545675793257,0.8350438096675868,2.6987160066982177,25.403965519271004,94.22263464959128
1691,279.1932943769694,6.301653020617173,0.6793503424078592,2.7518087883104103,19.2853684866445,69.24605813189939
1692,211.8670698826481,4.1091352430807895,0.8234791082997593,2.718306448088089,31.824532191310436,94.22263464959128
1693,211.39895505537592,4.035838210387169,0.8081619345257366,2.6647362841790945,33.4044282617807,100.69084962831876
1694,185.76755459396617,3.812248528229911,0.9678930566951441,2.3977842360016433,14.436071071563855,67.17208065882501
1695,215.88547397651803,4.394463528026905,0.8570708324659306,2.469360809009815,32.49059441483569,80.31808120627683
1696,219.63783999841968,3.814123141831729,0.7966466217511396,2.4526023178260346,27.49044146823552,87.570574427299
1697,215.88547397651803,4.394463528026905,0.8570708324659306,2.469360809009815,32.49059441483569,80.31808120627683
1698,191.25675050105463,5.0273052705742085,1.086337163072364,2.5282196758655284,33.6711685115153,88.96833070212094
1699,215.88547397651803,4.394463528026905,0.8570708324659306,2.469360809009815,32.49059441483569,80.31808120627683
1700,215.88547397651803,4.394463528026905,0.8570708324659306,2.469360809009815,32.49059441483569,80.31808120627683
1701,191.25675050105463,5.0273052705742085,1.1229029623977007,2.437088340036565,26.199404381315382,88.96833070212094
1702,215.88547397651803,4.394463528026905,0.8570708324659306,2.469360809009815,32.49059441483569,80.31808120627683
1703,215.88547397651803,4.394463528026905,0.8570708324659306,2.469360809009815,32.49059441483569,80.31808120627683
1704,215.88547397651803,4.394463528026905,0.8570708324659306,2.469360809009815,32.49059441483569,80.31808120627683
1705,215.88547397651803,4.394463528026905,0.8570708324659306,2.469360809009815,32.49059441483569,80.31808120627683
1706,190.64902167244236,4.709713203671191,0.9360672285652546,2.4490053919363257,23.38516522273009,94.22263464959128
1707,215.88547397651803,4.394463528026905,0.8570708324659306,2.469360809009815,32.49059441483569,80.31808120627683
1708,215.88547397651803,4.394463528026905,0.8570708324659306,2.469360809009815,32.49059441483569,80.31808120627683
1709,180.23856122793808,4.878668766007193,1.086337163072364,2.469182053461465,24.181558530169227,88.96833070212094
1710,220.809211612888,3.700013468903091,0.784332544303114,2.4773490710504946,27.207740358049175,87.35874459981665
1711,215.88547397651803,4.394463528026905,0.8570708324659306,2.469360809009815,32.49059441483569,80.31808120627683
1712,215.88547397651803,4.394463528026905,0.8570708324659306,2.469360809009815,32.49059441483569,80.31808120627683
1713,220.54415663864756,4.157545675793257,0.8350438096675868,2.6987160066982177,31.507890595097045,94.22263464959128
1714,215.88547397651803,4.394463528026905,0.8570708324659306,2.469360809009815,32.49059441483569,80.31808120627683
1715,215.88547397651803,4.394463528026905,0.8570708324659306,2.469360809009815,32.49059441483569,80.31808120627683
1716,222.12024512661475,4.18542661538067,0.8688193461376776,2.4576655302173402,38.83557466555146,87.570574427299
1717,211.39895505537592,4.399012782603498,0.8591374709590801,2.660032833769101,33.48748850815503,101.3694079406455
1718,215.88547397651803,4.394463528026905,0.8570708324659306,2.469360809009815,32.49059441483569,80.31808120627683
1719,241.20887375501584,6.392713045971289,0.6793503424078592,2.5667034845249512,17.047287330011944,67.38917509291346
1720,211.67365589488,4.1091352430807895,0.8234791082997593,2.6420892360997725,36.615812415106475,94.22263464959128
1721,211.39895505537592,4.104576872633554,0.8081619345257366,2.782502839186789,32.99890230018185,105.1226575763379
1722,220.7066338788841,3.5534322335884916,0.7598753941227347,2.4526023178260346,27.23510270492353,87.35874459981665
1723,215.88547397651803,4.394463528026905,0.8570708324659306,2.469360809009815,32.49059441483569,80.31808120627683
1724,185.76755459396617,3.8855632101390416,0.9678930566951441,2.3977842360016433,14.35950521100255,67.17208065882501
1725,215.88547397651803,4.394463528026905,0.8570708324659306,2.469360809009815,32.49059441483569,80.31808120627683
1726,215.88547397651803,4.394463528026905,0.8570708324659306,2.469360809009815,32.49059441483569,80.31808120627683
1727,220.7066338788841,3.837215352489461,0.7993679814514386,2.4526023178260346,27.197348403192983,87.35874459981665
1728,212.12492378802665,4.077667192923563,0.8234791082997593,2.6647362841790945,34.49912740783682,94.22263464959128
1729,215.88547397651803,4.394463528026905,0.8570708324659306,2.469360809009815,32.49059441483569,80.31808120627683
1730,211.39895505537592,4.289739577643542,0.8537809638336874,2.8329062300716963,33.097092858565546,110.26650810261293
1731,215.88547397651803,4.394463528026905,0.8570708324659306,2.469360809009815,32.49059441483569,80.31808120627683
1732,211.39427482961943,4.1091352430807895,0.8234791082997593,2.699149936886705,31.824532191310436,94.22263464959128
1733,191.25675050105463,5.108510518427632,1.1012355030245748,2.5152490373628247,28.94247810614819,88.96833070212094
1734,219.8242630472603,4.24294452416575,0.8736703516152315,2.4490053919363257,23.062272485702557,94.36552218354554
1735,211.39895505537592,4.680306985288937,0.8537809638336874,2.7279790128457555,33.097092858565546,103.76750451333648
1736,215.88547397651803,4.394463528026905,0.8570708324659306,2.469360809009815,32.49059441483569,80.31808120627683
1737,211.39895505537592,4.035838210387169,0.802500725195751,2.6647362841790945,34.05645739182656,100.39658754635752
1738,220.96522729672535,3.700013468903091,0.784332544303114,2.6987160066982177,29.965383639020885,87.35874459981665
1739,193.4006410716073,4.358444508519339,0.9828587859882325,2.437088340036565,26.859650475543393,88.96833070212094
1740,211.39895505537592,4.066441947454836,0.802500725195751,2.7529609761691867,32.99890230018185,100.69084962831876
1741,294.4933265232691,6.2143768969267565,0.7864658164076493,2.4564208034505803,18.252298272428867,74.77166208972183
1742,215.88547397651803,4.394463528026905,0.8570708324659306,2.469360809009815,32.49059441483569,80.31808120627683
1743,190.88545396778252,4.863143427107134,1.1338446740146093,2.6143640114612947,23.21690158697364,90.49069636360973
1744,215.88547397651803,4.394463528026905,0.8570708324659306,2.469360809009815,32.49059441483569,80.31808120627683
1745,186.6296024686738,5.0273052705742085,1.1012355030245748,2.4562114149587613,25.254307984299373,88.96833070212094
1746,215.88547397651803,4.394463528026905,0.8570708324659306,2.469360809009815,32.49059441483569,80.31808120627683
1747,222.378838544456,4.157545675793257,0.8319592878142471,2.6589385590921086,40.35038244355511,94.12275254322503
1748,215.88547397651803,4.394463528026905,0.8570708324659306,2.469360809009815,32.49059441483569,80.31808120627683
1749,227.4137473241727,6.464190577780162,0.8887145031877612,2.455465328451705,16.966115689984942,69.51735814225148
1750,215.88547397651803,4.394463528026905,0.8570708324659306,2.469360809009815,32.49059441483569,80.31808120627683
1751,304.4602611308363,6.334822422196698,0.6623087900942414,2.645134318173507,20.476561372156603,69.22649846002804
1752,182.1535438606868,3.9042531613138163,1.0159206599125306,2.4628608936615732,14.617312725462185,67.04391662207429
1753,220.54415663864756,4.157545675793257,0.8350438096675868,2.6987160066982177,31.507890595097045,94.22263464959128
1754,182.1535438606868,3.8464658091976864,1.0365869837513688,2.4628608936615732,14.617312725462185,67.04391662207429
1755,211.39895505537592,4.073212168418435,0.8537809638336874,2.6647362841790945,33.42455779624943,100.39658754635752
1756,215.88547397651803,4.394463528026905,0.8570708324659306,2.469360809009815,32.49059441483569,80.31808120627683
1757,222.20261256642308,4.157545675793257,0.8350438096675868,2.6987160066982177,29.974071407766576,94.12275254322503
1758,220.809211612888,3.700013468903091,0.7993679814514386,2.4773490710504946,27.207740358049175,87.35874459981665
1759,220.23417644064045,3.700013468903091,0.7816111846028151,2.5637134085175375,26.873671441671938,87.35874459981665
1760,211.39895505537592,4.0572252444597865,0.802500725195751,2.782502839186789,32.99890230018185,103.76750451333648
1761,215.88547397651803,4.394463528026905,0.8570708324659306,2.469360809009815,32.49059441483569,80.31808120627683
1762,215.88547397651803,4.394463528026905,0.8570708324659306,2.469360809009815,32.49059441483569,80.31808120627683
1763,220.809211612888,3.700013468903091,0.784332544303114,2.4773490710504946,27.207740358049175,87.35874459981665
1764,215.88547397651803,4.394463528026905,0.8570708324659306,2.469360809009815,32.49059441483569,80.31808120627683
1765,222.378838544456,4.157545675793257,0.8350438096675868,2.6987160066982177,27.037959061764997,94.12275254322503
1766,191.25675050105463,4.358444508519339,1.1176132336517133,2.437088340036565,26.373346924929354,88.96833070212094
1767,222.378838544456,4.157545675793257,0.8508995836590171,2.5637134085175375,25.788227670334916,94.12275254322503
1768,222.378838544456,4.157545675793257,0.8525450892432505,2.5637134085175375,24.90535304261668,94.12275254322503
1769,211.39895505537592,3.9989819727166154,0.7953739830229466,2.6647362841790945,34.67947397421373,94.48539715824235
1770,220.809211612888,3.700013468903091,0.7993679814514386,2.4773490710504946,27.207740358049175,87.35874459981665
1771,220.809211612888,3.700013468903091,0.7993679814514386,2.4773490710504946,27.207740358049175,87.35874459981665
1772,215.88547397651803,4.394463528026905,0.8570708324659306,2.469360809009815,32.49059441483569,80.31808120627683
1773,215.88547397651803,4.394463528026905,0.8570708324659306,2.469360809009815,32.49059441483569,80.31808120627683
1774,182.1535438606868,3.919228711984913,1.0159206599125306,2.4628608936615732,15.556747457650157,67.04391662207429
1775,215.88547397651803,4.394463528026905,0.8570708324659306,2.469360809009815,32.49059441483569,80.31808120627683
1776,215.88547397651803,4.394463528026905,0.8570708324659306,2.469360809009815,32.49059441483569,80.31808120627683
1777,219.74041773242357,3.676921258245357,0.7816111846028151,2.4773490710504946,27.679268796819624,87.570574427299
1778,191.15964626549587,4.770971699909458,1.1124554902222556,2.4123415868121048,24.32046098453844,88.96833070212094
1779,281.7035041533761,6.22358272359619,0.6623087900942414,2.634110695721785,19.960577959745805,69.22649846002804
1780,260.350425031732,5.871712360645501,0.7094420865435574,2.4982313407844523,17.692441497187662,72.66930603660026
1781,263.5879455123718,6.116426253772177,0.7592841538096147,2.495726059465635,18.806115585708934,74.77166208972183
1782,215.88547397651803,4.394463528026905,0.8570708324659306,2.469360809009815,32.49059441483569,80.31808120627683
1783,215.08878607669354,3.59133946720837,0.7598753941227347,2.4490053919363257,26.971001166883955,90.13659474250237
1784,212.12492378802665,4.26629968782486,0.8858759852497824,2.6536459419610874,34.59731796622053,94.22263464959128
1785,299.381420596049,6.192391243843474,0.6538141853940579,2.7518087883104103,23.152112582564623,67.38917509291346
1786,215.88547397651803,4.394463528026905,0.8570708324659306,2.469360809009815,32.49059441483569,80.31808120627683
1787,186.6296024686738,5.0273052705742085,1.1012355030245748,2.4562114149587613,25.760634918228995,88.96833070212094
1788,281.7035041533761,6.334822422196698,0.6623087900942414,2.634110695721785,19.960577959745805,69.22649846002804
1789,215.88547397651803,4.394463528026905,0.8570708324659306,2.469360809009815,32.49059441483569,80.31808120627683
1790,220.5512805447872,3.8515443871825683,0.7966466217511396,2.4490053919363257,25.629769156140767,87.35874459981665
1791,178.9122512603151,4.770069711206677,1.1338446740146093,2.4998783426500117,23.507250922000306,95.01411956213646
1792,215.88547397651803,4.394463528026905,0.8570708324659306,2.469360809009815,32.49059441483569,80.31808120627683
1793,222.82835430493196,6.485351115351459,0.7864658164076493,2.4982313407844523,16.41741519621771,74.77166208972183
1794,215.88547397651803,4.394463528026905,0.8570708324659306,2.469360809009815,32.49059441483569,80.31808120627683
1795,215.88547397651803,4.394463528026905,0.8570708324659306,2.469360809009815,32.49059441483569,80.31808120627683
1796,215.88547397651803,4.394463528026905,0.8570708324659306,2.469360809009815,32.49059441483569,80.31808120627683
1797,182.1535438606868,4.128712807502082,1.0159206599125306,2.4628608936615732,14.933249894509164,67.04391662207429
1798,191.25675050105463,5.507175915018381,1.1176132336517133,2.437088340036565,26.373346924929354,88.96833070212094
1799,215.88547397651803,4.394463528026905,0.8570708324659306,2.469360809009815,32.49059441483569,80.31808120627683
1800,227.4137473241727,6.42479869262996,0.9031367739200418,2.3964277060476418,15.96576990400857,69.51735814225148
1801,215.88547397651803,4.394463528026905,0.8570708324659306,2.469360809009815,32.49059441483569,80.31808120627683
1802,197.30055844631474,4.213316342215419,1.075796068277817,2.408744660922396,23.137802662022704,88.96833070212094
1803,220.7066338788841,3.837215352489461,0.7993679814514386,2.4576655302173402,27.38529168608002,87.35874459981665
1804,184.8657092603189,4.878668766007193,1.0747724617045367,2.469182053461465,24.169898755162738,88.96833070212094
1805,215.88547397651803,4.394463528026905,0.8570708324659306,2.469360809009815,32.49059441483569,80.31808120627683
1806,211.39895505537592,4.05440098301623,0.8081619345257366,2.782502839186789,33.097092858565546,103.76750451333648
1807,215.88547397651803,4.394463528026905,0.8570708324659306,2.469360809009815,32.49059441483569,80.31808120627683
1808,211.39895505537592,3.96385036617183,0.7983774064246463,2.6647362841790945,34.67947397421373,100.39658754635752
1809,220.54415663864756,4.157545675793257,0.8234791082997593,2.6987160066982177,30.711330988897327,94.22263464959128
1810,190.64902167244236,4.82376804143429,0.8934516226590035,2.4490053919363257,24.028415647221824,94.36552218354554
1811,215.08878607669354,4.133428574763834,0.7750494823156249,2.460029014388048,26.319471260868657,90.27948227645662
1812,215.88547397651803,4.394463528026905,0.8570708324659306,2.469360809009815,32.49059441483569,80.31808120627683
1813,264.0553122576617,6.392713045971289,0.6793503424078592,2.5667034845249512,17.227667296092196,67.71016091832291
1814,218.51554815255477,4.157545675793257,0.8350438096675868,2.6987160066982177,30.81629313310022,94.22263464959128
1815,211.39895505537592,4.035838210387169,0.802500725195751,2.6647362841790945,33.20203154128172,100.39658754635752
1816,215.88547397651803,4.394463528026905,0.8570708324659306,2.469360809009815,32.49059441483569,80.31808120627683
1817,215.88547397651803,4.394463528026905,0.8570708324659306,2.469360809009815,32.49059441483569,80.31808120627683
1818,215.88547397651803,4.394463528026905,0.8570708324659306,2.469360809009815,32.49059441483569,80.31808120627683
1819,215.88547397651803,4.394463528026905,0.8570708324659306,2.469360809009815,32.49059441483569,80.31808120627683
1820,211.39895505537592,3.9944541032394945,0.8081619345257366,2.713267128004875,33.097092858565546,100.69084962831876
1821,215.88547397651803,4.394463528026905,0.8570708324659306,2.469360809009815,32.49059441483569,80.31808120627683
1822,215.88547397651803,4.394463528026905,0.8570708324659306,2.469360809009815,32.49059441483569,80.31808120627683
1823,242.7656780707668,6.275968672208412,0.7104332914846899,2.4564208034505803,16.65846151659416,72.66135744743393
1824,299.381420596049,6.2836206823906124,0.6679063786686084,2.7518087883104103,23.152112582564623,67.38917509291346
1825,222.22282286061863,4.194016678085043,0.8688193461376776,2.585527286890668,27.907040072835937,87.570574427299
1826,215.08878607669354,4.319455270794043,0.7993679814514386,2.4490053919363257,25.383006658454335,90.13659474250237
1827,220.809211612888,3.700013468903091,0.7993679814514386,2.4773490710504946,27.207740358049175,87.35874459981665
1828,179.69052907464922,4.918419524269593,1.1338446740146093,2.5909451846725826,23.761482397374216,98.9633341560593
1829,222.12024512661475,4.180812161323539,0.8720248460309982,2.4526023178260346,22.85769682557412,94.12275254322503
1830,192.72439790425386,4.8758720718745785,1.1338446740146093,2.6143640114612947,24.152105153465378,92.40148684976157
1831,215.88547397651803,4.394463528026905,0.8570708324659306,2.469360809009815,32.49059441483569,80.31808120627683
1832,222.378838544456,4.162160129850387,0.8319592878142471,2.6987160066982177,29.974071407766576,94.12275254322503
1833,215.88547397651803,4.394463528026905,0.8570708324659306,2.469360809009815,32.49059441483569,80.31808120627683
1834,220.54415663864756,4.157545675793257,0.8350438096675868,2.6589385590921086,34.19768697029848,94.22263464959128
1835,220.7066338788841,3.837215352489461,0.7993679814514386,2.4526023178260346,27.23510270492353,87.35874459981665
1836,215.88547397651803,4.394463528026905,0.8570708324659306,2.469360809009815,32.49059441483569,80.31808120627683
1837,215.88547397651803,4.394463528026905,0.8570708324659306,2.469360809009815,32.49059441483569,80.31808120627683
1838,215.88547397651803,4.394463528026905,0.8570708324659306,2.469360809009815,32.49059441483569,80.31808120627683
1839,215.88547397651803,4.394463528026905,0.8570708324659306,2.469360809009815,32.49059441483569,80.31808120627683
1840,191.15964626549587,5.476040467506257,1.1176132336517133,2.401125257389479,25.708274297645566,88.96833070212094
1841,215.88547397651803,4.394463528026905,0.8570708324659306,2.469360809009815,32.49059441483569,80.31808120627683
1842,181.8122821587658,4.031145290479342,1.0527695170007592,2.455465328451705,14.511782497955894,67.17208065882501
1843,269.17061411518483,6.392713045971289,0.6793503424078592,2.581858515639865,17.227667296092196,67.71016091832291
1844,215.88547397651803,4.394463528026905,0.8570708324659306,2.469360809009815,32.49059441483569,80.31808120627683
1845,215.88547397651803,4.394463528026905,0.8570708324659306,2.469360809009815,32.49059441483569,80.31808120627683
1846,215.88547397651803,4.394463528026905,0.8570708324659306,2.469360809009815,32.49059441483569,80.31808120627683
1847,215.08878607669354,4.115373101418076,0.7993679814514386,2.4490053919363257,25.383006658454335,90.27948227645662
1848,241.68324960961414,6.55704840952749,0.760929659393848,2.495726059465635,21.740716387039566,74.77166208972183
1849,211.39895505537592,4.016495545225972,0.8081619345257366,2.782502839186789,34.80934351765637,105.1226575763379
1850,216.04765829890377,2.7659551069630437,0.7598753941227347,2.4490053919363257,26.971001166883955,87.35874459981665
1851,190.64902167244236,4.688355329187393,0.9360672285652546,2.4490053919363257,23.38516522273009,94.22263464959128
1852,215.27839129973293,4.701011838196083,0.8688193461376776,2.4490053919363257,22.565888119585974,90.28743086562295
1853,289.1346487083814,6.22358272359619,0.6623087900942414,2.6097708708876093,19.960577959745805,69.22649846002804
1854,215.88547397651803,4.394463528026905,0.8570708324659306,2.469360809009815,32.49059441483569,80.31808120627683
1855,215.88547397651803,4.394463528026905,0.8570708324659306,2.469360809009815,32.49059441483569,80.31808120627683
1856,215.88547397651803,4.394463528026905,0.8570708324659306,2.469360809009815,32.49059441483569,80.31808120627683
1857,220.7066338788841,3.5534322335884916,0.7598753941227347,2.4526023178260346,27.23510270492353,87.35874459981665
1858,190.64902167244236,4.707099294018571,0.9360672285652546,2.4490053919363257,23.38516522273009,94.22263464959128
1859,281.7035041533761,6.2836206823906124,0.6764009833687918,2.645134318173507,20.476561372156603,69.22649846002804
1860,191.15964626549587,5.265811348445622,1.1229029623977007,2.4174047992034104,24.24410387423146,88.96833070212094
1861,217.52433151686338,2.8172922171868744,0.7598753941227347,2.5667034845249512,26.319471260868657,90.13659474250237
1862,215.88547397651803,4.394463528026905,0.8570708324659306,2.469360809009815,32.49059441483569,80.31808120627683
1863,210.92247045931575,4.137103727329482,0.802500725195751,2.939183472638849,31.501162237704776,103.76750451333648
1864,212.12492378802665,4.077667192923563,0.8234791082997593,2.6437750390702326,33.11987553328852,94.22263464959128
1865,215.88547397651803,4.394463528026905,0.8570708324659306,2.469360809009815,32.49059441483569,80.31808120627683
1866,215.88547397651803,4.394463528026905,0.8570708324659306,2.469360809009815,32.49059441483569,80.31808120627683
1867,242.80988710229258,6.297681586767261,0.7833812945543096,2.4490053919363257,16.818921690800867,74.77166208972183
1868,220.809211612888,3.700013468903091,0.7993679814514386,2.4773490710504946,27.207740358049175,87.35874459981665
1869,215.08878607669354,3.888564199906829,0.7696322688089232,2.4490053919363257,26.319471260868657,90.13659474250237
1870,215.88547397651803,4.394463528026905,0.8570708324659306,2.469360809009815,32.49059441483569,80.31808120627683
1871,215.08878607669354,3.5540699011233423,0.7598753941227347,2.4490053919363257,26.319471260868657,90.13659474250237
1872,212.12492378802665,4.097735967717066,0.8234791082997593,2.658348768515793,31.824532191310436,94.22263464959128
1873,269.17061411518483,6.303314128876498,0.6793503424078592,2.5984587208733814,17.227667296092196,67.71016091832291
1874,220.54415663864756,4.157545675793257,0.8350438096675868,2.6987160066982177,25.403965519271004,94.22263464959128
1875,215.08878607669354,3.8546061142953842,0.7750494823156249,2.4490053919363257,26.319471260868657,90.27948227645662
