sample_index,Fe,Zn,B,Cu,S,Mn
0,204.97383332380605,4.576451899224671,0.7656957813476049,2.333457417049729,13.263360188108802,103.2878602487478
1,271.43480468923735,6.998262228871666,0.5921405771307698,3.073697878240709,14.786678138199683,72.24372565937402
2,212.10952081505667,3.0350046964371953,0.5858433528128301,2.4428417544026324,39.107870806927025,87.83423545580403
3,181.8322312468616,3.485333576172119,0.7750889543685936,2.114533027937209,31.93782922636491,66.835800100825
4,216.44390493599784,4.810878023512185,0.858484857641288,2.5675319720359746,25.038923478230906,87.75011407978178
5,140.18408706541922,3.942260723188179,0.9803786228619884,2.474921658251153,10.462655142912858,72.76335349287447
6,224.60497568380057,6.862265630138013,1.0564877472271357,2.7070569933682167,37.33299262858229,91.40527601625227
7,216.44390493599784,4.810878023512185,0.858484857641288,2.5675319720359746,25.038923478230906,87.75011407978178
8,216.44390493599784,4.810878023512185,0.858484857641288,2.5675319720359746,25.038923478230906,87.75011407978178
9,155.0321663951228,7.960279595027598,1.1338077895425223,2.3520868281017067,25.12764938315226,79.70884001558473
10,216.44390493599784,4.810878023512185,0.858484857641288,2.5675319720359746,25.038923478230906,87.75011407978178
11,202.66084029516566,3.2786938087443716,0.6576611693446174,2.491488526158563,29.674468697374692,103.10901134236306
12,220.27726364883816,3.697535091702798,0.6175763476022677,2.4619284297306825,31.192080715093546,99.22990779044987
13,214.37040355270648,3.056717502722577,0.5367620600166367,2.314928138782014,30.824982318817867,87.3248705513157
14,214.50923850307865,4.641083255589194,1.1158884098850312,2.505522633020085,32.58388753543061,76.48852471614427
15,209.3743386295591,5.027938967512002,0.9570708080506748,2.3033122073983416,29.35469983537204,69.98656977806323
16,204.11762546549187,3.7009432235033706,0.7724155404360564,2.5755988189288215,29.611394576777275,118.2199701333255
17,227.70080885230877,2.740451396290109,0.5083117021465898,2.462421245093133,20.589090164452514,93.63429437231873
18,216.44390493599784,4.810878023512185,0.858484857641288,2.5675319720359746,25.038923478230906,87.75011407978178
19,216.44390493599784,4.810878023512185,0.858484857641288,2.5675319720359746,25.038923478230906,87.75011407978178
20,291.8414963666253,7.202603370484384,0.8004033902386659,2.8428627715918453,20.29053651458497,68.04221900338166
21,165.364132546398,3.327229120202212,1.0790235738144704,2.4616390056998383,20.264026567379453,80.6570473830579
22,216.44390493599784,4.810878023512185,0.858484857641288,2.5675319720359746,25.038923478230906,87.75011407978178
23,163.647030135719,3.962275484840787,1.0054386443910392,2.2719031655430553,18.863035267391115,87.02289618117068
24,206.23297175648867,4.103637844103755,0.841421920404915,2.3404365513175267,15.049904055188799,96.40301447275262
25,216.44390493599784,4.810878023512185,0.858484857641288,2.5675319720359746,25.038923478230906,87.75011407978178
26,203.95520760623495,3.5074370060497833,0.709075413180518,2.5336468925215967,33.524644947612934,94.30592247621361
27,169.31860935025193,5.060860179396793,1.1283412776319095,2.5073972750929783,20.71699270425955,83.32594638158469
28,191.80584892072693,4.274133442907602,0.9641059481946058,2.1946245642249265,14.577867778326647,88.12602992931139
29,238.61323826206944,6.425029678682169,0.7659829990992374,2.582319728312524,14.562301954558588,71.43587060304124
30,150.1252684184801,5.621646628450256,1.050028383849184,2.3525527282520686,24.146831929161173,87.15546531999922
31,231.79425975821118,5.474053908165487,1.146682697934943,2.444474886972103,36.32702054057341,90.0466922523324
32,216.44390493599784,4.810878023512185,0.858484857641288,2.5675319720359746,25.038923478230906,87.75011407978178
33,215.79908650569587,3.77213682623223,0.5428933197355094,2.3180299153025703,25.988219255928257,94.45672799197666
34,216.44390493599784,4.810878023512185,0.858484857641288,2.5675319720359746,25.038923478230906,87.75011407978178
35,193.19614433223924,2.633793019837671,0.7274072450130017,2.4767523606367754,29.705136817291987,78.13851690403125
36,216.44390493599784,4.810878023512185,0.858484857641288,2.5675319720359746,25.038923478230906,87.75011407978178
37,216.44390493599784,4.810878023512185,0.858484857641288,2.5675319720359746,25.038923478230906,87.75011407978178
38,193.27962594554572,3.230480428755851,0.5999361877803779,2.630687326532251,43.169120531950426,82.64732621132916
39,203.55239204098086,5.142308010427408,0.9992317293965584,2.296067976829982,18.831923503895233,84.24944809732041
40,216.44390493599784,4.810878023512185,0.858484857641288,2.5675319720359746,25.038923478230906,87.75011407978178
41,186.89093370174217,3.6582530197213545,0.7790600654799585,2.6804260655695695,44.42656831670445,108.82327657542756
42,282.89213925060466,6.479573096040276,0.5939625728312118,2.7255301547367754,26.583967370251994,83.25920662433502
43,251.77700135269797,5.241304756540228,0.9009514406548911,2.673888622061155,16.34229517339167,102.47041455257263
44,202.27639199119915,3.3422643456461323,0.5361747837862616,2.2765245304660042,27.671058446588958,92.73082185520313
45,179.67548099083868,4.3717280257832805,0.9633298828413633,2.4905687593038586,9.922154105206468,65.18834025749568
46,195.38663975587073,3.347140095489531,0.7251458014904796,2.695054371261497,25.27916674666243,105.89342012451301
47,216.44390493599784,4.810878023512185,0.858484857641288,2.5675319720359746,25.038923478230906,87.75011407978178
48,216.44390493599784,4.810878023512185,0.858484857641288,2.5675319720359746,25.038923478230906,87.75011407978178
49,292.41401355302565,5.299115531265475,0.8325109910831834,2.6780788444587067,16.096316117025655,67.61199576784351
50,216.44390493599784,4.810878023512185,0.858484857641288,2.5675319720359746,25.038923478230906,87.75011407978178
51,163.8637288107621,4.310868581582062,1.1842988326583022,2.4218534491306323,21.842485845220722,87.7466527758586
52,205.16400548629707,3.7920650010240724,0.8309546500460315,2.8271735767138293,29.833047306906494,81.79440235913523
53,216.44390493599784,4.810878023512185,0.858484857641288,2.5675319720359746,25.038923478230906,87.75011407978178
54,201.6502344231134,4.3560195077657085,0.8798654337103177,2.5441757236962967,37.92836236304629,67.7688518914795
55,303.2561379760063,7.219758752371747,0.684521623616137,2.8797433659887277,13.80404394515602,64.48279889818323
56,216.44390493599784,4.810878023512185,0.858484857641288,2.5675319720359746,25.038923478230906,87.75011407978178
57,216.44390493599784,4.810878023512185,0.858484857641288,2.5675319720359746,25.038923478230906,87.75011407978178
58,224.01623073418907,8.544753214735398,0.7136248296244401,2.6909628609014073,50.60962936908063,88.30579144402226
59,160.62491978957257,3.9563682349538327,0.9228438437631609,2.3733400144679826,11.040362627183892,61.52527370257323
60,216.44390493599784,4.810878023512185,0.858484857641288,2.5675319720359746,25.038923478230906,87.75011407978178
61,285.5491842915525,5.251010040241256,1.2811915202757593,2.903611764301849,29.941891238955748,122.53264082575272
62,193.8243408155311,3.4565389746825748,0.6900713388377333,2.776770317224043,34.10935195480309,93.37277996039151
63,176.95492778470657,5.023061083168321,1.1251911894700568,2.434901927934349,22.171015583675413,87.20929539388725
64,218.09922940661113,3.4020064914487453,0.5819769003406208,2.7882238797654026,35.219101860786886,93.38958962786143
65,216.44390493599784,4.810878023512185,0.858484857641288,2.5675319720359746,25.038923478230906,87.75011407978178
66,158.90479542961205,5.241550293209251,1.1349272330735178,2.4959713344051813,23.181617232040242,85.12222196734938
67,190.8131339522897,3.7089393967664455,0.8643888214181328,2.1368492737473166,10.880718631737013,89.31530446660749
68,216.44390493599784,4.810878023512185,0.858484857641288,2.5675319720359746,25.038923478230906,87.75011407978178
69,216.44390493599784,4.810878023512185,0.858484857641288,2.5675319720359746,25.038923478230906,87.75011407978178
70,216.44390493599784,4.810878023512185,0.858484857641288,2.5675319720359746,25.038923478230906,87.75011407978178
71,216.44390493599784,4.810878023512185,0.858484857641288,2.5675319720359746,25.038923478230906,87.75011407978178
72,188.07726566617046,4.28281363374169,0.7067443326292631,2.0518982436811317,14.626958342307042,105.18116946433433
73,213.84599598351622,5.999719120581317,0.9490531816135737,2.4774777791547486,38.70592553311928,80.38095052025022
74,191.42962239216592,8.138830628064618,0.7631104952679139,3.1341211067116896,25.73696047873631,76.98817328339004
75,230.17763828028822,4.200969169274015,0.7885401358413308,2.3342372593144654,14.206821456088178,103.99765952005086
76,329.6646043197252,5.667194681098847,1.13852809553594,2.6133395077706894,24.5866732394002,74.48291611130594
77,179.2131944620902,3.761021055576805,0.766582780432332,2.0547517245572533,15.277435861888877,73.22111754554328
78,230.57047389003552,4.106758086864066,0.7284445287209979,2.5727333119792366,24.84732667144136,106.50518937543389
79,224.94007456966153,7.322590533170272,1.274560368438831,2.8073065556778785,38.46720323109527,82.87809371872561
80,332.6117680146423,7.594882909606368,1.0734478169470067,2.701555295820805,32.73999499801147,94.94200243309213
81,216.44390493599784,4.810878023512185,0.858484857641288,2.5675319720359746,25.038923478230906,87.75011407978178
82,216.44390493599784,4.810878023512185,0.858484857641288,2.5675319720359746,25.038923478230906,87.75011407978178
83,216.44390493599784,4.810878023512185,0.858484857641288,2.5675319720359746,25.038923478230906,87.75011407978178
84,208.8568348400567,4.054354033762892,0.7952453393228164,2.8858193735497024,32.92992339687663,102.92570625176752
85,216.44390493599784,4.810878023512185,0.858484857641288,2.5675319720359746,25.038923478230906,87.75011407978178
86,219.86431429430266,4.054953603784969,0.7438559320063761,2.692786108520632,44.008003765826935,119.33627961488762
87,198.40839040298584,3.3040584868642373,0.7483151703866584,2.758894517055425,45.267672535760774,103.13181724652863
88,171.15559098652116,9.745712330640009,1.242593624770381,2.6076224281761164,27.734470806350526,98.25306668908745
89,216.44390493599784,4.810878023512185,0.858484857641288,2.5675319720359746,25.038923478230906,87.75011407978178
90,218.78025935913396,3.7239535161134,0.8980466493666779,2.505044089438212,35.52333536586665,63.12357881190924
91,221.00049277414644,7.012852605335829,0.6841683987840669,2.3686557858163613,11.94143420433793,75.15825032687742
92,194.8339064896958,2.969342356792028,0.6457849566327051,2.5175817939436733,32.93978067582341,90.7531709917192
93,216.03643624385236,5.327312136454248,1.0375482870154362,2.773074730891254,26.131045905712917,82.96087171200466
94,253.02610874168653,7.3243479013905874,0.7971338342604232,2.3318299389290718,16.932937048931382,79.61376551315071
95,216.44390493599784,4.810878023512185,0.858484857641288,2.5675319720359746,25.038923478230906,87.75011407978178
96,402.34748310060405,4.148611028469404,0.8452961773298345,2.7309684830375587,27.97423005652557,62.29693701952715
97,183.3836211820055,3.210183521225444,0.758578607085102,2.4927002686616966,29.409533214356706,102.84665619432707
98,216.44390493599784,4.810878023512185,0.858484857641288,2.5675319720359746,25.038923478230906,87.75011407978178
99,216.44390493599784,4.810878023512185,0.858484857641288,2.5675319720359746,25.038923478230906,87.75011407978178
100,215.6297518563048,4.854324038687457,0.8871104162893493,2.3495075665051917,20.53848798592341,85.17564363352815
101,216.44390493599784,4.810878023512185,0.858484857641288,2.5675319720359746,25.038923478230906,87.75011407978178
102,189.92373329946832,1.8262899406030912,0.6153139260538631,2.227276875097234,16.380767522406835,66.66183707445404
103,216.44390493599784,4.810878023512185,0.858484857641288,2.5675319720359746,25.038923478230906,87.75011407978178
104,176.28281660432154,4.900570733815993,1.183276878296388,2.505875024716433,23.84739419846121,113.03006923859317
105,216.44390493599784,4.810878023512185,0.858484857641288,2.5675319720359746,25.038923478230906,87.75011407978178
106,216.44390493599784,4.810878023512185,0.858484857641288,2.5675319720359746,25.038923478230906,87.75011407978178
107,216.44390493599784,4.810878023512185,0.858484857641288,2.5675319720359746,25.038923478230906,87.75011407978178
108,216.44390493599784,4.810878023512185,0.858484857641288,2.5675319720359746,25.038923478230906,87.75011407978178
109,195.84666146050822,4.663542726435437,0.7801599032569034,2.259096292415272,15.176163519434565,106.3671770948885
110,222.9767696285378,4.372829229895129,0.9465891680305586,2.3443096395229372,12.953216616009191,114.99436129369539
111,216.44390493599784,4.810878023512185,0.858484857641288,2.5675319720359746,25.038923478230906,87.75011407978178
112,184.86881712231002,4.056328256969716,0.7613739916804715,2.921792278559607,27.263119486149066,89.10392088325449
113,216.44390493599784,4.810878023512185,0.858484857641288,2.5675319720359746,25.038923478230906,87.75011407978178
114,216.44390493599784,4.810878023512185,0.858484857641288,2.5675319720359746,25.038923478230906,87.75011407978178
115,198.87809321614935,4.084043056071386,0.7787506410632168,2.8398906225108282,40.456268141526756,96.39497179517687
116,173.14364735087037,3.9562873923365243,1.0301827545752824,2.4325352636000592,13.090220891307426,61.40738479311848
117,281.289453422657,7.1611711831230895,0.7727039784239191,2.3477046671532897,18.933984137714138,79.67503632078801
118,206.85599745589377,8.030545528651013,0.8030719078902229,3.3116201053848835,22.289619642231532,77.42563246624158
119,216.44390493599784,4.810878023512185,0.858484857641288,2.5675319720359746,25.038923478230906,87.75011407978178
120,204.73689795452827,6.543088164812618,1.0837852328699147,2.78608587244911,33.1432165125811,108.69694863476997
121,197.6203531444336,4.6589455987503925,0.9464016384781655,2.4650081210160244,19.046749136825543,91.21479038823756
122,171.96562563625884,8.189223937959355,1.0829351635121014,2.490701314496332,19.6663349118539,102.03969724952525
123,315.7028669921973,3.1107376930305337,0.6205765476762644,2.625205880721504,28.844985131043263,108.86417686571745
124,219.7227480954679,4.746006136071059,0.8973964958033088,2.858360641381227,22.454341260449805,86.43959965937535
125,205.55691821818462,4.358260947928923,0.715029824136809,2.2137288188648996,12.043676058910691,102.57616981045733
126,218.8632849778876,3.0881645875430945,0.9340125942885774,2.446744656531213,27.214478530078352,77.29799285981439
127,216.44390493599784,4.810878023512185,0.858484857641288,2.5675319720359746,25.038923478230906,87.75011407978178
128,254.28707727059313,6.401792007298444,1.048171189040871,3.0398075899714025,27.024850286810015,82.97658011575552
129,180.79341084991734,4.210660210152987,0.9871306143586335,2.500638698496118,12.774494945593398,62.039975555904526
130,201.4482170584593,3.650966384255736,0.7042196370989554,2.6691896821552294,44.2334069380211,93.44254149784678
131,201.28582255011273,2.11463304719451,0.6265073142478207,2.230236077915946,29.121876777179892,80.19585986007058
132,204.3795057388703,4.015901462111115,0.6337381942530075,2.3543569939003697,22.07192792902301,97.27428630148938
133,267.84207853276524,5.229093898873759,1.1337630910283705,2.9490143624820506,26.589646120819616,109.21438755428073
134,216.44390493599784,4.810878023512185,0.858484857641288,2.5675319720359746,25.038923478230906,87.75011407978178
135,369.48157561669586,9.480952409211723,0.6118282006714686,2.751381775144908,12.955621845020309,64.10293508901918
136,259.1576915368234,7.296548207987813,0.7986426089256895,2.3737050092649454,14.194375249217531,76.47540997046299
137,200.43967970078626,5.950015544416049,1.0867200254195177,2.5455742861574686,29.8206856272466,89.77013641713334
138,204.3681717587031,3.5278008869403834,0.7284167496629178,2.8324928965783864,35.769752087621725,108.002631311986
139,208.49364320726556,4.324643353359209,0.8418557233260774,2.306291208752949,12.764759992680856,102.82834408057342
140,257.875150808353,6.7154354889442,0.9140196921499582,3.502434509862332,15.291409399211885,99.91310395735347
141,241.2212121312376,6.234157026326641,0.7637826660286684,2.551593561595731,14.028045821047831,74.39221170719989
142,216.44390493599784,4.810878023512185,0.858484857641288,2.5675319720359746,25.038923478230906,87.75011407978178
143,216.1947465105494,3.5589117730634827,0.7401917919237663,2.628549107817548,44.48918171966535,110.17969671445032
144,199.2158456833181,3.037301627646147,0.6847729301017674,2.6890126493071884,27.938374202946722,93.60877700404018
145,216.44390493599784,4.810878023512185,0.858484857641288,2.5675319720359746,25.038923478230906,87.75011407978178
146,216.44390493599784,4.810878023512185,0.858484857641288,2.5675319720359746,25.038923478230906,87.75011407978178
147,205.8868697168375,2.620783875997403,1.029888477557562,2.835487962380295,21.220144411095,85.93514458768995
148,199.4503482318106,3.9000937496456443,0.9340351841956235,2.592082013674589,31.006225010295182,85.69334619679822
149,251.58358165582646,13.637898811917982,0.8377746523447146,3.452028779338102,20.93391161458122,100.87929162917112
150,257.69357301104435,6.916027547753419,0.6018621272718059,2.4554422339351873,9.78329060439862,72.7921247526866
151,221.60535314354948,3.2802409126648957,0.5284123790762094,2.3813117227125202,23.28897828251393,90.01213406695673
152,238.16266069977556,4.890535375842113,0.8750933372974302,2.8120057740792936,27.858176616945904,79.71242942985273
153,211.99972437923697,2.681303660801134,0.819635692592681,2.61214141503701,33.90112681488624,80.48824513699266
154,185.2499773428505,5.036411285793519,0.8122488835190322,2.153655039407874,12.734788758966534,97.56830354261892
155,224.5335996210905,5.524188425013198,1.0885197550672174,2.6513256811123385,21.442936690464045,70.65473930234954
156,302.270423924195,7.335761119710454,0.7507032513044961,2.335949348424621,22.061900984463716,77.29965973193454
157,166.52202302868238,4.989765089972184,1.1383562479539773,2.5549754352235894,17.08333678281845,93.04096999686446
158,216.44390493599784,4.810878023512185,0.858484857641288,2.5675319720359746,25.038923478230906,87.75011407978178
159,200.22449047981073,4.417712586474536,1.1925478230236637,2.6594587961540643,18.868055879823693,100.35254631365208
160,216.44390493599784,4.810878023512185,0.858484857641288,2.5675319720359746,25.038923478230906,87.75011407978178
161,171.3492609545469,5.068879553428507,1.1432077856816485,2.5154593250983517,25.661801515529984,84.88776319706443
162,247.67491056962987,5.027289063615004,0.8497911414846815,2.488990864417797,13.139288382377979,103.65764147035134
163,177.2184602350298,3.914649648436905,0.9135825823084952,2.429232804288361,10.550867138300383,60.605544138131236
164,200.45929930055385,4.978636020616791,0.969122718393405,2.6498492156712707,23.533607633253496,83.85437571093978
165,192.93610966095065,3.1830787398855045,0.7566979992899567,2.7304559049799453,31.67301755011721,112.67091046230261
166,216.44390493599784,4.810878023512185,0.858484857641288,2.5675319720359746,25.038923478230906,87.75011407978178
167,265.4821026842515,8.445055460508883,1.2944388658344734,3.3625893636129636,34.952840769206965,95.39478103702913
168,181.7860169459644,4.416629747647248,1.173377559251918,2.7040549293715275,25.799516613113894,85.70450921594052
169,167.97185692492542,3.9968407149356815,0.9310320479865037,2.4980966879686894,9.58859414545046,67.40478949942865
170,216.44390493599784,4.810878023512185,0.858484857641288,2.5675319720359746,25.038923478230906,87.75011407978178
171,176.39825792837934,4.913227144397553,1.1112357124779333,2.6089793360510125,27.166733050444325,86.5055164539362
172,195.17187604732004,3.195983158222471,0.7008339307807449,2.791821153075439,31.388253050954308,97.05931810075555
173,216.44390493599784,4.810878023512185,0.858484857641288,2.5675319720359746,25.038923478230906,87.75011407978178
174,132.27518093554374,3.7558049971318965,1.0694987077478422,2.479310447403793,13.132455878411943,72.53503099138346
175,216.44390493599784,4.810878023512185,0.858484857641288,2.5675319720359746,25.038923478230906,87.75011407978178
176,216.44390493599784,4.810878023512185,0.858484857641288,2.5675319720359746,25.038923478230906,87.75011407978178
177,161.41031045329686,7.267980991973691,1.1794289775600857,2.4714066035482345,27.38301862409738,91.12863727220646
178,197.15586535763734,2.9802041004336566,0.6787456558247396,2.2222501102404393,24.602651348374536,76.51709676732492
179,216.44390493599784,4.810878023512185,0.858484857641288,2.5675319720359746,25.038923478230906,87.75011407978178
180,176.76544772429136,2.2931494144142914,0.67088511652051,2.283088719672457,27.740878296836865,73.13132419984662
181,157.77967817937875,4.535236939918829,1.164397895217563,2.4857751958284307,19.41804182653142,91.84130218892335
182,202.90530506896582,4.980854988225378,0.8178444826406241,2.850480559737679,17.234850576468407,76.41491210020536
183,216.44390493599784,4.810878023512185,0.858484857641288,2.5675319720359746,25.038923478230906,87.75011407978178
184,251.6589312719529,6.3463695571547944,0.7988206140175224,2.429574653560429,13.686149553928798,61.97345912288883
185,216.44390493599784,4.810878023512185,0.858484857641288,2.5675319720359746,25.038923478230906,87.75011407978178
186,135.58786589759524,3.9238545041198774,1.1220884620432134,2.4218883827192297,10.056715149384809,67.54712419673183
187,188.17515429327523,3.475315676073406,0.9169529862856672,2.739583356494043,30.801709479260527,106.97558503409958
188,221.0756494022966,3.9115824971509006,0.7278579640713844,2.7392361256582807,43.04273034920322,83.92575689469223
189,217.10809146757572,2.1936103100082405,0.6932957364077367,2.3734464330139247,30.890818028179893,79.19958679474927
190,216.44390493599784,4.810878023512185,0.858484857641288,2.5675319720359746,25.038923478230906,87.75011407978178
191,216.44390493599784,4.810878023512185,0.858484857641288,2.5675319720359746,25.038923478230906,87.75011407978178
192,216.44390493599784,4.810878023512185,0.858484857641288,2.5675319720359746,25.038923478230906,87.75011407978178
193,216.44390493599784,4.810878023512185,0.858484857641288,2.5675319720359746,25.038923478230906,87.75011407978178
194,201.4255658953853,4.258744049656809,0.8404788991203556,3.0169752816491258,42.42078652463036,106.3657140676491
195,176.0103473407086,6.309165546902256,1.1279875696939714,2.522982849756565,17.92957909774297,93.8089242851094
196,224.45358289916166,6.27815981181067,1.0518833609567686,2.6621783102201033,41.53449581265821,90.59960844276705
197,339.7304560895405,6.571051218168813,1.0455967958789159,3.3682747869699368,39.48650925000773,98.26455969346816
198,243.65788066312672,6.38819092765619,0.7519350639596937,2.4573005656035263,13.202381420029987,73.84940783128623
199,239.527300183401,6.373377586114739,0.8567862504050886,2.675675723034583,39.13424050025352,71.79412345429198
200,216.4179303691905,5.9917723757859696,1.0148874646035484,2.5722210071931633,34.34064457317566,75.53203345884171
201,170.08545454153733,4.833764024085567,1.1802355626049283,2.6734209037589474,24.23195393992246,80.15306814496113
202,240.9180885871014,6.717801187007514,0.7055867103236214,2.373047967197999,13.20866355785389,73.09541421793166
203,210.49973214195992,5.46117221263201,0.913510782326283,2.4815964560325408,29.822053905590632,70.67408963535874
204,208.99148126726752,5.430959476994485,0.8860385367900794,2.4897160315600004,31.114291415116888,65.10299781542551
205,170.58538339740497,5.109928702595495,1.1750838637212495,2.648096566251724,23.511410573100676,102.95717264746894
206,240.36536041671283,5.404809933432551,0.649044797198511,3.04883111105946,42.44134638708104,84.35341007413845
207,216.44390493599784,4.810878023512185,0.858484857641288,2.5675319720359746,25.038923478230906,87.75011407978178
208,216.44390493599784,4.810878023512185,0.858484857641288,2.5675319720359746,25.038923478230906,87.75011407978178
209,192.204783483958,2.5821945729215696,0.5163576274822007,2.5843918838485647,26.87528512452376,98.02729933813056
210,291.8369791181924,6.726631142112771,0.6519146931753831,2.7211992839063446,20.20903733568998,79.59423846246894
211,256.2400403407019,7.22311536907318,0.7380086480818069,2.22892703180973,11.395368993684446,74.22146426699017
212,145.2080034815227,4.975910681024582,1.0952373484851217,2.353206531641339,26.438285560501566,83.0969873180079
213,251.49369240459424,3.127320446530845,0.745675689098501,2.746999719050397,29.266165224597195,100.17460520591868
214,218.8496354924599,4.73019281171412,0.9865480319306621,3.1104722963346463,36.215267814043926,121.22319218513456
215,214.15854551346052,3.724055878436651,0.7350735028383325,2.9708187915041995,30.50967064096226,113.70438198278003
216,206.1577154873836,6.318082640339192,1.083160291179225,3.4802359253169977,27.1755286067666,113.60833484644553
217,163.6242003852516,5.166156825652314,1.099567408005837,2.3761221198559825,30.35110491776919,87.28932182631708
218,184.70876809221767,4.08447110922241,0.8474840597086227,2.148881255851559,9.529599087951564,94.44187742231942
219,216.44390493599784,4.810878023512185,0.858484857641288,2.5675319720359746,25.038923478230906,87.75011407978178
220,204.19682019868756,3.174369861273825,0.5429274963373352,2.240902126952615,20.14868849113624,82.54452201858105
221,216.44390493599784,4.810878023512185,0.858484857641288,2.5675319720359746,25.038923478230906,87.75011407978178
222,201.51054632089145,5.984686548778344,0.8664193469539466,3.241394409315827,20.57943693260022,74.54707374635572
223,130.57037671864254,3.8384387329950953,1.1442888441875392,2.5153851909445106,11.774815007674796,73.65175996029559
224,375.89298608343915,9.667369781392246,0.6051781966319518,2.7541520649004085,14.294985467202041,60.607927983890214
225,206.6043373857083,4.5579708774169205,0.8896240665957801,2.7247360141980015,22.681749083957758,90.8266030291711
226,216.44390493599784,4.810878023512185,0.858484857641288,2.5675319720359746,25.038923478230906,87.75011407978178
227,170.17865246918961,6.206927060330205,1.1307700920386752,2.4761092821109645,20.614063903421318,99.91025299669792
228,188.69062217489807,3.3863085483978885,1.1018626122487878,2.373204012462494,24.921902127889677,86.54465042879676
229,216.44390493599784,4.810878023512185,0.858484857641288,2.5675319720359746,25.038923478230906,87.75011407978178
230,221.27567843561306,3.890734670908176,0.7468474072833765,2.4897302080480834,23.356678605455272,78.59753622705873
231,216.44390493599784,4.810878023512185,0.858484857641288,2.5675319720359746,25.038923478230906,87.75011407978178
232,242.42581921469275,2.961502182717899,0.7463371797550374,2.6408348921394165,21.782489632546344,100.37059727999056
233,252.24175909031413,6.362634387745984,0.6637443342295768,2.4493708286640614,12.021427336414012,66.10536039857034
234,225.81151616923924,4.343037825485032,0.8292894472174059,2.491437173475603,10.597512243980287,67.9446760095801
235,295.6048656186484,9.73878384225602,0.7882512233895951,3.0264400659309216,22.868001346313562,67.67800138284969
236,250.34987330223973,6.266348551774093,0.6397610025554491,2.2083904143395046,11.298097309096072,65.07889733080792
237,177.3374663844532,4.024994942236143,0.9902542159885138,2.523224995977147,10.548635403220402,64.97054800045728
238,249.0462007022649,5.48278649003599,0.7206305310775304,2.260944992957708,11.194324698663893,71.98346465395817
239,216.44390493599784,4.810878023512185,0.858484857641288,2.5675319720359746,25.038923478230906,87.75011407978178
240,396.3967071643347,6.071670753736669,0.6009996606219136,2.4858723849152997,13.90468917094566,69.77660783760338
241,200.78850413851143,4.374669216655449,0.7730907035990195,2.4522341999269743,19.602483557340125,69.00301903253055
242,219.16229399398085,3.3943946855008194,0.5676950343871164,2.352492530822133,19.917532284070326,86.46748571068404
243,159.3069028213959,8.561998877126062,1.1820435077467464,2.54824464142661,19.285189986561857,76.20597553339744
244,157.4340853711226,7.2260409977613485,1.0877018955593796,2.440767276122889,25.758833436308194,101.1458681343273
245,388.0008619136342,10.058285726237076,0.7492651196881129,3.1018274154223815,25.720331120270593,67.82883487621082
246,203.10405394124794,3.1435483813995853,0.6103069887757596,2.3704813531885605,44.255011474364004,104.77765426178436
247,216.44390493599784,4.810878023512185,0.858484857641288,2.5675319720359746,25.038923478230906,87.75011407978178
248,180.84407246236904,4.9728206246062,1.168301431240928,2.582701883224827,26.69692498854978,88.67702764228999
249,216.44390493599784,4.810878023512185,0.858484857641288,2.5675319720359746,25.038923478230906,87.75011407978178
250,286.548788729613,7.031383096036176,0.7209014562042759,2.352014725239008,19.123149259799913,74.07497618267739
251,216.44390493599784,4.810878023512185,0.858484857641288,2.5675319720359746,25.038923478230906,87.75011407978178
252,216.44390493599784,4.810878023512185,0.858484857641288,2.5675319720359746,25.038923478230906,87.75011407978178
253,218.37072352010472,8.418688467320122,1.1442214160635815,2.675239952613655,35.21514854478832,90.49855805121511
254,193.70335737198508,3.334717593471238,0.7245433185471628,2.576273380047682,37.395330104453755,91.13629161257697
255,197.36557700165574,2.9442972336484132,0.7055574741412459,2.553890574206341,30.909284026112793,93.0718149827704
256,207.84260646076112,4.293196659571547,1.2428911332929469,2.745626533114927,22.900324539594155,112.20428321794286
257,153.52559296630093,3.9854992532331797,1.1569414457299338,2.3476268152647726,24.863410705387718,75.67957831008636
258,217.3186941868614,3.5925384182396667,0.7115835283550613,2.5808100043378963,26.35283035140277,110.74475056355207
259,176.13504826333457,3.8026340620480257,1.000889617280903,2.287681212053762,20.651999560861963,89.80472507584378
260,219.5484271662397,4.134893374756062,0.8067157229665123,2.6508653233176576,39.88198883315038,115.35204668555663
261,150.61171447154962,5.780479020651155,1.1021059395211292,2.4870335103174335,23.644034303369306,96.65205694612516
262,185.81710752561764,2.782572838024493,0.6003551746299712,2.389734322873967,40.796781823715456,83.73573435269164
263,220.77987455742758,7.401686481667774,1.1368652645890884,2.6532632144929895,37.256025448261184,100.01812861053365
264,216.44390493599784,4.810878023512185,0.858484857641288,2.5675319720359746,25.038923478230906,87.75011407978178
265,180.489824207081,3.9328715793842237,0.8229857230777152,2.3689214436171686,12.582954126135233,65.40954077696175
266,200.828769532172,4.010108095423057,0.8149132056553163,2.6332883415111628,40.96732892006062,112.27450979153595
267,291.47327129385604,5.820407734684462,0.7153368365563773,2.4723025811667894,18.000770920552473,67.7752799168723
268,216.44390493599784,4.810878023512185,0.858484857641288,2.5675319720359746,25.038923478230906,87.75011407978178
269,216.44390493599784,4.810878023512185,0.858484857641288,2.5675319720359746,25.038923478230906,87.75011407978178
270,202.5299130462522,5.4529225268874315,0.7404454240340674,3.002084638622058,19.929574029148306,78.58187818895347
271,195.72245958442244,3.6130956286128812,0.7810033900489656,2.757531969485422,31.799516411581056,101.9614740400432
272,216.44390493599784,4.810878023512185,0.858484857641288,2.5675319720359746,25.038923478230906,87.75011407978178
273,216.44390493599784,4.810878023512185,0.858484857641288,2.5675319720359746,25.038923478230906,87.75011407978178
274,216.44390493599784,4.810878023512185,0.858484857641288,2.5675319720359746,25.038923478230906,87.75011407978178
275,240.15051067440382,7.155088801126441,0.9946146791230157,2.817146610559308,40.57106330224689,94.49620768791044
276,201.95265575918316,3.86195079289799,0.7832860289119654,2.0993450891999506,12.622234090100081,110.86014530215769
277,197.4283667956782,5.550589870395866,0.9503138557504359,2.6304011802890845,28.46717982197352,105.68741633688406
278,202.008106428942,9.613464608834686,0.626801330316769,3.2646228631321117,23.299434170784533,90.54716154920412
279,249.11887890534928,6.588638105300957,0.8140285790890729,2.378941795746492,12.608246299809124,80.43190658678357
280,216.44390493599784,4.810878023512185,0.858484857641288,2.5675319720359746,25.038923478230906,87.75011407978178
281,127.49885585004253,3.7775958382269526,1.0673225669615016,2.495510256137487,12.452790864286134,73.17657057298474
282,216.44390493599784,4.810878023512185,0.858484857641288,2.5675319720359746,25.038923478230906,87.75011407978178
283,216.44390493599784,4.810878023512185,0.858484857641288,2.5675319720359746,25.038923478230906,87.75011407978178
284,157.81472041414693,5.687059809800347,1.2122744873729165,2.444435333091999,19.027342862045174,100.02167626876252
285,192.66079908047882,7.801658386082273,0.8186848957702403,3.1754960258064155,26.559306281511873,105.91314205375286
286,195.2388915229734,4.277267766981919,1.032261590407235,2.541772797448986,11.766921752356577,71.08992034949229
287,216.44390493599784,4.810878023512185,0.858484857641288,2.5675319720359746,25.038923478230906,87.75011407978178
288,156.76631972960655,4.958502116754744,1.1774832499459964,2.472375472442682,23.68841183884633,84.69006068078679
289,207.73064520193242,4.469109712585699,0.7544051314061638,3.026125181440019,35.6422204732855,111.39189682315711
290,233.39175750448766,2.1304736551423002,0.8091525479680345,3.3088493554296403,28.79860571630715,90.22559154430716
291,210.38274633083657,5.896569103553848,1.0305722197253,2.8421789313062926,24.49485593288815,104.70138659551641
292,233.55536019556513,5.840457612714223,0.8528703142061113,2.6191047865461483,38.031965599168814,74.29005158991583
293,163.12014564690656,4.239741264212783,0.9865983899951426,2.403550329193425,24.51589066706133,83.74781198913655
294,216.44390493599784,4.810878023512185,0.858484857641288,2.5675319720359746,25.038923478230906,87.75011407978178
295,216.44390493599784,4.810878023512185,0.858484857641288,2.5675319720359746,25.038923478230906,87.75011407978178
296,186.28150933395733,2.560060065051832,0.6013319593158631,2.7694966600128046,31.425989983635958,64.39227012591886
297,216.44390493599784,4.810878023512185,0.858484857641288,2.5675319720359746,25.038923478230906,87.75011407978178
298,216.44390493599784,4.810878023512185,0.858484857641288,2.5675319720359746,25.038923478230906,87.75011407978178
299,216.44390493599784,4.810878023512185,0.858484857641288,2.5675319720359746,25.038923478230906,87.75011407978178
300,216.44390493599784,4.810878023512185,0.858484857641288,2.5675319720359746,25.038923478230906,87.75011407978178
301,191.99731942453099,3.0209630966620886,0.7284025186756654,2.4359999918519994,31.495267692749344,83.34148292792095
302,203.73281062883365,3.919634991258301,0.7541047249863433,3.0020830542377652,36.00847881035434,103.8874727669217
303,216.44390493599784,4.810878023512185,0.858484857641288,2.5675319720359746,25.038923478230906,87.75011407978178
304,216.8852124226086,4.2107581804072725,0.9407153295164085,2.5839859260073985,9.461432414681934,71.07419562865094
305,216.44390493599784,4.810878023512185,0.858484857641288,2.5675319720359746,25.038923478230906,87.75011407978178
306,209.84696299448356,2.398961369143714,0.6514356927698555,2.4497494639107242,17.212049072261912,73.89568925253393
307,216.44390493599784,4.810878023512185,0.858484857641288,2.5675319720359746,25.038923478230906,87.75011407978178
308,216.44390493599784,4.810878023512185,0.858484857641288,2.5675319720359746,25.038923478230906,87.75011407978178
309,305.7134610108745,5.9314965401701105,0.5930652662836802,2.643594498170322,11.025955622296848,58.72036699217065
310,246.73540080320342,6.688569607074775,0.7813672638840289,2.312763199316134,12.88699177372939,53.285404496124436
311,275.3806563321816,7.336417115727826,1.0741588451844886,3.1052896770010054,23.335157300158713,95.37709212969492
312,216.44390493599784,4.810878023512185,0.858484857641288,2.5675319720359746,25.038923478230906,87.75011407978178
313,216.44390493599784,4.810878023512185,0.858484857641288,2.5675319720359746,25.038923478230906,87.75011407978178
314,289.3863228400932,7.038625450532519,0.8028289203021461,2.389942962020053,13.410694434962618,75.10624016044021
315,225.3214016595813,2.227036720134962,0.4651696092285052,2.378879477209818,23.48764971719043,69.67682032973842
316,212.42130331933177,3.4941455560777834,0.8161744654843563,2.5588075761353033,35.337330891386785,108.3781333390816
317,316.49460952838757,5.281266275305642,1.2363386075535117,2.9195505603813854,25.18918430360117,119.41652878566912
318,181.9772619347028,5.916135266758256,1.1230678225729014,2.5913824617638466,26.79986663132154,88.44536418685408
319,202.9556177335043,3.7962616750851326,0.7178135616687696,2.0943591294440878,15.575259323904985,99.15382175791154
320,216.44390493599784,4.810878023512185,0.858484857641288,2.5675319720359746,25.038923478230906,87.75011407978178
321,178.03695052307978,6.338534495145854,1.0692054170030791,2.5038345712443455,23.61278575968397,76.86274213673222
322,164.21369726790684,4.834366622879073,1.170401368579296,2.5627992401148108,29.77761796303324,97.31518885126657
323,216.44390493599784,4.810878023512185,0.858484857641288,2.5675319720359746,25.038923478230906,87.75011407978178
324,157.0128177641162,5.092185680382167,1.1812791388465762,2.4107705181343158,20.249173395741547,94.31763913575588
325,216.44390493599784,4.810878023512185,0.858484857641288,2.5675319720359746,25.038923478230906,87.75011407978178
326,182.57090714274426,3.2704672651488926,0.7177223074248982,2.4329998914780537,30.67823739235253,73.19846728986074
327,194.29238545024867,4.045778979229996,0.8265405235779323,3.024206426958695,28.8789677918434,122.12625010769473
328,210.87114351441596,2.343802153055246,0.7144482403675351,2.1651259413624127,21.193462646078792,71.0943900271992
329,207.338123549628,3.7827898055329965,0.7273183882840122,2.3348577673637143,11.798042531242157,96.81504748146202
330,216.44390493599784,4.810878023512185,0.858484857641288,2.5675319720359746,25.038923478230906,87.75011407978178
331,203.86858858557653,3.3544266629757526,0.6930059074394849,2.521578045384171,28.81229820663416,95.24418300815839
332,216.44390493599784,4.810878023512185,0.858484857641288,2.5675319720359746,25.038923478230906,87.75011407978178
333,216.44390493599784,4.810878023512185,0.858484857641288,2.5675319720359746,25.038923478230906,87.75011407978178
334,188.94556507526775,3.503551855519481,0.8397313488825059,2.124627815485768,11.812096249877802,62.35224675287547
335,216.44390493599784,4.810878023512185,0.858484857641288,2.5675319720359746,25.038923478230906,87.75011407978178
336,216.44390493599784,4.810878023512185,0.858484857641288,2.5675319720359746,25.038923478230906,87.75011407978178
337,214.6558081482992,2.0880618083524993,0.7511929011553282,2.48145920908828,51.98560708536649,83.73188724842744
338,220.54424615490416,12.21445444648964,0.9064921966903868,3.1943769516573717,24.406882633457585,88.84661566273326
339,216.44390493599784,4.810878023512185,0.858484857641288,2.5675319720359746,25.038923478230906,87.75011407978178
340,208.70510114988738,3.809271700296229,0.6080520220662222,2.3841056640780414,28.84138250440415,99.55980772293815
341,177.11201671599716,3.0202699178589407,0.6904200931929151,2.5350895667192543,27.923651366030914,99.67325844366566
342,210.2962286124646,4.0890565507421766,0.8223781054445639,2.835787165671176,19.969945356050758,84.0549023468751
343,319.9510568775512,6.523582118035092,0.6479403934925466,2.7160541282374315,11.767081208319317,73.95025437685764
344,171.67353883820573,4.1892114848786015,0.9765077421227346,2.396428999419109,29.024851783650888,76.92259281607404
345,216.44390493599784,4.810878023512185,0.858484857641288,2.5675319720359746,25.038923478230906,87.75011407978178
346,217.92554416824555,4.187298306771276,0.7328077963232318,2.288213203456868,18.80650643205201,108.2468525490387
347,198.16488800385164,4.178620857828614,0.8270121933544061,2.4818324002057293,12.10576924582689,63.0994074528918
348,216.44390493599784,4.810878023512185,0.858484857641288,2.5675319720359746,25.038923478230906,87.75011407978178
349,215.28957655442863,11.916711311421317,0.9360620328109807,3.0096967687354836,23.52838551949443,78.28328010114814
350,215.5137256938,7.049251322010117,1.1953731439581887,3.2169998431758753,30.45584724202545,101.71847695706958
351,209.31551583150093,4.490295699772231,0.7151773440542023,2.9746096969183227,42.934784432850435,103.04559726573648
352,238.53500939212023,5.0282339567595455,0.8013460644051524,3.06406805505155,22.01025957302297,105.38181831598716
353,212.74466285372893,4.19123826241578,0.7701671326347953,2.2868765025977065,33.07649871402498,71.06169354265981
354,146.14822542355182,4.407821609227218,1.0494913119157026,2.295672922022448,20.41706954001577,73.40012272937052
355,186.1028949237751,3.953785566114449,0.664131328318604,2.049909507260629,11.854918299502945,106.20726628807468
356,251.94856088679617,7.292933086789542,0.6216652357547737,2.611798825739286,12.558888034547884,75.80803006838978
357,216.44390493599784,4.810878023512185,0.858484857641288,2.5675319720359746,25.038923478230906,87.75011407978178
358,202.82296113154655,3.223907565201516,0.6225005459251851,2.4972675727680396,24.131608642330022,94.84679413151757
359,216.44390493599784,4.810878023512185,0.858484857641288,2.5675319720359746,25.038923478230906,87.75011407978178
360,209.32812213362772,3.8885266832733585,0.5625754252313092,2.6448307832591844,38.772939645953194,101.85987617270037
361,201.3618742578962,2.596551487804745,0.6963881412263844,2.2595563542523713,18.490717390563304,77.78051901885011
362,216.44390493599784,4.810878023512185,0.858484857641288,2.5675319720359746,25.038923478230906,87.75011407978178
363,199.35083249797663,2.7384709821911737,0.8017778839774724,2.506204067027915,33.40909790174655,89.92612221199613
364,216.44390493599784,4.810878023512185,0.858484857641288,2.5675319720359746,25.038923478230906,87.75011407978178
365,191.89878200584636,3.897140932349979,0.6887906287249675,2.4024113369004216,40.15486563657914,80.60817597000487
366,172.39293803029008,4.75286190322516,1.0913981856973334,2.394979444434902,22.872555870502037,91.16994568113186
367,231.19118943802127,5.758812536310592,0.8920288339753244,2.783833927393051,33.07181549627706,83.54859487758048
368,163.3485324314039,5.507362253048478,1.1606611550159038,2.5098567281779984,19.088445116391096,100.10238724076926
369,209.2928727450588,3.3053694869794232,0.7544162700788227,2.6866284640829217,23.30683835367531,99.14229786480239
370,162.18656141525975,3.813484024212815,1.1155607598301394,2.375456183954074,19.31056027999791,88.93578150467263
371,375.7682449773289,6.081477701428437,0.5980211841122219,2.601622112981722,22.81717909934398,74.21596674438835
372,193.3020893071966,3.9525586846988094,0.8268609355509001,2.5596113653067367,39.443862127802014,103.43657073590506
373,197.98517730030784,2.8107810897757766,0.6779633761489308,2.445322126881697,30.77968953778473,89.34009792389922
374,221.4105874420279,4.241048000749096,0.808410428672215,2.618680151736149,32.284309174437915,89.91201301938453
375,216.44390493599784,4.810878023512185,0.858484857641288,2.5675319720359746,25.038923478230906,87.75011407978178
376,216.44390493599784,4.810878023512185,0.858484857641288,2.5675319720359746,25.038923478230906,87.75011407978178
377,176.15297934476033,4.205842619648965,1.1165365655742476,2.657606467087122,22.900383446673512,86.8004931188933
378,216.44390493599784,4.810878023512185,0.858484857641288,2.5675319720359746,25.038923478230906,87.75011407978178
379,196.34087756164502,11.369889185229487,0.8979531082825184,3.041301946427894,20.641173181938935,74.53854957828514
380,205.56254665330093,3.6697818513094487,0.735957662990813,2.6945150253198125,35.938784365975046,94.7264681852307
381,161.12273238385046,4.35165159156653,1.1124947430847238,2.364126326313968,24.187907013854257,78.50218451366894
382,227.37997439536886,4.285204014949412,0.812881600802617,2.6376491384024505,22.583185822127803,80.96642426130116
383,208.18811237017403,2.55936039395947,0.667838608932808,2.226133613671257,32.06609741869346,69.90969550686066
384,216.44390493599784,4.810878023512185,0.858484857641288,2.5675319720359746,25.038923478230906,87.75011407978178
385,216.44390493599784,4.810878023512185,0.858484857641288,2.5675319720359746,25.038923478230906,87.75011407978178
386,399.76708435875,6.56002229828369,0.958786304547545,2.957177485169621,34.80928959349191,97.51716680774186
387,214.66925881290214,6.759850119101878,1.1030763734975362,2.8830094732087588,24.02888538516639,86.34838984422524
388,401.93816329134734,8.21856029754528,1.208867511681644,2.5596203395174006,25.59031065640813,75.1281101059261
389,216.44390493599784,4.810878023512185,0.858484857641288,2.5675319720359746,25.038923478230906,87.75011407978178
390,216.44390493599784,4.810878023512185,0.858484857641288,2.5675319720359746,25.038923478230906,87.75011407978178
391,174.52335553408471,3.2523444636699805,0.7023129379473,2.7249198191484174,25.102768361824552,120.89503606748553
392,216.44390493599784,4.810878023512185,0.858484857641288,2.5675319720359746,25.038923478230906,87.75011407978178
393,216.44390493599784,4.810878023512185,0.858484857641288,2.5675319720359746,25.038923478230906,87.75011407978178
394,140.8709445776244,3.8342156479925227,1.0178680058990894,2.410753630349804,10.56287320483293,66.87037431528744
395,216.44390493599784,4.810878023512185,0.858484857641288,2.5675319720359746,25.038923478230906,87.75011407978178
396,216.44390493599784,4.810878023512185,0.858484857641288,2.5675319720359746,25.038923478230906,87.75011407978178
397,220.81498099477625,2.9062043131928808,0.8095477465859323,2.389362521693436,33.608235850602924,80.39240855881988
398,156.64855443894194,4.358768380423203,1.0269287816011827,2.3646128356020473,27.530158072804635,78.41242898462579
399,210.3992984591814,2.323467639445824,0.6184547279463537,2.387515036356674,21.429583934303466,86.52279435179169
400,237.47617350904213,7.3125488202720765,1.1955599227902782,3.02525529351381,37.450988909756816,98.43642298187338
401,210.08668512653236,3.9747202722526547,0.7040928427960801,2.731195342957967,38.82944247632589,94.4622082051294
402,177.48829332387413,6.254790549832761,1.7694958482302237,2.505914901517452,21.169479154814816,89.39231063456235
403,216.44390493599784,4.810878023512185,0.858484857641288,2.5675319720359746,25.038923478230906,87.75011407978178
404,216.44390493599784,4.810878023512185,0.858484857641288,2.5675319720359746,25.038923478230906,87.75011407978178
405,190.60700020781172,4.939686446001082,1.1895767962019153,2.727630843888677,20.186857022006805,126.4224892837035
406,180.99612899251852,3.837275412593815,0.8444430710583011,2.41512236506816,8.857955303995038,62.100228095335126
407,216.44390493599784,4.810878023512185,0.858484857641288,2.5675319720359746,25.038923478230906,87.75011407978178
408,355.0794045437034,4.515959231928623,0.8314269316398765,2.6216603558522125,20.67164949246648,66.24302718546734
409,228.96600768501355,6.663992798443948,1.3039023886973113,2.733575461998297,37.83199750136737,90.41829407523377
410,248.3138529712119,8.790376294353115,1.1870025927398884,3.2297112071640326,31.055812562044643,102.8699959211118
411,216.44390493599784,4.810878023512185,0.858484857641288,2.5675319720359746,25.038923478230906,87.75011407978178
412,205.70511401951308,3.8627913490099024,0.7925023473373494,3.0459735758723987,25.97131338675922,104.40674021099164
413,216.44390493599784,4.810878023512185,0.858484857641288,2.5675319720359746,25.038923478230906,87.75011407978178
414,216.44390493599784,4.810878023512185,0.858484857641288,2.5675319720359746,25.038923478230906,87.75011407978178
415,216.44390493599784,4.810878023512185,0.858484857641288,2.5675319720359746,25.038923478230906,87.75011407978178
416,297.86476275192894,5.99259523836032,0.5804525289030835,2.5951606440504698,24.73775582997093,58.86613638704304
417,216.44390493599784,4.810878023512185,0.858484857641288,2.5675319720359746,25.038923478230906,87.75011407978178
418,216.44390493599784,4.810878023512185,0.858484857641288,2.5675319720359746,25.038923478230906,87.75011407978178
419,331.830297742031,4.957339345670048,0.7127489135107287,2.9701798588214197,38.17283114755872,93.34545069511906
420,216.44390493599784,4.810878023512185,0.858484857641288,2.5675319720359746,25.038923478230906,87.75011407978178
421,179.94261354633085,4.304396589921798,1.1394517545154252,2.541772797448986,13.230470504004856,72.4729386221289
422,216.2075354957538,3.595868959966455,0.7106176875995317,2.5585633336684666,31.97564017585136,70.08661999142296
423,208.483093677412,3.288761081024802,0.756769615421713,2.614514675131216,22.63579256028281,82.11599395655033
424,211.47460949050375,2.8648821559819555,0.6955917784159503,2.527268304748467,21.112053160647818,92.64478457945184
425,192.3616331437694,2.4064073753328405,0.7012472829213453,2.375007924828613,24.672176626580693,97.9010827144404
426,206.89038572767552,2.6353584689719183,0.6328932355570344,2.17212845501453,24.8325416731929,78.56527036637137
427,231.754668172853,11.320999019124015,0.872417228023327,3.598720340186547,28.52488897267748,100.93084498488172
428,212.7088453728779,3.59910010965914,0.5671460692934309,2.2202890447574366,25.466236477349362,73.74744661004753
429,212.84030531377422,6.795161936748412,0.6617256569530158,2.314733533224339,21.274219910230848,67.57920028959761
430,216.44390493599784,4.810878023512185,0.858484857641288,2.5675319720359746,25.038923478230906,87.75011407978178
431,198.65565200233183,4.4742668570599875,0.9911900197291948,2.50540726384165,27.813779143163835,69.71467794786463
432,201.67476891456408,5.953139643347622,0.8467524547749125,2.861635549504252,25.376109606065963,85.45880537944014
433,216.44390493599784,4.810878023512185,0.858484857641288,2.5675319720359746,25.038923478230906,87.75011407978178
434,223.9435703664729,4.170988391625333,0.7419088164186574,3.004421740661093,37.81255823865084,109.09533610514318
435,170.94330234693103,5.316522963072617,1.1129939281269055,2.797576989073226,22.3354453797705,88.80404880550049
436,259.6162980264226,5.325087266999824,0.523531190476991,2.571337620096644,26.86758385667597,63.1470063383352
437,216.44390493599784,4.810878023512185,0.858484857641288,2.5675319720359746,25.038923478230906,87.75011407978178
438,216.44390493599784,4.810878023512185,0.858484857641288,2.5675319720359746,25.038923478230906,87.75011407978178
439,255.35278828551284,3.5397684586882376,0.8347419955029864,2.5673344504393594,21.920986203235167,99.44162918339613
440,216.44390493599784,4.810878023512185,0.858484857641288,2.5675319720359746,25.038923478230906,87.75011407978178
441,244.65461786767693,6.360291012307148,0.7699061666963761,2.5085386200451474,12.666333298363964,69.03042105932916
442,216.44390493599784,4.810878023512185,0.858484857641288,2.5675319720359746,25.038923478230906,87.75011407978178
443,265.9563164047319,6.984388151716366,0.7969093171636215,2.3550601646459364,12.347254475781352,74.10403466271462
444,184.91700845834507,3.6742477905212843,0.7250563173241472,2.6816413508116823,30.41995129952673,105.44835523208253
445,133.21990974919444,3.9441991989070466,1.0707001221124826,2.5047993909575803,9.638394045698995,69.30373636197864
446,184.83174803779474,3.66728908711938,0.7659395677545193,2.550320939561327,34.84275454294897,106.90528207240158
447,216.44390493599784,4.810878023512185,0.858484857641288,2.5675319720359746,25.038923478230906,87.75011407978178
448,180.8352956961501,5.10201113896888,1.0733730060915692,2.6588192706890146,20.586102687864418,85.31446089222632
449,196.09750820869627,4.516978256251808,0.7048252409097844,2.9563013624475496,27.390436893405145,109.78071423959233
450,217.50966654526516,4.8666462053395,1.1959681849886263,2.5324711250840473,27.945416922768057,118.5935191502705
451,218.87313159911733,4.598930146687128,0.8278367325872577,2.713896794158263,21.011306175324187,83.00567464853324
452,274.93791020099604,6.242247269825214,0.6698863030911041,2.580271363035581,21.050437887249892,77.13198627073713
453,240.43727462279816,3.8206430728929552,0.6127813608321315,2.9019757325827102,45.01742116776074,116.97698675438477
454,189.377220468917,3.7652731405247186,0.9064622469726764,2.0280990740842126,17.95596636092985,75.99076851146141
455,216.44390493599784,4.810878023512185,0.858484857641288,2.5675319720359746,25.038923478230906,87.75011407978178
456,200.62041439406022,5.416685318175017,0.6658119279494468,3.03247978045328,40.927364195440006,101.17920860309073
457,186.5614075186573,4.635040410729113,1.1613236886479412,2.7291080953026197,22.952336669501342,81.70187703789288
458,216.44390493599784,4.810878023512185,0.858484857641288,2.5675319720359746,25.038923478230906,87.75011407978178
459,347.620719105351,6.173805573705963,0.5980023279558956,2.4741167011679033,17.10233878837934,73.49401131469845
460,216.44390493599784,4.810878023512185,0.858484857641288,2.5675319720359746,25.038923478230906,87.75011407978178
461,214.97889088990627,5.738810256264597,0.9749878572799483,2.6326469544324267,21.67852185117046,68.82737345996244
462,216.44390493599784,4.810878023512185,0.858484857641288,2.5675319720359746,25.038923478230906,87.75011407978178
463,216.44390493599784,4.810878023512185,0.858484857641288,2.5675319720359746,25.038923478230906,87.75011407978178
464,209.2412774157666,2.251750179375923,0.7595114479665703,2.4013879581490154,27.605206278297867,77.88489887746726
465,213.28956266805358,6.529769402491933,1.2032111475221898,3.1230658500724044,27.151540287559293,89.27935276769834
466,182.38128847438256,2.9122185509848264,0.6470154758067268,2.575249884010109,33.52865477870469,86.36091384562252
467,245.5090462523388,6.412010485910219,0.7650980239401788,2.476192298156077,13.991144260916416,77.2990292800096
468,201.321468708204,3.830957662910692,0.7572264151344158,2.113258445417897,9.7438386717103,96.76094162945026
469,216.44390493599784,4.810878023512185,0.858484857641288,2.5675319720359746,25.038923478230906,87.75011407978178
470,157.28335952987658,5.26104277647389,1.1532186313659367,2.42099181499359,25.138945114192808,90.19324814553038
471,216.44390493599784,4.810878023512185,0.858484857641288,2.5675319720359746,25.038923478230906,87.75011407978178
472,213.38211574200147,5.403562472609266,1.014920666317374,2.5390466608648747,33.88847063502067,87.26089182878745
473,216.44390493599784,4.810878023512185,0.858484857641288,2.5675319720359746,25.038923478230906,87.75011407978178
474,246.24654195452422,2.804493423290032,0.638851997654789,2.3337220178143423,26.720461731240746,76.46523143898695
475,197.2690730936053,5.172126512862177,0.9863887624102285,2.3810931523129293,21.51596424618298,93.47095773317112
476,269.55566732423284,10.876311561361906,1.191790789712631,3.35716536060377,26.5638806162206,88.54246900335099
477,158.96285442673218,3.934840239407803,1.1083577408222585,2.3904707268514125,22.90165569098245,85.99404563778477
478,172.5089879673702,6.06818272849608,1.172202748432275,2.7228741393886113,23.40339879092617,102.00372430530892
479,219.46977234916972,2.4027619649050775,0.4405973898566081,2.4136292769983423,29.26550481073015,89.23133426057596
480,208.82699277684327,3.2735121547773605,0.6217178082930792,2.3446237699713404,32.61426695750091,101.7269730081946
481,440.331701377858,6.8104947448746325,0.931720526497247,2.4031991517648996,29.901658500507246,87.19465207951195
482,216.44390493599784,4.810878023512185,0.858484857641288,2.5675319720359746,25.038923478230906,87.75011407978178
483,216.44390493599784,4.810878023512185,0.858484857641288,2.5675319720359746,25.038923478230906,87.75011407978178
484,268.4681412796577,3.6726363022627293,0.7766009253815714,2.6775301685299935,39.93385910228836,105.3492291960584
485,216.44390493599784,4.810878023512185,0.858484857641288,2.5675319720359746,25.038923478230906,87.75011407978178
486,154.8912788361336,5.59140319538491,1.1568019782236894,2.3813234307208173,21.68303708822412,93.64728048244272
487,216.44390493599784,4.810878023512185,0.858484857641288,2.5675319720359746,25.038923478230906,87.75011407978178
488,190.23056318224167,3.155621589333369,0.7485678438360044,2.447845508679234,26.588070339127956,73.25359454876023
489,209.74928327259602,3.830946476758415,0.6757223983801548,2.834990798392998,48.24052310497859,90.25050399747711
490,216.44390493599784,4.810878023512185,0.858484857641288,2.5675319720359746,25.038923478230906,87.75011407978178
491,207.4591949368987,4.910873085367223,0.7693942763232628,3.032025629509336,35.984258801997804,116.80409928535475
492,134.34899150228702,3.760993126524913,0.9915764945465597,2.492602187577304,10.63229433785509,70.40168924291966
493,216.44390493599784,4.810878023512185,0.858484857641288,2.5675319720359746,25.038923478230906,87.75011407978178
494,208.08581785428004,2.8957188920906276,0.624954683860971,2.7083905120444776,26.558869474789415,90.9936011507872
495,250.59788244532024,4.513757471960035,0.7441153508003032,2.6202698957089092,38.622860840260245,110.48121214453418
496,216.9091710595787,4.103259089933337,0.6828543060535766,3.0675868791361776,23.232026843099064,103.41189800437448
497,186.0387469708468,4.268750526984942,1.0775391042169284,2.491824785976611,13.940579724611577,64.7937578816031
498,167.67563009135546,4.14794910778482,1.117524803362348,2.5250607483232907,10.181931866650507,65.85944127133432
499,129.17029476330327,3.9076851724434567,1.0752917039109047,2.4891503023733286,11.537140827979039,73.05772610890942
500,172.92531160137275,6.834663938194655,1.2212760974673131,2.492928674888984,23.51889620055976,90.22700771151324
501,190.20482983727737,3.819367253746686,0.7629384403842175,2.9682177337834967,29.07635861299015,109.71645707064845
502,216.44390493599784,4.810878023512185,0.858484857641288,2.5675319720359746,25.038923478230906,87.75011407978178
503,215.73616837553976,4.4452225709735504,0.8420041310771677,2.336808939563801,29.13667932036256,62.56976230145071
504,178.3526651652895,3.4737122341051005,0.8501031899726907,2.5701038587675105,40.48287537908151,106.27944774140599
505,216.44390493599784,4.810878023512185,0.858484857641288,2.5675319720359746,25.038923478230906,87.75011407978178
506,258.2586951661276,10.419278449367573,1.035775290169875,3.2811939755007153,30.929850939093207,93.85293429166585
507,282.6549421904528,3.077660279502842,0.5048974174450603,2.817400294153775,19.75227810581108,102.15040468283154
508,256.18016435979507,6.360260749889606,1.1325356599561298,2.8903250229188924,38.83043940766248,95.62512539365386
509,216.44390493599784,4.810878023512185,0.858484857641288,2.5675319720359746,25.038923478230906,87.75011407978178
510,196.7236747470556,4.652993756750561,0.7103153220898857,2.2308140131135823,10.333466996592698,96.78518037985904
511,216.44390493599784,4.810878023512185,0.858484857641288,2.5675319720359746,25.038923478230906,87.75011407978178
512,209.4833752534846,1.9454688293538294,0.5426639650520633,2.2569044253541577,21.880813926212703,71.83280571077779
513,227.72746187119182,3.440830688388496,0.6521633080693352,2.479770789971198,25.07114686059826,90.298333602165
514,381.4954928880578,6.7351582174657745,0.6138397750810984,2.7488440733242068,29.921821655484997,70.65905658740363
515,203.65772075281114,3.1635736918474584,0.5775687718509419,2.5700982269343964,34.81296217092399,99.8972833459304
516,157.13632286310548,5.0526686059722365,1.0433362713858638,2.5010232798451115,22.75516464889938,99.2388477185664
517,224.46000170737994,3.4193199052716747,0.7487811101094038,2.7446758962399445,35.56563983469556,105.7682414605232
518,216.44390493599784,4.810878023512185,0.858484857641288,2.5675319720359746,25.038923478230906,87.75011407978178
519,203.93381564060437,6.313436665253685,0.751671321472316,3.190476811332098,19.91776412894276,101.27830705951789
520,228.76468000613917,3.252486797945951,0.6436594095022611,2.557315748606839,20.541527306018892,96.09348906970361
521,289.3656780277773,7.71873923734746,0.689875027564973,2.4412113995100126,12.734755110018858,61.24430018376935
522,196.09933800683726,3.7839458316488352,0.7055315853003707,2.6747556170338678,32.44411136418244,86.59187853235527
523,256.45737134745303,6.410016057118038,0.645619156082782,2.3199797811907126,12.782616683462376,60.53235215381505
524,247.2947115975538,6.621086865711335,0.8465600158613531,2.282740180948405,11.730618318775486,73.51479309193992
525,392.57878344087936,6.140775116746411,0.5945467054332523,2.67400368233064,32.77002390099991,65.72988787478133
526,216.44390493599784,4.810878023512185,0.858484857641288,2.5675319720359746,25.038923478230906,87.75011407978178
527,267.6536264907361,5.354167371025326,0.8640910614949535,3.215851652242545,27.22129645275468,70.24303764733347
528,167.78835964148382,12.24046130005186,1.1963051402423204,2.4662838470053243,24.558703043013836,96.12512979646533
529,151.67372363023478,5.630355963509903,1.1681460162612278,2.4045234994314706,21.939266321632726,95.92993028611001
530,202.4215683937375,2.2549346134045574,0.8006784628071699,2.4095134211845872,19.93016231099452,71.0840785089832
531,293.25891514088767,5.5119845479973035,1.068957224090569,2.8390036271693484,36.010689434062826,77.8292658104124
532,154.16496262744366,3.5713588887399053,0.8949197231734524,2.306981649056572,9.984934633245887,62.177700257024625
533,181.35601078198454,4.38131225767842,0.8445638302226154,2.0541282899683457,9.898341815833689,94.10401879728887
534,216.44390493599784,4.810878023512185,0.858484857641288,2.5675319720359746,25.038923478230906,87.75011407978178
535,216.44390493599784,4.810878023512185,0.858484857641288,2.5675319720359746,25.038923478230906,87.75011407978178
536,241.4024963990149,6.739956119647075,1.1228269184015942,2.8077123354873073,21.49945727604779,99.66549023163631
537,307.92688484424696,6.869916711560798,0.6012088061202013,2.759776006566459,15.198481273971058,84.01293525232664
538,299.1294777211968,6.921029944808521,0.8286706659078051,2.6354893152256627,21.50747247335359,78.31170132751976
539,216.44390493599784,4.810878023512185,0.858484857641288,2.5675319720359746,25.038923478230906,87.75011407978178
540,178.06432783376485,4.049775159115855,0.9456698117773524,2.4887994748656013,10.76399057918112,60.15744725141377
541,320.7398292051505,6.564037366076919,0.9850477294262256,3.0392221865778652,31.684353615060328,87.38970014006837
542,216.44390493599784,4.810878023512185,0.858484857641288,2.5675319720359746,25.038923478230906,87.75011407978178
543,171.76405878548678,7.622075318429539,1.0516148824715006,2.515928971127314,30.995627970644954,85.3904671289913
544,168.10270331389873,4.054927924596137,0.8331329836616606,2.4987366422383808,12.456495528889368,59.98773071535183
545,218.54243528250524,3.63016231318773,0.6506302381836107,2.532462732289357,20.997559736910034,106.01649143538593
546,203.36862560168805,2.551920783073169,0.5909353998186435,2.390399182116765,22.36309442175829,69.27233101180019
547,141.01167549711553,3.9773605806006627,0.9202953463938063,2.514068346208624,14.782588610296512,63.32181122278892
548,180.42028531982442,3.5418423553250924,0.9807704848925637,2.145062175637856,9.031078601067128,100.15777488739225
549,235.36117675049587,6.893003779036187,0.6883918219229271,2.3800076845765075,12.70241785997038,71.70028099262255
550,216.44390493599784,4.810878023512185,0.858484857641288,2.5675319720359746,25.038923478230906,87.75011407978178
551,218.77024082713422,6.566692009131384,1.113527069864696,2.5615062927859737,33.050623313253894,76.26508246000247
552,216.2713980863427,4.41860837655079,0.8054874931273714,3.0496222808808393,46.73252641918559,132.99486228276496
553,222.04128640756488,4.931512496271887,1.0777123811839782,2.524211653858338,30.146224243017976,77.53492592281133
554,299.7490206709474,7.69132132643738,0.6216251464852872,2.6099559748651195,12.09345208664813,67.5252734826965
555,232.55519263217323,3.789639516997612,0.6601690492256739,2.6808240930982885,18.937170605610397,84.89001844625115
556,242.64577243516786,3.875090747204008,0.6668880521694261,2.476426217058779,19.514462310222783,79.44266273956538
557,237.4011892889086,2.8555642217473864,0.6085043359275473,2.5799076571403163,19.83089922369527,83.70080903347296
558,225.28502224423332,4.709200094152361,0.726462952000597,2.3890857954788394,12.443412228404206,112.94143179780704
559,196.90437894799047,4.918525929757231,1.0252709497501173,2.4855636034268156,35.382423599673274,74.5966305312576
560,216.44390493599784,4.810878023512185,0.858484857641288,2.5675319720359746,25.038923478230906,87.75011407978178
561,216.44390493599784,4.810878023512185,0.858484857641288,2.5675319720359746,25.038923478230906,87.75011407978178
562,232.03396593371247,8.198308262836177,1.0622434316664744,2.5766785975332374,23.398112688178188,107.6058418335193
563,216.44390493599784,4.810878023512185,0.858484857641288,2.5675319720359746,25.038923478230906,87.75011407978178
564,216.44390493599784,4.810878023512185,0.858484857641288,2.5675319720359746,25.038923478230906,87.75011407978178
565,225.44856517965545,4.1981680529473815,0.8506681744519465,2.5586952105269045,17.524024854745708,68.65097292300354
566,216.44390493599784,4.810878023512185,0.858484857641288,2.5675319720359746,25.038923478230906,87.75011407978178
567,216.78539804186406,5.488479215138619,0.8609850349928528,2.3310915556565215,24.653164043372495,64.68494698843652
568,231.98240295940852,2.7596896013647862,0.7039003985119795,2.3469240673505407,29.741331858949476,76.78816756680385
569,224.7707659979753,4.260952909074721,0.7397537869410936,2.28587995094957,27.475488602354332,85.795099427165
570,216.44390493599784,4.810878023512185,0.858484857641288,2.5675319720359746,25.038923478230906,87.75011407978178
571,207.2580923446461,2.978618917176514,0.6138893159192018,2.4491674676580737,36.860094112239594,86.73561782862126
572,219.45660691772574,3.6443292281951467,0.6550858780169154,2.553245615340945,30.3792311805703,103.99148401921218
573,172.5122315274341,4.531951995929843,0.6726842935193792,2.686742270088471,32.45060542495413,103.91792441380701
574,204.78663091925858,4.689583651772239,0.7791437337572398,3.0510269489000637,43.833273682714314,120.2893813825434
575,196.51817663111422,3.676161269964359,0.7125003110435023,2.929110589796765,40.53894466360554,104.68260285080086
576,244.7540906907616,6.214728598546399,0.7446637692961684,2.4349881637317714,13.1508459654242,70.2219359046125
577,167.00332184662838,4.786701194610341,1.1071486675186875,2.5531637149654993,29.073875628814633,86.30141564528643
578,223.77760394224978,5.722190377360086,1.090342266950724,2.972175252156821,27.828384338692732,114.21176277304984
579,152.39086293229175,3.8279243837965686,0.9696519224974058,2.492704127684644,10.715555532622979,64.66463805680861
580,262.6636886142872,6.374213006662994,1.088284835629236,2.6810309257068594,39.6503870238365,95.51387390974307
581,216.44390493599784,4.810878023512185,0.858484857641288,2.5675319720359746,25.038923478230906,87.75011407978178
582,218.90791373038223,3.818076211820655,0.6738983149687345,2.3827676332647383,16.718569076603664,81.49554859415201
583,216.28763568507847,7.193654253410656,0.8741277180059737,3.6043302816634837,23.142813046628604,76.6295013654354
584,216.44390493599784,4.810878023512185,0.858484857641288,2.5675319720359746,25.038923478230906,87.75011407978178
585,216.44390493599784,4.810878023512185,0.858484857641288,2.5675319720359746,25.038923478230906,87.75011407978178
586,206.7627939396603,3.566476197164515,0.7174129553736314,2.8838635141242164,31.54797304350542,106.69727010890955
587,210.86953931442284,3.422508203642209,0.7278786485840705,2.6783877276753234,48.532857185124115,88.02360005185972
588,168.5468934754121,4.715284196825541,1.0559362926268976,2.4365760457175014,19.83264960386169,73.68910329650448
589,224.1016289751599,3.55035682930498,0.7383571107640267,2.686380095244614,24.92893994834425,103.2344427114209
590,216.44390493599784,4.810878023512185,0.858484857641288,2.5675319720359746,25.038923478230906,87.75011407978178
591,162.3462397022169,4.243361790529149,1.1790758102095067,2.3681535794787285,21.01744664135479,85.23574440101785
592,216.44390493599784,4.810878023512185,0.858484857641288,2.5675319720359746,25.038923478230906,87.75011407978178
593,245.1023744132238,4.958581064438472,0.916176910953963,2.7186218319114923,39.264480347604184,88.43687931989291
594,216.44390493599784,4.810878023512185,0.858484857641288,2.5675319720359746,25.038923478230906,87.75011407978178
595,210.6449882501127,3.0816668228054853,0.5504134013768144,2.4978890433469614,29.43892524858351,101.906693517436
596,197.72667317578288,4.4234577025223984,0.7749265747677393,2.2010670650478827,11.04495797530419,82.50519382381711
597,216.44390493599784,4.810878023512185,0.858484857641288,2.5675319720359746,25.038923478230906,87.75011407978178
598,211.0336067291458,7.21311904718355,0.7379972974860777,3.2255085545387105,36.330491652710535,94.79888366583202
599,148.17814973570972,5.016995013001083,1.0904204845445093,2.3918430989723167,28.038448411959024,96.70317769526984
600,216.44390493599784,4.810878023512185,0.858484857641288,2.5675319720359746,25.038923478230906,87.75011407978178
601,220.07501344424196,6.26552550562258,1.1379729838059474,2.8257686374284607,34.012312376158405,76.54653922661323
602,204.3485426935059,3.675755878992018,0.6315870615873479,2.3432967351109952,29.5383640092179,93.69186418505953
603,221.92392048528413,3.691817045218342,0.7122275600422125,2.49508434508234,42.292407284026126,95.45641923803333
604,222.76973858996067,3.9414466970112074,0.8336133930785382,3.3039980436594836,17.710074975892347,77.43258614115082
605,425.31923342032263,7.0567815082174965,0.6717628766148525,2.920112956266693,23.820903485108534,74.71549133357284
606,136.92325729794692,4.036104930434386,1.3185469187464103,2.4954531518513074,11.223407655216405,65.09583471512089
607,202.90315498000402,2.348797252896706,0.6012053260968862,2.13298431992282,29.222542995936806,69.05614913009698
608,217.71166314806183,3.946368280181215,0.6273842260420297,2.3570992620532007,15.102731754495615,100.35300682406968
609,216.44390493599784,4.810878023512185,0.858484857641288,2.5675319720359746,25.038923478230906,87.75011407978178
610,198.22361744517863,4.380831415979343,0.9734483799293376,2.2443651070111916,13.074851089734256,114.38877416397175
611,197.87682105240523,4.101787864994026,0.7701207492802838,2.9854760466458274,22.88664964896314,104.89071780308231
612,171.00463086033344,4.715675368941574,1.1866869384996759,2.767560052849245,19.250378648726464,103.45668140366107
613,207.87911140149893,2.554948817128718,0.7849222759923457,2.2254731591136294,21.605926453891264,69.19919409702672
614,213.27429711845383,3.869415807269063,0.802146342186696,2.646217965849055,25.491810884860584,124.7539474519603
615,265.7393330877248,3.0326892354405253,0.7017111568628979,2.599803593612242,30.18217661849509,109.80371052673989
616,216.44390493599784,4.810878023512185,0.858484857641288,2.5675319720359746,25.038923478230906,87.75011407978178
617,146.5411612021452,3.8840451085616934,0.9680991914388385,2.486103262213948,11.292573568823542,62.86374858034746
618,254.73916987750343,6.748826689344752,0.7875872033808825,2.4068588796067365,11.19386291271832,76.60760230707588
619,193.82368674444038,3.440219935919657,0.7431346850081992,2.6340431254700336,47.30061266671043,103.83369734138111
620,216.44390493599784,4.810878023512185,0.858484857641288,2.5675319720359746,25.038923478230906,87.75011407978178
621,216.44390493599784,4.810878023512185,0.858484857641288,2.5675319720359746,25.038923478230906,87.75011407978178
622,237.0260185054217,4.085008636609008,0.6498157567986231,2.394238033388644,12.806185541245162,100.44473953744699
623,346.10858701122856,3.9841190984384443,0.8220792105313863,2.5844356339177175,33.88264151155789,89.56028548237641
624,221.16999768052534,4.508065137367596,0.869736158171739,2.3370237777334064,13.027064192528474,93.19121887238721
625,229.07868858788393,6.8798873968850645,0.9837269744582561,2.9829297161904647,32.1260032636062,105.17692061696667
626,192.61296674949662,3.635736272717916,0.6016664560481567,2.5157520741812287,36.99740830416213,106.0022148571996
627,247.46282979817383,3.336391809216257,0.61747967110431,2.4531495936941843,41.83950068131526,78.16375917883575
628,190.30312728829804,4.208656543631828,1.0927014979961536,2.525844260222964,13.855982055392333,67.62319093208573
629,207.3709750992957,2.960377370827919,0.656165894741375,2.3554363855597704,43.22738618075686,71.6886394282739
630,216.44390493599784,4.810878023512185,0.858484857641288,2.5675319720359746,25.038923478230906,87.75011407978178
631,197.97315845889347,4.3764859511460985,0.7044754172797381,3.009430967242122,30.436901761664867,102.45643172358946
632,216.44390493599784,4.810878023512185,0.858484857641288,2.5675319720359746,25.038923478230906,87.75011407978178
633,216.44390493599784,4.810878023512185,0.858484857641288,2.5675319720359746,25.038923478230906,87.75011407978178
634,216.44390493599784,4.810878023512185,0.858484857641288,2.5675319720359746,25.038923478230906,87.75011407978178
635,168.79038734167864,6.009825136458848,1.1113913248208076,2.4590458335617575,26.190498979144394,74.86723183001051
636,216.44390493599784,4.810878023512185,0.858484857641288,2.5675319720359746,25.038923478230906,87.75011407978178
637,172.10493373261662,5.461153572058305,1.1163403435183858,2.6755234269360515,22.093231080004017,91.78873160374764
638,163.10374044062954,7.553594674097628,1.1725754279497425,2.407013429110272,25.530270129951646,86.48116261422383
639,216.44390493599784,4.810878023512185,0.858484857641288,2.5675319720359746,25.038923478230906,87.75011407978178
640,235.45058118678233,6.228480749704893,0.763727280333334,2.4591925573916544,12.696958757533599,73.61897795504542
641,171.82235725382128,4.483713462713162,1.0119629346855499,2.3373579650008462,28.971305614829646,95.89397697581194
642,216.44390493599784,4.810878023512185,0.858484857641288,2.5675319720359746,25.038923478230906,87.75011407978178
643,183.30906874114024,4.2891507847729295,0.9558835962978881,2.106964639982824,9.700644611591393,86.19006116057373
644,216.44390493599784,4.810878023512185,0.858484857641288,2.5675319720359746,25.038923478230906,87.75011407978178
645,232.1570532613495,3.6011434111829277,0.7089424238572495,2.590498335857068,32.23240759812199,106.36591772380561
646,166.80419454360458,4.5924693961980765,1.0465131663965326,2.4439658200947574,25.92862022518511,100.61295138454854
647,146.89154545256008,4.369642295536225,1.062606758430687,2.321462298421945,24.6975030702952,88.68901837884475
648,216.44390493599784,4.810878023512185,0.858484857641288,2.5675319720359746,25.038923478230906,87.75011407978178
649,164.09859712017058,7.838387473498139,1.165726191745776,2.4148988120528836,25.956198319964916,83.60120851107774
650,177.90475624544908,3.429476342075304,1.0446645828940198,2.4739198645297744,21.81958996091896,81.1325088296928
651,261.1829276733629,3.6103304809391012,0.6298110797078466,2.403492719886047,20.67972877831113,86.31844860632879
652,163.97206461576232,5.212670272070962,1.1191516387703815,2.535431281916012,27.24940835154407,87.90546393307709
653,216.44390493599784,4.810878023512185,0.858484857641288,2.5675319720359746,25.038923478230906,87.75011407978178
654,189.67817418648298,3.996553370607425,0.9747062951236344,2.212289294521118,10.91287539899047,125.54839238518724
655,196.75748569137167,3.2113084908862035,0.7163595814542115,2.3599194233750587,29.308171276036155,74.28866719017797
656,205.29918239912308,5.166181084608567,0.77355238963301,3.0070169883310833,35.21112564392573,113.08945282646572
657,216.44390493599784,4.810878023512185,0.858484857641288,2.5675319720359746,25.038923478230906,87.75011407978178
658,223.83568666484948,3.2053412648013717,0.683735714775321,2.529390648100938,30.906563864813222,107.63109430672296
659,249.4102266287079,6.531198472474962,0.7340929481575196,2.213091224654855,11.12941770266805,56.85247790854294
660,216.44390493599784,4.810878023512185,0.858484857641288,2.5675319720359746,25.038923478230906,87.75011407978178
661,193.73832667763773,3.0429969387198126,0.603388280412144,2.3767306367147216,29.719896056967805,83.69232664102405
662,216.44390493599784,4.810878023512185,0.858484857641288,2.5675319720359746,25.038923478230906,87.75011407978178
663,211.98122939644742,6.267241766552908,1.1143761731869433,2.980390364166969,35.41043142696493,102.04402152376377
664,216.44390493599784,4.810878023512185,0.858484857641288,2.5675319720359746,25.038923478230906,87.75011407978178
665,193.75082900561,4.304396589921798,0.9752500539840723,2.4892352938086604,14.543942771227425,64.14988954851107
666,230.86764749670252,4.8881624408040025,0.9232136545717362,2.3925048534651188,11.867271496645547,105.55707623435639
667,208.84686633156477,3.715358864031368,0.6955877225641682,2.560421104132706,24.477714782087816,111.39646843424632
668,215.2769784330982,3.0952848607250774,0.49948471670050454,2.4969933516560627,41.54617981674709,92.61447836309488
669,216.44390493599784,4.810878023512185,0.858484857641288,2.5675319720359746,25.038923478230906,87.75011407978178
670,205.886508205105,2.5975176184795976,0.6420268695185449,2.2472331994579453,23.89836430348212,69.64074582179462
671,207.01666482518507,2.2783791652561813,0.7532619162417833,2.6021931940458725,25.646120032149824,80.825299203448
672,212.57862433735338,4.70393364292017,0.9610828058452818,2.6826325379704286,32.6691484820535,106.7477708362236
673,216.44390493599784,4.810878023512185,0.858484857641288,2.5675319720359746,25.038923478230906,87.75011407978178
674,209.00495271316768,5.27111837486284,0.9465275236224258,2.9467841614070553,17.099235094867318,96.21817135254761
675,216.44390493599784,4.810878023512185,0.858484857641288,2.5675319720359746,25.038923478230906,87.75011407978178
676,216.44390493599784,4.810878023512185,0.858484857641288,2.5675319720359746,25.038923478230906,87.75011407978178
677,181.01553900518536,3.5471570060238897,0.6725126122736472,2.6035096849862005,33.23436622018205,97.59659946419814
678,216.44390493599784,4.810878023512185,0.858484857641288,2.5675319720359746,25.038923478230906,87.75011407978178
679,178.7511598140106,3.979171675877925,1.0589717247548318,2.5690863349098048,24.208051665945693,91.200024700974
680,214.91310811308256,4.633578424227357,1.0565828878140429,3.2636471032056,31.791897912772562,79.66810816845823
681,216.44390493599784,4.810878023512185,0.858484857641288,2.5675319720359746,25.038923478230906,87.75011407978178
682,186.26015426910848,3.3319362483061394,1.1235258798250016,2.2775054092192484,28.014964072028214,100.20487067356022
683,216.44390493599784,4.810878023512185,0.858484857641288,2.5675319720359746,25.038923478230906,87.75011407978178
684,216.44390493599784,4.810878023512185,0.858484857641288,2.5675319720359746,25.038923478230906,87.75011407978178
685,213.80957653187832,4.669473974299704,1.0858694104709254,2.672775652850445,30.085024332446658,79.64429174469191
686,216.44390493599784,4.810878023512185,0.858484857641288,2.5675319720359746,25.038923478230906,87.75011407978178
687,169.80158591525864,4.1400964880492825,1.1224917678299777,2.4494703778725566,19.59323344937122,79.51871859284871
688,216.44390493599784,4.810878023512185,0.858484857641288,2.5675319720359746,25.038923478230906,87.75011407978178
689,216.44390493599784,4.810878023512185,0.858484857641288,2.5675319720359746,25.038923478230906,87.75011407978178
690,196.67218906082542,3.527825430668657,0.7410698882159634,2.691358912229358,35.78436962452532,101.86911405792732
691,216.6255093465828,4.0908689078434115,0.6441185825889092,2.2053778711002034,14.005551131801283,103.29772884788639
692,206.392889867424,3.5166972503465814,0.729627216228933,2.6038455359509998,37.59885757400284,92.27070742731476
693,213.80641009582556,3.3452649118694233,0.7011323227234689,2.6549334894620125,34.012027272138255,99.54630709583007
694,216.44390493599784,4.810878023512185,0.858484857641288,2.5675319720359746,25.038923478230906,87.75011407978178
695,170.66235984825096,4.442264772435473,1.0885411367875004,2.3957531881219722,18.665484242141808,84.67623205587294
696,216.44390493599784,4.810878023512185,0.858484857641288,2.5675319720359746,25.038923478230906,87.75011407978178
697,214.10879723122557,4.30121673880121,0.7645544608218238,3.3224388830553875,25.644131003038034,102.59958179074819
698,216.44390493599784,4.810878023512185,0.858484857641288,2.5675319720359746,25.038923478230906,87.75011407978178
699,216.24114391900932,8.831277747956026,0.8800489048907032,3.114419507774918,32.650504332341015,79.3248491072865
700,168.2536667725112,5.485095668427483,1.2258438642011706,2.575300038351947,21.650556760779768,98.44937940722943
701,205.25686805555827,5.89614662870634,0.9575316095120431,2.774967323688035,31.093450565587435,112.34348584899917
702,207.45157191139046,3.8427113704416005,0.6377825348286403,2.302850034796638,32.8688193680473,94.22384739591271
703,216.44390493599784,4.810878023512185,0.858484857641288,2.5675319720359746,25.038923478230906,87.75011407978178
704,216.44390493599784,4.810878023512185,0.858484857641288,2.5675319720359746,25.038923478230906,87.75011407978178
705,207.3628071718991,2.157524413499986,0.7851368000950496,2.3948995015963477,19.577705052085065,86.97876747431947
706,267.1722504134057,3.173655708357123,0.684848357457813,2.5923400190312065,34.528742565691005,114.6967030252962
707,170.95037264354193,7.252595653028164,1.0137694600302722,2.442443194583494,23.912317285811525,90.13764297702699
708,198.3742230889,4.343777556168949,0.7139053904607883,2.932022818175953,41.41070166603066,107.42401702436621
709,195.8131201115486,5.752362050613369,1.084879870987419,2.477045854614136,19.692490987851258,101.76763040979408
710,196.57188873997367,1.8080643012972153,0.6202900485752443,2.35818114283503,20.483539715762724,73.61622663667286
711,209.53628371892034,4.440671572192022,0.9358927556734925,2.849427524272114,26.71910618734653,79.15280956467572
712,190.56418367491685,4.249857550140329,0.8017332825689021,3.014350368212721,31.22188134784769,97.3956538548561
713,236.86681711280892,3.3951825803544513,0.5522955480156867,2.202745380854272,24.641011711762726,99.69996317731044
714,193.68262180237522,3.1446503882885932,0.721175412298075,2.8638524590806815,30.848428609704644,111.21868175389918
715,216.44390493599784,4.810878023512185,0.858484857641288,2.5675319720359746,25.038923478230906,87.75011407978178
716,216.44390493599784,4.810878023512185,0.858484857641288,2.5675319720359746,25.038923478230906,87.75011407978178
717,216.44390493599784,4.810878023512185,0.858484857641288,2.5675319720359746,25.038923478230906,87.75011407978178
718,191.7756977738123,4.236719085243508,0.8589848397663327,2.266311726224966,10.59329369927172,92.40336387496708
719,211.28850809311243,4.6108245796040315,0.9967912799110101,2.4507812278668513,31.228283273416427,83.33142162505436
720,197.3964003323643,5.360075223870611,1.0402297662771802,2.6782936459730036,29.82219103192631,104.37257254616594
721,188.3735724154614,3.329245654353695,0.8394051641851776,2.6160121904957836,26.33785879758339,101.53215139752422
722,194.5496379730228,2.6101888965420783,0.8967876067226908,2.5231434375813944,42.34840826591106,79.82186819703502
723,220.45738481161382,5.805773871027491,0.8640500727335189,2.3166046062849133,13.011734422281075,97.81225851679045
724,216.44390493599784,4.810878023512185,0.858484857641288,2.5675319720359746,25.038923478230906,87.75011407978178
725,216.44390493599784,4.810878023512185,0.858484857641288,2.5675319720359746,25.038923478230906,87.75011407978178
726,196.30575692842496,2.590894552570439,0.6697219055646304,2.255614978778654,28.429395834800097,92.07477646725019
727,209.8474184280705,4.100020434853403,0.7096891717944989,2.4281215485845995,15.470406090334498,88.38258216957173
728,227.9451381537156,3.7981183692773386,0.680657401586607,2.768600504186162,36.607586290462685,109.70524642724757
729,201.00448938485533,4.3078690650590525,0.7980027204031189,2.6375196274064914,33.35466022388713,85.72789748087267
730,200.51567810835047,4.210518626839029,0.7831810450250448,2.871942033008453,37.44283333153126,115.5491545576602
731,214.1336100760445,3.550345967201137,0.6850450080498303,2.5512668097550724,37.67990727901011,96.27646930332675
732,207.66607384801176,3.637796349217305,0.7044217209146668,2.9724084062541487,35.60876127393181,116.37170252383133
733,243.24928656493898,8.191810005960322,1.1001626653217769,2.9640809031151054,25.376080129488862,98.99823742295318
734,199.0294773749022,2.9839689352691643,0.7620811229478788,2.7464762268447815,29.040797116099327,68.34530553274111
735,372.278751148154,9.337255841566952,0.6712021521030844,2.7075049169408447,31.375218367641324,59.419292693418036
736,255.57673242571536,2.38853427513987,0.6681484095582475,2.3597759562891536,28.235666744817067,69.19327791820146
737,299.85867725987885,6.429692283010006,1.1273936126313817,2.9623459761554076,39.095889402443305,89.15768777826406
738,216.44390493599784,4.810878023512185,0.858484857641288,2.5675319720359746,25.038923478230906,87.75011407978178
739,216.44390493599784,4.810878023512185,0.858484857641288,2.5675319720359746,25.038923478230906,87.75011407978178
740,216.44390493599784,4.810878023512185,0.858484857641288,2.5675319720359746,25.038923478230906,87.75011407978178
741,230.51811936064774,4.323474884803045,0.7855638458297699,2.756185402448193,26.781344245183558,92.44319287747166
742,205.88035565965066,5.4507885056009195,1.0428678733541872,2.4461460771020604,28.385141215430362,119.34297417142787
743,224.11380190615074,4.291326386332219,0.6278176315488844,3.182459929598556,22.80423509107853,88.18249385756111
744,216.44390493599784,4.810878023512185,0.858484857641288,2.5675319720359746,25.038923478230906,87.75011407978178
745,222.80546087085085,3.6063019390395885,0.6091536185699196,2.60657863318736,24.98628856965196,84.00089281826128
746,216.44390493599784,4.810878023512185,0.858484857641288,2.5675319720359746,25.038923478230906,87.75011407978178
747,216.44390493599784,4.810878023512185,0.858484857641288,2.5675319720359746,25.038923478230906,87.75011407978178
748,229.46284324592582,9.298656366049764,1.2132408230758618,3.2379451779941952,27.8735195268098,103.55423188580154
749,156.00660914499093,6.420302766423857,1.057312199880197,2.3778109013762414,27.571924330452408,77.97732512138361
750,216.44390493599784,4.810878023512185,0.858484857641288,2.5675319720359746,25.038923478230906,87.75011407978178
751,218.7339130013062,5.675821123865142,0.8364025039566529,2.253359475732549,23.47145152272993,108.24620913825612
752,223.80262988287245,3.0262894245259533,0.9252586547354716,2.274500122770345,25.169227335287978,81.12106988750169
753,216.44390493599784,4.810878023512185,0.858484857641288,2.5675319720359746,25.038923478230906,87.75011407978178
754,216.44390493599784,4.810878023512185,0.858484857641288,2.5675319720359746,25.038923478230906,87.75011407978178
755,217.61379715391928,2.870556503420848,0.7887090262335428,2.502429045948405,31.99577895855862,96.1485426688797
756,216.44390493599784,4.810878023512185,0.858484857641288,2.5675319720359746,25.038923478230906,87.75011407978178
757,255.45960494042308,4.2866933334380635,0.7905764242289829,2.524739092041028,12.144407878441584,62.38805938841085
758,179.79582232610116,2.561839537380584,0.8201582751383532,2.1381290449089265,33.86287190118767,79.4813835659607
759,216.44390493599784,4.810878023512185,0.858484857641288,2.5675319720359746,25.038923478230906,87.75011407978178
760,173.8789541477811,6.307084329928643,1.1296786435485842,2.501811771814627,24.71298713516641,84.13461073846531
761,202.8608943355968,3.1294384367245196,0.6197943907954977,2.5064840903792684,29.62001491844839,101.09351267383782
762,203.25681334042554,4.042430919772127,0.9118566529856216,2.486443969016839,10.419374336826673,64.86382707073383
763,164.68369352201037,4.403078806186869,1.1164425290086475,2.4556304305920054,23.311137427164848,86.26332405151615
764,216.44390493599784,4.810878023512185,0.858484857641288,2.5675319720359746,25.038923478230906,87.75011407978178
765,216.44390493599784,4.810878023512185,0.858484857641288,2.5675319720359746,25.038923478230906,87.75011407978178
766,216.44390493599784,4.810878023512185,0.858484857641288,2.5675319720359746,25.038923478230906,87.75011407978178
767,160.62016217985138,4.121755489177097,1.0604358981484205,2.4218386172714874,21.159381471701522,77.82638165534372
768,392.1228170241819,7.939723425300592,0.6510150959228853,2.753332467890271,15.847596377644,73.59553203933706
769,198.47975806072455,3.8346983999174786,0.770408411479345,2.6980797910277285,43.873362095365074,100.80868555910585
770,189.76803511149552,3.314185979140129,0.6975071385888155,2.506055499067927,30.268945623387744,97.61533141204487
771,219.76264885183048,4.838402299209854,0.9609781548462732,2.5093433524155553,23.014241093456242,71.05260460503129
772,216.44390493599784,4.810878023512185,0.858484857641288,2.5675319720359746,25.038923478230906,87.75011407978178
773,165.4395238174431,4.928124090012294,1.0820948242830728,2.4084346455740113,26.687435862474214,88.09132013277463
774,216.44390493599784,4.810878023512185,0.858484857641288,2.5675319720359746,25.038923478230906,87.75011407978178
775,216.44390493599784,4.810878023512185,0.858484857641288,2.5675319720359746,25.038923478230906,87.75011407978178
776,241.8214675544654,6.460527711811482,0.7730674687544206,2.7655202493671043,12.540611825937694,68.97977994587184
777,196.33498185601306,2.963103849513047,0.717729564907936,2.5304276680211877,25.50233602963746,95.04039195435095
778,164.7722135614505,5.203994628336504,1.21163805556451,2.4230476401673786,21.253555910885673,83.72590426612997
779,176.75700019275484,4.587719022171762,1.0532109997851242,2.5420020675447783,21.068730205535115,74.42596357997724
780,212.89850508410646,3.315981476753068,0.7283205685710071,2.883066171963102,27.070922983436805,98.67544509954061
781,222.32861263240676,3.527499249380074,0.8343519922966252,2.2440590827940463,22.585855576663263,104.90373756181434
782,209.66749395147565,5.548028170760988,0.7986514897684893,3.7032502515232015,40.95285133815429,126.24513265790266
783,243.77034046580107,2.7262730102205084,0.7648373535367778,3.3954037146556693,30.630667793674235,75.54216448519851
784,207.81249158482302,3.818661036090386,0.6625931251830117,2.43110005533229,31.158084032195177,103.78125888896821
785,205.114931222885,2.9163239513151584,0.5954364378726006,2.236686761310718,37.60855143457275,87.71609451767144
786,236.63510392648013,3.3291046106603943,0.830110696553032,2.364026489195636,24.013320309635844,72.25781007317163
787,189.83993817016676,4.1332635252776795,0.8858336154037589,2.2608505604897013,30.17528170927663,70.0512114606754
788,216.44390493599784,4.810878023512185,0.858484857641288,2.5675319720359746,25.038923478230906,87.75011407978178
789,188.70322720459,4.093522852427089,0.6927727057618595,2.19034655417945,12.293055062200139,84.20352722697874
790,216.44390493599784,4.810878023512185,0.858484857641288,2.5675319720359746,25.038923478230906,87.75011407978178
791,216.44390493599784,4.810878023512185,0.858484857641288,2.5675319720359746,25.038923478230906,87.75011407978178
792,209.2049563359684,3.592207903571959,0.7298543733436685,3.01319858187366,30.477950445485597,108.22254470383793
793,207.4690030776662,5.5641786893453835,0.9297985403736948,2.8021908703638814,38.54475694046529,93.38402162025322
794,240.1412489695145,6.363784657099848,0.7586623491042279,2.5072591473066828,13.38226540661431,72.6164891285788
795,196.51645085314888,4.975462191849413,0.7458254196612515,2.241149751607442,12.149749432980627,102.57065995169395
796,185.8377349424982,4.7883831015694325,1.29593527761854,2.6250423585439506,26.758013976361095,116.32206216599917
797,317.0473898703206,6.732120236654948,0.6998287945124955,2.695482278229619,31.168818065538943,66.2862051362014
798,181.4563540038267,5.079812936177452,0.9004787198765389,2.293555757613116,9.8311668625282,89.1629090014701
799,147.02923852894125,6.653814480534671,1.0754082921246684,2.343505483307022,20.0135390951515,89.05782629824179
800,182.9642736276427,5.298078248076281,1.168041921907761,2.7014071186600797,30.708242687381574,88.59921063498892
801,240.28157618811494,6.791535722894636,0.814268261373526,2.416904341449933,11.542652412676619,68.78834922124447
802,216.44390493599784,4.810878023512185,0.858484857641288,2.5675319720359746,25.038923478230906,87.75011407978178
803,172.1049249412725,7.038411678504809,1.3318231770174644,2.7246210244974094,28.817567937563272,106.9976155497802
804,188.6096897059277,4.752036514972769,0.7792339035165022,2.6977140148135517,25.65186172467905,119.17125319993377
805,230.97637976612364,6.345636021704522,1.0305663855347724,3.145876545271252,25.31461145319154,69.14098803772522
806,197.6677587202349,3.28361831129121,0.7765988405770563,2.6368582104038287,25.792962462259652,99.57627543983341
807,202.3833348666566,3.581401557476486,0.6460670810883488,2.4444516995563172,31.031730323980334,89.70994422891214
808,216.44390493599784,4.810878023512185,0.858484857641288,2.5675319720359746,25.038923478230906,87.75011407978178
809,179.06013783029863,4.304779717914922,1.0387332937601792,2.4788858157825353,26.575705288094657,90.48581932551852
810,216.44390493599784,4.810878023512185,0.858484857641288,2.5675319720359746,25.038923478230906,87.75011407978178
811,334.6839880254839,6.769449886820787,1.077659001565799,2.7530967127649153,23.5044078426648,98.79139304009988
812,216.44390493599784,4.810878023512185,0.858484857641288,2.5675319720359746,25.038923478230906,87.75011407978178
813,216.44390493599784,4.810878023512185,0.858484857641288,2.5675319720359746,25.038923478230906,87.75011407978178
814,216.44390493599784,4.810878023512185,0.858484857641288,2.5675319720359746,25.038923478230906,87.75011407978178
815,216.44390493599784,4.810878023512185,0.858484857641288,2.5675319720359746,25.038923478230906,87.75011407978178
816,215.74140755636782,5.948042322326082,0.7845807722832083,3.031405101541435,29.20392881866727,90.70826317589302
817,187.74853128273372,7.323006063017286,0.8774630389233612,2.4820319221784333,26.558593045686905,101.67937079587267
818,163.91327586077298,5.239703272627987,0.9545051606556775,2.367124576347206,26.332967667509134,85.4585798008476
819,216.44390493599784,4.810878023512185,0.858484857641288,2.5675319720359746,25.038923478230906,87.75011407978178
820,183.13029765588928,9.739244228661125,0.8399824137207965,3.211867681999272,24.333370453359894,83.0469197292268
821,171.272965066677,4.2274427630295035,1.0917475278297812,2.526152665507265,14.555892732296245,67.50576889561184
822,216.44390493599784,4.810878023512185,0.858484857641288,2.5675319720359746,25.038923478230906,87.75011407978178
823,236.62272753845642,6.555159941051561,0.6801895863928747,2.245976398184323,12.504161593085325,73.38285534308606
824,280.34764955362374,7.1586082113809475,0.7101249291833376,2.6171763645601382,15.026286897845738,65.88113608488196
825,216.44390493599784,4.810878023512185,0.858484857641288,2.5675319720359746,25.038923478230906,87.75011407978178
826,193.493566005972,3.8393536757233537,0.8839424114083323,2.7367205152526504,22.593518789363046,112.77096432710883
827,222.81151834833992,2.9491596925997254,0.7558880005431002,2.7237329735676847,30.592768432154152,82.84660056153086
828,216.44390493599784,4.810878023512185,0.858484857641288,2.5675319720359746,25.038923478230906,87.75011407978178
829,216.44390493599784,4.810878023512185,0.858484857641288,2.5675319720359746,25.038923478230906,87.75011407978178
830,152.56813398354498,4.9922646886222495,1.1132082689932747,2.377250685207187,30.56767286710826,106.9807307808991
831,216.44390493599784,4.810878023512185,0.858484857641288,2.5675319720359746,25.038923478230906,87.75011407978178
832,180.50109913646807,2.906566906435373,0.7136343256863895,2.532581401224408,29.666395643345687,96.50422404680307
833,216.44390493599784,4.810878023512185,0.858484857641288,2.5675319720359746,25.038923478230906,87.75011407978178
834,204.38383643154285,3.628249549912587,0.6580154036902167,2.310628457131611,19.901316311142075,88.42356049639217
835,230.0754392088049,2.5582300267493303,0.9231140482300701,2.37912359253403,19.611602729886812,84.34257280773988
836,216.44390493599784,4.810878023512185,0.858484857641288,2.5675319720359746,25.038923478230906,87.75011407978178
837,227.186976903396,2.1843415543353397,0.6214078206388972,2.3077622998847125,31.17909816601601,69.05752067447135
838,209.21565816766983,6.8038754450769785,1.1133197279381426,2.6134713035579695,28.299572050828782,98.89384055018792
839,295.829024652485,9.053488852852636,0.7722688956630283,3.362999307563613,17.233395868528696,103.76417500303266
840,216.44390493599784,4.810878023512185,0.858484857641288,2.5675319720359746,25.038923478230906,87.75011407978178
841,195.57276867713756,2.7073400497539915,0.6843214535066943,2.4238349241156283,26.661456142718894,78.98582074825649
842,216.44390493599784,4.810878023512185,0.858484857641288,2.5675319720359746,25.038923478230906,87.75011407978178
843,215.05498258353916,4.382641064343734,0.8239937439653718,2.458841236107517,28.95574859382384,65.80839525961804
844,197.26926447476598,3.460874345631731,0.8782203918928739,2.7466250213329797,22.828565315854306,91.83952009430128
845,190.6300578171439,3.3019474306236853,0.6873891189567437,2.9684866779409504,25.67020315642442,111.32832020905333
846,216.44390493599784,4.810878023512185,0.858484857641288,2.5675319720359746,25.038923478230906,87.75011407978178
847,216.44390493599784,4.810878023512185,0.858484857641288,2.5675319720359746,25.038923478230906,87.75011407978178
848,213.66005262192914,3.8579149582093915,0.6623409989002154,2.3640448816207407,32.01223911363053,92.15935704004562
849,217.50283851050813,2.1601946018793776,0.6306359951115934,2.142261829309451,40.60208593047676,66.68948769755869
850,253.85836783436167,5.955763620358139,0.7515123521274237,2.258373914600439,11.592217289696464,77.05075575328742
851,190.39016581930358,3.651086370071261,0.7575629721724112,2.9242018935545415,23.099273045923887,113.87747693713474
852,409.414603828495,9.906922918347352,0.6789220914796585,2.9410061835771764,17.0796711812116,62.60079194458093
853,158.59189598646208,4.969115368035602,1.1533018316124939,2.5199086800511172,25.448666244684468,95.50049798625784
854,216.44390493599784,4.810878023512185,0.858484857641288,2.5675319720359746,25.038923478230906,87.75011407978178
855,180.63986451969197,4.377594027233764,1.1794616355205831,2.6324255581111395,20.366481109383958,106.22987626438692
856,213.42775521631376,3.244190160811385,0.7414697063386086,2.3126472937057203,41.30917931605293,82.6960766464225
857,182.84238010838848,4.040163052792002,0.9601090511356205,2.5190643155715713,12.499918344358038,66.23045907760046
858,216.44390493599784,4.810878023512185,0.858484857641288,2.5675319720359746,25.038923478230906,87.75011407978178
859,227.64949351843129,2.9103362231712264,0.726380091802505,2.516609804512851,21.795120449884145,79.19512331044275
860,266.2190696932338,2.8482252625776985,0.46653129611682087,2.572423545753199,27.698932265885354,89.07196181891402
861,216.0190250463556,6.8869308893385055,1.0251245431158589,2.758310077715577,25.606130361910655,93.5386201957801
862,223.90744256887305,5.177424492626168,0.822798453664572,2.3091578752939066,11.901229453125268,95.8135141954042
863,198.63060658326586,5.393089516806549,1.0625858197627638,2.6870461332756435,20.24848555205078,110.49104077774349
864,402.91713976129455,11.828936992307108,0.837856561364219,3.0726463255882863,19.518623734727527,67.34847727012273
865,216.44390493599784,4.810878023512185,0.858484857641288,2.5675319720359746,25.038923478230906,87.75011407978178
866,277.51447640918116,6.308102559220763,0.988912904909702,2.613224274380256,20.684169540025902,84.7474522341488
867,188.18645646305984,4.2216711996479965,0.7337125293714198,2.607603564315486,44.11909230551743,111.6876123042736
868,192.47649341690365,4.124440621945737,0.8693890253770229,2.22998936435588,10.503779104655676,75.20717993978703
869,208.07518532501047,3.232425879963863,0.4769518052017771,2.581733014157878,38.23044402840526,89.34116515116435
870,171.78166980161043,6.7981433352270235,1.1954912077621682,2.4597597868618912,21.66091627628115,102.82083865349765
871,216.44390493599784,4.810878023512185,0.858484857641288,2.5675319720359746,25.038923478230906,87.75011407978178
872,269.4923084612313,6.212100721745594,0.8947118895741929,2.61167362936548,17.02091580777001,85.82695635789224
873,216.44390493599784,4.810878023512185,0.858484857641288,2.5675319720359746,25.038923478230906,87.75011407978178
874,193.25052053245784,4.375616931013097,0.9148121645826431,2.1184116126014803,32.23933560452447,69.29942298075218
875,199.5630066362506,4.16830666507678,0.8095567471919773,2.312855845015187,34.69136653051809,66.46669134149057
876,203.47953585613263,5.785298948151584,0.9439004219829067,2.53286616435144,34.09186797287303,103.07473205552874
877,201.98701748182594,6.122654061951655,1.0373271370002004,3.1620179854672688,22.268577532895055,107.09126314015094
878,216.44390493599784,4.810878023512185,0.858484857641288,2.5675319720359746,25.038923478230906,87.75011407978178
879,216.44390493599784,4.810878023512185,0.858484857641288,2.5675319720359746,25.038923478230906,87.75011407978178
880,270.8399655253188,4.219707283830098,0.7231148630637865,2.7511568046519823,35.557484071630796,71.21736423209606
881,225.75906235670405,6.160652143488079,1.027563402550448,2.7492679540596128,24.607020838759382,95.64262120694917
882,146.81224276728165,4.0851052552271305,1.0399893612586437,2.4698767528124987,11.142554904856897,65.46780011150871
883,216.44390493599784,4.810878023512185,0.858484857641288,2.5675319720359746,25.038923478230906,87.75011407978178
884,193.3390284119636,3.2095041180084913,0.6208322301768895,2.506653667622831,29.8620026784961,80.60325291996583
885,196.0693676539795,3.0453094830122835,0.6667399300689043,2.64751901635767,43.38899068106847,85.08606226109497
886,216.44390493599784,4.810878023512185,0.858484857641288,2.5675319720359746,25.038923478230906,87.75011407978178
887,195.01941422670433,2.12409207185656,0.5215504597746923,2.256324090439654,29.67758750331349,73.53221987533593
888,337.7060420129119,7.243593098165733,0.7100650116730053,2.7800848897785126,14.224826092948502,68.44858961641634
889,184.72630344459526,2.7116844630203136,0.7385464178819392,2.4626189485578363,28.413847183933147,107.26939713824714
890,218.58402656949258,3.427123110008004,0.7078422444925455,2.64583980000499,39.77171132803269,109.5550547728561
891,216.44390493599784,4.810878023512185,0.858484857641288,2.5675319720359746,25.038923478230906,87.75011407978178
892,223.3173657158354,5.668985223555712,0.9004374882534234,2.6572078022835823,33.396751164264316,92.8348571684956
893,181.2414887860847,3.2179692394195807,0.7207804457673366,2.547206800127943,39.204683295461535,93.96260453071905
894,216.44390493599784,4.810878023512185,0.858484857641288,2.5675319720359746,25.038923478230906,87.75011407978178
895,216.44390493599784,4.810878023512185,0.858484857641288,2.5675319720359746,25.038923478230906,87.75011407978178
896,141.1215866410425,3.719846476925384,1.0865183729091632,2.5137738091230637,11.864544435505016,69.86894312664462
897,276.3537031234514,6.741810568734185,0.6278402287912888,2.7574156543569726,25.8150678697809,60.988147818916936
898,199.96893841010774,4.45122732709643,0.7402361177140161,2.785797137828449,39.43575521284691,111.05350899493766
899,187.71146207144434,3.567939061231879,1.3813360706639388,2.5182299392510905,27.66098315455842,112.8169164446166
900,235.30178115105247,4.206674526409503,0.8204429198392099,2.5092080591400756,12.700544579904804,66.0413279615589
901,216.44390493599784,4.810878023512185,0.858484857641288,2.5675319720359746,25.038923478230906,87.75011407978178
902,216.44390493599784,4.810878023512185,0.858484857641288,2.5675319720359746,25.038923478230906,87.75011407978178
903,238.64578635029216,7.507790501334116,0.9798737053997532,2.875921268110583,24.886997372331155,78.88963441225476
904,160.11704703940853,3.991892455684468,0.9671593173828501,2.492602187577304,14.847344288650984,62.99187933094417
905,198.50796637826133,5.360415604689753,1.0991591105392233,3.3042550375485455,30.571537975039725,112.04218465060534
906,216.44390493599784,4.810878023512185,0.858484857641288,2.5675319720359746,25.038923478230906,87.75011407978178
907,216.44390493599784,4.810878023512185,0.858484857641288,2.5675319720359746,25.038923478230906,87.75011407978178
908,158.6472333555564,5.439693716840231,1.0272352893346994,2.403769116509686,28.35818612610311,93.04017022583628
909,216.44390493599784,4.810878023512185,0.858484857641288,2.5675319720359746,25.038923478230906,87.75011407978178
910,216.44390493599784,4.810878023512185,0.858484857641288,2.5675319720359746,25.038923478230906,87.75011407978178
911,251.50030741600267,3.7721396887172105,0.9446407186081931,2.8897443043549838,32.462937481441934,104.59123598351347
912,216.44390493599784,4.810878023512185,0.858484857641288,2.5675319720359746,25.038923478230906,87.75011407978178
913,216.44390493599784,4.810878023512185,0.858484857641288,2.5675319720359746,25.038923478230906,87.75011407978178
914,216.44390493599784,4.810878023512185,0.858484857641288,2.5675319720359746,25.038923478230906,87.75011407978178
915,206.53875377212128,3.77331874159585,0.7597724510371288,2.772928023804461,30.169978321283065,101.24322715521588
916,227.60737910745652,3.4656602262885974,0.546251292696251,2.377013346376942,31.4618783456051,81.79384180276283
917,221.21664238185113,5.014451677303675,0.6549974433684134,2.682977129811166,48.497793639019015,93.91989101271986
918,281.9954242152856,6.994368555078936,0.6200614895801521,2.65048924389103,10.855368886027733,59.20613911149927
919,212.27474381397636,3.2042789786795813,0.6576390262148026,2.790787890633723,34.24252706384979,101.63419317666097
920,216.567429961133,7.74778972296396,0.7039895725241183,2.671401551994996,43.76174250358809,88.77713875530904
921,156.87437712493264,5.479461092342028,1.155009502951449,2.390792445992934,20.12839613047393,84.74284187933574
922,210.09128878982156,2.8006751627789606,0.5260115676870193,2.5638120949825325,26.759271169412834,96.63241866222099
923,216.44390493599784,4.810878023512185,0.858484857641288,2.5675319720359746,25.038923478230906,87.75011407978178
924,324.1680086929815,5.593685111873199,0.9045660048725161,2.854032047721753,22.86582927254476,71.21518562153939
925,285.70479938553603,7.105583092182055,0.7395002435271444,2.7769988260264147,12.964372047463092,64.67739184087284
926,151.7011058260252,3.710194286782975,1.0842657327025145,2.4866704592330953,10.274910260399329,64.56886457419175
927,206.26935151515187,2.7891492727205334,0.44395985269740584,2.5032316261617127,38.85784298360745,90.63467727529766
928,216.44390493599784,4.810878023512185,0.858484857641288,2.5675319720359746,25.038923478230906,87.75011407978178
929,178.3012052003913,6.35024715791047,1.161032040135923,2.466978261717564,21.6860567727283,93.73477121615942
930,216.54637902040452,8.43599550259589,1.0639779966086942,2.721990501254577,25.24864828987896,91.75113394579378
931,288.1355173126934,5.587800086916427,0.5872244318168346,2.7611497080322334,15.82100200932302,62.798309278404545
932,197.6913706419723,7.746845717673401,0.9034954784206256,3.2764180394155313,18.854015175794462,83.70759400770207
933,148.09075630581708,4.27475088731506,1.1283282008928266,2.3545252373091574,25.15280277617241,81.30209398362774
934,137.46666602315827,3.675484975806943,1.2572274523565463,2.32348839887323,10.942378134554419,62.85824403960562
935,272.8139857316298,5.380129783440752,1.143091319162447,2.8900488300827583,27.366284064226825,96.84323112155185
936,201.76904219207466,11.246261937083156,0.7454928338038636,3.2915346945717765,21.068086159478174,90.3987949115888
937,216.44390493599784,4.810878023512185,0.858484857641288,2.5675319720359746,25.038923478230906,87.75011407978178
938,216.44390493599784,4.810878023512185,0.858484857641288,2.5675319720359746,25.038923478230906,87.75011407978178
939,216.44390493599784,4.810878023512185,0.858484857641288,2.5675319720359746,25.038923478230906,87.75011407978178
940,216.44390493599784,4.810878023512185,0.858484857641288,2.5675319720359746,25.038923478230906,87.75011407978178
941,216.44390493599784,4.810878023512185,0.858484857641288,2.5675319720359746,25.038923478230906,87.75011407978178
942,174.18749844229131,5.022556251255657,1.0940665041463256,2.7535486522059816,23.427084292000394,84.99958620837954
943,210.30433721408136,3.1520475171762086,0.8214172378045496,2.4312612091413404,26.94122567255997,90.34776620566402
944,194.81231424666595,3.781733777617383,0.8143091061132197,2.874268949902126,40.07386573034323,112.39876171219655
945,189.23198634364974,3.4414473548838633,0.7261752371454344,2.666271747606496,29.106781300350683,94.40481818004885
946,166.930421359715,3.88682586545477,0.7828717583488133,2.4194996985300166,10.458548874638785,60.786350242516335
947,168.01045333551843,4.3707736717061785,1.0631093592698304,2.4085622455846756,28.126925875204424,94.30104887799455
948,216.44390493599784,4.810878023512185,0.858484857641288,2.5675319720359746,25.038923478230906,87.75011407978178
949,216.44390493599784,4.810878023512185,0.858484857641288,2.5675319720359746,25.038923478230906,87.75011407978178
950,223.11296893701214,6.945097983269961,1.2816853301244255,3.0824899892305195,29.5394788619311,88.7925219202873
951,194.20330561820788,2.5669169455640377,0.6571829423070165,2.5551006384283506,29.248603193156708,86.75704399735098
952,216.44390493599784,4.810878023512185,0.858484857641288,2.5675319720359746,25.038923478230906,87.75011407978178
953,216.22879099415707,5.125873778433481,0.6444277379339399,2.781934379464329,39.863842819874876,84.59415129427916
954,152.22878871581028,5.2877782481038675,0.9981835940080136,2.4471873008569487,26.600783758681743,93.70394690141791
955,234.659451899308,3.884196147777892,0.9784936644558392,2.5395546125372777,34.10220524465669,79.81524175868881
956,234.0037466802692,3.650843143001178,0.7652806389974952,2.8745140630773354,30.030115240140773,103.82789282976825
957,236.57223185169457,4.00013325065189,0.6895079810423862,2.765475410855929,27.908743163386042,121.12450182414031
958,235.6093808125026,4.674342862603357,0.9082763496084951,2.5603242161665745,16.982651926772036,103.74524923814481
959,161.2831516505714,5.2931907559242894,1.179354444431128,2.492925179718328,20.47676605830677,98.46459075237495
960,323.359588803975,6.433982564916521,0.5996177385706011,2.4999553607532166,12.190313502770344,60.43580036725999
961,241.49915602006854,5.935179946990136,0.8475572994078061,2.5070565773997435,33.360683689258124,73.78894711620906
962,216.44390493599784,4.810878023512185,0.858484857641288,2.5675319720359746,25.038923478230906,87.75011407978178
963,173.0484834202345,3.9774000178794395,0.9596533386714282,2.438559261358357,12.184382509767966,57.54577970736491
964,216.44390493599784,4.810878023512185,0.858484857641288,2.5675319720359746,25.038923478230906,87.75011407978178
965,213.2302862788318,4.2069072136772245,0.6437580637575925,3.0287079326826185,30.42951317296989,106.49168227977572
966,216.44390493599784,4.810878023512185,0.858484857641288,2.5675319720359746,25.038923478230906,87.75011407978178
967,216.44390493599784,4.810878023512185,0.858484857641288,2.5675319720359746,25.038923478230906,87.75011407978178
968,323.9568271147692,6.954253805232212,0.7366579726875905,2.8843649135805287,17.31438236462821,65.56675238893698
969,176.83612715423237,3.741019254027961,0.7969118312371256,2.0299995774880317,13.582145331167965,93.39537592595006
970,173.23329577610343,6.558775326664488,1.1595204229045983,2.390002007526977,20.926849491631863,98.83936083618693
971,216.44390493599784,4.810878023512185,0.858484857641288,2.5675319720359746,25.038923478230906,87.75011407978178
972,216.44390493599784,4.810878023512185,0.858484857641288,2.5675319720359746,25.038923478230906,87.75011407978178
973,216.44390493599784,4.810878023512185,0.858484857641288,2.5675319720359746,25.038923478230906,87.75011407978178
974,220.08226642586746,5.2697756582360435,0.8967465560477954,3.1787104536843653,24.162571258797342,89.29930714540853
975,216.44390493599784,4.810878023512185,0.858484857641288,2.5675319720359746,25.038923478230906,87.75011407978178
976,216.44390493599784,4.810878023512185,0.858484857641288,2.5675319720359746,25.038923478230906,87.75011407978178
977,216.44390493599784,4.810878023512185,0.858484857641288,2.5675319720359746,25.038923478230906,87.75011407978178
978,216.44390493599784,4.810878023512185,0.858484857641288,2.5675319720359746,25.038923478230906,87.75011407978178
979,216.44390493599784,4.810878023512185,0.858484857641288,2.5675319720359746,25.038923478230906,87.75011407978178
980,245.48029140679935,6.434264686014158,0.7959660872659315,2.36446402146166,14.713857693630704,72.40820694008313
981,216.44390493599784,4.810878023512185,0.858484857641288,2.5675319720359746,25.038923478230906,87.75011407978178
982,216.44390493599784,4.810878023512185,0.858484857641288,2.5675319720359746,25.038923478230906,87.75011407978178
983,382.4851986847148,5.928572849307536,0.7649800538459556,2.612590518510488,18.91642454205404,78.17332678616852
984,218.5221565717112,2.6394786929409326,0.707554837324245,2.328132099105435,30.422794612630213,76.88838346024012
985,216.44390493599784,4.810878023512185,0.858484857641288,2.5675319720359746,25.038923478230906,87.75011407978178
986,216.28781886755013,3.9975945551009953,0.6252517953069419,2.7059234546588655,31.346468975356533,85.90639902347927
987,216.44390493599784,4.810878023512185,0.858484857641288,2.5675319720359746,25.038923478230906,87.75011407978178
988,206.4183423240492,3.601367902935636,0.7299477773727047,2.8918486559317156,32.18164902975228,97.37795302057513
989,248.7201492613717,6.3889344002337305,0.7508572329365223,2.4239307024570786,14.57804893578471,76.61264090830643
990,223.9245790476544,3.916790768164406,0.6644006382742071,2.3267861534632095,32.469198388169275,106.56669247672903
991,248.63637816904568,5.372727830970043,0.8159264551806671,2.7118934300133444,20.127767401677943,83.29038591972277
992,181.31076255007386,4.036254403434781,0.785784152078975,2.6537593195107334,43.69113384348436,94.06442957935195
993,216.44390493599784,4.810878023512185,0.858484857641288,2.5675319720359746,25.038923478230906,87.75011407978178
994,216.44390493599784,4.810878023512185,0.858484857641288,2.5675319720359746,25.038923478230906,87.75011407978178
995,185.0486663299833,3.0260461601753743,0.7811895095417335,2.658722509050708,30.892149143558782,96.14050847527874
996,216.44390493599784,4.810878023512185,0.858484857641288,2.5675319720359746,25.038923478230906,87.75011407978178
997,289.9278339989292,7.087015569470082,0.6297438015626674,2.378532318312402,13.256636546356601,80.11767125047466
998,260.3805337383855,5.665932340302016,0.5805787405596494,2.468638268493639,24.980390439084715,70.93544176045746
999,216.44390493599784,4.810878023512185,0.858484857641288,2.5675319720359746,25.038923478230906,87.75011407978178
1000,216.44390493599784,4.810878023512185,0.858484857641288,2.5675319720359746,25.038923478230906,87.75011407978178
1001,216.44390493599784,4.810878023512185,0.858484857641288,2.5675319720359746,25.038923478230906,87.75011407978178
1002,190.74200571597802,7.005467867786616,0.8490212361038904,2.4996149109234413,23.32738034206391,100.61134892966065
1003,242.32512568381446,6.9175645181294785,0.6940990882671891,2.3779041319405967,12.95947537887302,73.6385532543671
1004,174.6155149337301,12.535973861228058,1.0819890312016072,2.466832265345543,25.706375651775044,87.52052385913582
1005,216.55198090334284,3.722430319409884,0.6882294386733604,2.867104979870763,43.525901872306584,98.4047396232349
1006,154.9881402978789,5.860466307294669,1.1027005024562226,2.3775909603776135,22.68642538616227,83.10542269470938
1007,256.52177268644016,2.8259940539854047,0.6437305598000232,2.4998756848392176,28.18739698044174,102.53514664370279
1008,216.44390493599784,4.810878023512185,0.858484857641288,2.5675319720359746,25.038923478230906,87.75011407978178
1009,252.63267916942456,6.373180898756388,0.6403958401785341,2.2974392398894152,12.34542237231187,64.84720453639913
1010,239.39757318456404,2.725744068680077,0.5395198054169211,2.263173049019061,26.490135856572635,71.20117956464155
1011,244.13330687673144,6.468358874712003,0.7909431249608315,2.37365164544605,11.937714749388888,65.67904436812925
1012,208.45126304010037,5.510255927516344,1.1849204216638216,2.542440531706358,24.947292307544494,80.43544944218237
1013,249.38733637213662,4.940480424807824,0.7839172321832649,2.702018581543611,28.880371279975584,80.10090948098593
1014,214.2934704285716,3.784367085123364,0.7501918651098387,2.9723229970605503,37.3934787723762,95.1720069809233
1015,206.52294436051915,3.1103369133916763,0.5654237532179905,2.628328645971742,22.82692434739699,102.36096831540866
1016,216.44390493599784,4.810878023512185,0.858484857641288,2.5675319720359746,25.038923478230906,87.75011407978178
1017,216.44390493599784,4.810878023512185,0.858484857641288,2.5675319720359746,25.038923478230906,87.75011407978178
1018,206.57106844932528,4.044160563147543,0.68527634748271,2.3487224499325463,18.616804667309395,105.4323738279107
1019,192.81591133951696,4.274524602802784,1.0533639506919543,2.3900705932511515,31.483697153013786,97.61567103508786
1020,181.40925747685029,3.8000907284671466,0.7266870405918935,2.542190556497174,35.33343909915476,109.70723512548696
1021,187.7723131026509,7.160124383822794,1.164212987919725,2.4494393930591536,26.02454352828189,109.00376602570148
1022,180.37798280758355,4.845804115221109,1.2097246292533996,2.7624104492115364,22.9258421429143,123.84891259868604
1023,216.44390493599784,4.810878023512185,0.858484857641288,2.5675319720359746,25.038923478230906,87.75011407978178
1024,202.9202957657254,5.429819399311209,1.012156389945765,3.0014141794017153,22.22345533711631,90.90112028219126
1025,281.9325154017194,7.793918487251783,0.7048311542895073,2.658055361576907,24.450591218970285,61.414442933182904
1026,216.44390493599784,4.810878023512185,0.858484857641288,2.5675319720359746,25.038923478230906,87.75011407978178
1027,216.00442568332133,3.129332356269998,0.5849593866693064,2.275453427595138,18.65452861222945,94.96582809430087
1028,216.44390493599784,4.810878023512185,0.858484857641288,2.5675319720359746,25.038923478230906,87.75011407978178
1029,145.89497103465234,3.9543085150359913,1.0080561304097249,2.4649088969172843,10.232872854848113,64.47498139713832
1030,217.1196309558137,3.9583758196269634,0.7117393966165377,2.8855676534971124,27.155240155605092,110.82265412172119
1031,200.75075609076964,5.7105293682822245,1.0188044431817105,2.4273551004443843,29.372314079542793,101.68183217935027
1032,203.44363368457707,4.621916127309373,0.9574480791598994,2.5497322891811907,31.413745433765506,76.6235242200903
1033,216.44390493599784,4.810878023512185,0.858484857641288,2.5675319720359746,25.038923478230906,87.75011407978178
1034,264.99141842348024,7.61545185573161,0.7005186997699461,2.5068643982234646,10.97996797982856,78.30320777686175
1035,216.44390493599784,4.810878023512185,0.858484857641288,2.5675319720359746,25.038923478230906,87.75011407978178
1036,368.3343832736305,8.035298178707414,0.6166748983132735,2.7731727641757296,17.19332234878941,60.80559165425667
1037,201.8373211456095,2.9212256501514355,0.7673792415809758,2.437040939254057,31.821604014763956,78.40558302081749
1038,169.90012192756404,5.048504129682139,0.9941648513969592,2.4757830141648993,19.797596943168507,80.05246551757872
1039,224.82662921692145,3.3327090455758994,0.7105418999728514,2.7504812247679586,22.7400007437906,108.03312491756805
1040,216.44390493599784,4.810878023512185,0.858484857641288,2.5675319720359746,25.038923478230906,87.75011407978178
1041,185.07021053174753,3.5648611586257846,0.6608166790597587,2.8004381425554206,25.18902282788686,96.15582448446803
1042,267.65444198445226,6.470019195507854,0.76362820436837,2.370081888972051,19.19040321453408,74.05763823726305
1043,172.55436971680197,10.25883797089733,1.153707580275399,2.4451029504476542,24.660207393712604,83.22410925828713
1044,216.44390493599784,4.810878023512185,0.858484857641288,2.5675319720359746,25.038923478230906,87.75011407978178
1045,182.95491765540686,5.6660043389504295,1.0886028583039455,2.491784323444756,20.192719519058652,83.16451873380272
1046,167.58975174100604,3.060741850965978,0.7126094462236858,2.6530729645204563,38.83789937439851,91.96902292871363
1047,213.67001570414192,2.063683111622159,0.8055793097839564,2.2263691923315054,26.39885554748053,68.36303747146722
1048,186.89008990444466,3.3896364524357825,0.7327918675944775,2.526145848727029,34.56331109133052,106.61394607210192
1049,220.0169982709233,5.322930740353175,1.1126944087756099,2.768820650529273,25.04019647388658,74.57385184244859
1050,185.22730167401437,3.8687911055130404,0.6974162194679238,2.680126444212276,34.32181800128146,107.12418177996867
1051,168.49610284614374,5.203645662407539,1.1006819384081428,2.6772923832532682,23.093674277249068,87.02167897747628
1052,216.44390493599784,4.810878023512185,0.858484857641288,2.5675319720359746,25.038923478230906,87.75011407978178
1053,216.44390493599784,4.810878023512185,0.858484857641288,2.5675319720359746,25.038923478230906,87.75011407978178
1054,222.93872440333996,7.0456026665281035,0.6846004330872194,2.3231535544832025,11.779569812815993,74.29461288915375
1055,244.48091040874905,8.402668129117371,1.1032792646642215,2.9033645602231406,30.693596721695116,105.99472321922254
1056,216.44390493599784,4.810878023512185,0.858484857641288,2.5675319720359746,25.038923478230906,87.75011407978178
1057,216.44390493599784,4.810878023512185,0.858484857641288,2.5675319720359746,25.038923478230906,87.75011407978178
1058,202.58215057178188,3.96242741051963,0.9281693286916909,2.4890157971684834,9.593575355428623,69.18981060291868
1059,216.44390493599784,4.810878023512185,0.858484857641288,2.5675319720359746,25.038923478230906,87.75011407978178
1060,216.44390493599784,4.810878023512185,0.858484857641288,2.5675319720359746,25.038923478230906,87.75011407978178
1061,203.3921110083031,6.288972326348088,0.8306282939345565,3.153319419649908,42.90209690439975,85.10887778436309
1062,249.27852304636065,6.434497245149282,0.8321351515050053,2.3019795070497735,13.220156966180712,54.41386843891239
1063,216.44390493599784,4.810878023512185,0.858484857641288,2.5675319720359746,25.038923478230906,87.75011407978178
1064,298.4741645181731,6.582410650863295,0.5994162108070633,2.7251156218613617,38.789618275152414,73.59218754379467
1065,227.66690413859806,6.83089787841127,0.6625350990444894,2.3521228411780246,11.554507755179989,69.7988294219008
1066,214.50725085435045,4.230521373377814,0.7426640380989776,2.5648615000711223,44.497966293604954,114.5623982375988
1067,163.24369242752852,4.366807805827878,1.171057986813667,2.416955813820047,20.39679856950579,92.9992205401773
1068,169.7497268262131,4.397325731407347,0.9849678207540064,2.3823790299726784,24.257133224112433,83.99239150206036
1069,249.25305018954543,3.256207963185459,0.6009520201997098,2.623438163845075,36.04717203616865,111.83783129534423
1070,213.19034648634405,4.208521301804738,0.8468853423890099,2.487369453395459,10.032669093202847,64.20209848293163
1071,268.10304474119727,7.2851000128495595,0.590271861857948,2.727031346374429,13.607559086630472,78.15246413292306
1072,235.12825498642204,7.440848133676893,1.2624690583581615,2.6714002319717793,30.53452889879689,91.99151256558426
1073,216.44390493599784,4.810878023512185,0.858484857641288,2.5675319720359746,25.038923478230906,87.75011407978178
1074,216.44390493599784,4.810878023512185,0.858484857641288,2.5675319720359746,25.038923478230906,87.75011407978178
1075,216.44390493599784,4.810878023512185,0.858484857641288,2.5675319720359746,25.038923478230906,87.75011407978178
1076,220.41644538946136,3.757584679692658,0.7644071990909183,3.0275518133767285,32.20374287974676,110.899462706798
1077,224.36515798088004,4.10972699847103,0.8639116019835721,2.4838062704068373,10.586860511908352,63.50022094338951
1078,187.4023665283865,2.25302764341675,0.6584196152011385,2.1361676273481227,28.225687866452443,71.39693656044133
1079,216.44390493599784,4.810878023512185,0.858484857641288,2.5675319720359746,25.038923478230906,87.75011407978178
1080,216.44390493599784,4.810878023512185,0.858484857641288,2.5675319720359746,25.038923478230906,87.75011407978178
1081,216.44390493599784,4.810878023512185,0.858484857641288,2.5675319720359746,25.038923478230906,87.75011407978178
1082,198.2181063563045,5.031850375029691,0.906123286850107,2.8826594514839536,21.797095333111105,106.54750818596851
1083,216.44390493599784,4.810878023512185,0.858484857641288,2.5675319720359746,25.038923478230906,87.75011407978178
1084,216.44390493599784,4.810878023512185,0.858484857641288,2.5675319720359746,25.038923478230906,87.75011407978178
1085,216.44390493599784,4.810878023512185,0.858484857641288,2.5675319720359746,25.038923478230906,87.75011407978178
1086,242.7985447223835,6.4907175580725625,0.7763655051458986,2.6518324469359396,12.464219554182337,68.29268728448021
1087,203.38294676920287,2.674058848991018,0.6005020044981799,2.2699562403957447,26.906832305520034,74.06547458839587
1088,190.56991666205104,3.540962480472891,0.7269739399109635,3.0012255091300655,33.03954053950147,100.65505381734677
1089,216.44390493599784,4.810878023512185,0.858484857641288,2.5675319720359746,25.038923478230906,87.75011407978178
1090,219.55535400016262,2.815972220346519,0.6519045391947057,2.6213261023808827,25.98413703341892,89.75235298184724
1091,216.44390493599784,4.810878023512185,0.858484857641288,2.5675319720359746,25.038923478230906,87.75011407978178
1092,216.44390493599784,4.810878023512185,0.858484857641288,2.5675319720359746,25.038923478230906,87.75011407978178
1093,197.32477442785367,4.074683423932472,0.7743431572698393,2.742926035998721,38.177333661202105,111.13123899049654
1094,217.6158563624787,2.910485154605932,0.6908283706376334,2.633625602319186,25.613947216892395,96.24711628024713
1095,207.4223094663437,4.618519658357983,0.8404807294850511,2.6109178543993097,32.09117684771583,120.92128087019003
1096,204.17083731095525,2.5381942915554623,0.7897290337146609,2.25279172506116,25.18300674645515,67.93314165248702
1097,174.92305482204608,3.9723400061458456,0.7610708088336205,2.657079187062502,39.280511851794394,91.22354910094754
1098,216.44390493599784,4.810878023512185,0.858484857641288,2.5675319720359746,25.038923478230906,87.75011407978178
1099,224.81069427900658,5.763443074167136,1.2535089783828122,2.896488250861568,43.45005641800029,94.68480810798337
1100,214.22477819065256,3.32317668871519,0.6893162879349873,2.707981767856503,29.010999851574816,107.4984899019678
1101,207.7512912616883,4.64769511598038,0.8523491270900851,2.940285967776713,36.29222946262807,127.52296355647644
1102,216.44390493599784,4.810878023512185,0.858484857641288,2.5675319720359746,25.038923478230906,87.75011407978178
1103,266.6200257564554,7.593574461996396,0.5860266248916791,2.7305741343375423,22.370987012370286,79.98652860714323
1104,242.9028244851121,6.2580734424761095,0.7550324684428732,2.377794752085317,11.029550668122337,66.54734215230467
1105,239.27909129442108,6.91396230657261,0.8582082882257084,2.3971993429044374,25.042612557271188,60.31331098180957
1106,173.6171024337202,4.600689797507421,1.1326633514602966,2.7868108331844854,21.8098035140002,77.40084606237359
1107,194.04437479965978,4.304396589921798,1.0066141412264489,2.4892352938086604,15.111762203359444,68.44969864248948
1108,216.44390493599784,4.810878023512185,0.858484857641288,2.5675319720359746,25.038923478230906,87.75011407978178
1109,264.8077550652507,6.728120430400897,0.6496232846699423,2.396067900198633,11.686870035853115,75.99270942390154
1110,216.44390493599784,4.810878023512185,0.858484857641288,2.5675319720359746,25.038923478230906,87.75011407978178
1111,302.6686155770581,7.860108429395259,1.0235736141702676,3.0307228279066427,33.769161221520704,98.05793405180046
1112,216.44390493599784,4.810878023512185,0.858484857641288,2.5675319720359746,25.038923478230906,87.75011407978178
1113,141.81342558635006,3.87907937835548,1.0313603570388028,2.476561843296223,10.466238899810946,62.16564145249939
1114,151.72134503401605,6.4321361036041065,1.1628582520132835,2.3937125223018256,22.82535810341095,78.09461373484437
1115,216.44390493599784,4.810878023512185,0.858484857641288,2.5675319720359746,25.038923478230906,87.75011407978178
1116,274.06366057632846,7.20164314831491,0.6824854696152043,2.7215890437350336,12.733650656180753,63.33162455076182
1117,299.9303725398404,7.252658926079121,0.7426121822903667,2.899146364461246,30.72001422650657,74.78856533039547
1118,267.1576158408709,7.295024147289497,0.5930076632550134,2.6477723329130627,17.594574336036473,77.49316556358866
1119,220.84429960495197,6.861890020137135,0.8252871312121309,3.273081899930334,19.81360329299474,85.8615939554632
1120,216.44390493599784,4.810878023512185,0.858484857641288,2.5675319720359746,25.038923478230906,87.75011407978178
1121,225.90848467366285,4.598436322284343,0.7446461536636232,3.3384815717557426,26.375656937610024,105.34290915813321
1122,180.28348837534512,2.530249944246991,0.5798370690127053,2.4241554311779887,31.66481213418598,75.41966271993105
1123,246.64547348981847,4.45209646672736,0.7688581913943845,2.4077044614423966,33.969487723171326,91.03164188431846
1124,313.96650514614726,8.359032396984846,1.1452312903406452,3.2298285712237655,23.719479191137804,98.39841210089267
1125,208.86041078936645,3.773090067934126,0.7330509973150686,2.6838301418152355,34.60999657857199,110.97062165993333
1126,216.44390493599784,4.810878023512185,0.858484857641288,2.5675319720359746,25.038923478230906,87.75011407978178
1127,216.44390493599784,4.810878023512185,0.858484857641288,2.5675319720359746,25.038923478230906,87.75011407978178
1128,211.25683304126557,3.2369485833254386,0.6800739787330843,2.8531775954590572,22.785143227199878,101.63405644793588
1129,230.7999371744913,5.393324583994647,0.9128244930581333,2.8570506381730376,24.097182391799677,85.7200580236075
1130,193.98889398685188,3.7099090307770037,0.7548280974032667,2.847156890660495,37.09579450099083,113.48124807080272
1131,229.786639919324,3.025676279034123,0.5302142848535503,2.5346970672904328,28.134774465516443,97.38527845670599
1132,216.3746426316245,4.445946339575626,0.8602278338649864,2.2555987542595215,11.589443463542244,84.31361210553527
1133,226.13127794602096,4.988004735497753,0.8073517956390095,2.7428543764120548,28.09972311866953,102.71996410342828
1134,216.44390493599784,4.810878023512185,0.858484857641288,2.5675319720359746,25.038923478230906,87.75011407978178
1135,227.55595272658235,3.7311597742849467,0.7715235967119577,2.635954071129831,23.804178300721162,77.48577942646764
1136,200.93215878635,3.058996575289497,0.7231783917659941,2.5671982294679405,29.288916984270724,110.52179940058542
1137,204.62288353431404,4.377521415649848,0.7558541729558327,2.700459288696553,39.785959516011694,114.39018726552341
1138,206.09995459267887,5.273508531243566,1.0032077001019262,2.6516081526705535,22.8275845308552,113.09623179673383
1139,216.44390493599784,4.810878023512185,0.858484857641288,2.5675319720359746,25.038923478230906,87.75011407978178
1140,272.26695178443197,6.768245468928567,0.5737635988192353,2.764889180408993,16.087202699477587,72.95754088459304
1141,254.8651363759619,4.453045418800631,0.878379754962556,2.8845640561823624,28.398908827185835,90.9007522162211
1142,266.19778882563406,7.147998390489662,0.8098232111543132,2.4627897490774515,19.44618522243275,81.06385633499595
1143,216.44390493599784,4.810878023512185,0.858484857641288,2.5675319720359746,25.038923478230906,87.75011407978178
1144,268.7085963009493,4.6642446049033826,0.7347810132972982,2.576161760811263,35.80629946166996,82.24038114138234
1145,216.44390493599784,4.810878023512185,0.858484857641288,2.5675319720359746,25.038923478230906,87.75011407978178
1146,230.65148597589402,3.5637413446851447,0.7093713905166154,2.614612271025406,28.793652122655217,102.67650535209098
1147,190.28415005370883,3.9757952856214835,0.8500267663537651,2.0394300193007866,8.96742281835082,92.64336705762322
1148,291.4588929151294,6.28137331431254,1.244371503743249,2.9531485412401794,30.55294895198807,124.95970730362356
1149,216.44390493599784,4.810878023512185,0.858484857641288,2.5675319720359746,25.038923478230906,87.75011407978178
1150,175.21611164817082,4.266021212908216,1.0404276888787667,2.5187090887509034,22.58936217138612,76.97201877754404
1151,180.76456670292873,2.4487496945125273,0.8544900925789359,2.265116414731458,23.93410045310207,80.9304427459861
1152,306.40158908043827,4.678933732862345,0.7802675536242023,2.81239265789871,37.694667963553975,71.90143555069174
1153,174.21222560585647,4.052311396308732,0.8538536267539047,2.0112650714860334,11.546082257317371,92.09857172032342
1154,260.75587479179404,5.507920377096062,0.8286144184734398,2.9210821044864783,36.3692280956846,87.12782272065243
1155,183.85818754366588,6.048564989533533,1.1859438276721028,2.637928906343788,20.463949741539935,116.12506765739961
1156,216.36783439575123,6.427039617232969,1.1245869128761858,2.8345362274819585,35.02095702927628,93.2659960815026
1157,216.44390493599784,4.810878023512185,0.858484857641288,2.5675319720359746,25.038923478230906,87.75011407978178
1158,216.44390493599784,4.810878023512185,0.858484857641288,2.5675319720359746,25.038923478230906,87.75011407978178
1159,208.26832492596066,5.104447820429943,0.8250441514321348,3.070465336555876,40.58233073572358,127.22248579034584
1160,216.44390493599784,4.810878023512185,0.858484857641288,2.5675319720359746,25.038923478230906,87.75011407978178
1161,216.44390493599784,4.810878023512185,0.858484857641288,2.5675319720359746,25.038923478230906,87.75011407978178
1162,192.04126592555667,4.892501172844599,0.9834430681570537,2.2503787208128707,32.319179489910944,63.97229894240746
1163,224.75137807740387,4.5153953336113695,0.937558401203378,2.638382910344963,27.78001780121447,106.0932605849497
1164,185.69966714597064,4.5121254036518765,0.6878667100797343,2.7424492574770905,26.362359259996477,104.62746925803357
1165,216.44390493599784,4.810878023512185,0.858484857641288,2.5675319720359746,25.038923478230906,87.75011407978178
1166,232.935893819163,3.35261313015583,0.6723176298116801,2.488677168414721,32.28156391629503,101.43154670881229
1167,216.44390493599784,4.810878023512185,0.858484857641288,2.5675319720359746,25.038923478230906,87.75011407978178
1168,214.4186306432556,4.927153777300869,0.7805339247919745,2.3276201311527465,12.219621881858053,74.56674613091916
1169,216.44390493599784,4.810878023512185,0.858484857641288,2.5675319720359746,25.038923478230906,87.75011407978178
1170,226.1430562627166,2.2299652773400287,0.7858015370925028,2.3815923783246347,34.98994284862136,82.91428038973356
1171,236.51948799530837,4.170233776543037,0.8365541813652674,2.5110231395038674,11.278464111932001,68.03467004278762
1172,167.56830029437134,4.603514349022146,0.8683540552458471,2.3715102074497554,10.657320020293499,63.590949836946415
1173,288.3156862552925,7.255633529027001,0.8673509777650308,2.612451075606016,19.527716035018035,84.63597559316763
1174,216.44390493599784,4.810878023512185,0.858484857641288,2.5675319720359746,25.038923478230906,87.75011407978178
1175,151.68581044249174,3.708289161534006,0.8541525720077726,2.465487426034954,10.267375372723468,61.54190367285174
1176,216.44390493599784,4.810878023512185,0.858484857641288,2.5675319720359746,25.038923478230906,87.75011407978178
1177,346.0489045696031,6.886210669827082,0.6331755322608601,2.7176112473014347,13.975667312760962,66.54624060847908
1178,216.44390493599784,4.810878023512185,0.858484857641288,2.5675319720359746,25.038923478230906,87.75011407978178
1179,216.44390493599784,4.810878023512185,0.858484857641288,2.5675319720359746,25.038923478230906,87.75011407978178
1180,181.18712629446034,4.222913188211698,1.0993156143154308,2.5595851622882857,21.44976867528541,90.1900744281865
1181,174.0114186265132,4.9081254939114904,1.0429655716360045,2.5332677809338087,21.52656044519675,78.89861479389432
1182,202.1808662088809,2.5796245433710423,0.8410436235195159,2.4119656280829975,24.58820723413631,78.96834787810245
1183,216.44390493599784,4.810878023512185,0.858484857641288,2.5675319720359746,25.038923478230906,87.75011407978178
1184,219.7370794617333,2.9206686703854765,0.7364731139188108,2.594972609855831,33.17793830952748,97.26824319112751
1185,203.5461214237048,3.8617794729579797,0.7315138223989875,2.875084839602553,32.26494573037205,102.43345543391845
1186,357.6651419332505,6.24845748554871,0.5698374747368891,2.5635203944920346,24.536869586309223,76.73976651516828
1187,173.38716622829574,10.007276653748816,1.1757368423876886,2.4332587939031898,28.13062210269066,103.62408553437582
1188,173.4469517308715,5.286183453691858,1.169823502799478,2.6487175491684045,23.961407735586704,93.10143978281508
1189,170.20546478314589,8.828674004311738,1.2154541630459925,2.4558427659448228,19.869448254161565,94.53891309101516
1190,206.4245143643737,4.09680732024221,0.7006480517032674,2.2579181959944727,14.986208695403372,104.7870463142362
1191,216.44390493599784,4.810878023512185,0.858484857641288,2.5675319720359746,25.038923478230906,87.75011407978178
1192,240.98288824676854,2.5644673923787624,0.534268125901703,2.4181448253473707,29.934623014689677,104.38087859334699
1193,170.7069248834283,5.215061526344045,1.210947254394328,2.630393360775743,20.132825745097623,103.93182684022948
1194,144.3338826814568,3.806388463380499,0.9986409255711993,2.396240799628393,11.270264840842803,63.92589584589504
1195,216.44390493599784,4.810878023512185,0.858484857641288,2.5675319720359746,25.038923478230906,87.75011407978178
1196,199.60771289157978,2.982966243867985,0.7227299099939276,2.449428949483744,17.92604169426761,65.8830356794082
1197,197.01311822832253,5.331482564471865,1.0826791415042327,2.6508968382924456,36.11120994708175,111.04159867175342
1198,219.40409345142436,2.850087190657895,0.7135063227782806,2.4200106218335713,29.431061216397875,85.71054782857472
1199,163.92104265414065,5.222987996516125,1.1663853464926188,2.486978395996229,19.584618164406702,103.5212785667519
1200,243.96031105666333,7.572742498977794,1.0625923811193236,2.765457490936472,30.026732674708814,86.99304937124131
1201,216.44390493599784,4.810878023512185,0.858484857641288,2.5675319720359746,25.038923478230906,87.75011407978178
1202,376.1236664364639,5.7816208171187595,0.7632992761684739,2.565500462991912,28.99738152040154,80.92332465427562
1203,284.419234058439,6.247513034294569,0.5878654973315526,2.6950865977554095,30.85884576277243,83.75269847677957
1204,216.44390493599784,4.810878023512185,0.858484857641288,2.5675319720359746,25.038923478230906,87.75011407978178
1205,247.38966291755224,3.6698678373204734,0.7934808598359961,2.5339825255301585,34.754304942495835,107.23085020057565
1206,216.44390493599784,4.810878023512185,0.858484857641288,2.5675319720359746,25.038923478230906,87.75011407978178
1207,262.9661569420474,2.5430948075453306,0.7569996696008857,2.4419472082911344,26.346389373811792,84.63981432178424
1208,321.61651688797167,4.558858709227633,0.9680337806842089,3.037628210249033,36.831489806259775,96.59657452041994
1209,196.7807677667636,2.24648247247986,0.5767137940241704,2.383901902216272,17.97761314772402,89.30043099224982
1210,256.520967723747,6.697654309607297,0.8325537400330635,2.45349835640634,14.015067283295283,72.92986868737565
1211,241.17565932699085,7.254966083625467,0.7385214123080114,2.388373267802012,12.250214409936923,71.8693215034411
1212,216.8942263729567,2.4785959078429696,0.7781995018794214,2.230480735356946,27.002787917751995,76.48749017282783
1213,202.02342686939116,3.5172116314218442,0.4928470552038179,2.2983136968139752,24.790616081307675,95.73865513849798
1214,216.44390493599784,4.810878023512185,0.858484857641288,2.5675319720359746,25.038923478230906,87.75011407978178
1215,216.44390493599784,4.810878023512185,0.858484857641288,2.5675319720359746,25.038923478230906,87.75011407978178
1216,216.44390493599784,4.810878023512185,0.858484857641288,2.5675319720359746,25.038923478230906,87.75011407978178
1217,358.9639226199054,7.853979142588452,0.7008311522336859,3.100178239869698,18.890805417759825,61.9721255249897
1218,208.70489607665047,6.071455153778162,0.8915156902686018,2.6863263474039933,14.210370265577815,70.15382574244852
1219,216.44390493599784,4.810878023512185,0.858484857641288,2.5675319720359746,25.038923478230906,87.75011407978178
1220,191.89368851590513,4.202947768316867,0.8453737341434767,2.3090495983678085,26.53282162134323,70.02819101244125
1221,216.44390493599784,4.810878023512185,0.858484857641288,2.5675319720359746,25.038923478230906,87.75011407978178
1222,208.01353235115658,3.5114704891787523,0.7292119336322491,2.534037385880506,24.943540721380646,117.00853632399465
1223,187.04263606430538,5.445361750842501,0.996084030730669,2.4113824699251993,20.62797129708709,100.75347203997121
1224,221.42725507162416,2.248929208873472,0.790641297528082,2.3084464337831254,30.77617980063972,72.68794958617593
1225,178.2279782104167,4.178549115659654,1.0746464172101133,2.4892352938086604,14.456440320321432,67.11951219659356
1226,267.918626474856,3.9426603753710756,0.8360576823106931,2.9017904998557977,20.828836365045298,103.08159554286034
1227,188.47179163757323,5.0349135776172105,0.9990090851027277,2.342093816544349,28.694988143437044,63.29710424996901
1228,223.4716864791035,2.661601763513292,0.5932943871503774,2.3037659456022235,24.450278623898214,67.69863306986491
1229,216.44390493599784,4.810878023512185,0.858484857641288,2.5675319720359746,25.038923478230906,87.75011407978178
1230,216.44390493599784,4.810878023512185,0.858484857641288,2.5675319720359746,25.038923478230906,87.75011407978178
1231,216.44390493599784,4.810878023512185,0.858484857641288,2.5675319720359746,25.038923478230906,87.75011407978178
1232,177.34857567764973,2.3508330233891606,0.7031828382332271,2.2893222197473646,34.21881540185356,83.73538595288689
1233,215.2779507371759,3.2831520751255825,0.8450913017145573,2.471718300593582,26.589833417370166,95.85533936643886
1234,196.02219841223334,5.297297575166593,0.8582486483682413,2.5078531325888647,25.250073660638257,90.39536617245494
1235,191.77365541067985,3.9083320334534823,0.7686433590084266,2.0835023593350326,10.46002356927675,105.63201159804689
1236,164.82562029821523,5.507064472642329,1.0190932633204255,2.486143437122264,21.652742999759667,95.9454993860669
1237,222.4392701017574,4.141976093904613,0.7518052646478357,2.660958514503981,27.21221737343623,110.45484467031972
1238,209.1701029743318,5.570745744514435,1.068500911080408,2.998289589384067,32.08831794561605,120.55128043631646
1239,211.8772568839629,4.653026165637992,0.9185792528353337,2.632514559513484,25.521774142999305,85.7233673733946
1240,215.81693131603706,3.350069088420747,0.5388353375334902,2.4537453545043846,39.645640871100646,101.3560076367989
1241,253.24028469041647,6.274913590979593,0.8031410905534057,2.405149044176412,14.449731169386768,66.15564512250178
1242,179.73138204894133,3.480065114220345,0.696996328147021,2.712072968451093,23.962370518497984,96.33321980119791
1243,267.46239001352853,6.496941416792845,0.7629511128487635,2.486358663844554,23.698943475002626,75.2350220238224
1244,134.10350476258236,3.9535083155418835,1.154666720706546,2.485770382597829,10.936010069598964,70.80914478280305
1245,216.44390493599784,4.810878023512185,0.858484857641288,2.5675319720359746,25.038923478230906,87.75011407978178
1246,216.44390493599784,4.810878023512185,0.858484857641288,2.5675319720359746,25.038923478230906,87.75011407978178
1247,216.44390493599784,4.810878023512185,0.858484857641288,2.5675319720359746,25.038923478230906,87.75011407978178
1248,216.44390493599784,4.810878023512185,0.858484857641288,2.5675319720359746,25.038923478230906,87.75011407978178
1249,182.4406566910755,3.7140718445032643,0.7505548855786721,2.0365418361434977,9.36012200603449,97.19463088569329
1250,210.6405121657193,4.991177989116483,1.0026616070479015,2.5592478218635577,37.446001291821936,75.53137297113749
1251,216.44390493599784,4.810878023512185,0.858484857641288,2.5675319720359746,25.038923478230906,87.75011407978178
1252,216.44390493599784,4.810878023512185,0.858484857641288,2.5675319720359746,25.038923478230906,87.75011407978178
1253,199.86272659842223,2.94298316042783,0.6568587482065275,2.7613355762878475,24.87106737319329,95.29863631810687
1254,219.5887155484859,2.9066863452621723,0.5086462523810463,2.355812951344309,24.626160451452883,73.33022137786664
1255,216.44390493599784,4.810878023512185,0.858484857641288,2.5675319720359746,25.038923478230906,87.75011407978178
1256,180.0615771218599,3.479046110093697,0.7082974360887954,3.2022384270176323,32.821443920856,120.26913425214819
1257,352.06354148386083,8.0483716163425,0.7756863892072882,3.0805565024369903,20.38923995228078,66.77088537209492
1258,414.4956560294755,8.88690282390594,0.782702756096639,3.3031625549407657,18.93822333871118,64.68938549050993
1259,208.1500330282708,4.771601008639713,0.8955843529257529,2.8666535748399693,31.967660509814973,74.55434669502021
1260,320.6803521425049,6.469825657663768,0.5625728189239598,2.5502894254776964,13.144932365267174,59.176925561103175
1261,273.14759749695054,6.3595486201895675,0.633573396268266,2.4589650201804965,12.981962877699932,77.62288351398642
1262,247.13300120394095,5.14229628154351,0.6820173279647013,2.3757859974069446,21.294351702199762,103.49655789406482
1263,195.8707621438469,3.4770312633339424,0.5508395752070065,2.197198266602969,26.15463786782455,89.95739561127475
1264,213.06437166790184,5.55140031227447,0.9167003888803578,2.5491640258125177,21.88643969849581,97.1079368249901
1265,186.98055100613902,3.7558896353723954,0.7050284464031746,2.9483232944331315,28.251780665942857,105.61521603511918
1266,246.95873241074725,6.434832603469164,0.7528110566537837,2.477176591527786,15.725668000935048,77.37168066510363
1267,216.44390493599784,4.810878023512185,0.858484857641288,2.5675319720359746,25.038923478230906,87.75011407978178
1268,171.50989250425954,3.8687999648341544,1.0698814616416623,2.4430571878633414,12.072623521529964,63.46995340586672
1269,342.07093822988776,5.876021407975545,0.9083485239521639,2.6587211864836324,23.21073862703154,88.02262519484876
1270,202.5616136407335,2.9950077675233993,0.49249816386995093,2.3476029593895995,22.33645725590329,91.33816152949397
1271,202.3689123347815,3.415010062057509,0.6527136711041333,2.5687477464678663,29.389420689245572,100.91460713473498
1272,342.200973908319,7.816442259373611,0.6917423322435525,2.9357162695610413,20.23346150645063,67.46149279823345
1273,174.81755094774505,4.0195368395002635,1.080997825589956,2.410718569569937,19.13365009192674,86.61591472173795
1274,200.8595390773838,2.4418450452424216,0.7428472096571616,2.346920562350127,19.85639925484503,69.77632777067521
1275,183.63182665494773,3.227281797126746,0.8398807474105701,2.5912613657580543,38.07495188672741,101.22248786359643
1276,175.9277943711464,4.84843839315246,1.1690805595472495,2.8260446672215105,19.765958303720364,86.3832837051812
1277,226.04993670612095,5.423645727944434,0.8944114378117509,2.608063638582785,19.992098999283755,95.77147443422825
1278,165.69437371420096,6.344128524900967,1.1885474564525333,2.7694638652931802,18.591481658339205,105.3988798028762
1279,295.1306215006379,7.1590469855766425,0.67609767798435,2.6494175760340597,14.875591608429685,69.66661106247945
1280,194.21357955566614,3.530151897899045,0.6367078322210791,2.7517689410791824,33.35800690220339,94.93724796694136
1281,377.5866482767062,2.6549005042077103,0.5967536870705369,2.251781783935036,38.33805675052969,84.41852581333697
1282,196.99797159994165,4.9562059921492585,0.819236230197739,2.7314669864823653,19.564832403373664,81.3468678172961
1283,203.2377496162878,3.3157021564053775,0.6980168611369351,2.852091642834755,29.61256590771491,106.64822896023614
1284,221.9320391207083,8.626664195271232,1.0484524329334608,3.540459165954483,32.222746724785495,95.71583050502169
1285,216.44390493599784,4.810878023512185,0.858484857641288,2.5675319720359746,25.038923478230906,87.75011407978178
1286,216.44390493599784,4.810878023512185,0.858484857641288,2.5675319720359746,25.038923478230906,87.75011407978178
1287,328.8274332633215,4.791088867031077,1.2615256221902573,3.138161508581805,21.630318154460788,116.59920224468682
1288,168.5307947902054,4.557395577716188,1.2494069102965422,2.580236588332903,13.625239008572782,71.70898922268154
1289,190.44847409311427,3.239475394660613,0.5368756759735659,2.262651572568153,23.101650479962625,101.52247429869247
1290,216.44390493599784,4.810878023512185,0.858484857641288,2.5675319720359746,25.038923478230906,87.75011407978178
1291,211.10191806595293,4.246492344274507,0.7732722513871633,2.8112508888768875,42.29677990002942,111.27064995801639
1292,233.45549452392868,2.811857096376574,0.7733176742739872,2.3660263199292086,22.542585119281785,81.89396647585407
1293,140.38071982909477,3.9909488084911504,1.0720030830728309,2.5264380061792373,10.742563618060474,66.04205677807401
1294,189.07313578171605,3.4667853488522433,0.7480081955676421,2.5175177262403756,24.774023862320426,79.79804308605404
1295,177.48593343928513,8.308498879989143,1.1708774569418203,2.5706484923283677,25.709117556990172,78.26658293446718
1296,198.38443161482883,3.496336700448706,0.8365036070756875,2.5363170511706996,36.95832716905748,108.82511756283102
1297,191.6873991035001,6.089081844966392,0.994178996143015,2.734597478067404,26.063977490180182,107.61036993148066
1298,195.33085709063684,2.9772469565565474,0.7797640915287023,2.301983831061201,39.72403704134683,66.47196412443279
1299,232.67291390656598,8.45804258125232,1.1752512404667028,2.8751403468666097,39.19371738778096,101.99672915040601
1300,210.03888456107245,5.4064089823081165,0.9186295355066901,2.7619215881911505,23.867397863009224,84.70665234395136
1301,150.46802047539782,7.020844003580153,1.0611676476330414,2.3768546879639723,22.653001675220246,85.89077171655518
1302,171.58831808943532,4.4201646674354835,1.1027691897406546,2.4894186043691504,22.07245878270143,87.62902457397907
1303,216.44390493599784,4.810878023512185,0.858484857641288,2.5675319720359746,25.038923478230906,87.75011407978178
1304,205.0238211057252,3.3258983694516635,0.5194709467908979,2.0727054010771098,32.78471721911404,104.70596413512651
1305,169.31487751946543,4.451942309351362,1.1106465649179678,2.580764571104733,25.88449187251122,89.90343808445925
1306,196.2677777680232,2.9677651870574575,0.49948701135522916,2.331617389029588,25.508937567550483,82.98706376592872
1307,157.74106826217024,3.921659694817923,0.9200849644720954,2.485470236310194,11.215350147027168,60.338582412385755
1308,192.63215517252755,3.280691890160216,0.7140161759542174,2.0397821297863503,13.310692330842702,89.21275160372237
1309,213.05937012234293,3.434170697200704,0.44437612419249045,2.713122363293149,40.56595608902197,82.35164940953479
1310,181.28166562563646,5.1407798102745375,0.7817221009540374,2.084480083481774,14.343194518751101,107.16046100704098
1311,216.44390493599784,4.810878023512185,0.858484857641288,2.5675319720359746,25.038923478230906,87.75011407978178
1312,212.0118382390286,3.284771374447616,0.586393806728587,2.49774996975023,25.787056107135236,86.99305930147288
1313,215.57168545330111,4.410319675147377,0.45782577904330485,2.7092738617628687,43.249066120459396,83.36313391352984
1314,216.44390493599784,4.810878023512185,0.858484857641288,2.5675319720359746,25.038923478230906,87.75011407978178
1315,219.01905164624014,3.0765784127050235,0.7178199781662289,2.585255830773321,21.093186512057272,85.2307775077154
1316,192.7410112886484,4.013596307867098,0.8103661464978241,2.2166024526201156,42.874532591109975,70.63295453516514
1317,216.44390493599784,4.810878023512185,0.858484857641288,2.5675319720359746,25.038923478230906,87.75011407978178
1318,178.56830829893852,3.7260504727794572,1.1290878695207422,2.310037635538079,22.476984623582297,91.51185614492735
1319,209.36128230427886,3.109692731728137,0.6243540598163291,2.409526859266114,31.286809719931966,102.94388232711638
1320,216.50930000391935,7.822955211887047,0.9848536746683109,3.302185916667033,23.29053703164212,102.8071536382252
1321,234.7153140916861,7.25238846278452,0.7842214945648683,2.3288536647421996,10.492586833545076,64.93437943000397
1322,325.1092091403759,5.746194058232451,1.5164411290086912,3.1203791082736747,33.076920163900546,115.47439435668979
1323,259.0985560971169,2.435018249943929,0.6358001099170916,2.1999196205764076,18.62220631632717,83.32606230804826
1324,216.44390493599784,4.810878023512185,0.858484857641288,2.5675319720359746,25.038923478230906,87.75011407978178
1325,216.44390493599784,4.810878023512185,0.858484857641288,2.5675319720359746,25.038923478230906,87.75011407978178
1326,213.17090027682852,4.312337908780978,0.7630486932619478,2.6144453613102487,33.62315198170345,111.79697771442343
1327,184.49850758551915,4.6249669431157265,1.1383857273738904,2.5973727611798765,21.256502872820896,95.95718691367132
1328,216.44390493599784,4.810878023512185,0.858484857641288,2.5675319720359746,25.038923478230906,87.75011407978178
1329,223.50038833786348,3.851346857928147,0.7110933707940003,2.442833605296511,22.194648692129228,89.02004942466384
1330,188.27441205339264,2.5701691733613505,0.6366994413160747,2.529310061915561,40.11467810967206,84.9975748592476
1331,235.89553959034032,5.371831386147132,1.278171495506407,2.494832022471043,29.95385168512688,107.89468954020589
1332,211.76143027040513,5.5303426667706335,1.0837202720727246,2.6656788580800175,35.276270701851686,94.50697262899398
1333,206.37036848017053,3.7701552245231804,0.7939624883279213,2.9082458833400113,34.576767737554924,113.59080589821242
1334,216.44390493599784,4.810878023512185,0.858484857641288,2.5675319720359746,25.038923478230906,87.75011407978178
1335,196.92129512803373,4.435106507842527,0.6249766452934304,2.3093219861537255,12.383173722727738,99.71584398774023
1336,208.0494144301208,3.8070429471524356,0.6970636018425953,2.7502962217324214,38.93758160396375,93.38621211893741
1337,216.44390493599784,4.810878023512185,0.858484857641288,2.5675319720359746,25.038923478230906,87.75011407978178
1338,226.1088567367368,3.825354774337756,0.8280478260371595,2.7283336901923874,26.522586536539954,106.93539779213793
1339,236.0350159266245,4.284099160403449,0.7726241786558691,3.125558092269147,36.84132836823598,128.3087950055757
1340,184.57898679755252,4.95156212734201,0.7732813547043468,3.062663358396215,34.81442556108246,106.05242516367498
1341,214.33238302139287,3.1268796801038192,0.5168725628017183,2.4331815643079726,33.45290176780968,108.6142914049884
1342,216.44390493599784,4.810878023512185,0.858484857641288,2.5675319720359746,25.038923478230906,87.75011407978178
1343,260.93288765701647,6.822630093146982,0.8011384836317266,2.4032840324832074,12.638668211851451,83.39595784092027
1344,202.70448479793134,5.519567496625677,0.8854952216368825,2.386057098935239,41.86478511303223,90.59739768081938
1345,216.44390493599784,4.810878023512185,0.858484857641288,2.5675319720359746,25.038923478230906,87.75011407978178
1346,216.44390493599784,4.810878023512185,0.858484857641288,2.5675319720359746,25.038923478230906,87.75011407978178
1347,216.44390493599784,4.810878023512185,0.858484857641288,2.5675319720359746,25.038923478230906,87.75011407978178
1348,259.6844234437839,5.318535304831259,0.7605923159583463,2.331135245335061,15.70168370375859,67.15651167990642
1349,257.1723905253041,5.343041120371392,0.7126437189141658,2.480992933668972,12.8120897764458,68.6076349095032
1350,236.79752040451444,5.084041534404246,1.0750054437840073,2.794235646055828,25.123183054210017,78.93960730024247
1351,222.74855417079107,2.0214255333951203,0.7938300229052476,2.389325211161693,29.710356276552343,69.59634595362148
1352,216.44390493599784,4.810878023512185,0.858484857641288,2.5675319720359746,25.038923478230906,87.75011407978178
1353,218.03895588964696,4.439083617042977,0.7940149701965667,2.7556856944483843,14.176772969143348,84.94270203982028
1354,230.64766456500215,7.313701907965299,0.7463035237465537,3.3706369695934097,27.402332348259783,72.6345106397526
1355,204.62758909867972,2.05713224100475,0.5987060491660245,2.135484821573613,25.63880345839737,75.31539593256656
1356,199.12929451187534,4.228559818317874,1.1850092202653144,2.7079993651263896,23.020527633914963,97.03202791593087
1357,294.17880538736324,6.914590946249466,0.9734522407608304,2.6129895675002546,23.8374853007277,80.78896051115854
1358,204.08540069893718,4.496255062370876,0.7236725133325924,2.276448907184564,39.66314002234854,80.11261015493815
1359,205.14164995576724,3.5975123509277833,0.6823905934227732,2.5438781663501544,29.100288244146935,118.81354630275702
1360,216.44390493599784,4.810878023512185,0.858484857641288,2.5675319720359746,25.038923478230906,87.75011407978178
1361,216.44390493599784,4.810878023512185,0.858484857641288,2.5675319720359746,25.038923478230906,87.75011407978178
1362,216.44390493599784,4.810878023512185,0.858484857641288,2.5675319720359746,25.038923478230906,87.75011407978178
1363,207.50752101771437,4.091961473336869,0.9838579212274979,2.236551052579956,10.495985802555687,117.53251904849655
1364,266.888548802805,6.498908316288426,0.586175361851844,2.3479696881542753,16.564898862441883,61.238080255539266
1365,216.74294742000905,4.091975187487835,0.6939344149695736,2.3006364746276016,11.615512242485618,107.62684731802302
1366,216.44390493599784,4.810878023512185,0.858484857641288,2.5675319720359746,25.038923478230906,87.75011407978178
1367,214.97020586247697,7.147171235620007,1.2230429640784481,2.9328774421322343,32.92607601161929,88.27538801638927
1368,216.44390493599784,4.810878023512185,0.858484857641288,2.5675319720359746,25.038923478230906,87.75011407978178
1369,204.22689123645523,5.209723046175749,0.9355407595419931,3.2370669655323105,20.49312136521008,107.3278408857601
1370,170.6965797393257,9.070066777187087,1.225835633399041,2.5838432741661483,21.236961105307422,101.99521250598606
1371,158.0427197854351,5.1449265967701185,1.1461201149547753,2.4775663646336596,27.412616067194605,93.76277321864727
1372,216.44390493599784,4.810878023512185,0.858484857641288,2.5675319720359746,25.038923478230906,87.75011407978178
1373,211.37740750102756,6.296409020138539,1.1113622546269093,3.2096954751760274,33.94770919167175,89.1738609186662
1374,198.08710308772714,2.3550111552207906,0.67619299839157,2.2941072771847515,32.756760671487555,71.89035343879041
1375,205.37756993614894,4.501358797849612,0.7231169044674675,2.3255077864473783,13.051332864911577,95.83684796056238
1376,173.07908967193987,4.050268010253964,1.0100322352601139,2.499986543421291,10.197820830573495,65.00883085275646
1377,216.44390493599784,4.810878023512185,0.858484857641288,2.5675319720359746,25.038923478230906,87.75011407978178
1378,293.80113639931403,5.918965921743176,0.5755134222179745,2.6717733855478683,12.16763995051596,74.54674041354964
1379,199.7029757495272,4.899957076167505,0.9507577077221695,2.1286200494981182,11.353232598071651,121.79583051527476
1380,216.44390493599784,4.810878023512185,0.858484857641288,2.5675319720359746,25.038923478230906,87.75011407978178
1381,181.37087320917732,4.740047376554068,1.057540656769547,2.5090053862927153,15.260762743694325,64.50681728097838
1382,197.2047664706188,2.6658567465227048,0.6789907981314666,2.6125447517315266,25.95473005186019,103.70027532740345
1383,216.44390493599784,4.810878023512185,0.858484857641288,2.5675319720359746,25.038923478230906,87.75011407978178
1384,249.75211558510426,6.449963312912875,0.7581166348699109,2.4800948396133267,17.09549527098573,74.92522132538217
1385,192.55701360116285,2.771813971295317,0.7547550465351363,2.5416464518328246,31.258379992105976,78.28628596363008
1386,166.6169870034364,6.614867661300061,1.1192441003958993,2.4023729683545807,21.18621319482593,79.8347655134403
1387,216.44390493599784,4.810878023512185,0.858484857641288,2.5675319720359746,25.038923478230906,87.75011407978178
1388,216.44390493599784,4.810878023512185,0.858484857641288,2.5675319720359746,25.038923478230906,87.75011407978178
1389,230.60779525998902,9.925093689865172,1.1589736691438766,2.55774806384401,29.098460675768564,79.20074530777666
1390,216.44390493599784,4.810878023512185,0.858484857641288,2.5675319720359746,25.038923478230906,87.75011407978178
1391,271.2083175206974,6.81449168433946,0.6446826229840705,2.5916053017279954,14.422728459652067,84.63304933933783
1392,216.44390493599784,4.810878023512185,0.858484857641288,2.5675319720359746,25.038923478230906,87.75011407978178
1393,265.64357230399645,6.110462074858911,0.7495944371865727,2.4289046268583694,28.681325669938893,68.6033992040232
1394,226.35820289440892,3.9273882869227834,0.7332575402807886,2.637466809653657,24.758594582251128,108.07961744434273
1395,216.44390493599784,4.810878023512185,0.858484857641288,2.5675319720359746,25.038923478230906,87.75011407978178
1396,202.71436784932635,3.4730833624890387,0.652109847644805,2.4656565642263306,25.52677138043606,85.57370971414356
1397,216.44390493599784,4.810878023512185,0.858484857641288,2.5675319720359746,25.038923478230906,87.75011407978178
1398,292.3931081275312,7.672892267044681,0.6959042584843745,2.7745707416252023,15.915358849125791,63.78473016899021
1399,374.79108381282845,5.97176122738694,0.8593145658373755,2.5539556530920122,30.290623791743634,69.88953659330575
1400,149.97000659543113,3.866896779761059,0.9506486232649997,2.4904130025153393,9.994704079042757,60.9424281342199
1401,216.44390493599784,4.810878023512185,0.858484857641288,2.5675319720359746,25.038923478230906,87.75011407978178
1402,267.1312827343886,6.342279395510659,0.6019159243745399,2.817470514863608,19.995418995199152,71.31522577352503
1403,216.44390493599784,4.810878023512185,0.858484857641288,2.5675319720359746,25.038923478230906,87.75011407978178
1404,216.44390493599784,4.810878023512185,0.858484857641288,2.5675319720359746,25.038923478230906,87.75011407978178
1405,233.0126746344449,5.804017638278508,0.9969608742782021,2.9226012401980466,30.173316951769163,93.82424503048003
1406,216.44390493599784,4.810878023512185,0.858484857641288,2.5675319720359746,25.038923478230906,87.75011407978178
1407,216.44390493599784,4.810878023512185,0.858484857641288,2.5675319720359746,25.038923478230906,87.75011407978178
1408,197.8133664815444,5.524335453022563,1.0550197469925768,2.6825696377491393,28.59337115898262,104.5145526050538
1409,222.95262551522782,3.1482984248341244,0.6453582411293262,2.3316286654776888,27.27331355831175,87.74560356508151
1410,174.98228486471848,3.998369689162569,0.8337303708145756,2.5700237543898847,10.24846400630378,59.22607888784481
1411,282.81927502300806,3.3914432819487286,0.48861665355464057,2.422543402467406,31.716020328148577,104.97720073762379
1412,196.44567248222498,4.353897542142768,0.9761677746713411,2.1992675844563663,9.7378059869226,121.28760589276752
1413,216.44390493599784,4.810878023512185,0.858484857641288,2.5675319720359746,25.038923478230906,87.75011407978178
1414,212.0593191846346,3.848166222364209,0.8557554860605051,2.6465775157842697,42.44630165002676,119.88702444442393
1415,385.3264509918073,5.726089718861278,0.6858005172140089,2.6842722630186135,17.967410834501393,60.015043477302754
1416,242.65130308084633,5.745376312595934,0.7582238911286033,2.308135622924367,11.663447160314673,79.72552590577719
1417,220.39364165684302,4.988055741320714,0.6729795192393034,2.4077981330631752,13.74020096021171,101.63427674011716
1418,220.16762970345897,3.2846439440698862,0.6508018370069151,2.504884409544781,33.46814963525557,85.1919189631191
1419,174.21498822153313,3.1489030373681937,0.7875841825508441,2.5821896351027447,38.030665369814606,100.13138961059981
1420,195.83660780199116,6.834402850190515,0.868623195017426,3.009960086559502,18.237972042081203,77.62599941950799
1421,225.05091620368484,4.311793619859514,0.8412993024841187,2.5092080591400756,10.366101486347203,65.8336331331316
1422,216.44390493599784,4.810878023512185,0.858484857641288,2.5675319720359746,25.038923478230906,87.75011407978178
1423,180.5339008705758,5.07203375978684,0.8092777618004406,2.1212616393573835,12.506517845887247,111.14974895506886
1424,216.44390493599784,4.810878023512185,0.858484857641288,2.5675319720359746,25.038923478230906,87.75011407978178
1425,200.90068710376437,2.16533950632517,0.6008937088331195,2.3006745894498333,16.929155421364356,87.3299398332032
1426,216.44390493599784,4.810878023512185,0.858484857641288,2.5675319720359746,25.038923478230906,87.75011407978178
1427,216.44390493599784,4.810878023512185,0.858484857641288,2.5675319720359746,25.038923478230906,87.75011407978178
1428,369.0234880405707,7.704746560789502,0.7051946324574134,3.2449642536705565,31.871491627557305,64.91317120351093
1429,152.25965567945312,4.513357085851437,1.315320443776363,2.557400732822647,15.62620005979511,74.3066399925411
1430,216.44390493599784,4.810878023512185,0.858484857641288,2.5675319720359746,25.038923478230906,87.75011407978178
1431,216.44390493599784,4.810878023512185,0.858484857641288,2.5675319720359746,25.038923478230906,87.75011407978178
1432,214.31223277394537,13.269824454683022,0.8671356917800924,3.274333609788254,26.768839680949135,82.09959478005018
1433,216.44390493599784,4.810878023512185,0.858484857641288,2.5675319720359746,25.038923478230906,87.75011407978178
1434,216.44390493599784,4.810878023512185,0.858484857641288,2.5675319720359746,25.038923478230906,87.75011407978178
1435,220.45578657614908,3.9803871629429306,0.8974508593322011,2.6713707801307764,26.49677764778212,121.32812009452323
1436,153.17412593221877,4.196631563332641,1.007040665971489,2.4892352938086604,13.298744351440188,70.65471008902541
1437,216.44390493599784,4.810878023512185,0.858484857641288,2.5675319720359746,25.038923478230906,87.75011407978178
1438,216.44390493599784,4.810878023512185,0.858484857641288,2.5675319720359746,25.038923478230906,87.75011407978178
1439,216.44390493599784,4.810878023512185,0.858484857641288,2.5675319720359746,25.038923478230906,87.75011407978178
1440,218.04912051016305,6.366168056664033,1.0734724872559107,2.5607013997713755,35.863420837492484,65.3049576988419
1441,216.44390493599784,4.810878023512185,0.858484857641288,2.5675319720359746,25.038923478230906,87.75011407978178
1442,216.44390493599784,4.810878023512185,0.858484857641288,2.5675319720359746,25.038923478230906,87.75011407978178
1443,130.08307075881652,3.855633739111337,1.1385673567486794,2.485770382597829,13.204055784084316,70.73291348748417
1444,152.04100650479435,3.6342591227582166,1.0442880141160693,2.3464423608789917,20.667847583458727,85.87233021798008
1445,204.7716801735765,4.2867305368525965,0.696295619318601,2.240873000168204,11.941183014499549,91.22244336720499
1446,243.7232969320377,5.825948069169438,1.0910507951735238,2.6878234494400703,29.413175221903938,82.01181278449717
1447,216.44390493599784,4.810878023512185,0.858484857641288,2.5675319720359746,25.038923478230906,87.75011407978178
1448,215.45365896095544,4.431583866195172,0.8122961242901027,2.8970944474366425,32.16998795469616,103.31842073085026
1449,224.0056181718992,5.168266392415895,1.051572618030513,2.7756608117494803,32.88028589064048,81.88219974627032
1450,184.8845745670399,4.6686408743290055,1.192304083510851,2.662961414949674,19.850474425002876,115.15198141655837
1451,216.44390493599784,4.810878023512185,0.858484857641288,2.5675319720359746,25.038923478230906,87.75011407978178
1452,128.8749149325407,3.8658469719315427,1.058636077000595,2.458769034858242,12.683859419852478,70.23886969171686
1453,216.44390493599784,4.810878023512185,0.858484857641288,2.5675319720359746,25.038923478230906,87.75011407978178
1454,169.44769426231667,5.958704630651642,1.1488486906849744,2.5323424132539083,26.778327611935634,89.97052496452778
1455,212.59829853218633,7.41096629418425,0.7071367616026214,2.791965489127252,52.746876849574754,102.49023718499922
1456,217.66349191526857,5.993709209695327,0.7847873916356654,3.0020244499379034,29.182170967409824,70.76185674923414
1457,208.95372015912167,4.675248512561433,0.8774282938734708,2.638137624009844,20.595680474539677,84.01509632238692
1458,216.44390493599784,4.810878023512185,0.858484857641288,2.5675319720359746,25.038923478230906,87.75011407978178
1459,216.44390493599784,4.810878023512185,0.858484857641288,2.5675319720359746,25.038923478230906,87.75011407978178
1460,216.44390493599784,4.810878023512185,0.858484857641288,2.5675319720359746,25.038923478230906,87.75011407978178
1461,216.44390493599784,4.810878023512185,0.858484857641288,2.5675319720359746,25.038923478230906,87.75011407978178
1462,164.74794058516235,10.007145918179024,1.1328023440473696,2.4791660342500017,17.432394942041668,84.24247921959538
1463,219.35508184621776,4.583241364906153,0.7817981924812157,2.5840983862203957,31.73101712433361,82.6296268542375
1464,222.47077805110564,4.313247446177871,0.760431537235375,3.0002635837395997,41.129642159810075,113.95476725495324
1465,216.5205083319113,2.7585408757481975,0.5071535630626179,2.3653994876486606,24.811230274902798,69.96765823723595
1466,213.4908092025958,4.8731993689256825,0.6841897249889274,2.771415347046623,47.765086479355844,87.17892201836082
1467,189.52064257509085,3.2463011926378975,0.669435207584601,2.566387925732243,41.399728376530504,90.168231219975
1468,216.44390493599784,4.810878023512185,0.858484857641288,2.5675319720359746,25.038923478230906,87.75011407978178
1469,216.44390493599784,4.810878023512185,0.858484857641288,2.5675319720359746,25.038923478230906,87.75011407978178
1470,363.6700185969548,13.277399450749126,0.7122499379329058,2.7403501135565693,12.469995279850838,77.99180110210176
1471,247.36820190322254,4.629617262547289,0.7960208647214191,2.556438707913724,24.00793011100699,100.7545482723191
1472,216.44390493599784,4.810878023512185,0.858484857641288,2.5675319720359746,25.038923478230906,87.75011407978178
1473,202.57845807991941,3.200232651000691,0.6853409743517608,2.35855860436106,39.49130306836745,78.92717058602071
1474,216.44390493599784,4.810878023512185,0.858484857641288,2.5675319720359746,25.038923478230906,87.75011407978178
1475,216.44390493599784,4.810878023512185,0.858484857641288,2.5675319720359746,25.038923478230906,87.75011407978178
1476,216.44390493599784,4.810878023512185,0.858484857641288,2.5675319720359746,25.038923478230906,87.75011407978178
1477,268.2722236695662,7.680153365747039,0.8669850545157982,2.368004864447281,15.66941275412471,86.19372896840152
1478,193.02025203134298,3.5287150230062454,0.7455985014420249,2.566147554060682,28.9932370307126,105.13444108738862
1479,216.44390493599784,4.810878023512185,0.858484857641288,2.5675319720359746,25.038923478230906,87.75011407978178
1480,216.44390493599784,4.810878023512185,0.858484857641288,2.5675319720359746,25.038923478230906,87.75011407978178
1481,285.63042891027277,5.687247146550319,0.5987546958258203,2.8293008705600835,19.399458273632035,63.62838816711726
1482,219.41200245879156,3.6669084004963177,0.7934639027538868,2.7197050108624063,44.94544760492712,117.17379812769965
1483,186.31643173054312,4.887541065579036,1.0709159002531785,2.816061464797279,27.83400961086363,85.44127131338796
1484,175.02045303467625,6.222095501391781,1.111530817678111,3.093387741678978,19.687528823381914,90.59731118339401
1485,216.44390493599784,4.810878023512185,0.858484857641288,2.5675319720359746,25.038923478230906,87.75011407978178
1486,216.44390493599784,4.810878023512185,0.858484857641288,2.5675319720359746,25.038923478230906,87.75011407978178
1487,216.44390493599784,4.810878023512185,0.858484857641288,2.5675319720359746,25.038923478230906,87.75011407978178
1488,232.50212552389488,2.5403479448586395,0.409634828476149,2.3476230057316907,38.19539043542998,90.98184804102796
1489,245.40113552143012,5.851159143493378,0.7184001729606295,2.3550882260612815,12.20530119630177,68.69625336514754
1490,216.44390493599784,4.810878023512185,0.858484857641288,2.5675319720359746,25.038923478230906,87.75011407978178
1491,193.5832866458694,3.7484791723572384,0.8078415844292967,2.7778355894570326,37.406465978130704,104.82828659618592
1492,212.1758139732118,4.851754234814296,0.8633215487109928,2.6558723537663464,24.780981957515444,97.62915535169789
1493,211.5422100847705,10.348258573804294,0.8447359364763737,3.16452446878345,37.44798142533259,78.40971886308303
1494,136.85521714595987,3.8093483514174453,1.3490791694612156,2.4746089936923656,10.456380972859131,67.5737909986833
1495,216.44390493599784,4.810878023512185,0.858484857641288,2.5675319720359746,25.038923478230906,87.75011407978178
1496,199.86148603030418,3.3215274704903184,0.796359715079456,2.6313920029123845,32.321873512231335,107.67573422624316
1497,216.44390493599784,4.810878023512185,0.858484857641288,2.5675319720359746,25.038923478230906,87.75011407978178
1498,187.62750756643294,1.9575480543767967,0.6584398428720662,2.136334816548624,16.154548750351744,68.93687604365908
1499,251.32940955464687,9.556342825429839,1.1874185081965403,3.1144805411179908,40.92316894220355,87.36324754733725
1500,229.62309848593011,2.836069291142591,0.7942834016180055,2.370579374016858,28.27156203419355,80.03650398764741
1501,216.44390493599784,4.810878023512185,0.858484857641288,2.5675319720359746,25.038923478230906,87.75011407978178
1502,245.6126688904007,14.088772989876944,0.8086112172332299,3.5300814854790645,21.799487919098464,98.82660253407334
1503,131.108530786727,3.824422902601933,1.0868232108132763,2.5711729763841666,9.981889556284857,72.19772487892588
1504,178.22825354925573,7.125546892391348,0.8350621064177874,2.9200400358510015,21.65697528321423,88.30336511627257
1505,216.44390493599784,4.810878023512185,0.858484857641288,2.5675319720359746,25.038923478230906,87.75011407978178
1506,216.44390493599784,4.810878023512185,0.858484857641288,2.5675319720359746,25.038923478230906,87.75011407978178
1507,280.36204129387403,6.62735890096516,0.929835002992741,2.8168519299800003,21.546537471311353,88.50842502877663
1508,188.9256397153974,5.632896824583319,0.8361998809301746,3.1378842823652993,25.781405903006213,113.87365606601645
1509,209.85675047907307,4.037019569034423,0.7625706051763,2.217922658853681,14.38549573896312,69.85218530956635
1510,186.70968856597125,2.9262360123142868,0.7163868010951827,2.470843157718228,39.90856958196558,91.61349406425074
1511,216.44390493599784,4.810878023512185,0.858484857641288,2.5675319720359746,25.038923478230906,87.75011407978178
1512,216.44390493599784,4.810878023512185,0.858484857641288,2.5675319720359746,25.038923478230906,87.75011407978178
1513,199.44390286675494,3.523987045895534,0.803477854313607,2.6811969499712185,29.619332632742132,105.01732578139456
1514,180.91178978038397,4.509815008689489,1.1689191216227668,2.5937933058615794,19.62994466484348,100.52450288870733
1515,216.44390493599784,4.810878023512185,0.858484857641288,2.5675319720359746,25.038923478230906,87.75011407978178
1516,216.44390493599784,4.810878023512185,0.858484857641288,2.5675319720359746,25.038923478230906,87.75011407978178
1517,216.44390493599784,4.810878023512185,0.858484857641288,2.5675319720359746,25.038923478230906,87.75011407978178
1518,186.879286405427,4.64712898233874,1.1112162396304612,2.652871950863407,18.76977389235203,109.12069110434913
1519,156.7769695178567,4.044120612996896,1.0376628806251698,2.4472984058079414,25.259764120194976,82.8547238896138
1520,197.08036572680422,3.14897430152897,0.7097617747891664,2.7932961672176124,39.02746848132476,98.28763348600822
1521,216.44390493599784,4.810878023512185,0.858484857641288,2.5675319720359746,25.038923478230906,87.75011407978178
1522,216.44390493599784,4.810878023512185,0.858484857641288,2.5675319720359746,25.038923478230906,87.75011407978178
1523,170.00290615697745,6.696820344141721,1.0666099692310027,2.4973951250049793,28.266307686504177,79.67313355917825
1524,216.44390493599784,4.810878023512185,0.858484857641288,2.5675319720359746,25.038923478230906,87.75011407978178
1525,211.1351317973443,2.288987374904176,0.7225637429732596,2.362071633026199,31.85547260752935,71.32987241507026
1526,216.44390493599784,4.810878023512185,0.858484857641288,2.5675319720359746,25.038923478230906,87.75011407978178
1527,184.48619496148666,5.098242553619464,0.6001113222889337,2.5736140107134826,38.97030545156235,87.82028813546843
1528,216.44390493599784,4.810878023512185,0.858484857641288,2.5675319720359746,25.038923478230906,87.75011407978178
1529,218.95908075092416,4.490715423459285,0.890866073336006,2.4311589662450084,30.085190300339104,92.34195424270308
1530,176.79410986403508,6.267413994951294,1.1763020754268507,2.6314950278319524,26.83811187540782,89.90218690456621
1531,216.44390493599784,4.810878023512185,0.858484857641288,2.5675319720359746,25.038923478230906,87.75011407978178
1532,151.2786281379994,3.9544935783567685,1.0546577435007,2.48440745184783,25.619784711401426,94.68393828596035
1533,234.74636868384698,5.460135629944425,0.977614648952506,3.18561124457878,21.615864190215845,99.84360774867491
1534,216.44390493599784,4.810878023512185,0.858484857641288,2.5675319720359746,25.038923478230906,87.75011407978178
1535,185.8156811376424,9.912714606042014,1.0903047494691045,2.4838857745615086,28.57715937930749,108.4078460769181
1536,182.97080470517594,4.005310458949212,0.721358813248294,2.729872146009142,40.12717421433424,96.05067361184909
1537,260.95229540792525,6.171165199545261,0.5795874666555555,2.5517108878546857,20.94914749952977,73.82779649427222
1538,151.83369647061485,4.022306669597016,1.2635626490976988,2.5573271754469147,13.576152554628317,69.46896721444674
1539,277.93950146026486,5.53363193445364,1.0337517474364484,2.6027848214321105,15.215281335260844,97.44282212136933
1540,199.6770228680261,3.8966711974273536,0.8256715763805899,2.676580847359954,40.776737893165574,100.5026943887573
1541,205.1709444387423,2.2308191379373468,0.7938929617959997,2.532816596469155,27.657705634893606,74.25279237413592
1542,202.90430225690417,5.7592000416691995,1.0201609721244853,2.5958496258212707,21.653723895765264,112.30800071808397
1543,270.7891774617872,6.426495338670678,0.568234442151752,2.7495293627004624,16.519719521604927,69.5781282327748
1544,216.44390493599784,4.810878023512185,0.858484857641288,2.5675319720359746,25.038923478230906,87.75011407978178
1545,199.34800199359884,3.3631207445919276,0.7735440329614962,2.966659082872176,32.134368884946916,110.714274183653
1546,153.1230146067088,5.657056479542256,1.1672254910304154,2.45870239901393,20.931863107965473,76.75366087708271
1547,210.92306862201028,2.556153917329541,0.5807262586833921,2.5521047378738295,33.20615088503272,96.19446950990374
1548,243.45228329629754,6.506369734155704,0.8895322374308678,2.9051784730978563,23.24059809228507,76.6233952038714
1549,221.0548598543673,7.0153853482755375,0.7279441703259442,3.4265925215823065,35.30864237046312,83.12212284838358
1550,214.88037572354514,3.666180578386276,0.7193707994283791,2.970714747664273,35.87772147982745,102.53079190682672
1551,203.30426926751997,5.6457038672771755,1.0005559235970511,2.775854965037795,27.946945457650695,111.8896782671067
1552,378.6218614608098,6.6729147435584455,0.6594684241982011,2.793411854252537,16.615945084731088,67.27397258149895
1553,216.44390493599784,4.810878023512185,0.858484857641288,2.5675319720359746,25.038923478230906,87.75011407978178
1554,193.17218720117992,3.878299231763251,0.7628617657596568,2.9966179349765216,27.595282262782913,90.78201693501492
1555,205.21906773792156,5.201197508863836,0.9862010314421157,2.3974278248095935,21.9770776798071,109.70617856559087
1556,291.37704967051934,6.0551189228430475,0.6748408199271222,2.2432377453588686,15.522117884312314,70.09308461522046
1557,285.54640704664286,7.783220318162753,0.6037503261877963,2.671405319402943,14.172292160960248,89.16608191209315
1558,218.577789887807,2.4635832608741013,0.8292006098140099,2.285360775029177,24.055231520482018,70.91322902163375
1559,207.36565898850668,6.187839399550908,1.1242214630092315,2.5171098164030763,33.95937224753641,94.32792664511004
1560,174.53152297029257,4.9022700931980845,1.1703641174829844,2.5132621277615295,20.94187328762096,90.00026798191406
1561,216.44390493599784,4.810878023512185,0.858484857641288,2.5675319720359746,25.038923478230906,87.75011407978178
1562,181.7644755185635,4.334120926350129,1.0382445624914898,2.4891773920630795,24.2173587750745,103.17450973070035
1563,237.19076143026894,4.6874983132602,0.785933736368045,3.347290033262862,14.815948433963106,89.68903473840716
1564,154.7775286848657,4.203758419063239,1.0110463170906252,2.518509150784087,12.319426571023836,65.03532438123635
1565,246.1907507360601,4.744350775116718,1.0063350971612093,2.8921202997958804,20.174247759718764,100.52987480786068
1566,232.9657409028407,2.6588666311669007,0.5673449398618428,2.499785075075482,33.260108945525495,98.03766186536903
1567,253.33477075238636,6.911925355303271,1.2603089062015975,2.845710198818733,39.32789358539799,94.23755902841911
1568,202.36204961988818,4.824894897047538,0.7330925396419262,2.4176491879974544,22.092338227352087,103.05572258209551
1569,216.44390493599784,4.810878023512185,0.858484857641288,2.5675319720359746,25.038923478230906,87.75011407978178
1570,208.4191524844491,3.5553415395428534,0.829285845602812,2.465518200763312,28.192309025454477,89.98290973653822
1571,231.5076901730648,8.868046157518487,0.8767357033840112,3.7449431669561157,18.093848124865445,93.87302334331035
1572,212.66501771031955,3.2395253224469083,0.7237378291905483,2.8724622782952123,29.420740406431204,113.77592170132581
1573,216.44390493599784,4.810878023512185,0.858484857641288,2.5675319720359746,25.038923478230906,87.75011407978178
1574,172.2012417310935,5.2330008482808035,1.1747172788361304,2.4567125404795807,25.08062372626031,88.49000405978443
1575,216.44390493599784,4.810878023512185,0.858484857641288,2.5675319720359746,25.038923478230906,87.75011407978178
1576,216.44390493599784,4.810878023512185,0.858484857641288,2.5675319720359746,25.038923478230906,87.75011407978178
1577,209.86212965922047,3.3986042509068026,0.7765137145088457,2.679742711137544,33.429125928039,108.74533544586552
1578,242.02938908581984,4.409462156766018,0.8085527316263369,2.7061188008598873,21.308705115722024,92.61390940782375
1579,180.18720416502143,3.9557338779075755,1.0862898563082577,2.457721118886337,19.33445082475617,80.65992486577072
1580,201.84390676234582,4.262584054819064,0.7902346580982476,3.0476569007007237,30.7288018603513,112.34334216773865
1581,187.02470737708316,4.548847657909753,0.7465856179104821,2.23872099010155,12.435927722621628,103.80190348624342
1582,179.26516764631614,4.606818320648157,0.9257990013759211,2.4737546278845293,22.516066451257213,87.15315823980865
1583,329.34910055270257,8.268141193424581,0.9049670350416327,3.3918833911393897,18.521191411617522,103.04555733900425
1584,244.77261204050765,6.0982705906514205,0.8016676663404965,2.471338986348444,16.03995415245126,76.62806981776914
1585,216.44390493599784,4.810878023512185,0.858484857641288,2.5675319720359746,25.038923478230906,87.75011407978178
1586,216.44390493599784,4.810878023512185,0.858484857641288,2.5675319720359746,25.038923478230906,87.75011407978178
1587,253.03080521964858,6.070859997884204,1.0880280025189906,2.563217077372731,42.92164700947344,89.51446965739338
1588,163.70589719119343,4.249053242362858,1.0185850128795013,2.3846299898619345,27.965168568495717,84.6623894960247
1589,216.44390493599784,4.810878023512185,0.858484857641288,2.5675319720359746,25.038923478230906,87.75011407978178
1590,292.8622201723731,7.863500993495525,0.7194423751720819,2.93650261380116,17.505780921605908,60.968891392443886
1591,155.9042692040186,4.558164968845524,1.0168440424637568,2.478123459532838,23.90567988539658,76.50043188730164
1592,161.70914913237542,2.9572565724355058,0.9360280070818509,2.19365523551854,15.58547362199079,90.95539798533721
1593,214.06254683823562,4.574799279043446,0.7229019851288231,3.0368784668251303,37.84788131200581,104.74848394058331
1594,167.97628735155553,6.50364574389921,1.2219789016542544,2.521764292512234,23.93829640255844,98.21308259968227
1595,223.29054786092615,8.55011020143711,1.0840098085442111,3.176829470324621,27.931984996826685,95.53699794715598
1596,216.44390493599784,4.810878023512185,0.858484857641288,2.5675319720359746,25.038923478230906,87.75011407978178
1597,286.13049584397805,6.046419264906623,0.9890039386563817,2.904850114608673,29.068313109804492,77.69124657719749
1598,216.44390493599784,4.810878023512185,0.858484857641288,2.5675319720359746,25.038923478230906,87.75011407978178
1599,132.67911041296358,4.046762301583828,1.1234181691147738,2.491909777411943,10.357458392940789,73.26199643059188
1600,216.44390493599784,4.810878023512185,0.858484857641288,2.5675319720359746,25.038923478230906,87.75011407978178
1601,213.70542923478652,10.956110479409967,0.9241138863250518,3.4806895799856576,30.79259974918401,78.1454353755654
1602,216.44390493599784,4.810878023512185,0.858484857641288,2.5675319720359746,25.038923478230906,87.75011407978178
1603,216.44390493599784,4.810878023512185,0.858484857641288,2.5675319720359746,25.038923478230906,87.75011407978178
1604,216.44390493599784,4.810878023512185,0.858484857641288,2.5675319720359746,25.038923478230906,87.75011407978178
1605,276.5528566856972,6.6018119620879965,0.6712805797759224,2.6957141429618883,17.245191520097645,79.26367512857816
1606,216.44390493599784,4.810878023512185,0.858484857641288,2.5675319720359746,25.038923478230906,87.75011407978178
1607,216.44390493599784,4.810878023512185,0.858484857641288,2.5675319720359746,25.038923478230906,87.75011407978178
1608,226.03917037572327,4.207295027232423,0.979885075994777,2.651800242462658,30.96621427594116,112.59386673992036
1609,280.5496672157004,4.444901062412033,0.9501199560264267,2.350709810789119,13.722875881567303,126.17591420327115
1610,269.80351361906725,6.908166742863088,0.7736958235225203,2.5973422845294416,26.335559926451992,76.25953539327107
1611,232.79970172066004,3.0210125071436793,0.6288543981614367,2.489538496379432,30.04557639302771,69.93740525618003
1612,183.13770035787815,3.216768589348115,0.6469989782924488,3.4113486224245757,29.04567678393578,98.92790384707236
1613,216.44390493599784,4.810878023512185,0.858484857641288,2.5675319720359746,25.038923478230906,87.75011407978178
1614,189.03020173942997,5.555629031168266,0.7760565798470632,2.6437694379114456,28.394417061941258,119.87129400599979
1615,269.66470990566296,5.6445948712153475,1.302293830355997,2.934565155306083,28.432708683831123,121.37928322931361
1616,216.44390493599784,4.810878023512185,0.858484857641288,2.5675319720359746,25.038923478230906,87.75011407978178
1617,216.59890192371853,4.572313536079153,0.881170605726337,2.3677208822412403,22.02255194383077,108.35400384697338
1618,133.95491177135776,3.75713251169114,1.0726648877766338,2.479705300891119,13.33874611807647,74.01499171674428
1619,302.5895896732816,7.175125823613828,0.6624810217584123,2.649700841296913,14.371701864851962,62.18553817551247
1620,210.65599933178834,5.186719742621527,0.862709090539168,2.526552327658147,34.84357581566298,79.49576771678751
1621,177.51305536237393,4.154255024684305,0.7764611448262057,2.486103262213948,10.235547886124472,64.62782809302962
1622,203.0359487222789,2.655268157792588,0.7359516877428137,2.3119068913248477,20.33463085538203,73.20830415662107
1623,216.44390493599784,4.810878023512185,0.858484857641288,2.5675319720359746,25.038923478230906,87.75011407978178
1624,188.23831519200857,4.804654840302874,0.7348871956397999,2.9399020221661867,26.12137918066014,97.10947030883473
1625,275.85164034746174,6.9653680973854275,0.8171636231647926,2.399023309083033,11.776573329186476,86.6713489898173
1626,185.84440444581867,3.9432935469055366,0.7649876221736552,2.0099765062008847,11.842386105671489,110.3084936983787
1627,230.1208161390161,2.8347314830055907,0.4574762122136028,2.489037095349224,31.29162233930397,100.98197386072816
1628,196.42415755228097,5.5017370917977,1.0824118246058065,2.7284277593229675,18.528207788434507,106.66912181256498
1629,158.86205916730776,4.031308204841366,1.2305249007879417,2.6239603978564934,12.012568129080586,70.79938479154126
1630,205.05242450918408,2.7695004537884826,0.6349082296809107,2.5564699625886695,51.33893276128032,91.63144479621545
1631,251.3821290985507,6.901758319282884,0.7774106912077334,2.495704065447082,12.93421510066044,71.0821395023291
1632,244.32505262255106,2.9704529521659384,0.47641702316932083,2.623413109280222,20.1527053179883,98.23080288569645
1633,225.23588032107088,3.489554462635621,0.5978536636993286,2.307399589870171,27.298101084228335,78.03852012985685
1634,233.64770716470258,12.577898030712138,0.75584036276648,3.283251378804076,19.125687759835962,88.84125507821987
1635,211.60425461458144,3.1497707752799884,0.6386337311583362,2.5814687766536197,34.25403121608291,88.5822195269458
1636,216.44390493599784,4.810878023512185,0.858484857641288,2.5675319720359746,25.038923478230906,87.75011407978178
1637,446.5473977484321,7.0976163872076485,1.0158000315165043,2.5830933854938447,27.35328150051874,100.37829772259563
1638,216.44390493599784,4.810878023512185,0.858484857641288,2.5675319720359746,25.038923478230906,87.75011407978178
1639,229.18846904655285,3.8084362041079722,0.7176068178007974,2.4498125196321805,22.969038470350867,89.82983917842397
1640,207.84393425568433,4.909089042035317,0.7091137657688932,2.788165027522298,42.86761577248627,86.26050186665569
1641,216.44390493599784,4.810878023512185,0.858484857641288,2.5675319720359746,25.038923478230906,87.75011407978178
1642,209.4739008382975,4.579740678306857,0.8645423991515261,2.84351821216564,21.350807180536805,89.1587061482498
1643,216.44390493599784,4.810878023512185,0.858484857641288,2.5675319720359746,25.038923478230906,87.75011407978178
1644,245.02571524135948,10.69775982899903,0.8123200306447833,3.357510651207919,19.173116878465855,99.6982033256477
1645,216.44390493599784,4.810878023512185,0.858484857641288,2.5675319720359746,25.038923478230906,87.75011407978178
1646,371.39188946324197,6.869542030960767,0.5553845243365148,2.696501809286001,32.74179049265259,69.15241983201005
1647,190.11006935597163,3.7606942543058186,0.764637844378941,2.671676293854489,35.76579771388105,99.21457547122537
1648,161.25422683242905,3.541497673419565,0.8121767511731659,2.354703017426756,8.806771116288207,62.758918114511495
1649,143.2884877852688,3.845066927799048,0.9865674695736945,2.360485117442549,12.285980260761415,67.97538486186157
1650,220.33620862389668,2.2851681689513654,0.5746442367983284,2.5202606401670242,25.21665104264308,103.02788874226407
1651,173.45612325207767,3.163368253774549,0.7908976521326985,2.6357561089781356,31.489027126191758,104.18655611822365
1652,198.56164845283655,2.6682374009112015,0.8338653201742766,2.6369031179545774,26.599182354291656,79.72035838204258
1653,454.78010582225016,10.377521661688695,0.6603415594179968,2.9467712438459217,15.845171892442115,64.90880522958341
1654,165.19014870052055,5.166592307106336,1.1778796945551258,2.5658159100897144,19.82121285495116,76.22078236354805
1655,192.24210871758982,5.031562092802737,1.1935958864267437,2.872517883348422,28.68860825012079,101.31510012040384
1656,211.66063811899284,3.7022820086855543,0.5764881466367873,2.286147206803502,25.43416830503137,93.10389649970729
1657,216.44390493599784,4.810878023512185,0.858484857641288,2.5675319720359746,25.038923478230906,87.75011407978178
1658,236.78431639347792,3.6447476071839087,0.76986001697855,3.1004797469154877,34.17343220411911,81.97414671786835
1659,216.44390493599784,4.810878023512185,0.858484857641288,2.5675319720359746,25.038923478230906,87.75011407978178
1660,275.704825346616,7.294280812613861,1.0706861361323525,3.222410004739032,27.93098697571042,94.53787589778054
1661,216.44390493599784,4.810878023512185,0.858484857641288,2.5675319720359746,25.038923478230906,87.75011407978178
1662,216.44390493599784,4.810878023512185,0.858484857641288,2.5675319720359746,25.038923478230906,87.75011407978178
1663,216.44390493599784,4.810878023512185,0.858484857641288,2.5675319720359746,25.038923478230906,87.75011407978178
1664,211.96526027860503,3.7926158539933086,0.6868137952704378,2.760993905300769,31.288013218754276,96.09877945784848
1665,197.88703058335028,2.5415546531244804,0.7129789937529993,2.4957201643747866,32.06566696287825,71.28236996688653
1666,176.97752675634734,4.95291517534697,1.1218398056820529,2.759188164573778,29.922845515819105,85.00123639800964
1667,226.60718820928008,5.785398433143615,0.9266846684663752,2.48524578574111,24.80512196988689,79.18687959946702
1668,218.421783251364,3.517589342282614,0.7444289752970403,2.5393960091713166,31.864230000760863,95.62918803462007
1669,203.7257119451071,4.697451259496609,0.6950240535951482,2.7367052380743457,47.50016714280601,85.05551330982848
1670,216.44390493599784,4.810878023512185,0.858484857641288,2.5675319720359746,25.038923478230906,87.75011407978178
1671,168.18912757735708,4.838309138646312,1.0872263057814042,2.471244695633248,28.503992083964963,88.67031790229483
1672,216.44390493599784,4.810878023512185,0.858484857641288,2.5675319720359746,25.038923478230906,87.75011407978178
1673,222.02934153563672,5.223158088441563,0.8145263699150471,3.0243746695999976,35.40606055805191,100.396777118452
1674,231.840451856198,4.564464543136263,0.8700052510094977,2.834437107915395,24.726318058888896,79.8458077554931
1675,164.51700835062294,3.9270166121509713,1.0308565745266538,2.534298018413485,11.575339194947121,67.10164985282938
1676,216.44390493599784,4.810878023512185,0.858484857641288,2.5675319720359746,25.038923478230906,87.75011407978178
1677,200.3627714360971,3.647729160008939,0.7137535270978203,2.514119792402904,41.08679333043254,100.01669567690864
1678,192.44151062650042,2.4725508206189897,0.6858595980022121,2.250974044176436,22.11730928337157,87.83964696398859
1679,195.00233511062268,4.5963953211983535,0.9804656594530802,2.2054245600969753,12.18408775532956,116.38886647886527
1680,204.15388452147536,3.514033338330512,0.712395663613663,2.9511753734740713,29.045517565216162,104.71852281907405
1681,216.44390493599784,4.810878023512185,0.858484857641288,2.5675319720359746,25.038923478230906,87.75011407978178
1682,216.44390493599784,4.810878023512185,0.858484857641288,2.5675319720359746,25.038923478230906,87.75011407978178
1683,154.70834070439372,3.9526031418386474,0.9128712619739306,2.4694051608648118,11.728155982323807,66.22735434584696
1684,225.59935378069108,5.304799785923218,0.9645527463358677,2.5614466324765313,38.58675128478598,80.17349032861895
1685,207.72510753156757,2.2951634581476905,0.661358144836388,2.364991568780095,39.1194071182131,67.75915044401451
1686,179.94843542349,4.151695307117597,1.0246449870544438,2.5232590381714712,9.348554191142576,67.20510552535735
1687,216.44390493599784,4.810878023512185,0.858484857641288,2.5675319720359746,25.038923478230906,87.75011407978178
1688,206.45315236342373,4.274449494451467,0.912161526005477,2.493596056675522,10.658162959390262,67.14190314626136
1689,242.72537806714934,4.09632573943018,0.6136159887518884,2.396030647717189,39.66496470857644,67.93066907311682
1690,203.96787743670657,2.86515153730132,0.6678110936176347,2.3138437387629756,20.745015100728086,98.17913523065486
1691,277.0087606618546,5.812567891355316,0.6283687885471191,2.7892808126398263,19.372938666607336,63.40610308152621
1692,188.31650960618512,3.4577821048925235,0.7866618417526974,2.590757433358109,41.05888460093896,100.7778433027475
1693,218.19016890222798,3.3335321256640604,0.780871091402526,2.540546789511863,41.535151353079605,118.38640124496051
1694,133.6460711014793,3.9001247606742915,1.063003208922296,2.488517804487111,10.114574681961832,71.93649132571325
1695,216.44390493599784,4.810878023512185,0.858484857641288,2.5675319720359746,25.038923478230906,87.75011407978178
1696,179.6021871519494,3.769670257569628,0.7751616638542829,2.0281405319902612,12.941360362317228,88.33243179123582
1697,216.44390493599784,4.810878023512185,0.858484857641288,2.5675319720359746,25.038923478230906,87.75011407978178
1698,241.73033340041562,5.700725522548611,1.097499791227849,2.4832749292338328,30.981748329066377,97.37264007429235
1699,216.44390493599784,4.810878023512185,0.858484857641288,2.5675319720359746,25.038923478230906,87.75011407978178
1700,216.44390493599784,4.810878023512185,0.858484857641288,2.5675319720359746,25.038923478230906,87.75011407978178
1701,161.83174176050352,5.339478057233194,1.177663219321757,2.3924894782338786,20.042029919142813,86.91652888702633
1702,216.44390493599784,4.810878023512185,0.858484857641288,2.5675319720359746,25.038923478230906,87.75011407978178
1703,216.44390493599784,4.810878023512185,0.858484857641288,2.5675319720359746,25.038923478230906,87.75011407978178
1704,216.44390493599784,4.810878023512185,0.858484857641288,2.5675319720359746,25.038923478230906,87.75011407978178
1705,216.44390493599784,4.810878023512185,0.858484857641288,2.5675319720359746,25.038923478230906,87.75011407978178
1706,171.99148542966304,5.531965519947903,1.2406582098849335,2.490705056030951,19.636617794115324,99.9162909955552
1707,216.44390493599784,4.810878023512185,0.858484857641288,2.5675319720359746,25.038923478230906,87.75011407978178
1708,216.44390493599784,4.810878023512185,0.858484857641288,2.5675319720359746,25.038923478230906,87.75011407978178
1709,161.11008113166798,4.922242955150175,1.0225923499124379,2.3436615841894004,22.903057286119907,81.80918457402879
1710,236.90773508132813,8.743537870579356,1.1425014629454961,2.659706307159748,28.72536635909607,89.59693386024948
1711,216.44390493599784,4.810878023512185,0.858484857641288,2.5675319720359746,25.038923478230906,87.75011407978178
1712,216.44390493599784,4.810878023512185,0.858484857641288,2.5675319720359746,25.038923478230906,87.75011407978178
1713,203.65362929042027,3.215047086268349,0.7984978056306042,2.7641649132774426,32.6089746331162,85.12247049244651
1714,216.44390493599784,4.810878023512185,0.858484857641288,2.5675319720359746,25.038923478230906,87.75011407978178
1715,216.44390493599784,4.810878023512185,0.858484857641288,2.5675319720359746,25.038923478230906,87.75011407978178
1716,249.0890336069075,2.333749533795533,0.7464986591225368,2.509287659474571,43.336239648732914,78.56080183577272
1717,219.5351741527083,4.37598703112782,0.7394390481571861,2.58834859104126,29.282913343608033,113.59539967460663
1718,216.44390493599784,4.810878023512185,0.858484857641288,2.5675319720359746,25.038923478230906,87.75011407978178
1719,250.64293960572138,6.181983334305899,0.6436482415558389,2.367866710769315,10.867596588310198,68.24246098431816
1720,206.08769316871238,2.456646446005545,0.6571767990982964,2.112924574292582,35.12214070258393,74.12219800752374
1721,232.53654882569035,6.890610040921988,1.0727592486414288,2.923454990045009,24.158972411234988,108.77586329908218
1722,218.74607539327417,2.633364822887334,0.41569850919708423,2.387242258290206,31.56238653281472,89.83315799959807
1723,216.44390493599784,4.810878023512185,0.858484857641288,2.5675319720359746,25.038923478230906,87.75011407978178
1724,137.6272532730332,3.9657734460931295,1.0657020917770639,2.5015874889678162,9.095464819516476,69.88363219434447
1725,216.44390493599784,4.810878023512185,0.858484857641288,2.5675319720359746,25.038923478230906,87.75011407978178
1726,216.44390493599784,4.810878023512185,0.858484857641288,2.5675319720359746,25.038923478230906,87.75011407978178
1727,194.2611561885096,2.989814662795719,0.7255963150771603,2.424198035543921,23.135243709495583,70.28275352486374
1728,226.7876684409451,3.902734595922825,0.6657069131999447,2.547904165700269,34.28088962724141,107.59300652344345
1729,216.44390493599784,4.810878023512185,0.858484857641288,2.5675319720359746,25.038923478230906,87.75011407978178
1730,188.31372371564115,3.492148505106769,0.789020929455853,2.615702962288577,43.734025580682044,110.27070713211276
1731,216.44390493599784,4.810878023512185,0.858484857641288,2.5675319720359746,25.038923478230906,87.75011407978178
1732,190.7757063187866,3.2301625180959896,0.7553459721134121,2.5527650235186115,35.87070622114005,87.78827795108755
1733,210.86827810391412,10.180948198362003,1.2225428684061577,2.5841167571142245,29.12562572165919,95.49200755278078
1734,245.47607668294728,3.5636460558056764,0.8516174633827602,2.2324341299954793,20.056942386401964,110.72427218110502
1735,247.5418441226478,6.504947630837664,1.1178775424045952,2.5889969522451266,22.52914478178445,98.20142095602206
1736,216.44390493599784,4.810878023512185,0.858484857641288,2.5675319720359746,25.038923478230906,87.75011407978178
1737,215.43743641613287,3.459793587966278,0.7416415862354959,2.6887819230696346,34.581283173774146,106.75446920252574
1738,217.04914338961805,7.154390749813147,1.28514837873599,2.880923350163758,30.82112820381436,94.36387820846247
1739,220.65044112248967,5.694108243011432,1.028044771565991,2.3990659391545224,27.198132510377075,84.7871525476088
1740,199.3424549456272,5.64757078969053,0.9767855603689465,2.474729289421122,29.908380442093183,111.2288856914711
1741,430.75414809459335,6.535555297263514,0.7259355164199038,2.406289505885076,13.14423999988214,84.10816897618507
1742,216.44390493599784,4.810878023512185,0.858484857641288,2.5675319720359746,25.038923478230906,87.75011407978178
1743,174.03109278031957,4.337695855483153,1.1476510463224663,2.5753484691210162,17.229791506473923,88.79192871759744
1744,216.44390493599784,4.810878023512185,0.858484857641288,2.5675319720359746,25.038923478230906,87.75011407978178
1745,167.45705125585022,5.471140120904851,1.0919890616443295,2.3490054759407384,20.008643224965905,79.62482808583258
1746,216.44390493599784,4.810878023512185,0.858484857641288,2.5675319720359746,25.038923478230906,87.75011407978178
1747,265.0534778576425,3.1900885129332455,0.7865300793954256,2.886708672807388,45.292342444161754,113.03812952669261
1748,216.44390493599784,4.810878023512185,0.858484857641288,2.5675319720359746,25.038923478230906,87.75011407978178
1749,237.82638155003963,6.8378213717059335,0.794910816073041,2.34393398517141,13.589135008395209,67.26122433280325
1750,216.44390493599784,4.810878023512185,0.858484857641288,2.5675319720359746,25.038923478230906,87.75011407978178
1751,415.40142475231,6.9671067190924365,0.6555119581566655,2.9037612107518784,14.42782464199821,59.79016217821557
1752,146.7466055659938,3.938833414834286,0.9329313629621498,2.4932817659916635,9.839250395476192,66.09262995004282
1753,267.3981353224512,3.5915569002776104,0.7640823528308935,3.232349072078829,32.208254399468565,109.13221827738711
1754,145.29921231687996,3.7980003678739136,0.9309028396966578,2.5969323153698882,9.463998916713175,73.50045557673363
1755,186.9962268394187,2.352301628632173,0.5840783675848559,2.5561853303910094,31.945130471843644,80.43115467297928
1756,216.44390493599784,4.810878023512185,0.858484857641288,2.5675319720359746,25.038923478230906,87.75011407978178
1757,215.19009608558514,3.5213703534264162,0.8007251705179621,2.8308425843882925,33.92386394120001,78.10446523495261
1758,217.69523370929326,3.5872081831431557,0.7467929863875369,2.5479538477844033,26.498947530674243,76.45184640583614
1759,209.82132288259834,3.5896392015333554,0.8565382907196712,2.4077174954388774,27.940926697516772,81.0781717608377
1760,188.99371066967413,3.192683355977194,0.7650570432012115,2.6413080327027454,29.99718891746306,101.69651784562095
1761,216.44390493599784,4.810878023512185,0.858484857641288,2.5675319720359746,25.038923478230906,87.75011407978178
1762,216.44390493599784,4.810878023512185,0.858484857641288,2.5675319720359746,25.038923478230906,87.75011407978178
1763,200.95252822833498,2.862525257430819,0.5743674562025377,2.349864471844836,21.01858138563655,93.90045165793393
1764,216.44390493599784,4.810878023512185,0.858484857641288,2.5675319720359746,25.038923478230906,87.75011407978178
1765,308.9657598016898,9.202084666645552,1.3376167618150578,3.4761905671069906,27.093685877745624,91.45373941358464
1766,166.1918761600356,5.03083389511699,1.2811806148868472,2.4523133779974366,32.42830643094533,81.40960226486511
1767,196.24566919180427,3.5045232870237677,0.8539670983603536,2.6704624272040767,26.542543760005508,92.6220272587735
1768,173.45193870069392,3.811597885301352,0.9400619568533967,2.037889843647888,9.793045488521773,93.72262451746899
1769,208.3462030887156,3.362366684742502,0.6586563089919542,2.4952310785843848,33.85620796378793,79.14682221780701
1770,205.38149976306536,3.1207568400180232,0.7439124490244238,2.421348227327493,27.020696228822512,85.57228003100174
1771,211.42929268924775,2.5020968368958942,0.7174080143948941,2.4802987288493523,21.25611690162596,90.24715485636999
1772,216.44390493599784,4.810878023512185,0.858484857641288,2.5675319720359746,25.038923478230906,87.75011407978178
1773,216.44390493599784,4.810878023512185,0.858484857641288,2.5675319720359746,25.038923478230906,87.75011407978178
1774,144.3885770082221,3.895654630682421,0.8739228467522772,2.466275743379185,11.452887063164415,64.30248149925977
1775,216.44390493599784,4.810878023512185,0.858484857641288,2.5675319720359746,25.038923478230906,87.75011407978178
1776,216.44390493599784,4.810878023512185,0.858484857641288,2.5675319720359746,25.038923478230906,87.75011407978178
1777,210.88712505018736,3.1029762094686504,0.786285756779616,2.3278495059108413,23.45555384040037,90.94722520140716
1778,164.07263970718859,4.791834123352645,1.0369691338053881,2.3579400957297185,28.73121094166473,91.73356749580398
1779,288.4027646128144,6.0686598888075975,0.5624154186957764,2.9720667980440023,21.06581826104455,64.208743947878
1780,248.10757325404063,6.372259603936694,0.739955017191762,2.5383171695282165,13.419122159281375,72.39431750642096
1781,251.0476672641488,6.506171283286651,0.7662669717952326,2.4804732380772734,13.794529767071525,75.05734839455259
1782,216.44390493599784,4.810878023512185,0.858484857641288,2.5675319720359746,25.038923478230906,87.75011407978178
1783,191.63478056295133,2.5835453507047137,0.7035561146493899,2.247441115950031,38.432635878819816,76.48428759145959
1784,210.08152065382143,4.227568507590554,0.652130261061498,2.7593527132776976,39.815833858517266,96.28829366594843
1785,277.09965874021646,4.965792245103616,0.5355000299815995,2.6614368911037105,27.27561874796548,60.92382900950292
1786,216.44390493599784,4.810878023512185,0.858484857641288,2.5675319720359746,25.038923478230906,87.75011407978178
1787,150.90230916499584,4.724809685118464,0.9946832588495846,2.3157719757258155,26.700325923618077,81.76990851105732
1788,275.99404906988246,6.354163016718827,0.6756283451360875,2.747050885915269,17.653801423689387,76.62485403746713
1789,216.44390493599784,4.810878023512185,0.858484857641288,2.5675319720359746,25.038923478230906,87.75011407978178
1790,193.26717794450747,3.729062885140318,0.8596419572880739,2.0480942206622568,20.490663405786563,90.52115203972605
1791,153.42371518828963,4.678266666261918,1.2288070717930915,2.5220056083988287,23.68258313056592,89.9227280785503
1792,216.44390493599784,4.810878023512185,0.858484857641288,2.5675319720359746,25.038923478230906,87.75011407978178
1793,240.79621159211842,6.814054910688993,0.7389462222312514,2.4144528889562067,13.225730959211914,73.71252330691156
1794,216.44390493599784,4.810878023512185,0.858484857641288,2.5675319720359746,25.038923478230906,87.75011407978178
1795,216.44390493599784,4.810878023512185,0.858484857641288,2.5675319720359746,25.038923478230906,87.75011407978178
1796,216.44390493599784,4.810878023512185,0.858484857641288,2.5675319720359746,25.038923478230906,87.75011407978178
1797,156.82185076505053,4.334282741509721,1.093642792081694,2.5530961866180566,11.070361757687847,71.65673416903103
1798,184.9088054713119,6.384723592742195,1.0566323148308607,2.6092441210293074,28.18356775692327,95.09282436669533
1799,216.44390493599784,4.810878023512185,0.858484857641288,2.5675319720359746,25.038923478230906,87.75011407978178
1800,254.07429958149237,6.611734961847806,0.8077088753341897,2.3863988372699603,11.049549647279182,75.10794491211307
1801,216.44390493599784,4.810878023512185,0.858484857641288,2.5675319720359746,25.038923478230906,87.75011407978178
1802,174.87298453961964,4.0765660741791665,1.0740871217463495,2.4306737229474167,20.547711740101516,86.03163897268549
1803,219.813241802348,2.2504394032043358,0.7832683879592667,2.3089846311737796,29.8279048129841,82.15159462044365
1804,151.73959507883325,4.783969184463977,1.0507321519051238,2.3381905653598536,22.03658848727524,78.49072286379959
1805,216.44390493599784,4.810878023512185,0.858484857641288,2.5675319720359746,25.038923478230906,87.75011407978178
1806,269.5186389903461,6.296079710961928,1.0617763523114208,3.1235952245216927,21.60613524810902,99.27847368993747
1807,216.44390493599784,4.810878023512185,0.858484857641288,2.5675319720359746,25.038923478230906,87.75011407978178
1808,202.99351514240774,3.441005483576053,0.662788102173367,2.640801339599617,50.8811145964559,90.4142483729859
1809,201.5619572651561,3.1960886698613575,0.8961984560316117,2.620783496892008,29.994555852164076,89.47364822054229
1810,169.0332645943326,6.023387875881033,1.242634680760702,2.3995243690189993,27.222837989107145,84.74445271856374
1811,218.18215653792024,5.970958990529106,0.976408678674842,3.190738634165041,21.92916997096143,102.4292187636372
1812,216.44390493599784,4.810878023512185,0.858484857641288,2.5675319720359746,25.038923478230906,87.75011407978178
1813,256.6583686515178,6.690911219571687,0.6419815399020604,2.6414252495362565,13.712405909223104,64.36060260096035
1814,194.922649015484,3.8605631155176927,0.7201805838361155,2.607187740379682,23.930381041984898,100.86093370498143
1815,180.5473635189441,3.4533880795902903,0.776066543566323,2.52254475122613,42.46258534078635,99.217911488482
1816,216.44390493599784,4.810878023512185,0.858484857641288,2.5675319720359746,25.038923478230906,87.75011407978178
1817,216.44390493599784,4.810878023512185,0.858484857641288,2.5675319720359746,25.038923478230906,87.75011407978178
1818,216.44390493599784,4.810878023512185,0.858484857641288,2.5675319720359746,25.038923478230906,87.75011407978178
1819,216.44390493599784,4.810878023512185,0.858484857641288,2.5675319720359746,25.038923478230906,87.75011407978178
1820,209.03190461626443,3.7187969703040675,0.6244952844470705,2.522341594199367,45.9263709058847,107.32789643829099
1821,216.44390493599784,4.810878023512185,0.858484857641288,2.5675319720359746,25.038923478230906,87.75011407978178
1822,216.44390493599784,4.810878023512185,0.858484857641288,2.5675319720359746,25.038923478230906,87.75011407978178
1823,298.4826370493612,6.51536189932253,0.7457916854058055,2.48195958229509,12.577704305773448,80.54566359028733
1824,281.143756820671,6.3229647137170115,0.5653239767522986,2.734184221885606,24.270886884495425,75.69416307681735
1825,272.2852814190554,7.985836792214396,1.076347329296302,2.9697497934236967,26.265170771175214,81.36646544576074
1826,214.1023677138349,3.972195917335398,0.9288119473748176,2.3564240289707703,9.480132673886088,106.29246577468079
1827,242.3765056528522,2.4701215864583395,0.7899894944355325,2.2961202035261885,29.857168929354167,75.16274398698144
1828,158.01613015477386,5.215004651809155,1.1195165961799804,2.470183540876638,18.482648628348624,84.42935295580142
1829,203.60745298760136,4.022817826439677,0.9683900950655718,2.1900236417613783,11.493006971303943,121.1337338574186
1830,186.8979263509791,4.254390933890072,1.0161225135707064,2.469261850162892,27.852430856508082,71.64624120222622
1831,216.44390493599784,4.810878023512185,0.858484857641288,2.5675319720359746,25.038923478230906,87.75011407978178
1832,362.8983747602478,6.183715514390318,1.0666815155981335,3.6449188940021218,35.514277210947135,79.51139626842503
1833,216.44390493599784,4.810878023512185,0.858484857641288,2.5675319720359746,25.038923478230906,87.75011407978178
1834,211.1754483852426,4.173075710919277,0.8123212177751371,2.63638920629418,40.165425232259814,82.39646975927835
1835,215.20552765096545,4.021283838942656,0.7300863908470092,2.5393771587145655,33.03130681313577,106.6965462410999
1836,216.44390493599784,4.810878023512185,0.858484857641288,2.5675319720359746,25.038923478230906,87.75011407978178
1837,216.44390493599784,4.810878023512185,0.858484857641288,2.5675319720359746,25.038923478230906,87.75011407978178
1838,216.44390493599784,4.810878023512185,0.858484857641288,2.5675319720359746,25.038923478230906,87.75011407978178
1839,216.44390493599784,4.810878023512185,0.858484857641288,2.5675319720359746,25.038923478230906,87.75011407978178
1840,156.29010685272996,5.8184019537061324,1.139184048283561,2.4435728214631487,22.511326695206385,80.86632596639404
1841,216.44390493599784,4.810878023512185,0.858484857641288,2.5675319720359746,25.038923478230906,87.75011407978178
1842,166.20204201941047,4.268750526984942,0.9834743148620468,2.4891503023733286,11.0011619181606,68.00740712913155
1843,374.9773322954824,6.306895411395952,0.6826405547595673,2.8333925705683156,20.50530627466668,63.03113422774651
1844,216.44390493599784,4.810878023512185,0.858484857641288,2.5675319720359746,25.038923478230906,87.75011407978178
1845,216.44390493599784,4.810878023512185,0.858484857641288,2.5675319720359746,25.038923478230906,87.75011407978178
1846,216.44390493599784,4.810878023512185,0.858484857641288,2.5675319720359746,25.038923478230906,87.75011407978178
1847,200.13218506344725,2.625417690332251,1.143462625179205,2.4372476202103774,21.42249599821662,89.41853378404328
1848,254.63968241226257,7.180380479042786,0.7890884771635023,2.42105062228426,25.868567629512416,69.04402296806494
1849,193.11698718527742,3.451258354872546,0.7788056542788321,2.6174888907014364,48.63613313029641,103.84119912036877
1850,200.95259864591122,2.16753398216973,0.7976712189839461,2.4222471391610174,17.947948947707097,72.53267676540862
1851,168.54070151369035,6.2567835756985835,1.2031432932248458,2.5153248431801374,22.968008397228584,102.59713454167547
1852,159.64170065128232,2.3956552754507796,0.896077366968978,2.1677895544756502,22.521284513371974,85.50426272443457
1853,398.8505884187197,7.271045296059598,0.5272941471165575,2.635354746398162,14.138568960272773,61.270018357556665
1854,216.44390493599784,4.810878023512185,0.858484857641288,2.5675319720359746,25.038923478230906,87.75011407978178
1855,216.44390493599784,4.810878023512185,0.858484857641288,2.5675319720359746,25.038923478230906,87.75011407978178
1856,216.44390493599784,4.810878023512185,0.858484857641288,2.5675319720359746,25.038923478230906,87.75011407978178
1857,186.7381879703154,2.978861718498941,0.660835968038182,2.299467808715065,21.357472528076727,72.66213552478203
1858,178.78161269992387,5.160567054590493,1.11163846369758,2.4708031185532833,18.79772762922296,81.47326773398534
1859,359.1169062238189,9.542619077082483,0.7542159568438421,2.8770754534650123,13.949409149856109,64.51817756483007
1860,163.11524215174057,5.182626832051039,0.9776198983726978,2.384396271655653,22.36145983777658,82.89400924404774
1861,211.21363311197507,2.6118711204353797,0.7124928986111662,2.3435694851790347,20.589751590727445,89.3322891919744
1862,216.44390493599784,4.810878023512185,0.858484857641288,2.5675319720359746,25.038923478230906,87.75011407978178
1863,201.89496831971258,4.411900516995322,0.9333464843011163,2.7249870872111455,30.9989135921538,95.89284304007738
1864,180.23451643956227,3.068364994608005,0.7203679098091563,2.508925741917696,34.75175054127349,85.1114724690498
1865,216.44390493599784,4.810878023512185,0.858484857641288,2.5675319720359746,25.038923478230906,87.75011407978178
1866,216.44390493599784,4.810878023512185,0.858484857641288,2.5675319720359746,25.038923478230906,87.75011407978178
1867,251.57058557678113,6.846288750264345,0.5922220260929377,2.3071122030380695,12.71367527852475,74.57966155831129
1868,221.80804747753106,2.5443656772981065,0.7999191082977983,2.26722593037446,24.1877827849028,72.2086413264877
1869,209.4223741181039,2.7181283636256337,0.657256498130753,2.690047614990998,32.17811277857406,103.81296471909765
1870,216.44390493599784,4.810878023512185,0.858484857641288,2.5675319720359746,25.038923478230906,87.75011407978178
1871,225.15186898693585,3.1312900986265495,0.6467175485449339,2.6134525954684955,31.764727431200477,99.92420633755019
1872,205.5206166644762,3.2627066343442253,0.6151804385708606,2.5325120495451334,30.871001089949644,96.68603177148793
1873,298.55886939735313,6.4685646992120285,0.6421237165083484,2.6629735658161464,11.95581618951736,63.52357039005955
1874,186.26188006695412,5.765692451126681,0.8452028181433014,2.0674167079502044,11.21500554603233,114.05491225167866
1875,208.25552324920514,3.301069076129175,0.56452459535206,2.491070242508828,34.015879095645346,100.81905486325272
