sample_index,Fe,Zn,B,Cu,S,Mn
0,186.6,5.0,0.8,2.1,12.0786403063,110.7
1,255.6,7.3,0.6000000000000001,3.5,12.1996729487,75.7
2,203.33263738583065,3.993415297737995,0.794887373426321,2.8049444993394994,37.56167502890891,98.31261062831294
3,165.6,3.3,0.8,1.9,31.942711893,56.0
4,200.50909090909093,4.645454545454546,0.8461538461538461,2.566666666666667,24.268479347145455,90.73636363636363
5,165.86749954528202,3.9758779504758137,0.9564939676636477,2.4413359582713183,12.162023939194114,65.85417767249665
6,223.8,6.7,1.1,2.6,37.9811354877,91.4
7,200.50909090909093,4.645454545454546,0.8461538461538461,2.566666666666667,24.268479347145455,90.73636363636363
8,200.50909090909093,4.645454545454546,0.8461538461538461,2.566666666666667,24.268479347145455,90.73636363636363
9,146.9,8.7,1.2,2.1,25.3842975289,77.0
10,200.50909090909093,4.645454545454546,0.8461538461538461,2.566666666666667,24.268479347145455,90.73636363636363
11,203.5,3.1,0.6000000000000001,2.3,29.489462644,103.9
12,219.66745505544776,3.6852476656521773,0.710948819426205,2.2300612020413264,23.237640688027007,107.86966289704901
13,199.1,2.7,0.4,2.0,30.8267241228,87.1
14,223.1,4.3,1.1,2.6,32.5714661871,76.5
15,195.9,5.2,0.9,2.2,29.3481215959,53.7
16,201.5826470236081,3.438565324131216,0.789386558010966,2.5207814164199958,35.37028341207001,104.48694248456853
17,221.14969103643162,3.248337690146889,0.5834475592625288,2.234096594228475,25.645129789049115,100.26230077257924
18,200.50909090909093,4.645454545454546,0.8461538461538461,2.566666666666667,24.268479347145455,90.73636363636363
19,200.50909090909093,4.645454545454546,0.8461538461538461,2.566666666666667,24.268479347145455,90.73636363636363
20,274.8,7.1,0.9,3.1,20.7718691196,75.2
21,169.1,2.8,1.1,2.5,17.7769203965,78.8
22,200.50909090909093,4.645454545454546,0.8461538461538461,2.566666666666667,24.268479347145455,90.73636363636363
23,151.0,3.9,1.0,1.8,16.4186527198,87.1
24,197.7,3.7,0.9,2.2,15.1079953517,96.5
25,200.50909090909093,4.645454545454546,0.8461538461538461,2.566666666666667,24.268479347145455,90.73636363636363
26,233.3060220388755,4.516056398956528,0.7043227541791967,2.2893316303728697,22.223338443764494,110.42207529365457
27,157.78936846741112,5.284193465349233,1.1649907964330461,2.4633100245280004,22.8540268283628,87.42665110325851
28,194.88069722058148,4.00857314500518,0.8530661098577986,1.942861697399197,14.618135260055734,104.5498179859691
29,236.5,6.6,0.9,2.5,14.6574670446,71.7
30,155.52864941339303,5.84600822821269,1.1323111879108807,2.361807118964534,22.510402444211174,87.41945433725874
31,237.4,5.5,1.2,2.6,37.2107340986,90.0
32,200.50909090909093,4.645454545454546,0.8461538461538461,2.566666666666667,24.268479347145455,90.73636363636363
33,202.4,3.1,0.5,2.1,25.9942660955,92.5
34,200.50909090909093,4.645454545454546,0.8461538461538461,2.566666666666667,24.268479347145455,90.73636363636363
35,173.1,2.7,0.7000000000000001,2.4,29.7705087803,74.6
36,200.50909090909093,4.645454545454546,0.8461538461538461,2.566666666666667,24.268479347145455,90.73636363636363
37,200.50909090909093,4.645454545454546,0.8461538461538461,2.566666666666667,24.268479347145455,90.73636363636363
38,200.2406888650402,3.3168405137963433,0.7283353515268332,2.5511863442942744,32.25676484257618,95.67617367494917
39,206.59458990843513,4.87740729566276,0.863503552120047,2.753822724372849,34.08589913784002,90.68461928488064
40,200.50909090909093,4.645454545454546,0.8461538461538461,2.566666666666667,24.268479347145455,90.73636363636363
41,187.3,3.7,0.8,2.5,45.2964917188,109.0
42,270.2,5.9,0.5,2.9,42.3059103213,86.0
43,274.5,5.4,1.0,2.3,10.5105758303,136.7
44,188.9,2.8,0.4,1.9,27.6638903955,92.8
45,182.5,5.1,1.0,2.5,9.9039576816,65.2
46,168.1,2.8,0.7000000000000001,2.6,25.3071718673,127.2
47,200.50909090909093,4.645454545454546,0.8461538461538461,2.566666666666667,24.268479347145455,90.73636363636363
48,200.50909090909093,4.645454545454546,0.8461538461538461,2.566666666666667,24.268479347145455,90.73636363636363
49,319.5,5.6,0.8,2.9,12.8013237604,64.7
50,200.50909090909093,4.645454545454546,0.8461538461538461,2.566666666666667,24.268479347145455,90.73636363636363
51,166.3,3.4,1.3,2.3,21.8479610101,87.7
52,193.5,3.3,0.8,2.8,29.8347130838,81.8
53,200.50909090909093,4.645454545454546,0.8461538461538461,2.566666666666667,24.268479347145455,90.73636363636363
54,208.4,4.5,0.9,2.7,51.0646520707,67.8
55,297.5,7.4,0.7000000000000001,3.2,10.8997149696,66.8
56,200.50909090909093,4.645454545454546,0.8461538461538461,2.566666666666667,24.268479347145455,90.73636363636363
57,200.50909090909093,4.645454545454546,0.8461538461538461,2.566666666666667,24.268479347145455,90.73636363636363
58,238.8,9.3,0.7000000000000001,2.8,53.8080972014,88.1
59,147.8,3.5,0.9,2.0,11.0402158441,61.4
60,200.50909090909093,4.645454545454546,0.8461538461538461,2.566666666666667,24.268479347145455,90.73636363636363
61,230.0010676125288,5.110209785389162,1.1747964063398062,2.9278458596195334,25.842245434509877,106.27788027936957
62,178.8,3.2,0.7000000000000001,2.5,34.0064266105,89.8
63,179.4,5.6,1.2,2.5,21.5242649171,87.1
64,197.969033810606,2.858650333689317,0.6776916162447466,2.1610608975875616,23.381728798547652,81.86242551719879
65,200.50909090909093,4.645454545454546,0.8461538461538461,2.566666666666667,24.268479347145455,90.73636363636363
66,161.1053222919401,5.867798066395545,1.1781585894765303,2.4621265743211005,23.719998532046553,90.87287349050516
67,160.3,3.5,0.9,1.6,10.9258685675,78.7
68,200.50909090909093,4.645454545454546,0.8461538461538461,2.566666666666667,24.268479347145455,90.73636363636363
69,200.50909090909093,4.645454545454546,0.8461538461538461,2.566666666666667,24.268479347145455,90.73636363636363
70,200.50909090909093,4.645454545454546,0.8461538461538461,2.566666666666667,24.268479347145455,90.73636363636363
71,200.50909090909093,4.645454545454546,0.8461538461538461,2.566666666666667,24.268479347145455,90.73636363636363
72,174.2,4.5,0.7000000000000001,1.9,14.6270209297,136.4
73,200.9,6.6,1.0,2.5,44.8216450311,80.8
74,220.1755049684174,8.105170403954558,0.9776864173581082,2.945153156368017,23.866355895453573,84.31164861701865
75,252.2,4.1,0.8,2.4,14.2665533418,104.1
76,364.6,6.3,1.2,2.8,24.5808219692,74.7
77,159.5,3.3,0.7000000000000001,1.6,15.2769319174,73.5
78,244.1,4.2,0.7000000000000001,2.6,19.3970044867,106.5
79,221.8,7.9,1.3,2.9,38.9186203164,82.6
80,235.53294156212297,4.809545650816377,0.8167611145448391,2.623630052791311,30.696043294043285,104.09795604417313
81,200.50909090909093,4.645454545454546,0.8461538461538461,2.566666666666667,24.268479347145455,90.73636363636363
82,200.50909090909093,4.645454545454546,0.8461538461538461,2.566666666666667,24.268479347145455,90.73636363636363
83,200.50909090909093,4.645454545454546,0.8461538461538461,2.566666666666667,24.268479347145455,90.73636363636363
84,198.9,3.8,0.8,3.1,48.658027246,104.2
85,200.50909090909093,4.645454545454546,0.8461538461538461,2.566666666666667,24.268479347145455,90.73636363636363
86,241.0,4.4,0.8,2.7,51.4793774284,124.6
87,201.55891809135812,3.335029966328826,0.8138242397071798,2.702650158711665,34.733030095084885,103.51166391076389
88,166.0293357160617,7.022109901672496,1.1247212182058777,2.5785297809229353,24.4374211249736,91.17254926560878
89,200.50909090909093,4.645454545454546,0.8461538461538461,2.566666666666667,24.268479347145455,90.73636363636363
90,219.8,3.7,0.9,2.6,45.3801934299,61.2
91,257.138666884719,7.041191172189139,0.7956131313910482,2.2588469007226593,14.800053644336513,72.16182745687836
92,203.9,2.4,0.6000000000000001,2.4,31.7828787664,90.9
93,218.3,5.1,1.1,2.7,26.178194899,82.9
94,279.1,8.4,0.9,2.1,17.1009533963,79.6
95,200.50909090909093,4.645454545454546,0.8461538461538461,2.566666666666667,24.268479347145455,90.73636363636363
96,429.3,4.0,0.9,3.0,27.9701623344,49.7
97,174.2,3.2,0.7000000000000001,2.3,26.1506240717,102.9
98,200.50909090909093,4.645454545454546,0.8461538461538461,2.566666666666667,24.268479347145455,90.73636363636363
99,200.50909090909093,4.645454545454546,0.8461538461538461,2.566666666666667,24.268479347145455,90.73636363636363
100,200.1,4.9,0.9,2.2,20.5389968462,85.2
101,200.50909090909093,4.645454545454546,0.8461538461538461,2.566666666666667,24.268479347145455,90.73636363636363
102,169.5,1.5,0.6000000000000001,1.9,15.9723732105,55.3
103,200.50909090909093,4.645454545454546,0.8461538461538461,2.566666666666667,24.268479347145455,90.73636363636363
104,159.9730266050964,6.087343371064302,1.1813565487375488,2.4686929899140555,21.11744408957934,88.7180208133323
105,200.50909090909093,4.645454545454546,0.8461538461538461,2.566666666666667,24.268479347145455,90.73636363636363
106,200.50909090909093,4.645454545454546,0.8461538461538461,2.566666666666667,24.268479347145455,90.73636363636363
107,200.50909090909093,4.645454545454546,0.8461538461538461,2.566666666666667,24.268479347145455,90.73636363636363
108,200.50909090909093,4.645454545454546,0.8461538461538461,2.566666666666667,24.268479347145455,90.73636363636363
109,189.8,4.9,0.8,2.1,15.5190930035,113.3
110,236.7,4.5,1.0,2.4,13.0596537579,150.5
111,200.50909090909093,4.645454545454546,0.8461538461538461,2.566666666666667,24.268479347145455,90.73636363636363
112,179.6,4.0,0.7000000000000001,2.9,27.1924119457,84.5
113,200.50909090909093,4.645454545454546,0.8461538461538461,2.566666666666667,24.268479347145455,90.73636363636363
114,200.50909090909093,4.645454545454546,0.8461538461538461,2.566666666666667,24.268479347145455,90.73636363636363
115,198.4,4.6,0.8,3.0,41.5372321841,96.4
116,170.27486587828986,4.026169753224834,0.9608145474510015,2.419302962677204,10.602469987660182,64.62006565159548
117,313.0,7.9,0.7000000000000001,1.8,19.1510658248,79.7
118,200.7,8.3,0.8,3.5,22.3007670034,69.9
119,200.50909090909093,4.645454545454546,0.8461538461538461,2.566666666666667,24.268479347145455,90.73636363636363
120,193.3,6.9,1.1,2.7,33.133786737,108.7
121,175.9,5.9,1.1,2.5,18.7366498613,82.1
122,172.3,8.6,1.1,2.6,19.6887608737,102.0
123,341.5,3.4,0.6000000000000001,2.6,29.1859557913,126.9
124,220.9,4.3,0.8,2.8,19.5972191055,64.8
125,197.0,4.7,0.7000000000000001,2.1,10.9861465712,103.1
126,216.7,2.7,1.0,2.5,27.0065454547,77.3
127,200.50909090909093,4.645454545454546,0.8461538461538461,2.566666666666667,24.268479347145455,90.73636363636363
128,262.5,6.6,1.1,3.2,27.0196036327,82.9
129,185.9,4.2,1.0,2.5,12.7740716602,61.9
130,195.31739169793502,3.5126140740205996,0.7529089860955619,2.8308154319464207,32.80950807720566,103.29251053147584
131,190.9,2.0,0.6000000000000001,2.0,29.1598752178,80.3
132,217.45487205596572,3.390295707774886,0.5625419019860584,2.2763269664824506,28.10083174477976,92.16733660670987
133,212.07448707524296,3.8556884678003893,0.7963527970595917,2.605345393202042,48.84685711079103,104.6258876288408
134,200.50909090909093,4.645454545454546,0.8461538461538461,2.566666666666667,24.268479347145455,90.73636363636363
135,377.7,10.4,0.6000000000000001,2.8,12.9529066252,59.6
136,273.3,8.4,0.9,2.2,14.4218854774,77.7
137,196.83647207569828,5.844602510000226,1.044999297582304,3.0027169319264693,26.406904052512893,122.70425065461205
138,206.8310168530652,3.94964961960444,0.7813589901548074,2.9837988641323916,29.321179554199066,102.92405962406623
139,205.8,4.5,0.9,2.2,8.4616362412,133.2
140,240.57067592522233,5.133804920173543,0.6734183639174514,2.684249770690877,23.625377571828384,107.55654564289483
141,243.8449882841619,6.3874254469610054,0.7890888194806961,2.5341073578049222,15.54749653207907,71.59540809558955
142,200.50909090909093,4.645454545454546,0.8461538461538461,2.566666666666667,24.268479347145455,90.73636363636363
143,238.0,3.4,0.7000000000000001,2.3,94.1735396673,155.4
144,198.2,2.7,0.6000000000000001,2.7,27.9148708713,93.4
145,200.50909090909093,4.645454545454546,0.8461538461538461,2.566666666666667,24.268479347145455,90.73636363636363
146,200.50909090909093,4.645454545454546,0.8461538461538461,2.566666666666667,24.268479347145455,90.73636363636363
147,198.7,2.2,1.1,3.1,20.5200151101,85.8
148,186.9,3.6,1.0,2.6,31.0181512265,85.7
149,276.7,14.3,0.9,4.3,21.0378804504,102.9
150,299.317088648585,7.254736436613759,0.6756099066419554,2.5603372177596033,15.526472335192357,60.52337449443319
151,226.4,3.1,0.4,2.3,22.4295853221,90.3
152,211.54075841588534,5.9772459921818735,0.891008337625276,2.8278146283286585,26.415237360599935,93.24527781778
153,217.7,2.3,0.8,2.7,33.859895496600004,80.8
154,184.7,5.1,0.8,2.1,12.7774722142,97.4
155,234.1,5.7,1.1,2.8,21.4424477036,70.6
156,320.9,8.1,0.7000000000000001,2.0,27.1668103871,82.2
157,163.0,4.9,1.2,2.5,17.0747789398,94.6
158,200.50909090909093,4.645454545454546,0.8461538461538461,2.566666666666667,24.268479347145455,90.73636363636363
159,186.2,4.3,1.2,2.6,18.7811968482,100.3
160,200.50909090909093,4.645454545454546,0.8461538461538461,2.566666666666667,24.268479347145455,90.73636363636363
161,176.9,4.9,1.1,2.6,27.881742249,84.6
162,279.1,5.7,0.9,2.7,13.1354963716,129.3
163,181.7,3.9,0.9,2.4,10.5500438487,58.2
164,185.2,5.3,1.0,2.6,22.9320330771,83.9
165,180.5,2.7,0.8,2.6,31.7290768499,113.7
166,200.50909090909093,4.645454545454546,0.8461538461538461,2.566666666666667,24.268479347145455,90.73636363636363
167,277.3,8.5,1.3,3.6,34.9653044924,95.4
168,177.1,4.3,1.2,2.7,25.7446058803,85.7
169,171.2,4.1,0.9,2.7,8.981353388,67.4
170,200.50909090909093,4.645454545454546,0.8461538461538461,2.566666666666667,24.268479347145455,90.73636363636363
171,179.0,4.8,1.1,2.6,27.0745872867,86.5
172,189.5,3.1,0.7000000000000001,2.6,31.4116823523,86.4
173,200.50909090909093,4.645454545454546,0.8461538461538461,2.566666666666667,24.268479347145455,90.73636363636363
174,119.4,3.5,1.1,2.4,13.2275994011,74.2
175,200.50909090909093,4.645454545454546,0.8461538461538461,2.566666666666667,24.268479347145455,90.73636363636363
176,200.50909090909093,4.645454545454546,0.8461538461538461,2.566666666666667,24.268479347145455,90.73636363636363
177,154.7,7.7,1.2,2.4,28.291143419,91.3
178,193.3,2.8,0.6000000000000001,2.1,24.6173263678,77.0
179,200.50909090909093,4.645454545454546,0.8461538461538461,2.566666666666667,24.268479347145455,90.73636363636363
180,152.1,1.8,0.6000000000000001,2.0,27.715793116,69.0
181,155.5,4.0,1.2,2.6,16.0906157273,91.9
182,196.8,5.4,0.9,3.1,15.0399242904,76.1
183,200.50909090909093,4.645454545454546,0.8461538461538461,2.566666666666667,24.268479347145455,90.73636363636363
184,248.6,6.1,0.8,2.5,13.8832322218,61.4
185,200.50909090909093,4.645454545454546,0.8461538461538461,2.566666666666667,24.268479347145455,90.73636363636363
186,132.2,3.7,1.2,2.2,9.3700123102,67.9
187,179.9,3.8,1.0,2.7,30.6862712102,106.9
188,206.64633727446085,3.5098518393352145,0.678505639634783,2.6767293015675993,41.11896429801526,99.36440190651263
189,223.9,2.1,0.7000000000000001,2.1,30.9495348484,79.2
190,200.50909090909093,4.645454545454546,0.8461538461538461,2.566666666666667,24.268479347145455,90.73636363636363
191,200.50909090909093,4.645454545454546,0.8461538461538461,2.566666666666667,24.268479347145455,90.73636363636363
192,200.50909090909093,4.645454545454546,0.8461538461538461,2.566666666666667,24.268479347145455,90.73636363636363
193,200.50909090909093,4.645454545454546,0.8461538461538461,2.566666666666667,24.268479347145455,90.73636363636363
194,213.8,4.9,0.9,3.4,42.5109920272,108.4
195,172.5,6.7,1.1,2.3,17.0043128884,92.7
196,221.6,6.6,1.1,2.7,44.6753354703,90.8
197,367.6,6.5,1.1,3.5,40.3313367659,99.2
198,230.1,6.4,0.8,2.4,12.7093957712,72.3
199,248.4,6.9,0.9,3.1,67.6830701678,71.8
200,209.8,6.1,1.1,2.5,34.3195244039,75.8
201,157.6,4.8,1.2,2.5,24.236944282,80.2
202,295.5576949736805,7.004782866505131,0.7781098995382361,2.4496686381801482,17.204061526966246,77.91177555579146
203,199.4,5.9,1.0,2.5,29.7671864308,59.2
204,189.7,5.5,0.9,2.3,31.1148974764,59.5
205,169.4,5.0,1.2,2.7,23.5048242153,103.0
206,219.34429349194698,4.439789404880981,0.7543501659877372,2.861413706222772,39.88826123909392,112.31570955940009
207,200.50909090909093,4.645454545454546,0.8461538461538461,2.566666666666667,24.268479347145455,90.73636363636363
208,200.50909090909093,4.645454545454546,0.8461538461538461,2.566666666666667,24.268479347145455,90.73636363636363
209,178.2,2.0,0.4,2.5,23.2280973829,97.1
210,290.1,7.1,0.7000000000000001,2.6,20.5484835041,87.7
211,268.8,7.7,0.8,2.0,10.9366984741,74.2
212,135.9,5.0,1.1,2.3,26.5447838676,83.1
213,282.2,3.4,0.8,2.8,29.267982757,125.2
214,238.0,4.6,1.1,3.4,35.9780847187,126.3
215,249.8,3.6,0.7000000000000001,3.1,30.4833393783,118.4
216,205.0,6.7,1.2,4.2,27.1786621178,163.4
217,165.3,5.6,1.1,2.3,36.093845395,87.3
218,177.1,3.8,0.9,1.9,9.5335395071,94.7
219,200.50909090909093,4.645454545454546,0.8461538461538461,2.566666666666667,24.268479347145455,90.73636363636363
220,212.9758389173995,3.4953257998938176,0.6670210159260164,2.1604542765162607,24.14245707710306,96.09499067886287
221,200.50909090909093,4.645454545454546,0.8461538461538461,2.566666666666667,24.268479347145455,90.73636363636363
222,185.5,6.8,0.9,3.8,17.0648187159,68.8
223,166.16880566470874,3.977013419306998,0.9521670847546655,2.4266203458783084,12.20234958893898,65.78902754018566
224,377.7,10.4,0.6000000000000001,2.8,12.9529066252,59.6
225,199.9,3.9,0.9,2.6,21.2796400462,90.8
226,200.50909090909093,4.645454545454546,0.8461538461538461,2.566666666666667,24.268479347145455,90.73636363636363
227,162.4,6.8,1.2,2.5,20.5145503428,99.9
228,200.5,2.9,1.1,2.3,24.9788061267,86.5
229,200.50909090909093,4.645454545454546,0.8461538461538461,2.566666666666667,24.268479347145455,90.73636363636363
230,231.5,3.9,0.8,2.4,23.3373736855,78.6
231,200.50909090909093,4.645454545454546,0.8461538461538461,2.566666666666667,24.268479347145455,90.73636363636363
232,259.8,2.7,0.7000000000000001,2.7,21.7876640772,105.2
233,231.1,6.0,0.6000000000000001,2.3,8.0132089566,61.8
234,170.67444831755148,4.036464910235469,0.931195852120626,2.477156104267804,10.816081069955622,63.33902237755187
235,284.0,10.7,0.9,3.4,23.1528557647,61.5
236,240.5,6.0,0.6000000000000001,2.1,11.3425575759,65.3
237,183.6,3.9,1.0,2.6,10.5421759741,65.0
238,243.7,4.7,0.7000000000000001,1.8,10.2946480994,72.0
239,200.50909090909093,4.645454545454546,0.8461538461538461,2.566666666666667,24.268479347145455,90.73636363636363
240,417.1,5.8,0.5,2.3,13.1058023679,51.0
241,180.1,4.5,0.8,2.4,19.5998096748,59.8
242,212.5,2.8,0.4,2.2,15.5508543062,83.6
243,153.6,8.9,1.2,2.7,18.6813342622,76.2
244,148.6,7.6,1.1,2.4,25.728854789,101.6
245,419.3,10.9,0.9,3.6,27.3474072447,69.2
246,195.1,2.5,0.5,2.2,83.5196695654,163.4
247,200.50909090909093,4.645454545454546,0.8461538461538461,2.566666666666667,24.268479347145455,90.73636363636363
248,178.19771013234194,4.753596306253504,1.0763363625129745,2.5450635818914784,23.326888087205482,85.23729261760556
249,200.50909090909093,4.645454545454546,0.8461538461538461,2.566666666666667,24.268479347145455,90.73636363636363
250,293.4,7.6,0.7000000000000001,2.0,19.2259546284,80.7
251,200.50909090909093,4.645454545454546,0.8461538461538461,2.566666666666667,24.268479347145455,90.73636363636363
252,200.50909090909093,4.645454545454546,0.8461538461538461,2.566666666666667,24.268479347145455,90.73636363636363
253,220.7,8.4,1.2,2.6,35.1707059818,90.5
254,199.6,3.6,0.7000000000000001,2.6,43.4974588614,85.2
255,197.8,2.6,0.7000000000000001,2.4,30.9529148876,92.3
256,223.7,4.2,1.3,2.9,22.8964887552,112.2
257,153.48070390305665,5.804488278742728,1.1418548319474804,2.389177806582292,21.61065745032385,82.85237930432176
258,229.5,3.8,0.7000000000000001,2.4,21.7758478695,123.4
259,166.8,3.6,1.0,2.1,20.6616645339,89.8
260,231.4,3.7,0.8,2.7,40.4968838348,123.3
261,162.19273849694787,5.322758463156133,1.087735604679292,2.32793709006413,25.51899730596491,87.76351960905251
262,177.7,2.4,0.6000000000000001,2.2,54.6058196395,81.5
263,237.1,7.6,1.2,2.5,45.1874788111,111.9
264,200.50909090909093,4.645454545454546,0.8461538461538461,2.566666666666667,24.268479347145455,90.73636363636363
265,193.8,4.0,0.8,2.3,13.5250465914,66.5
266,200.5,4.2,0.8,2.7,40.5658860316,112.1
267,302.0,5.4,0.7000000000000001,2.4,18.0633721888,63.5
268,200.50909090909093,4.645454545454546,0.8461538461538461,2.566666666666667,24.268479347145455,90.73636363636363
269,200.50909090909093,4.645454545454546,0.8461538461538461,2.566666666666667,24.268479347145455,90.73636363636363
270,191.4,5.8,0.7000000000000001,3.3,19.9309072732,78.7
271,197.1,3.5,0.8,2.9,31.7519252052,102.0
272,200.50909090909093,4.645454545454546,0.8461538461538461,2.566666666666667,24.268479347145455,90.73636363636363
273,200.50909090909093,4.645454545454546,0.8461538461538461,2.566666666666667,24.268479347145455,90.73636363636363
274,200.50909090909093,4.645454545454546,0.8461538461538461,2.566666666666667,24.268479347145455,90.73636363636363
275,208.60250027831998,6.981731364808736,1.0284811374415022,2.688851226560814,30.57506305967397,99.74168102826303
276,200.91097081367923,4.445573503250499,0.774269306333372,2.1604986667468014,12.485130845085918,109.41346181505808
277,179.2,4.9,0.9,2.5,28.4273716506,105.7
278,267.78795493990566,6.323401963358726,0.8477065949555112,3.0134517806092225,29.78198484496801,97.69737223850649
279,250.2,6.6,0.8,2.3,12.8140881209,87.2
280,200.50909090909093,4.645454545454546,0.8461538461538461,2.566666666666667,24.268479347145455,90.73636363636363
281,111.5,3.5,1.1,2.5,13.0050152124,73.2
282,200.50909090909093,4.645454545454546,0.8461538461538461,2.566666666666667,24.268479347145455,90.73636363636363
283,200.50909090909093,4.645454545454546,0.8461538461538461,2.566666666666667,24.268479347145455,90.73636363636363
284,134.1,5.7,1.2,2.3,13.4211122861,111.7
285,178.1,8.1,0.8,3.4,26.5946536436,106.7
286,227.1,4.4,0.9,2.7,11.2289691091,72.5
287,200.50909090909093,4.645454545454546,0.8461538461538461,2.566666666666667,24.268479347145455,90.73636363636363
288,173.80853156689034,5.523212159917224,1.1098615988380698,2.6012799254682495,23.684894295281133,88.12195297155553
289,205.2,4.2,0.7000000000000001,3.1,35.5119552317,111.4
290,232.9,2.1,0.8,3.7,28.8176955904,94.2
291,206.4,5.6,1.0,3.0,24.4880863721,104.7
292,233.5,6.0,0.9,2.8,49.5881343793,73.7
293,164.91705080901892,4.343915764816518,1.09113727875836,2.4269148752743877,24.10814959334892,83.77417131771887
294,200.50909090909093,4.645454545454546,0.8461538461538461,2.566666666666667,24.268479347145455,90.73636363636363
295,200.50909090909093,4.645454545454546,0.8461538461538461,2.566666666666667,24.268479347145455,90.73636363636363
296,177.2,2.4,0.6000000000000001,3.0,31.3832609428,57.2
297,200.50909090909093,4.645454545454546,0.8461538461538461,2.566666666666667,24.268479347145455,90.73636363636363
298,200.50909090909093,4.645454545454546,0.8461538461538461,2.566666666666667,24.268479347145455,90.73636363636363
299,200.50909090909093,4.645454545454546,0.8461538461538461,2.566666666666667,24.268479347145455,90.73636363636363
300,200.50909090909093,4.645454545454546,0.8461538461538461,2.566666666666667,24.268479347145455,90.73636363636363
301,205.14663039107265,4.924778365739911,0.8888227864724142,2.7611894919649935,22.49165977782213,93.17461296443093
302,206.9,4.3,0.8,3.1,36.0148377113,103.9
303,200.50909090909093,4.645454545454546,0.8461538461538461,2.566666666666667,24.268479347145455,90.73636363636363
304,230.2,4.6,0.9,2.8,9.4895664636,71.1
305,200.50909090909093,4.645454545454546,0.8461538461538461,2.566666666666667,24.268479347145455,90.73636363636363
306,209.0,2.1,0.5,2.5,16.9748873375,74.0
307,200.50909090909093,4.645454545454546,0.8461538461538461,2.566666666666667,24.268479347145455,90.73636363636363
308,200.50909090909093,4.645454545454546,0.8461538461538461,2.566666666666667,24.268479347145455,90.73636363636363
309,308.6,5.2,0.5,2.4,9.1030418799,29.9
310,246.1,7.0,0.8,2.4,12.8714864259,53.1
311,288.6,8.1,1.2,3.5,23.4234911378,97.7
312,200.50909090909093,4.645454545454546,0.8461538461538461,2.566666666666667,24.268479347145455,90.73636363636363
313,200.50909090909093,4.645454545454546,0.8461538461538461,2.566666666666667,24.268479347145455,90.73636363636363
314,324.1,7.9,0.8,2.3,14.6107961331,78.0
315,236.3,2.0,0.4,2.6,23.6116870874,67.0
316,212.1228999635861,3.4028749034058405,0.6705510894606909,2.5065878446025778,42.75920123030729,94.0576119046331
317,344.3,5.3,1.3,3.1,25.1651601871,119.4
318,193.5,6.3,1.1,2.6,26.8918558497,88.5
319,196.6,3.3,0.7000000000000001,1.9,15.5815683214,99.3
320,200.50909090909093,4.645454545454546,0.8461538461538461,2.566666666666667,24.268479347145455,90.73636363636363
321,184.0,6.5,1.0,2.4,23.825462207,75.9
322,147.3,4.7,1.2,2.5,30.3545032515,97.3
323,200.50909090909093,4.645454545454546,0.8461538461538461,2.566666666666667,24.268479347145455,90.73636363636363
324,159.6,5.1,1.2,2.5,20.246834465,94.3
325,200.50909090909093,4.645454545454546,0.8461538461538461,2.566666666666667,24.268479347145455,90.73636363636363
326,155.9,2.8,0.7000000000000001,2.2,30.6856464238,73.2
327,176.4,3.8,0.8,3.1,28.8948193857,132.3
328,206.2,1.6,0.7000000000000001,1.8,21.2102072453,67.2
329,221.09560870671987,3.4629026407256567,0.6237625235372567,2.2201119069598567,24.706552729438318,96.48193736263501
330,200.50909090909093,4.645454545454546,0.8461538461538461,2.566666666666667,24.268479347145455,90.73636363636363
331,203.0,3.3,0.7000000000000001,2.5,28.2602841948,94.8
332,200.50909090909093,4.645454545454546,0.8461538461538461,2.566666666666667,24.268479347145455,90.73636363636363
333,200.50909090909093,4.645454545454546,0.8461538461538461,2.566666666666667,24.268479347145455,90.73636363636363
334,165.3,3.2,0.8,1.7000000000000002,11.8070639355,56.3
335,200.50909090909093,4.645454545454546,0.8461538461538461,2.566666666666667,24.268479347145455,90.73636363636363
336,200.50909090909093,4.645454545454546,0.8461538461538461,2.566666666666667,24.268479347145455,90.73636363636363
337,229.9,2.0,0.7000000000000001,2.6,75.3765883686,83.7
338,218.4,12.4,0.9,3.4,24.3633045285,88.8
339,200.50909090909093,4.645454545454546,0.8461538461538461,2.566666666666667,24.268479347145455,90.73636363636363
340,189.0,3.4,0.6000000000000001,2.2,31.0876924693,102.8
341,168.6,2.8,0.7000000000000001,2.4,27.2608908744,99.7
342,230.03995992296237,3.229519084480335,0.5933071264999535,2.28118070608702,29.40128264409839,100.36278908871206
343,352.0,6.7,0.7000000000000001,2.8,11.3757013489,74.1
344,170.32455019994993,5.288872346236862,1.08048602907974,2.374701954609522,26.98133346284548,86.19379299454663
345,200.50909090909093,4.645454545454546,0.8461538461538461,2.566666666666667,24.268479347145455,90.73636363636363
346,224.1,4.4,0.7000000000000001,1.9,11.8731243549,149.7
347,216.7,4.5,0.8,2.7,12.5553310181,63.1
348,200.50909090909093,4.645454545454546,0.8461538461538461,2.566666666666667,24.268479347145455,90.73636363636363
349,212.6,12.7,0.9,3.2,20.5358377686,78.3
350,208.4,7.2,1.3,3.6,30.2585801421,102.4
351,214.1,4.8,0.7000000000000001,3.2,46.5898001974,104.2
352,237.76695019155886,5.560516956842105,0.652470723923667,2.8984997910220147,26.87666104810209,109.76241140808591
353,207.9,3.9,0.7000000000000001,2.1,33.0232022751,63.8
354,141.9,4.0,1.0,2.0,20.2917687598,63.5
355,174.3,3.8,0.6000000000000001,1.8,11.8486151538,107.6
356,243.7,7.7,0.5,2.7,12.5879338913,77.6
357,200.50909090909093,4.645454545454546,0.8461538461538461,2.566666666666667,24.268479347145455,90.73636363636363
358,197.3,3.6,0.7000000000000001,2.7,24.1238346899,95.0
359,200.50909090909093,4.645454545454546,0.8461538461538461,2.566666666666667,24.268479347145455,90.73636363636363
360,205.30862497630375,3.283511304959728,0.731041279577593,2.600642014791316,31.944774974280456,90.74874873385956
361,180.4,2.4,0.7000000000000001,2.0,16.5731080408,78.0
362,200.50909090909093,4.645454545454546,0.8461538461538461,2.566666666666667,24.268479347145455,90.73636363636363
363,196.2,2.7,0.8,2.5,33.3964384584,90.0
364,200.50909090909093,4.645454545454546,0.8461538461538461,2.566666666666667,24.268479347145455,90.73636363636363
365,176.6,3.7,0.7000000000000001,2.3,51.3907304114,81.0
366,153.3,4.5,1.1,2.2,22.8778564513,91.2
367,244.5,5.8,0.9,3.0,33.8051322856,83.0
368,162.5,5.5,1.2,2.5,19.0946081429,100.1
369,218.5,3.7,0.8,2.8,22.4761143165,114.1
370,157.9,3.5,1.1,2.2,16.0683506407,88.8
371,399.6,6.0,0.5,2.7,23.0905506796,79.8
372,187.7,5.0,0.9,2.4,39.7835611181,123.1
373,194.3,2.4,0.6000000000000001,2.2,30.5412656862,89.4
374,248.60366882896508,4.0294589254098545,0.7715076659650496,2.8088819796517606,31.5865928036489,89.73917725490749
375,200.50909090909093,4.645454545454546,0.8461538461538461,2.566666666666667,24.268479347145455,90.73636363636363
376,200.50909090909093,4.645454545454546,0.8461538461538461,2.566666666666667,24.268479347145455,90.73636363636363
377,177.9,3.7,1.1,2.8,22.8994391488,86.8
378,200.50909090909093,4.645454545454546,0.8461538461538461,2.566666666666667,24.268479347145455,90.73636363636363
379,182.4,12.1,0.9,3.2,20.6035452142,64.3
380,203.0,3.8,0.8,2.8,70.1705962343,94.7
381,160.17358716082043,5.641091575884873,1.1255351710030668,2.3107724182798597,23.09587575230504,89.05744642902687
382,226.6,4.6,0.8,2.6,22.5757267637,76.3
383,194.0,2.2,0.6000000000000001,2.0,32.0656298232,68.5
384,200.50909090909093,4.645454545454546,0.8461538461538461,2.566666666666667,24.268479347145455,90.73636363636363
385,200.50909090909093,4.645454545454546,0.8461538461538461,2.566666666666667,24.268479347145455,90.73636363636363
386,420.3,6.6,1.0,3.1,34.7650122114,97.6
387,229.7703183941243,4.576457133589797,0.8403048433580369,2.55375456463834,26.202267385345028,75.66363904441367
388,423.2,8.6,1.2,2.5,25.5852843872,75.0
389,200.50909090909093,4.645454545454546,0.8461538461538461,2.566666666666667,24.268479347145455,90.73636363636363
390,200.50909090909093,4.645454545454546,0.8461538461538461,2.566666666666667,24.268479347145455,90.73636363636363
391,155.5,2.7,0.7000000000000001,2.6,23.2919679514,121.5
392,200.50909090909093,4.645454545454546,0.8461538461538461,2.566666666666667,24.268479347145455,90.73636363636363
393,200.50909090909093,4.645454545454546,0.8461538461538461,2.566666666666667,24.268479347145455,90.73636363636363
394,136.7,3.6,1.0,2.1,10.1555968572,66.9
395,200.50909090909093,4.645454545454546,0.8461538461538461,2.566666666666667,24.268479347145455,90.73636363636363
396,200.50909090909093,4.645454545454546,0.8461538461538461,2.566666666666667,24.268479347145455,90.73636363636363
397,226.5,2.6,0.8,2.3,33.4376573435,80.4
398,148.0,4.2,1.0,2.2,27.5417401743,71.1
399,218.7,2.1,0.6000000000000001,2.2,21.4786600278,84.0
400,234.6,7.5,1.3,3.2,37.9634202541,115.2
401,215.99187272850423,4.3594065052537365,0.7222385150462896,2.794653946200419,42.07895748336706,104.84707152239089
402,174.33143622182433,5.568776081442559,1.0279053618868268,2.4335949890059023,22.417603276389848,94.46755945443368
403,200.50909090909093,4.645454545454546,0.8461538461538461,2.566666666666667,24.268479347145455,90.73636363636363
404,200.50909090909093,4.645454545454546,0.8461538461538461,2.566666666666667,24.268479347145455,90.73636363636363
405,182.4,4.6,1.2,2.8,20.1920695265,132.1
406,164.5362576042111,3.9895605544845116,0.9869449675454757,2.517590719489626,11.558003946607347,64.33269762406675
407,200.50909090909093,4.645454545454546,0.8461538461538461,2.566666666666667,24.268479347145455,90.73636363636363
408,389.3,4.7,0.9,2.8,18.7547877593,50.1
409,238.6,7.1,1.4,2.9,44.2850543149,90.6
410,250.7,9.1,1.2,3.5,31.0380575255,121.5
411,200.50909090909093,4.645454545454546,0.8461538461538461,2.566666666666667,24.268479347145455,90.73636363636363
412,203.3,3.7,0.8,3.1,25.5805895633,104.3
413,200.50909090909093,4.645454545454546,0.8461538461538461,2.566666666666667,24.268479347145455,90.73636363636363
414,200.50909090909093,4.645454545454546,0.8461538461538461,2.566666666666667,24.268479347145455,90.73636363636363
415,200.50909090909093,4.645454545454546,0.8461538461538461,2.566666666666667,24.268479347145455,90.73636363636363
416,293.6,5.3,0.5,2.3,26.4216533921,40.6
417,200.50909090909093,4.645454545454546,0.8461538461538461,2.566666666666667,24.268479347145455,90.73636363636363
418,200.50909090909093,4.645454545454546,0.8461538461538461,2.566666666666667,24.268479347145455,90.73636363636363
419,269.4088401067418,5.924371184252503,0.8274284900233546,2.9500698588326433,29.082090000546547,92.93461624611994
420,200.50909090909093,4.645454545454546,0.8461538461538461,2.566666666666667,24.268479347145455,90.73636363636363
421,181.1,4.7,1.2,2.7,13.4702973286,72.6
422,220.0,3.3,0.7000000000000001,2.4,31.9750708222,65.0
423,208.4,3.8,0.8,3.0,22.6252291923,82.1
424,208.2,3.0,0.7000000000000001,2.6,21.1131629313,92.6
425,176.2,2.3,0.7000000000000001,2.4,24.3456329207,101.5
426,208.8,1.9,0.5,2.0,24.8545051799,78.2
427,241.6,11.6,0.9,4.1,28.4993602039,100.8
428,195.4,3.3,0.5,1.9,25.4702394759,71.5
429,250.4077110049255,6.913598551685859,0.7788656793003734,2.292472960507276,13.23145043199294,72.07888058908043
430,200.50909090909093,4.645454545454546,0.8461538461538461,2.566666666666667,24.268479347145455,90.73636363636363
431,191.5,4.5,1.0,2.6,27.6589486919,69.6
432,194.2,6.0,0.9,2.9,25.4243070217,85.9
433,200.50909090909093,4.645454545454546,0.8461538461538461,2.566666666666667,24.268479347145455,90.73636363636363
434,257.0,4.4,0.7000000000000001,3.0,40.7404559546,112.0
435,165.1,5.5,1.1,3.0,22.3427932361,88.8
436,236.6,4.4,0.4,2.3,40.1691154293,45.4
437,200.50909090909093,4.645454545454546,0.8461538461538461,2.566666666666667,24.268479347145455,90.73636363636363
438,200.50909090909093,4.645454545454546,0.8461538461538461,2.566666666666667,24.268479347145455,90.73636363636363
439,270.8,3.2,0.8,2.5,21.9223736001,99.3
440,200.50909090909093,4.645454545454546,0.8461538461538461,2.566666666666667,24.268479347145455,90.73636363636363
441,236.6,6.4,0.8,2.5,12.1829955281,62.6
442,200.50909090909093,4.645454545454546,0.8461538461538461,2.566666666666667,24.268479347145455,90.73636363636363
443,270.1,7.9,0.8,2.0,12.0039908652,75.2
444,165.6,3.6,0.7000000000000001,2.6,30.3470576381,105.8
445,125.2,3.8,1.1,2.7,9.2427946314,69.4
446,181.4,3.7,0.8,2.6,34.7527095511,106.9
447,200.50909090909093,4.645454545454546,0.8461538461538461,2.566666666666667,24.268479347145455,90.73636363636363
448,179.4,4.8,1.0,2.7,20.574128621,85.3
449,188.8,4.4,0.7000000000000001,2.9,26.1059024997,109.5
450,165.09918378495897,5.577808620296457,1.1832553163712658,2.5237504929444383,23.471198684652187,93.77283274643098
451,210.8,4.8,0.9,3.1,17.553056863,83.7
452,276.6,6.7,0.6000000000000001,3.0,21.3186557677,85.6
453,218.13543336816912,3.6482170126080007,0.7180372103494057,2.97369623649201,33.86560327483659,105.99687478936484
454,174.4,3.7,1.0,1.7000000000000002,17.822605786,63.3
455,200.50909090909093,4.645454545454546,0.8461538461538461,2.566666666666667,24.268479347145455,90.73636363636363
456,206.60606082746776,4.27005713630889,0.7704327100844145,3.042506390369269,32.3684138324411,109.55313916971936
457,200.5,4.2,1.1,2.8,22.9638827852,76.8
458,200.50909090909093,4.645454545454546,0.8461538461538461,2.566666666666667,24.268479347145455,90.73636363636363
459,350.4,6.0,0.6000000000000001,2.3,17.0994206119,85.8
460,200.50909090909093,4.645454545454546,0.8461538461538461,2.566666666666667,24.268479347145455,90.73636363636363
461,222.5,6.3,1.0,2.9,20.5937650651,65.5
462,200.50909090909093,4.645454545454546,0.8461538461538461,2.566666666666667,24.268479347145455,90.73636363636363
463,200.50909090909093,4.645454545454546,0.8461538461538461,2.566666666666667,24.268479347145455,90.73636363636363
464,192.3,1.8,0.8,2.3,27.6240828446,78.3
465,214.6,7.1,1.3,3.6,27.1755858479,92.0
466,165.5,2.5,0.6000000000000001,2.6,32.9753589005,65.7
467,253.7,6.5,0.8,2.4,15.1427299069,81.4
468,196.0,3.7,0.7000000000000001,1.9,9.6320038778,96.5
469,200.50909090909093,4.645454545454546,0.8461538461538461,2.566666666666667,24.268479347145455,90.73636363636363
470,156.3,4.8,1.2,2.4,25.3598502127,90.3
471,200.50909090909093,4.645454545454546,0.8461538461538461,2.566666666666667,24.268479347145455,90.73636363636363
472,223.01655844268214,4.508295566633552,0.9650481173532967,2.4506704692141454,26.735006521496643,75.83854775861994
473,200.50909090909093,4.645454545454546,0.8461538461538461,2.566666666666667,24.268479347145455,90.73636363636363
474,255.4,2.4,0.6000000000000001,2.5,26.7566600403,76.7
475,181.9,5.4,1.1,2.2,21.2610440972,93.3
476,297.5,11.6,1.3,3.8,26.6340822414,88.6
477,148.6,3.4,1.1,2.2,22.9021921292,86.0
478,164.4,6.3,1.2,2.7,23.3517470692,104.7
479,227.7,2.4,0.3,2.4,29.2518763199,84.4
480,194.6,2.8,0.4,1.9,32.6094567301,104.7
481,462.8,7.1,1.0,2.5,54.9598916307,153.9
482,200.50909090909093,4.645454545454546,0.8461538461538461,2.566666666666667,24.268479347145455,90.73636363636363
483,200.50909090909093,4.645454545454546,0.8461538461538461,2.566666666666667,24.268479347145455,90.73636363636363
484,291.6,3.9,0.8,2.6,39.9319501802,157.2
485,200.50909090909093,4.645454545454546,0.8461538461538461,2.566666666666667,24.268479347145455,90.73636363636363
486,151.38983400568802,5.782253900038109,1.138745000361928,2.380926738704316,22.25099437171801,84.48366013673895
487,200.50909090909093,4.645454545454546,0.8461538461538461,2.566666666666667,24.268479347145455,90.73636363636363
488,172.0,2.8,0.7000000000000001,2.2,26.588099441,73.1
489,211.7,3.6,0.6000000000000001,3.2,48.3302690802,89.7
490,200.50909090909093,4.645454545454546,0.8461538461538461,2.566666666666667,24.268479347145455,90.73636363636363
491,205.6,5.0,0.8,3.0,35.586982448,118.7
492,120.6,3.4,1.0,2.6,10.6216814038,70.4
493,200.50909090909093,4.645454545454546,0.8461538461538461,2.566666666666667,24.268479347145455,90.73636363636363
494,206.5,2.6,0.6000000000000001,2.8,26.5509858015,91.0
495,187.27631519612405,3.5989878440058436,0.7674526946467413,2.5508500934748457,38.54859108225906,103.85842820798382
496,209.6,3.6,0.6000000000000001,3.0,23.2525833334,130.1
497,182.7,4.5,1.1,2.6,14.39561898,64.1
498,169.3,4.1,1.1,2.6,10.0919889969,65.9
499,111.5,3.5,1.1,2.4,11.416292444,74.6
500,173.1,7.2,1.3,2.7,23.5174994033,89.7
501,178.9,3.5,0.8,3.0,29.0525409469,109.7
502,200.50909090909093,4.645454545454546,0.8461538461538461,2.566666666666667,24.268479347145455,90.73636363636363
503,218.2,4.2,0.8,2.4,28.9904300099,57.2
504,171.6,3.8,0.9,2.7,44.943170595,106.3
505,200.50909090909093,4.645454545454546,0.8461538461538461,2.566666666666667,24.268479347145455,90.73636363636363
506,244.51295718977073,6.111282508353864,0.8599780137688829,2.427824934503805,27.802542072243448,90.30089196008811
507,340.5,2.7,0.4,3.1,19.7235261743,104.4
508,251.3,6.5,1.2,2.9,39.3749240057,109.1
509,200.50909090909093,4.645454545454546,0.8461538461538461,2.566666666666667,24.268479347145455,90.73636363636363
510,193.4,4.8,0.7000000000000001,2.1,10.4291984369,96.8
511,200.50909090909093,4.645454545454546,0.8461538461538461,2.566666666666667,24.268479347145455,90.73636363636363
512,195.48318155780532,2.1933079491709404,0.694594457529987,2.2692846204475705,26.473990123771227,72.93794075411242
513,194.18362360190196,2.764580911677914,0.6164585707400879,2.346526699715306,23.69174889826553,83.5688502216616
514,389.2,6.6,0.6000000000000001,2.7,29.904607495,72.9
515,196.3,2.8,0.6000000000000001,2.4,34.7410732428,99.8
516,135.5,4.8,1.0,2.5,22.7329210155,100.9
517,237.2,4.0,0.9,3.0,53.22506029,107.5
518,200.50909090909093,4.645454545454546,0.8461538461538461,2.566666666666667,24.268479347145455,90.73636363636363
519,199.9,6.7,0.8,3.5,19.7577757362,116.4
520,246.1,3.0,0.7000000000000001,2.5,19.3096646738,103.2
521,299.8,7.9,0.7000000000000001,2.4,12.7783545547,39.8
522,198.5,4.0,0.7000000000000001,3.0,32.4352007576,82.6
523,253.7,6.4,0.7000000000000001,2.1,12.7953449726,54.8
524,239.6,6.2,0.9,2.2,11.1081125937,73.7
525,415.4,5.6,0.5,2.5,41.8205535437,60.6
526,200.50909090909093,4.645454545454546,0.8461538461538461,2.566666666666667,24.268479347145455,90.73636363636363
527,294.2,5.6,0.9,3.6,27.2191177568,62.1
528,164.2,13.0,1.3,2.5,24.5242494185,95.9
529,153.97774714564338,6.2456076741829,1.169850152214326,2.3746962534020715,23.810091321345645,87.46279506744618
530,187.7,2.4,0.9,2.3,19.976882581,68.8
531,314.1,5.7,1.1,3.1,38.5056328347,78.2
532,156.90891951508445,3.947284166390578,1.0918257812790853,2.39788134947225,12.06616973471197,65.52159919391903
533,171.3,4.6,0.8,2.0,9.7727883704,94.1
534,200.50909090909093,4.645454545454546,0.8461538461538461,2.566666666666667,24.268479347145455,90.73636363636363
535,200.50909090909093,4.645454545454546,0.8461538461538461,2.566666666666667,24.268479347145455,90.73636363636363
536,257.7,6.7,1.2,2.9,19.4524382082,126.4
537,317.0,7.1,0.5,3.1,15.183619485,87.1
538,325.4,7.5,0.8,2.6,20.5683223803,63.4
539,200.50909090909093,4.645454545454546,0.8461538461538461,2.566666666666667,24.268479347145455,90.73636363636363
540,170.5,3.9,1.0,2.4,10.7659901735,58.5
541,269.67934421570504,6.467486700028059,0.9469512625823377,3.059737467309984,30.799970887047806,103.48085911674333
542,200.50909090909093,4.645454545454546,0.8461538461538461,2.566666666666667,24.268479347145455,90.73636363636363
543,173.9,8.1,1.0,2.4,31.6570930336,85.4
544,174.9,4.0,0.8,2.4,13.0510333752,59.3
545,226.9,3.5,0.6000000000000001,2.3,20.4889781346,105.5
546,189.7,2.4,0.5,2.7,22.3630033571,55.4
547,135.0,3.8,0.9,2.4,14.8892265052,63.3
548,163.8,3.2,1.0,2.0,9.0440166496,99.8
549,263.8014865978245,7.17112088934298,0.7632547968106145,2.3782605750179067,13.380219605074515,76.43115934382108
550,200.50909090909093,4.645454545454546,0.8461538461538461,2.566666666666667,24.268479347145455,90.73636363636363
551,204.83388402135105,2.632362534219886,0.7347359151661838,2.3247284363601333,28.808766450010342,71.89399721607346
552,234.2,4.0,0.8,3.1,49.1203930246,134.5
553,225.3,5.3,1.1,2.5,30.1474052885,77.6
554,297.9,8.1,0.6000000000000001,2.4,9.7872322448,75.2
555,213.14226287888667,3.2275153077627183,0.6849834689614847,2.483051765354115,30.454677635900545,82.88860260020002
556,256.4,3.5,0.6000000000000001,2.4,18.8116712816,79.4
557,231.4,2.8,0.6000000000000001,2.7,19.8381391859,83.7
558,202.80837298422617,4.178879550692344,0.7723896040726748,2.148247349307075,12.554049567850333,86.9990497422644
559,193.5,5.4,1.1,2.4,35.212989108,74.8
560,200.50909090909093,4.645454545454546,0.8461538461538461,2.566666666666667,24.268479347145455,90.73636363636363
561,200.50909090909093,4.645454545454546,0.8461538461538461,2.566666666666667,24.268479347145455,90.73636363636363
562,230.4,8.4,1.1,2.5,23.3052707322,107.6
563,200.50909090909093,4.645454545454546,0.8461538461538461,2.566666666666667,24.268479347145455,90.73636363636363
564,200.50909090909093,4.645454545454546,0.8461538461538461,2.566666666666667,24.268479347145455,90.73636363636363
565,216.3,3.8,0.8,2.6,17.0316342327,61.2
566,200.50909090909093,4.645454545454546,0.8461538461538461,2.566666666666667,24.268479347145455,90.73636363636363
567,206.5,6.0,0.9,2.2,24.6694841927,54.5
568,240.7,2.6,0.6000000000000001,2.3,29.9137285671,71.5
569,230.6,4.1,0.7000000000000001,2.0,27.4668298681,85.7
570,200.50909090909093,4.645454545454546,0.8461538461538461,2.566666666666667,24.268479347145455,90.73636363636363
571,199.4,2.6,0.5,2.3,39.5997767922,86.2
572,235.1,3.5,0.6000000000000001,2.5,30.3263736084,104.0
573,158.4,4.6,0.6000000000000001,2.8,32.505666417,103.6
574,206.2,5.0,0.8,3.1,50.6709503684,123.5
575,194.9,3.7,0.7000000000000001,3.0,44.5386327922,104.6
576,222.1,5.7,0.7000000000000001,2.1,11.7204005622,65.6
577,158.3,4.7,1.1,2.5,31.5210866242,86.3
578,204.8574539339307,4.0762801236452315,0.8241767054336822,2.6836371592501647,36.55413939134027,105.6183982104787
579,155.82175306456764,3.9442731105791706,1.095709692150687,2.3937506939991753,12.014613409713007,65.53460136511374
580,272.9,6.1,1.1,2.3,40.833714351,95.5
581,200.50909090909093,4.645454545454546,0.8461538461538461,2.566666666666667,24.268479347145455,90.73636363636363
582,206.7517528309175,4.966506121630071,0.7571546183876974,2.2514419758828974,13.05346549226791,101.56121110998791
583,209.6,7.5,0.9,4.2,19.8794352999,70.6
584,200.50909090909093,4.645454545454546,0.8461538461538461,2.566666666666667,24.268479347145455,90.73636363636363
585,200.50909090909093,4.645454545454546,0.8461538461538461,2.566666666666667,24.268479347145455,90.73636363636363
586,210.5,3.8,0.7000000000000001,3.3,31.5579120312,106.7
587,202.3,2.9,0.7000000000000001,2.8,56.222657818,87.9
588,173.1,4.3,1.0,2.4,19.3446268669,71.8
589,233.6,3.8,0.8,2.9,24.9220984305,105.8
590,200.50909090909093,4.645454545454546,0.8461538461538461,2.566666666666667,24.268479347145455,90.73636363636363
591,155.1,3.7,1.2,2.2,20.9006909314,85.4
592,200.50909090909093,4.645454545454546,0.8461538461538461,2.566666666666667,24.268479347145455,90.73636363636363
593,207.47584420564178,5.964024621994455,1.0478167836264205,2.664074109583622,27.93917293159943,104.53381392599525
594,200.50909090909093,4.645454545454546,0.8461538461538461,2.566666666666667,24.268479347145455,90.73636363636363
595,201.4,2.5,0.4,2.7,29.4363199457,110.3
596,170.2,4.4,0.8,2.1,9.7005263689,82.6
597,200.50909090909093,4.645454545454546,0.8461538461538461,2.566666666666667,24.268479347145455,90.73636363636363
598,218.9810260504884,8.647616054477433,0.9618906684831646,2.834466627338927,24.341573205173095,87.6387136823771
599,131.4,4.7,1.1,2.3,28.815807547,96.7
600,200.50909090909093,4.645454545454546,0.8461538461538461,2.566666666666667,24.268479347145455,90.73636363636363
601,235.649477633486,5.797260783465119,0.9249891078576845,2.504991699451268,32.31684334615387,80.75857025671951
602,189.1,4.2,0.5,1.8,29.557055481,71.6
603,213.2634111300122,3.540381006789799,0.6669417694849313,2.590476061034941,45.00332682907865,101.42889882026466
604,225.7,4.0,0.9,3.6,16.9560648262,75.8
605,473.1,7.6,0.8,3.6,24.4442698375,75.0
606,115.1,3.9,1.4,2.3,11.2257697612,65.0
607,195.5,2.2,0.6000000000000001,1.8,29.2249004769,53.7
608,194.54621283535923,4.093524464887612,0.7860625604208807,2.0555700204674188,13.79558056069734,88.39855999082612
609,200.50909090909093,4.645454545454546,0.8461538461538461,2.566666666666667,24.268479347145455,90.73636363636363
610,202.8,4.6,1.0,2.2,13.1236335717,114.3
611,183.9,4.0,0.8,3.1,22.520554401,104.9
612,170.3,4.6,1.2,2.9,19.2322930472,107.0
613,208.7,2.1,0.8,2.1,21.6074245224,66.5
614,219.0,3.9,0.8,2.6,21.6961665189,129.9
615,276.8,2.8,0.7000000000000001,2.7,30.1280554019,123.8
616,200.50909090909093,4.645454545454546,0.8461538461538461,2.566666666666667,24.268479347145455,90.73636363636363
617,147.5,3.6,0.9,2.2,11.5212628243,62.7
618,258.3,6.5,0.8,2.4,11.2301008297,76.7
619,202.2,3.0,0.7000000000000001,2.8,56.5648841589,85.5
620,200.50909090909093,4.645454545454546,0.8461538461538461,2.566666666666667,24.268479347145455,90.73636363636363
621,200.50909090909093,4.645454545454546,0.8461538461538461,2.566666666666667,24.268479347145455,90.73636363636363
622,252.7,3.3,0.6000000000000001,2.4,8.7738885509,101.2
623,374.7,3.9,0.8,2.8,33.8909373905,90.1
624,235.2,4.7,0.9,2.2,13.1072714532,92.8
625,229.9,6.9,1.0,2.8,31.9923124618,105.2
626,198.8,3.6,0.5,2.2,51.1121632981,106.8
627,256.6,2.9,0.6000000000000001,2.3,49.5578299366,72.5
628,205.5,4.2,1.1,2.6,14.0602441749,68.4
629,202.1,2.9,0.6000000000000001,2.0,54.1339898266,63.1
630,200.50909090909093,4.645454545454546,0.8461538461538461,2.566666666666667,24.268479347145455,90.73636363636363
631,188.6,4.3,0.7000000000000001,3.1,30.5934072308,102.4
632,200.50909090909093,4.645454545454546,0.8461538461538461,2.566666666666667,24.268479347145455,90.73636363636363
633,200.50909090909093,4.645454545454546,0.8461538461538461,2.566666666666667,24.268479347145455,90.73636363636363
634,200.50909090909093,4.645454545454546,0.8461538461538461,2.566666666666667,24.268479347145455,90.73636363636363
635,158.7,6.1,1.1,2.3,26.1951071657,72.3
636,200.50909090909093,4.645454545454546,0.8461538461538461,2.566666666666667,24.268479347145455,90.73636363636363
637,173.7,5.6,1.1,2.7,22.0933963762,91.7
638,154.2,8.7,1.2,2.3,25.4140133072,86.5
639,200.50909090909093,4.645454545454546,0.8461538461538461,2.566666666666667,24.268479347145455,90.73636363636363
640,219.8,5.9,0.7000000000000001,2.3,12.8913014958,65.4
641,159.2,4.2,0.9,2.2,31.9082166981,95.9
642,200.50909090909093,4.645454545454546,0.8461538461538461,2.566666666666667,24.268479347145455,90.73636363636363
643,166.2,4.1,1.0,1.9,9.0006084464,86.2
644,200.50909090909093,4.645454545454546,0.8461538461538461,2.566666666666667,24.268479347145455,90.73636363636363
645,259.9,3.9,0.7000000000000001,2.5,32.1454963054,106.2
646,143.5,4.5,1.2,2.6,25.9092960519,107.5
647,136.0,3.8,1.0,2.0,24.8260376223,88.7
648,200.50909090909093,4.645454545454546,0.8461538461538461,2.566666666666667,24.268479347145455,90.73636363636363
649,163.2,8.6,1.2,2.4,25.9574231297,83.6
650,176.0,2.6,1.0,2.5,21.7183199324,71.2
651,295.9,3.4,0.6000000000000001,2.3,20.7247790748,80.3
652,170.36046159232865,5.273596596041398,1.1140516173804578,2.682891269770207,23.600644031200858,86.9614343870355
653,200.50909090909093,4.645454545454546,0.8461538461538461,2.566666666666667,24.268479347145455,90.73636363636363
654,195.7777940644886,4.465997021587738,0.9423238607840723,2.08463950737467,11.197027038715564,116.45461509809545
655,194.3,2.9,0.7000000000000001,2.1,29.3088036761,74.3
656,215.8,5.6,0.8,3.2,35.1005102217,116.5
657,200.50909090909093,4.645454545454546,0.8461538461538461,2.566666666666667,24.268479347145455,90.73636363636363
658,249.8,3.2,0.6000000000000001,2.4,32.462930219,127.8
659,259.849047882307,6.667428557418998,0.7092527397496369,2.234859176041254,13.369365594807942,67.97536201252942
660,200.50909090909093,4.645454545454546,0.8461538461538461,2.566666666666667,24.268479347145455,90.73636363636363
661,179.0,2.9,0.6000000000000001,2.2,29.5573908142,83.7
662,200.50909090909093,4.645454545454546,0.8461538461538461,2.566666666666667,24.268479347145455,90.73636363636363
663,200.6632296196642,6.736845088446233,0.9936971321475175,2.7431447763934367,25.863033487966657,96.66189320555097
664,200.50909090909093,4.645454545454546,0.8461538461538461,2.566666666666667,24.268479347145455,90.73636363636363
665,159.6985504221768,4.11337420795845,1.0963643559782426,2.56443448119077,12.609070541207682,69.77404442992129
666,210.84716916484462,4.2648967129188495,0.7554625791976172,2.269063871935934,17.993559264902668,106.73758043750875
667,205.9,3.4,0.7000000000000001,2.4,20.9335655485,115.5
668,213.2615806643874,4.606992029477654,0.683884494441254,2.6233913229296917,47.92735709766322,98.69516050267849
669,200.50909090909093,4.645454545454546,0.8461538461538461,2.566666666666667,24.268479347145455,90.73636363636363
670,202.67206455313428,2.5296765308845304,0.6739328638316161,2.2871247687831526,28.888237055106536,71.93538249097902
671,203.5,1.9,0.7000000000000001,2.5,25.6499154746,80.9
672,228.4,4.6,1.0,2.8,40.4981079054,141.0
673,200.50909090909093,4.645454545454546,0.8461538461538461,2.566666666666667,24.268479347145455,90.73636363636363
674,209.1,5.3,1.0,3.1,16.079201791,96.2
675,200.50909090909093,4.645454545454546,0.8461538461538461,2.566666666666667,24.268479347145455,90.73636363636363
676,200.50909090909093,4.645454545454546,0.8461538461538461,2.566666666666667,24.268479347145455,90.73636363636363
677,181.3033877130783,3.4408143187374804,0.7583127646114959,2.621573690974553,34.566991870858885,102.39551254147048
678,200.50909090909093,4.645454545454546,0.8461538461538461,2.566666666666667,24.268479347145455,90.73636363636363
679,186.1,3.3,1.0,2.6,24.2135820132,91.2
680,251.3233846364414,6.446044790408171,1.0920520420510607,2.7672586852797565,31.399447786337667,84.69373109424988
681,200.50909090909093,4.645454545454546,0.8461538461538461,2.566666666666667,24.268479347145455,90.73636363636363
682,166.3,2.3,1.2,2.0,27.8786455026,101.8
683,200.50909090909093,4.645454545454546,0.8461538461538461,2.566666666666667,24.268479347145455,90.73636363636363
684,200.50909090909093,4.645454545454546,0.8461538461538461,2.566666666666667,24.268479347145455,90.73636363636363
685,207.01685710668093,3.2240488497273043,0.7761249434073673,2.45641607722204,30.095200819543294,74.10818524593452
686,200.50909090909093,4.645454545454546,0.8461538461538461,2.566666666666667,24.268479347145455,90.73636363636363
687,157.5,3.5,1.2,2.3,17.0944641873,79.4
688,200.50909090909093,4.645454545454546,0.8461538461538461,2.566666666666667,24.268479347145455,90.73636363636363
689,200.50909090909093,4.645454545454546,0.8461538461538461,2.566666666666667,24.268479347145455,90.73636363636363
690,187.7,3.4,0.7000000000000001,2.7,40.2637074428,101.9
691,227.7,4.3,0.7000000000000001,2.1,14.0937758688,103.1
692,200.0,3.4,0.7000000000000001,2.5,37.5307332971,92.1
693,214.4,3.3,0.7000000000000001,2.5,31.1117654903,99.6
694,200.50909090909093,4.645454545454546,0.8461538461538461,2.566666666666667,24.268479347145455,90.73636363636363
695,167.7,4.4,1.1,2.2,17.3276642449,84.5
696,200.50909090909093,4.645454545454546,0.8461538461538461,2.566666666666667,24.268479347145455,90.73636363636363
697,239.65912665439274,5.461382449951075,0.6864367887745507,3.138431277992253,28.42985897507254,112.51589469582136
698,200.50909090909093,4.645454545454546,0.8461538461538461,2.566666666666667,24.268479347145455,90.73636363636363
699,218.5,9.7,0.9,3.4,32.6282095538,67.0
700,171.6,5.6,1.3,2.8,21.5997099386,98.3
701,202.2,5.9,1.0,3.0,31.0130593385,118.1
702,187.3,3.1,0.5,2.2,38.5533778081,94.3
703,200.50909090909093,4.645454545454546,0.8461538461538461,2.566666666666667,24.268479347145455,90.73636363636363
704,200.50909090909093,4.645454545454546,0.8461538461538461,2.566666666666667,24.268479347145455,90.73636363636363
705,212.5,2.2,0.8,2.3,19.5900228482,88.8
706,277.6,3.0,0.7000000000000001,2.6,56.7075126128,132.6
707,147.3,8.0,1.1,2.5,23.7214983361,90.3
708,199.69574417530168,4.05264270037965,0.7528526391708461,2.9944802838049043,32.152356858413384,114.36009956795395
709,208.0,6.0,1.1,2.5,18.905036684,100.6
710,187.1,1.7000000000000002,0.6000000000000001,2.2,20.4705287329,54.0
711,206.1,3.9,0.9,2.8,26.7180461919,67.5
712,186.6,4.4,0.8,3.2,31.1886742103,97.4
713,243.6,3.3,0.5,1.9,24.6273972569,102.7
714,187.4,2.9,0.7000000000000001,2.8,30.825400914,112.1
715,200.50909090909093,4.645454545454546,0.8461538461538461,2.566666666666667,24.268479347145455,90.73636363636363
716,200.50909090909093,4.645454545454546,0.8461538461538461,2.566666666666667,24.268479347145455,90.73636363636363
717,200.50909090909093,4.645454545454546,0.8461538461538461,2.566666666666667,24.268479347145455,90.73636363636363
718,174.3,4.3,0.9,2.1,10.4050063654,91.9
719,212.8,4.8,1.0,2.2,30.5846191003,83.5
720,187.2,5.4,1.1,2.7,29.6603020941,101.4
721,185.6,3.2,0.9,2.7,19.8778196201,101.4
722,185.0,2.4,0.9,2.5,51.6624538014,79.7
723,233.8,6.5,0.9,2.6,13.0167291684,97.8
724,200.50909090909093,4.645454545454546,0.8461538461538461,2.566666666666667,24.268479347145455,90.73636363636363
725,200.50909090909093,4.645454545454546,0.8461538461538461,2.566666666666667,24.268479347145455,90.73636363636363
726,182.4,2.2,0.6000000000000001,2.1,28.428427766,92.1
727,203.2,4.4,0.7000000000000001,2.5,10.9283296504,87.4
728,244.3,3.8,0.7000000000000001,2.9,50.5413046149,115.3
729,187.1,4.5,0.8,2.5,38.4506261786,84.3
730,194.9,4.6,0.8,3.1,37.1589263787,115.2
731,213.6,3.6,0.7000000000000001,2.5,37.5987177752,96.2
732,205.2,3.7,0.7000000000000001,3.1,35.6105894312,116.5
733,235.1,8.6,1.2,3.1,25.2717321064,99.0
734,185.2,2.7,0.8,2.7,29.1985124627,60.8
735,393.6,10.2,0.7000000000000001,2.8,78.5014715005,59.4
736,272.8,2.1,0.6000000000000001,2.4,28.2263572122,65.9
737,254.372934489769,7.232511151652766,1.0261104011281426,2.9911547177844655,29.838626848835286,93.84190254320467
738,200.50909090909093,4.645454545454546,0.8461538461538461,2.566666666666667,24.268479347145455,90.73636363636363
739,200.50909090909093,4.645454545454546,0.8461538461538461,2.566666666666667,24.268479347145455,90.73636363636363
740,200.50909090909093,4.645454545454546,0.8461538461538461,2.566666666666667,24.268479347145455,90.73636363636363
741,236.5,4.0,0.8,2.7,26.7879039899,92.0
742,186.2,5.3,1.0,2.2,28.1435193963,127.8
743,228.5,4.9,0.6000000000000001,3.8,22.7979674725,87.9
744,200.50909090909093,4.645454545454546,0.8461538461538461,2.566666666666667,24.268479347145455,90.73636363636363
745,217.2,3.7,0.6000000000000001,2.5,25.2102218812,84.0
746,200.50909090909093,4.645454545454546,0.8461538461538461,2.566666666666667,24.268479347145455,90.73636363636363
747,200.50909090909093,4.645454545454546,0.8461538461538461,2.566666666666667,24.268479347145455,90.73636363636363
748,210.2,9.3,1.2,3.4,27.8587491234,114.5
749,145.2,6.7,1.0,2.2,31.9296347705,74.4
750,200.50909090909093,4.645454545454546,0.8461538461538461,2.566666666666667,24.268479347145455,90.73636363636363
751,200.37252602358944,4.65280758225454,0.7895051419345215,2.210444793533507,11.724308236500713,93.94496762901917
752,215.38575303176037,3.361579827665635,0.8144590460440244,2.499117957732817,28.999700881970856,75.28999434053055
753,200.50909090909093,4.645454545454546,0.8461538461538461,2.566666666666667,24.268479347145455,90.73636363636363
754,200.50909090909093,4.645454545454546,0.8461538461538461,2.566666666666667,24.268479347145455,90.73636363636363
755,222.6,2.5,0.8,2.4,31.9984630959,118.1
756,200.50909090909093,4.645454545454546,0.8461538461538461,2.566666666666667,24.268479347145455,90.73636363636363
757,276.5,4.8,0.7000000000000001,2.7,12.1523501167,62.4
758,223.07058436772914,3.5933508657443007,0.761160843424573,2.585547949142437,36.0954601553587,101.88095035552558
759,200.50909090909093,4.645454545454546,0.8461538461538461,2.566666666666667,24.268479347145455,90.73636363636363
760,176.4119855619199,4.919628859784069,1.0724298832552928,2.5331307890753387,23.31918670004155,85.04840546159372
761,228.9495432483459,3.492046473663666,0.6834722833226923,2.387416356973643,24.19133631286885,97.38311902669413
762,167.20900116485487,3.9977579551565157,0.9337531734639984,2.447673809523696,10.82728901763895,63.57972782262199
763,159.9,4.1,1.1,2.4,23.3115523424,86.3
764,200.50909090909093,4.645454545454546,0.8461538461538461,2.566666666666667,24.268479347145455,90.73636363636363
765,200.50909090909093,4.645454545454546,0.8461538461538461,2.566666666666667,24.268479347145455,90.73636363636363
766,200.50909090909093,4.645454545454546,0.8461538461538461,2.566666666666667,24.268479347145455,90.73636363636363
767,147.9,3.7,1.0,2.2,21.169445379,71.6
768,405.0,8.6,0.7000000000000001,2.9,15.8213253267,79.1
769,204.0,4.2,0.8,2.8,46.5338697803,100.1
770,195.0,3.5,0.7000000000000001,2.5,29.8483401006,98.0
771,205.02956085611186,3.350828552771606,0.6863938196165376,2.3038257965370446,19.448240939675795,70.65494712414007
772,200.50909090909093,4.645454545454546,0.8461538461538461,2.566666666666667,24.268479347145455,90.73636363636363
773,157.7,5.1,1.1,2.3,26.6466669283,88.1
774,200.50909090909093,4.645454545454546,0.8461538461538461,2.566666666666667,24.268479347145455,90.73636363636363
775,200.50909090909093,4.645454545454546,0.8461538461538461,2.566666666666667,24.268479347145455,90.73636363636363
776,224.5,6.3,0.8,3.1,12.4668765754,68.3
777,189.9,2.5,0.7000000000000001,2.4,23.1250736295,93.7
778,157.21704646708653,5.144037469167297,1.1252879562433862,2.353758618302944,22.864829322628648,90.6593914438143
779,179.1,4.4,1.0,2.5,20.9497839161,70.6
780,229.3,3.3,0.7000000000000001,2.8,27.0582829619,96.0
781,238.13428127398902,4.566238514714575,0.6588903997761228,2.522179755525558,20.60920643117229,111.05812495668444
782,195.11043381402237,4.1810756843959425,0.7786183720533086,3.0578247769302753,32.52071128979804,116.97853254922313
783,250.8,2.3,0.7000000000000001,3.9,30.7477378732,75.8
784,218.68630228426179,4.738536960350955,0.7733868819978833,2.487620588030367,26.859694157524153,96.8894409638847
785,199.50403652768264,3.897759607784628,0.7933367831796522,2.622450289440919,31.112750633629492,98.75026804441988
786,249.9,2.7,0.9,2.3,24.0127135694,72.5
787,184.1,4.0,0.9,2.0,30.3086122287,58.7
788,200.50909090909093,4.645454545454546,0.8461538461538461,2.566666666666667,24.268479347145455,90.73636363636363
789,172.1,4.3,0.7000000000000001,2.0,10.8662991849,84.1
790,200.50909090909093,4.645454545454546,0.8461538461538461,2.566666666666667,24.268479347145455,90.73636363636363
791,200.50909090909093,4.645454545454546,0.8461538461538461,2.566666666666667,24.268479347145455,90.73636363636363
792,218.3,3.8,0.7000000000000001,3.2,30.4677643919,107.9
793,209.3,5.4,0.9,2.7,50.4511746039,93.4
794,240.4,6.4,0.8,2.4,13.3720870466,73.9
795,186.8,5.2,0.8,2.1,11.0385175999,105.7
796,159.21234855833853,5.996658455681619,1.1813052221797256,2.4873520726219005,22.287213540223522,88.82405169358495
797,322.9,6.4,0.7000000000000001,2.8,41.9095160436,36.1
798,173.7,5.6,1.0,2.4,9.7833587182,89.2
799,135.5,7.1,1.0,2.1,20.0172808151,89.1
800,176.62549493969837,4.75403725735395,1.116874519540576,2.7367356021259286,22.665588154509713,85.74446130204602
801,255.5869568684172,6.990364505689729,0.7734273846332718,2.352833714471796,12.87724497456469,73.85157650140177
802,200.50909090909093,4.645454545454546,0.8461538461538461,2.566666666666667,24.268479347145455,90.73636363636363
803,165.6,7.3,1.4,2.7,28.8138257334,116.4
804,179.6,5.0,0.8,2.5,25.6350976166,119.3
805,234.4,6.7,1.1,3.3,25.3138053845,65.5
806,194.7,3.1,0.8,2.7,19.3927336927,97.8
807,195.4,3.8,0.5,2.3,35.4326650798,120.8
808,200.50909090909093,4.645454545454546,0.8461538461538461,2.566666666666667,24.268479347145455,90.73636363636363
809,205.6,4.2,1.0,2.5,30.8218335065,91.0
810,200.50909090909093,4.645454545454546,0.8461538461538461,2.566666666666667,24.268479347145455,90.73636363636363
811,374.4,7.5,1.2,3.4,23.5034111921,138.3
812,200.50909090909093,4.645454545454546,0.8461538461538461,2.566666666666667,24.268479347145455,90.73636363636363
813,200.50909090909093,4.645454545454546,0.8461538461538461,2.566666666666667,24.268479347145455,90.73636363636363
814,200.50909090909093,4.645454545454546,0.8461538461538461,2.566666666666667,24.268479347145455,90.73636363636363
815,200.50909090909093,4.645454545454546,0.8461538461538461,2.566666666666667,24.268479347145455,90.73636363636363
816,209.8383923160726,5.762675294062937,0.8344072580583518,2.9446613867626117,31.274640867848436,80.01167574735105
817,159.9,8.2,1.0,2.5,26.3742108318,101.4
818,148.4,5.4,0.9,2.1,26.3435497881,81.7
819,200.50909090909093,4.645454545454546,0.8461538461538461,2.566666666666667,24.268479347145455,90.73636363636363
820,156.9,10.4,0.8,3.5,23.9352434867,83.0
821,179.2,4.4,1.1,2.8,14.8024248236,67.6
822,200.50909090909093,4.645454545454546,0.8461538461538461,2.566666666666667,24.268479347145455,90.73636363636363
823,215.4,6.6,0.5,1.9,12.4879741846,73.5
824,278.3,7.5,0.7000000000000001,2.5,15.1525089128,64.6
825,200.50909090909093,4.645454545454546,0.8461538461538461,2.566666666666667,24.268479347145455,90.73636363636363
826,190.7,4.2,1.0,3.0,17.7440526534,141.9
827,235.4,2.7,0.7000000000000001,3.0,30.5901195221,82.8
828,200.50909090909093,4.645454545454546,0.8461538461538461,2.566666666666667,24.268479347145455,90.73636363636363
829,200.50909090909093,4.645454545454546,0.8461538461538461,2.566666666666667,24.268479347145455,90.73636363636363
830,144.9,5.0,1.1,2.2,30.5325673589,107.0
831,200.50909090909093,4.645454545454546,0.8461538461538461,2.566666666666667,24.268479347145455,90.73636363636363
832,168.5,2.7,0.7000000000000001,2.5,29.6345249419,96.2
833,200.50909090909093,4.645454545454546,0.8461538461538461,2.566666666666667,24.268479347145455,90.73636363636363
834,191.4,2.8,0.5,2.2,19.761828224,88.1
835,231.2,2.6,1.0,2.4,19.6122632192,84.1
836,200.50909090909093,4.645454545454546,0.8461538461538461,2.566666666666667,24.268479347145455,90.73636363636363
837,207.39375710529941,2.471452369181067,0.6594533085195675,2.3126670348801897,22.287391903613024,65.69847734130434
838,210.2,7.1,1.2,2.6,28.2328636507,98.9
839,324.6,9.7,0.8,3.6,17.3236422376,122.2
840,200.50909090909093,4.645454545454546,0.8461538461538461,2.566666666666667,24.268479347145455,90.73636363636363
841,187.1,2.4,0.7000000000000001,2.3,26.6608336558,78.9
842,200.50909090909093,4.645454545454546,0.8461538461538461,2.566666666666667,24.268479347145455,90.73636363636363
843,209.95393682264967,3.6130619296066704,0.7404683041902045,2.4928774835973893,26.632626229159712,87.6944758883039
844,182.9,2.9,0.9,2.7,21.1967213141,91.9
845,180.3,3.0,0.6000000000000001,2.9,25.6436040596,111.3
846,200.50909090909093,4.645454545454546,0.8461538461538461,2.566666666666667,24.268479347145455,90.73636363636363
847,200.50909090909093,4.645454545454546,0.8461538461538461,2.566666666666667,24.268479347145455,90.73636363636363
848,208.5,3.6,0.6000000000000001,2.3,32.1370310306,97.4
849,225.2,1.9,0.6000000000000001,1.7000000000000002,70.253836706,44.9
850,261.0,5.7,0.8,1.9,11.6109621455,82.8
851,177.7,3.4,0.8,2.8,21.5962616075,115.9
852,457.9,10.4,0.8,3.7,17.192594945,62.8
853,160.8,4.9,1.2,2.6,25.3352306453,95.5
854,200.50909090909093,4.645454545454546,0.8461538461538461,2.566666666666667,24.268479347145455,90.73636363636363
855,185.08155293485038,4.448454209004701,1.1210582723736569,2.69815769877814,24.959807537724085,97.49802825410264
856,200.2,3.0,0.7000000000000001,2.0,47.6692790998,71.1
857,199.9,4.0,0.9,2.6,12.6606550863,66.2
858,200.50909090909093,4.645454545454546,0.8461538461538461,2.566666666666667,24.268479347145455,90.73636363636363
859,249.4,2.3,0.7000000000000001,2.6,16.9654370543,80.2
860,296.9,2.6,0.4,2.8,27.5878554307,146.2
861,215.2,7.0,1.1,2.7,25.5809952377,93.5
862,235.8,5.7,0.9,2.4,11.8420751262,95.9
863,178.5,5.0,1.1,2.7,19.0875778228,121.6
864,429.0,12.6,1.0,3.7,19.5174209857,64.3
865,200.50909090909093,4.645454545454546,0.8461538461538461,2.566666666666667,24.268479347145455,90.73636363636363
866,300.2,6.8,1.0,2.6,20.5048016504,84.8
867,178.4,4.1,0.7000000000000001,2.5,44.1198215574,111.7
868,182.7,4.0,0.9,2.0,10.3720814066,74.9
869,213.70773816467604,4.117677731684292,0.713398999937545,2.7022615788901208,36.876351960293725,102.96486499607614
870,178.9,7.3,1.2,2.4,21.6315828435,102.9
871,200.50909090909093,4.645454545454546,0.8461538461538461,2.566666666666667,24.268479347145455,90.73636363636363
872,287.3,6.5,0.9,2.7,11.0800145935,86.1
873,200.50909090909093,4.645454545454546,0.8461538461538461,2.566666666666667,24.268479347145455,90.73636363636363
874,225.58654397236586,4.4174750889635295,0.9238007926716704,2.566175783750833,27.214112126324256,78.50400132450973
875,269.23714582714456,4.619821411643859,0.7989441288974438,2.5783598432452703,27.253063387269354,77.24108047880998
876,188.4,5.6,1.0,2.2,34.099490515,103.1
877,198.7,6.3,1.1,3.5,22.2535504723,107.1
878,200.50909090909093,4.645454545454546,0.8461538461538461,2.566666666666667,24.268479347145455,90.73636363636363
879,200.50909090909093,4.645454545454546,0.8461538461538461,2.566666666666667,24.268479347145455,90.73636363636363
880,228.59801133342117,3.892297676863039,0.7551628171076867,2.3960948567413145,29.811110361696066,74.09684509698539
881,217.3,6.1,1.0,2.6,24.5854770151,95.5
882,142.9,3.9,1.1,2.4,11.1636730623,65.6
883,200.50909090909093,4.645454545454546,0.8461538461538461,2.566666666666667,24.268479347145455,90.73636363636363
884,217.33816442133934,3.482647677878465,0.6720787128057667,2.594561171678085,36.38035021249946,104.37427006893715
885,195.4,2.8,0.6000000000000001,2.7,53.022468072,63.5
886,200.50909090909093,4.645454545454546,0.8461538461538461,2.566666666666667,24.268479347145455,90.73636363636363
887,196.8,1.8,0.5,2.1,29.8008438204,73.9
888,344.7,7.1,0.6000000000000001,2.6,12.8637352635,69.0
889,169.8,2.3,0.7000000000000001,2.5,28.3796438539,112.1
890,233.4,3.4,0.7000000000000001,2.6,39.750035372,110.9
891,200.50909090909093,4.645454545454546,0.8461538461538461,2.566666666666667,24.268479347145455,90.73636363636363
892,234.1,6.0,0.8,2.7,73.6242203345,92.6
893,194.35765383726005,3.061715207253822,0.7136557625415024,2.544529528110849,30.361148472367557,101.55911994365391
894,200.50909090909093,4.645454545454546,0.8461538461538461,2.566666666666667,24.268479347145455,90.73636363636363
895,200.50909090909093,4.645454545454546,0.8461538461538461,2.566666666666667,24.268479347145455,90.73636363636363
896,125.6,3.5,1.1,2.6,11.874781941,69.9
897,304.70402904468705,7.390683645417799,0.675813273308477,2.56957379504935,16.739807028565668,60.49245793397793
898,199.4,4.6,0.7000000000000001,2.8,39.4009210877,111.0
899,172.8,3.6,1.5,2.4,27.6459599397,112.5
900,259.7,4.7,0.8,2.7,14.074544458,66.3
901,200.50909090909093,4.645454545454546,0.8461538461538461,2.566666666666667,24.268479347145455,90.73636363636363
902,200.50909090909093,4.645454545454546,0.8461538461538461,2.566666666666667,24.268479347145455,90.73636363636363
903,243.2,7.5,1.0,3.0,24.8912685719,79.0
904,164.89955887253257,3.970791018655827,0.9385198960392075,2.478503779966858,10.810004622754976,63.867505844410786
905,202.04662719745158,5.612006016544175,1.0091279752002225,3.123181032956794,25.4503843368103,123.7760184980728
906,200.50909090909093,4.645454545454546,0.8461538461538461,2.566666666666667,24.268479347145455,90.73636363636363
907,200.50909090909093,4.645454545454546,0.8461538461538461,2.566666666666667,24.268479347145455,90.73636363636363
908,194.93078399840476,6.021662811120057,1.1188117465950413,2.5466943337369368,26.454824500624984,88.35805665450567
909,200.50909090909093,4.645454545454546,0.8461538461538461,2.566666666666667,24.268479347145455,90.73636363636363
910,200.50909090909093,4.645454545454546,0.8461538461538461,2.566666666666667,24.268479347145455,90.73636363636363
911,275.8,4.1,1.1,3.3,30.8205094618,106.2
912,200.50909090909093,4.645454545454546,0.8461538461538461,2.566666666666667,24.268479347145455,90.73636363636363
913,200.50909090909093,4.645454545454546,0.8461538461538461,2.566666666666667,24.268479347145455,90.73636363636363
914,200.50909090909093,4.645454545454546,0.8461538461538461,2.566666666666667,24.268479347145455,90.73636363636363
915,216.0,3.6,0.8,3.0,30.0543217905,101.2
916,232.1,3.0,0.4,2.2,31.4630090476,76.2
917,216.57571706822594,4.487956620909822,0.7209350172165908,2.7673797581847963,42.322920923491345,103.66162268063584
918,262.6,7.2,0.6000000000000001,2.6,9.4478212909,54.5
919,225.7,2.7,0.6000000000000001,2.7,34.2197419222,101.4
920,223.0,8.7,0.7000000000000001,2.8,66.9917556663,88.4
921,152.6,5.2,1.1,2.3,16.1795122024,84.9
922,201.3,2.4,0.4,2.2,26.5221070169,96.4
923,200.50909090909093,4.645454545454546,0.8461538461538461,2.566666666666667,24.268479347145455,90.73636363636363
924,339.4,5.5,0.9,2.9,22.8484431513,66.3
925,279.0,7.6,0.7000000000000001,2.6,11.9660346154,64.7
926,135.7,3.6,1.1,2.5,9.9906733275,64.7
927,207.3,2.3,0.3,2.3,46.0945589459,82.1
928,200.50909090909093,4.645454545454546,0.8461538461538461,2.566666666666667,24.268479347145455,90.73636363636363
929,182.4,6.3,1.2,2.4,21.6764875362,93.8
930,216.6,8.9,1.1,2.5,20.5672484854,89.3
931,289.2,5.1,0.5,2.9,15.5708166118,43.3
932,220.6326840153032,5.430163469797368,0.8089736145977795,2.6557453478193587,25.55346187613132,84.59781591724423
933,129.7,3.6,1.1,2.0,26.5297745811,81.3
934,110.0,3.5,1.4,2.2,9.6927311762,62.9
935,302.4,5.8,1.2,3.4,35.098579033,106.9
936,198.6,11.5,0.7000000000000001,3.6,21.0254510695,90.4
937,200.50909090909093,4.645454545454546,0.8461538461538461,2.566666666666667,24.268479347145455,90.73636363636363
938,200.50909090909093,4.645454545454546,0.8461538461538461,2.566666666666667,24.268479347145455,90.73636363636363
939,200.50909090909093,4.645454545454546,0.8461538461538461,2.566666666666667,24.268479347145455,90.73636363636363
940,200.50909090909093,4.645454545454546,0.8461538461538461,2.566666666666667,24.268479347145455,90.73636363636363
941,200.50909090909093,4.645454545454546,0.8461538461538461,2.566666666666667,24.268479347145455,90.73636363636363
942,179.7,4.9,1.1,2.9,23.450305588,85.0
943,214.2,2.7,0.9,2.4,26.9166821971,96.8
944,201.2354250256273,3.962788983466198,0.7464877280398747,2.8558475818959606,33.55436455797327,103.12216661556025
945,169.2,3.4,0.7000000000000001,2.9,29.0906410914,93.7
946,161.0642331941602,3.8862624122201708,0.9841936958379081,2.394989200985492,10.96308914039885,66.85087343430662
947,165.6,4.3,1.1,2.4,29.5145572319,94.4
948,200.50909090909093,4.645454545454546,0.8461538461538461,2.566666666666667,24.268479347145455,90.73636363636363
949,200.50909090909093,4.645454545454546,0.8461538461538461,2.566666666666667,24.268479347145455,90.73636363636363
950,265.20295512434495,6.580928181049843,1.0844991045086778,2.6399909054201607,31.381560987781658,84.14780654415875
951,184.8,2.0,0.6000000000000001,2.4,25.8116961477,77.5
952,200.50909090909093,4.645454545454546,0.8461538461538461,2.566666666666667,24.268479347145455,90.73636363636363
953,216.98626877306847,4.1169516893944005,0.677689679695652,2.8065140030541933,46.954687180839734,103.72855494888174
954,131.3,5.1,0.9,2.2,26.4879264803,93.7
955,245.2,3.7,1.0,2.8,34.1019212306,79.8
956,267.0,3.7,0.8,3.1,30.0137399887,113.3
957,190.84532169642958,4.167851649127306,0.8290785523516928,2.6593851813451828,41.17945187742705,100.7473706306717
958,228.5,4.8,1.0,2.6,11.0218886503,118.1
959,169.6,5.4,1.2,2.5,20.088429009,99.2
960,324.52443614062844,6.874465232186085,0.6614531837559282,2.9029630469317276,16.934461456676306,55.354708326397954
961,247.0,6.5,0.9,2.8,42.5122946342,71.2
962,200.50909090909093,4.645454545454546,0.8461538461538461,2.566666666666667,24.268479347145455,90.73636363636363
963,170.3,4.1,1.0,2.5,12.4072631606,57.8
964,200.50909090909093,4.645454545454546,0.8461538461538461,2.566666666666667,24.268479347145455,90.73636363636363
965,198.1,4.1,0.6000000000000001,3.0,33.3838859478,119.1
966,200.50909090909093,4.645454545454546,0.8461538461538461,2.566666666666667,24.268479347145455,90.73636363636363
967,200.50909090909093,4.645454545454546,0.8461538461538461,2.566666666666667,24.268479347145455,90.73636363636363
968,330.7,6.8,0.7000000000000001,3.0,17.4207662268,37.9
969,165.6,3.8,0.7000000000000001,1.9,13.5074795404,93.3
970,178.0,6.7,1.1,2.2,20.9422950228,98.8
971,200.50909090909093,4.645454545454546,0.8461538461538461,2.566666666666667,24.268479347145455,90.73636363636363
972,200.50909090909093,4.645454545454546,0.8461538461538461,2.566666666666667,24.268479347145455,90.73636363636363
973,200.50909090909093,4.645454545454546,0.8461538461538461,2.566666666666667,24.268479347145455,90.73636363636363
974,211.60189212610118,5.273399078073617,0.8995851450240177,2.791125297664502,32.54376954797052,98.7266429425193
975,200.50909090909093,4.645454545454546,0.8461538461538461,2.566666666666667,24.268479347145455,90.73636363636363
976,200.50909090909093,4.645454545454546,0.8461538461538461,2.566666666666667,24.268479347145455,90.73636363636363
977,200.50909090909093,4.645454545454546,0.8461538461538461,2.566666666666667,24.268479347145455,90.73636363636363
978,200.50909090909093,4.645454545454546,0.8461538461538461,2.566666666666667,24.268479347145455,90.73636363636363
979,200.50909090909093,4.645454545454546,0.8461538461538461,2.566666666666667,24.268479347145455,90.73636363636363
980,256.4321903892562,6.774521208172715,0.7909682797095143,2.2831345450039433,14.58608284525117,70.42874499879927
981,200.50909090909093,4.645454545454546,0.8461538461538461,2.566666666666667,24.268479347145455,90.73636363636363
982,200.50909090909093,4.645454545454546,0.8461538461538461,2.566666666666667,24.268479347145455,90.73636363636363
983,416.5,5.4,0.8,2.9,18.910195681,115.6
984,201.25411854725698,4.2883603495791505,0.846002217840649,2.483262979176695,25.969734269963965,94.6066383695041
985,200.50909090909093,4.645454545454546,0.8461538461538461,2.566666666666667,24.268479347145455,90.73636363636363
986,225.1,3.7,0.5,2.6,31.3428764895,85.8
987,200.50909090909093,4.645454545454546,0.8461538461538461,2.566666666666667,24.268479347145455,90.73636363636363
988,194.86874483887632,3.687020873654543,0.8223329369686962,2.918687043003987,32.02919968786546,103.56300233410964
989,245.4,6.5,0.8,2.3,14.8979065058,78.6
990,230.7,2.9,0.6000000000000001,2.2,46.644314537,128.7
991,279.2,5.0,0.7000000000000001,2.8,16.6196649647,71.0
992,170.6,4.2,0.8,2.6,49.3250465712,87.0
993,200.50909090909093,4.645454545454546,0.8461538461538461,2.566666666666667,24.268479347145455,90.73636363636363
994,200.50909090909093,4.645454545454546,0.8461538461538461,2.566666666666667,24.268479347145455,90.73636363636363
995,185.5,2.9,0.8,2.6,30.6203950491,96.1
996,200.50909090909093,4.645454545454546,0.8461538461538461,2.566666666666667,24.268479347145455,90.73636363636363
997,301.3,7.4,0.7000000000000001,2.0,13.2064804159,80.9
998,263.4,5.1,0.5,2.3,25.8285907897,65.9
999,200.50909090909093,4.645454545454546,0.8461538461538461,2.566666666666667,24.268479347145455,90.73636363636363
1000,200.50909090909093,4.645454545454546,0.8461538461538461,2.566666666666667,24.268479347145455,90.73636363636363
1001,200.50909090909093,4.645454545454546,0.8461538461538461,2.566666666666667,24.268479347145455,90.73636363636363
1002,162.8,7.4,1.0,2.7,23.2597453084,100.0
1003,233.4,7.0,0.6000000000000001,2.4,10.3618548978,74.5
1004,171.11438804188276,6.023223411622939,1.1014052864966914,2.563689214656429,24.819965733433957,88.41584005795401
1005,214.2,3.9,0.7000000000000001,3.3,48.5292784777,98.4
1006,158.66281173209143,5.573628425409829,1.1752763105163964,2.412228329952971,23.622019585637254,90.10000872817582
1007,282.1,2.7,0.6000000000000001,2.6,28.5345263848,110.4
1008,200.50909090909093,4.645454545454546,0.8461538461538461,2.566666666666667,24.268479347145455,90.73636363636363
1009,242.1,5.9,0.6000000000000001,2.0,12.3971035773,64.9
1010,262.4,2.9,0.4,2.2,26.4846833235,67.8
1011,240.5,6.0,0.8,2.4,11.8428703928,65.9
1012,192.5,5.7,1.2,2.5,24.931992555,80.4
1013,224.36289796178679,3.720541838603385,0.6720273548502238,2.215802568540872,32.67787511516568,94.74175114065577
1014,202.65415600964403,3.8283983332832316,0.7373569600627874,2.987944937794708,34.61618024210274,101.86967128698033
1015,217.4091024208782,3.3697238382828116,0.6724154798434103,2.510059377266072,31.2502351895718,95.02759412226256
1016,200.50909090909093,4.645454545454546,0.8461538461538461,2.566666666666667,24.268479347145455,90.73636363636363
1017,200.50909090909093,4.645454545454546,0.8461538461538461,2.566666666666667,24.268479347145455,90.73636363636363
1018,201.4,5.0,0.8,2.0,12.1028645582,107.1
1019,196.9,4.0,1.1,2.3,32.650043745,102.1
1020,174.6,3.9,0.7000000000000001,2.3,35.3319297422,109.1
1021,175.2,7.9,1.3,2.5,24.7306112617,111.1
1022,186.3,4.6,1.2,2.9,22.9183487159,128.0
1023,200.50909090909093,4.645454545454546,0.8461538461538461,2.566666666666667,24.268479347145455,90.73636363636363
1024,199.6,5.3,1.0,3.0,22.2215516111,90.5
1025,290.0,8.3,0.8,2.7,27.122097919,56.3
1026,200.50909090909093,4.645454545454546,0.8461538461538461,2.566666666666667,24.268479347145455,90.73636363636363
1027,247.68486745921982,5.08533490165211,0.683578254921657,2.6155440719537424,21.25372741639454,108.44372854762844
1028,200.50909090909093,4.645454545454546,0.8461538461538461,2.566666666666667,24.268479347145455,90.73636363636363
1029,164.48196326280643,3.964788201070757,0.9606523997452432,2.4190006770343393,10.51721936851693,64.86716094754178
1030,238.7,4.0,0.7000000000000001,3.1,23.9577876805,111.8
1031,190.3,5.7,1.0,2.1,29.3151111737,101.7
1032,200.0,4.7,1.0,2.6,31.4373116407,76.6
1033,200.50909090909093,4.645454545454546,0.8461538461538461,2.566666666666667,24.268479347145455,90.73636363636363
1034,259.7,8.0,0.8,2.4,11.0115276189,79.0
1035,200.50909090909093,4.645454545454546,0.8461538461538461,2.566666666666667,24.268479347145455,90.73636363636363
1036,371.8,8.2,0.6000000000000001,2.8,17.1899300256,59.0
1037,196.1,3.1,0.8,2.3,31.8262214386,78.4
1038,170.2,5.1,0.9,2.5,18.3586878694,70.0
1039,223.35792103179918,3.5575428506355697,0.6773847380377994,2.3361422723687304,30.593907533936815,101.75904875101209
1040,200.50909090909093,4.645454545454546,0.8461538461538461,2.566666666666667,24.268479347145455,90.73636363636363
1041,176.1,3.4,0.6000000000000001,2.7,25.223264304,96.1
1042,304.1742384339759,6.819746310450843,0.7681860803263508,2.4466046854563994,16.538334736572246,80.34345877954745
1043,179.9,11.1,1.2,2.4,24.6411087537,81.8
1044,200.50909090909093,4.645454545454546,0.8461538461538461,2.566666666666667,24.268479347145455,90.73636363636363
1045,180.6,5.8,1.1,2.5,19.8587173302,83.2
1046,151.6,2.7,0.7000000000000001,2.8,38.7351774884,88.7
1047,209.9,1.7000000000000002,0.8,2.0,26.2141659131,62.5
1048,181.6,3.4,0.7000000000000001,2.4,62.1723652117,106.7
1049,224.63519107177257,4.458521526763474,0.8718206320213742,2.6399394736473485,28.18541104872374,76.71919470088059
1050,167.9,4.1,0.7000000000000001,2.6,34.3313129955,107.1
1051,168.9,5.3,1.1,2.7,23.0920779602,86.9
1052,200.50909090909093,4.645454545454546,0.8461538461538461,2.566666666666667,24.268479347145455,90.73636363636363
1053,200.50909090909093,4.645454545454546,0.8461538461538461,2.566666666666667,24.268479347145455,90.73636363636363
1054,219.5,7.1,0.6000000000000001,2.1,11.7761828139,74.5
1055,253.34215022906903,7.041540899182178,1.1112190488907119,2.970758748681343,31.643371465136998,100.54928427554022
1056,200.50909090909093,4.645454545454546,0.8461538461538461,2.566666666666667,24.268479347145455,90.73636363636363
1057,200.50909090909093,4.645454545454546,0.8461538461538461,2.566666666666667,24.268479347145455,90.73636363636363
1058,205.3,4.1,1.0,2.6,7.6904334188,69.6
1059,200.50909090909093,4.645454545454546,0.8461538461538461,2.566666666666667,24.268479347145455,90.73636363636363
1060,200.50909090909093,4.645454545454546,0.8461538461538461,2.566666666666667,24.268479347145455,90.73636363636363
1061,201.7,6.9,0.9,3.3,58.3068078318,85.1
1062,240.4,6.0,0.9,2.0,13.291363666,52.4
1063,200.50909090909093,4.645454545454546,0.8461538461538461,2.566666666666667,24.268479347145455,90.73636363636363
1064,361.545393629498,7.959018684635483,0.6715780563229826,2.9293259266545535,25.492639258114497,62.74411770280417
1065,211.1,6.7,0.5,2.2,10.2110007035,69.8
1066,233.5,4.4,0.8,2.5,44.4551154564,116.6
1067,160.3,4.0,1.2,2.4,18.9426591191,93.0
1068,159.8,4.2,0.9,2.4,24.2551990309,84.0
1069,217.36932848361135,3.0864975646458164,0.5408717567650073,2.5150403116105617,24.774604984633235,93.15499703008358
1070,225.7,4.7,0.8,2.5,10.0028160649,64.2
1071,270.9,7.5,0.6000000000000001,2.8,13.8812366978,79.1
1072,241.9,7.8,1.3,2.7,30.5290160627,92.0
1073,200.50909090909093,4.645454545454546,0.8461538461538461,2.566666666666667,24.268479347145455,90.73636363636363
1074,200.50909090909093,4.645454545454546,0.8461538461538461,2.566666666666667,24.268479347145455,90.73636363636363
1075,200.50909090909093,4.645454545454546,0.8461538461538461,2.566666666666667,24.268479347145455,90.73636363636363
1076,246.1,3.9,0.8,3.4,32.1375678717,114.9
1077,231.8,4.2,0.8,2.6,10.5826057851,63.5
1078,160.9,1.9,0.6000000000000001,1.9,28.3025571383,61.3
1079,200.50909090909093,4.645454545454546,0.8461538461538461,2.566666666666667,24.268479347145455,90.73636363636363
1080,200.50909090909093,4.645454545454546,0.8461538461538461,2.566666666666667,24.268479347145455,90.73636363636363
1081,200.50909090909093,4.645454545454546,0.8461538461538461,2.566666666666667,24.268479347145455,90.73636363636363
1082,187.1,4.9,0.9,3.1,21.7062375181,106.6
1083,200.50909090909093,4.645454545454546,0.8461538461538461,2.566666666666667,24.268479347145455,90.73636363636363
1084,200.50909090909093,4.645454545454546,0.8461538461538461,2.566666666666667,24.268479347145455,90.73636363636363
1085,200.50909090909093,4.645454545454546,0.8461538461538461,2.566666666666667,24.268479347145455,90.73636363636363
1086,236.8,6.5,0.9,2.8,9.7091364194,65.3
1087,191.8,2.5,0.5,2.0,26.8251759415,74.1
1088,178.0,3.5,0.8,3.1,33.0340090061,100.6
1089,200.50909090909093,4.645454545454546,0.8461538461538461,2.566666666666667,24.268479347145455,90.73636363636363
1090,221.4,2.5,0.6000000000000001,2.8,25.9702586363,86.8
1091,200.50909090909093,4.645454545454546,0.8461538461538461,2.566666666666667,24.268479347145455,90.73636363636363
1092,200.50909090909093,4.645454545454546,0.8461538461538461,2.566666666666667,24.268479347145455,90.73636363636363
1093,196.58205434723467,3.223434992063837,0.7539948808375253,2.7654585948192807,31.722458520689766,102.65458523335101
1094,216.8340725278907,3.837085356230743,0.6988635219507485,2.542847027588312,43.19133548245229,106.12544696141897
1095,210.82481756732955,3.9064325748231172,0.7710601766494906,2.732675098698181,39.81041997758859,111.82746255617167
1096,193.74693500212908,3.108454718091727,0.8147646985930268,2.3737568686525803,28.892941377913054,77.13720171129508
1097,161.6,4.3,0.8,2.4,47.4787367381,88.6
1098,200.50909090909093,4.645454545454546,0.8461538461538461,2.566666666666667,24.268479347145455,90.73636363636363
1099,225.0088660205699,6.745865158730602,0.9758673141196548,2.8505988687549983,23.882732139668637,86.75768922067971
1100,214.3,3.7,0.8,3.0,28.9453558818,120.2
1101,205.2,4.8,0.9,3.1,36.2141737035,130.7
1102,200.50909090909093,4.645454545454546,0.8461538461538461,2.566666666666667,24.268479347145455,90.73636363636363
1103,280.26011952129386,7.030247392828075,0.5873743581789557,2.5922463542728837,17.41173228854531,75.45888392193936
1104,232.4,6.0,0.7000000000000001,2.3,10.0963119124,66.6
1105,243.7,7.4,0.9,2.4,25.7947822281,56.6
1106,181.8,4.3,1.1,2.9,21.8240637516,76.6
1107,158.12354682668345,4.085781521343277,1.102837572674593,2.57521956628262,12.603878025619267,70.16983265231899
1108,200.50909090909093,4.645454545454546,0.8461538461538461,2.566666666666667,24.268479347145455,90.73636363636363
1109,237.7,6.6,0.6000000000000001,1.9,11.6851845897,74.5
1110,200.50909090909093,4.645454545454546,0.8461538461538461,2.566666666666667,24.268479347145455,90.73636363636363
1111,318.8,8.9,1.2,3.3,33.7654687448,128.4
1112,200.50909090909093,4.645454545454546,0.8461538461538461,2.566666666666667,24.268479347145455,90.73636363636363
1113,122.4,3.6,1.1,2.5,9.3945050886,62.1
1114,152.1,6.9,1.2,2.3,22.8623777754,78.5
1115,200.50909090909093,4.645454545454546,0.8461538461538461,2.566666666666667,24.268479347145455,90.73636363636363
1116,309.71978755513965,7.293504498780921,0.6767816781367978,2.660851860333674,16.79664678384116,59.93141280320862
1117,283.7,7.4,0.8,3.1,30.7187206999,79.8
1118,263.8,7.3,0.5,2.5,18.4816225764,77.5
1119,220.58738740845027,6.666210732505901,0.9600158701775362,3.0546492775085503,30.834358196719585,89.95610672387296
1120,200.50909090909093,4.645454545454546,0.8461538461538461,2.566666666666667,24.268479347145455,90.73636363636363
1121,241.6,5.1,0.8,3.6,38.6414105505,129.9
1122,158.5,1.9,0.5,2.0,31.7189489111,64.9
1123,295.3,5.0,0.9,2.5,38.4850432438,113.5
1124,329.5,8.9,1.2,3.5,20.4273100454,126.8
1125,216.5,3.7,0.7000000000000001,2.8,34.5541703974,110.4
1126,200.50909090909093,4.645454545454546,0.8461538461538461,2.566666666666667,24.268479347145455,90.73636363636363
1127,200.50909090909093,4.645454545454546,0.8461538461538461,2.566666666666667,24.268479347145455,90.73636363636363
1128,212.0,3.4,0.7000000000000001,3.0,19.1634780651,101.4
1129,216.25052443291094,4.86228627578958,0.8175815728736053,2.7865353132911004,32.09311434623033,103.93362229121774
1130,188.6,4.0,0.8,3.0,44.2426473999,113.4
1131,230.8,2.4,0.4,2.6,28.1260820103,105.6
1132,211.3,4.5,0.9,2.1,11.6276853156,68.4
1133,232.1,5.1,0.8,2.6,28.0973678112,103.7
1134,200.50909090909093,4.645454545454546,0.8461538461538461,2.566666666666667,24.268479347145455,90.73636363636363
1135,243.0,4.1,0.8,3.0,23.6483432286,73.4
1136,208.9,2.7,0.7000000000000001,2.6,29.1732468197,112.2
1137,190.1,4.1,0.7000000000000001,2.7,41.5222436009,119.4
1138,202.6,5.1,1.0,2.5,21.7464819235,137.0
1139,200.50909090909093,4.645454545454546,0.8461538461538461,2.566666666666667,24.268479347145455,90.73636363636363
1140,263.8,6.7,0.5,2.8,16.0801522036,75.5
1141,264.0,4.4,0.9,2.9,28.3490905851,90.9
1142,280.5,7.6,0.9,2.7,20.185097499,85.4
1143,200.50909090909093,4.645454545454546,0.8461538461538461,2.566666666666667,24.268479347145455,90.73636363636363
1144,215.04511257099583,3.5984887365043217,0.6308966117384519,2.350895981261941,28.83543757048197,91.50390202509203
1145,200.50909090909093,4.645454545454546,0.8461538461538461,2.566666666666667,24.268479347145455,90.73636363636363
1146,244.5,3.3,0.7000000000000001,2.6,28.6876115609,102.7
1147,189.3486067265915,4.2736606412893,0.8788933553871926,1.9294787068302537,11.734814109662045,106.9061444612555
1148,308.4,6.5,1.3,3.1,32.9139672901,144.3
1149,200.50909090909093,4.645454545454546,0.8461538461538461,2.566666666666667,24.268479347145455,90.73636363636363
1150,166.7,3.9,1.0,2.4,22.590048986,77.0
1151,162.7,1.8,0.8,1.9,23.9385820349,75.6
1152,231.82283047656867,3.7998559014331406,0.7708132138726937,2.41974522738231,33.61356625266152,86.53178560494314
1153,168.8,4.0,0.9,1.9,11.55786606,92.1
1154,223.22667925639942,6.449023603398151,0.8888941224308458,2.742751880391815,23.552564739281117,92.49434371836699
1155,185.6,6.7,1.2,2.6,20.2656276828,116.8
1156,241.7827798202267,5.914863766887032,0.9306543309993028,2.8583840504145313,22.54901465007795,91.65155531941676
1157,200.50909090909093,4.645454545454546,0.8461538461538461,2.566666666666667,24.268479347145455,90.73636363636363
1158,200.50909090909093,4.645454545454546,0.8461538461538461,2.566666666666667,24.268479347145455,90.73636363636363
1159,219.4,5.0,0.8,3.3,40.5847750605,127.5
1160,200.50909090909093,4.645454545454546,0.8461538461538461,2.566666666666667,24.268479347145455,90.73636363636363
1161,200.50909090909093,4.645454545454546,0.8461538461538461,2.566666666666667,24.268479347145455,90.73636363636363
1162,179.6,5.0,1.0,2.2,32.2427277383,60.7
1163,230.6,4.8,1.0,2.6,27.8257238965,151.6
1164,201.74090282577401,3.2834955221932844,0.6951518724640178,2.6843832777505496,38.73251750439554,103.54139634784516
1165,200.50909090909093,4.645454545454546,0.8461538461538461,2.566666666666667,24.268479347145455,90.73636363636363
1166,221.49218791262948,3.739329195088205,0.6575222867413072,2.40611572949423,29.57609154452867,104.53838268830482
1167,200.50909090909093,4.645454545454546,0.8461538461538461,2.566666666666667,24.268479347145455,90.73636363636363
1168,216.4,5.2,0.8,2.3,11.3826817322,75.0
1169,200.50909090909093,4.645454545454546,0.8461538461538461,2.566666666666667,24.268479347145455,90.73636363636363
1170,231.0,2.0,0.8,2.3,34.967111822,82.9
1171,250.5,4.6,0.8,2.8,11.3172536748,68.1
1172,155.44704622064503,3.9546569442025628,1.1042160228437372,2.4483862956748434,12.03802869001932,65.49479037927964
1173,307.18347637817607,6.3021188368884085,0.7705468577620401,2.5554365073936043,19.583473979860614,83.84088793992541
1174,200.50909090909093,4.645454545454546,0.8461538461538461,2.566666666666667,24.268479347145455,90.73636363636363
1175,143.4,3.4,0.8,2.2,10.2652130975,58.3
1176,200.50909090909093,4.645454545454546,0.8461538461538461,2.566666666666667,24.268479347145455,90.73636363636363
1177,360.41197582021715,7.361906070538047,0.6293019685339001,2.832676753545504,35.825831018381685,64.36681718138115
1178,200.50909090909093,4.645454545454546,0.8461538461538461,2.566666666666667,24.268479347145455,90.73636363636363
1179,200.50909090909093,4.645454545454546,0.8461538461538461,2.566666666666667,24.268479347145455,90.73636363636363
1180,187.7,4.1,1.1,2.5,21.4211423464,90.2
1181,170.2,4.8,1.0,2.4,21.406336871,75.4
1182,193.2,2.4,0.9,2.4,24.5988547659,78.5
1183,200.50909090909093,4.645454545454546,0.8461538461538461,2.566666666666667,24.268479347145455,90.73636363636363
1184,219.70755613370622,3.5576844209772167,0.7142190877035918,2.5848697712905104,33.70591299985023,108.97417784751562
1185,210.71629693380913,4.246113275516976,0.7705058452234934,3.09246290796352,32.53680097958497,107.99532183526213
1186,337.43350082281296,6.488843090670735,0.574151318625827,2.587406491531407,20.818799412129383,68.68159127539944
1187,180.0758496165764,5.785697308592205,1.0517332244023043,2.4369336934059374,22.513451797293172,96.83123907025521
1188,179.7,5.3,1.2,2.7,23.89428667,93.1
1189,179.8,9.5,1.3,2.5,19.833088023,102.9
1190,203.5,4.3,0.7000000000000001,1.9,12.8083103625,127.6
1191,200.50909090909093,4.645454545454546,0.8461538461538461,2.566666666666667,24.268479347145455,90.73636363636363
1192,254.0,2.0,0.5,2.5,33.5643812509,111.5
1193,166.9,5.3,1.3,2.7,19.0982153282,111.1
1194,137.9,3.5,1.0,2.0,11.2686200187,63.8
1195,200.50909090909093,4.645454545454546,0.8461538461538461,2.566666666666667,24.268479347145455,90.73636363636363
1196,193.8,2.7,0.7000000000000001,2.7,17.9123743273,62.2
1197,193.2,5.2,1.1,2.6,38.6604166786,153.8
1198,220.8,2.7,0.7000000000000001,2.4,29.4374818318,85.4
1199,150.3,5.5,1.2,2.3,18.6391295314,103.5
1200,219.49867600139896,6.113171499829517,0.949477862788708,2.6536462033517223,28.679293638338212,92.75662990835426
1201,200.50909090909093,4.645454545454546,0.8461538461538461,2.566666666666667,24.268479347145455,90.73636363636363
1202,408.0,5.2,0.8,2.6,31.2409426324,111.5
1203,274.1,6.1,0.5,2.4,73.7617312394,84.7
1204,200.50909090909093,4.645454545454546,0.8461538461538461,2.566666666666667,24.268479347145455,90.73636363636363
1205,266.0,3.9,0.8,2.6,60.9672816961,156.6
1206,200.50909090909093,4.645454545454546,0.8461538461538461,2.566666666666667,24.268479347145455,90.73636363636363
1207,238.86444422288434,5.242960867140338,0.9225369976233639,2.9447880082960016,29.24067632233273,88.16096374904207
1208,353.7,4.5,1.0,3.2,38.7217424052,116.1
1209,181.6,1.6,0.5,2.1,15.7656532527,78.7
1210,267.6,6.5,0.9,2.9,14.3410848802,72.3
1211,232.1,7.7,0.8,2.2,13.3648063302,60.8
1212,222.3,2.2,0.8,1.9,27.0066035234,76.6
1213,193.2,3.1,0.4,2.0,24.8142355304,110.7
1214,200.50909090909093,4.645454545454546,0.8461538461538461,2.566666666666667,24.268479347145455,90.73636363636363
1215,200.50909090909093,4.645454545454546,0.8461538461538461,2.566666666666667,24.268479347145455,90.73636363636363
1216,200.50909090909093,4.645454545454546,0.8461538461538461,2.566666666666667,24.268479347145455,90.73636363636363
1217,376.2,8.7,0.8,3.9,19.7720536399,64.6
1218,194.7,6.4,0.9,3.2,13.6782949458,59.6
1219,200.50909090909093,4.645454545454546,0.8461538461538461,2.566666666666667,24.268479347145455,90.73636363636363
1220,178.4,4.1,0.9,2.2,26.5311269089,58.0
1221,200.50909090909093,4.645454545454546,0.8461538461538461,2.566666666666667,24.268479347145455,90.73636363636363
1222,204.1,3.0,0.7000000000000001,2.5,24.8910553759,117.0
1223,204.7,5.8,0.9,2.1,13.8167985895,101.6
1224,227.2,1.9,0.8,2.2,30.8011619548,72.7
1225,180.7,4.3,1.1,2.7,15.4662730435,67.1
1226,301.5,3.9,0.8,3.0,18.4142560971,102.8
1227,197.3576984465188,3.0150957915465373,0.7418563119639545,2.196623696917114,29.36788101866067,71.96339879784689
1228,244.6,2.1,0.5,2.3,24.478883448,61.2
1229,200.50909090909093,4.645454545454546,0.8461538461538461,2.566666666666667,24.268479347145455,90.73636363636363
1230,200.50909090909093,4.645454545454546,0.8461538461538461,2.566666666666667,24.268479347145455,90.73636363636363
1231,200.50909090909093,4.645454545454546,0.8461538461538461,2.566666666666667,24.268479347145455,90.73636363636363
1232,161.0,2.0,0.7000000000000001,1.9,38.1020912697,83.7
1233,214.5,3.3,0.9,2.5,26.6460375607,114.8
1234,168.4,5.6,0.9,2.4,25.2779050645,88.0
1235,190.4,4.2,0.7000000000000001,2.0,9.7369402502,117.9
1236,151.5,6.2,1.0,2.4,21.7213283244,95.7
1237,203.2914519496015,4.046226590178784,0.7867299981308683,2.8118533414943663,42.37742856488206,105.76201190215058
1238,199.8,5.5,1.1,3.1,34.5126339704,151.8
1239,188.8,4.1,0.9,2.6,22.5850616779,84.9
1240,204.5,2.8,0.4,2.2,42.8602989521,106.5
1241,264.9,6.2,0.8,2.5,14.381072376,66.2
1242,163.4,3.6,0.7000000000000001,2.6,22.2733139117,94.0
1243,273.5,6.9,0.8,2.5,23.7033981233,64.0
1244,111.6,3.5,1.3,2.4,10.9762546374,71.0
1245,200.50909090909093,4.645454545454546,0.8461538461538461,2.566666666666667,24.268479347145455,90.73636363636363
1246,200.50909090909093,4.645454545454546,0.8461538461538461,2.566666666666667,24.268479347145455,90.73636363636363
1247,200.50909090909093,4.645454545454546,0.8461538461538461,2.566666666666667,24.268479347145455,90.73636363636363
1248,200.50909090909093,4.645454545454546,0.8461538461538461,2.566666666666667,24.268479347145455,90.73636363636363
1249,186.50665564249138,4.223711245022058,0.8231532076565053,1.9651122644405692,11.679088229340897,103.70533913713889
1250,209.1,5.1,1.0,2.6,41.4289808431,75.9
1251,200.50909090909093,4.645454545454546,0.8461538461538461,2.566666666666667,24.268479347145455,90.73636363636363
1252,200.50909090909093,4.645454545454546,0.8461538461538461,2.566666666666667,24.268479347145455,90.73636363636363
1253,198.04405620067698,3.860520601577572,0.7326949056261708,2.812696935778385,33.098227837090356,102.37561595170413
1254,225.1,2.7,0.5,2.3,24.6283294885,63.4
1255,200.50909090909093,4.645454545454546,0.8461538461538461,2.566666666666667,24.268479347145455,90.73636363636363
1256,168.3,3.2,0.7000000000000001,3.4,32.7305367277,147.8
1257,387.8,8.6,0.9,3.6,30.755033807,67.5
1258,442.8,9.7,0.9,4.0,18.9645311184,61.7
1259,219.49824689159436,3.1608669579828628,0.7761370820122195,2.439622323498056,29.774467577033413,81.4249053316602
1260,309.9,6.4,0.5,2.1,8.831189866,39.5
1261,260.4,6.2,0.6000000000000001,2.4,11.7947698699,77.8
1262,262.1,5.8,0.7000000000000001,2.2,21.1540564982,141.4
1263,177.9,2.9,0.4,1.9,26.2607767181,90.0
1264,196.4444248158651,3.1290661601695704,0.7335016864981996,2.6065628677531496,28.190304201807805,89.14648163838801
1265,176.8,4.2,0.6000000000000001,3.1,28.2574635524,105.6
1266,246.0,6.6,0.8,2.3,16.0170414647,79.0
1267,200.50909090909093,4.645454545454546,0.8461538461538461,2.566666666666667,24.268479347145455,90.73636363636363
1268,173.2,3.9,1.1,2.3,12.0709468415,62.3
1269,378.4,5.7,0.9,2.7,15.5660883839,79.6
1270,194.8,2.5,0.4,2.1,22.2903212329,91.2
1271,216.0,2.9,0.6000000000000001,2.4,28.9711972543,100.9
1272,333.4772790679786,7.462523750787454,0.7085900972172455,2.7784635307840113,26.63236906255078,61.29479177963405
1273,175.8,3.7,1.1,2.3,16.5067920503,86.6
1274,192.2,2.1,0.7000000000000001,2.3,19.7892716537,69.8
1275,159.7,3.1,0.9,2.7,39.7116534951,100.6
1276,177.5,4.9,1.2,3.1,19.726118303,86.4
1277,233.9,5.5,0.9,2.7,19.953429085,95.8
1278,164.2,6.7,1.2,2.9,18.5732097095,105.4
1279,342.2489164865981,7.357301778744021,0.6346255801199093,2.760949159032425,22.018244917500738,68.0440904755162
1280,198.4,3.5,0.6000000000000001,2.6,33.2394699927,91.1
1281,418.2,1.9,0.6000000000000001,2.0,69.4418512504,67.5
1282,185.0,5.4,0.8,2.8,17.861625946,81.4
1283,195.3,3.2,0.7000000000000001,2.9,29.5832236769,106.6
1284,222.4,9.0,1.1,3.8,31.9196855345,96.3
1285,200.50909090909093,4.645454545454546,0.8461538461538461,2.566666666666667,24.268479347145455,90.73636363636363
1286,200.50909090909093,4.645454545454546,0.8461538461538461,2.566666666666667,24.268479347145455,90.73636363636363
1287,362.1,4.8,1.3,3.6,21.6199194482,116.6
1288,157.8861642459004,3.917436736129708,0.988604114132156,2.602324509457045,10.240534924164379,66.77013355967998
1289,261.40757090223013,5.480580219893815,0.9020159627461186,2.946289668817915,28.252327619285953,96.49076849380893
1290,200.50909090909093,4.645454545454546,0.8461538461538461,2.566666666666667,24.268479347145455,90.73636363636363
1291,216.8,4.7,0.8,3.0,93.5774184662,118.7
1292,243.3,2.6,0.7000000000000001,2.2,22.5327820701,81.9
1293,135.4,3.7,1.1,2.4,10.6760036755,66.0
1294,213.3531512314143,3.3024918249934974,0.6756071030703783,2.3432101898862423,29.859876240078368,87.17119641280036
1295,197.10824088872405,6.387599800987785,1.144698501270694,2.4807342619472093,26.773777015998288,91.07790854653834
1296,191.3,3.2,0.9,2.5,36.9489487523,107.5
1297,177.1,6.3,1.0,2.7,25.9980104983,109.2
1298,189.9,2.6,0.8,2.1,96.8092647002,57.9
1299,235.8,9.1,1.2,2.9,39.3403926727,102.0
1300,195.2,4.8,0.9,2.7,17.6549472435,84.7
1301,153.6311892420272,5.540868409915744,1.1326042255579214,2.4121079884549177,20.82334046494854,84.22709901991857
1302,175.4,3.8,1.1,2.3,17.5966043662,87.7
1303,200.50909090909093,4.645454545454546,0.8461538461538461,2.566666666666667,24.268479347145455,90.73636363636363
1304,184.7,2.6,0.4,1.6,34.3341237424,114.8
1305,175.28602475137936,5.400401242864716,1.164385945057548,2.57831638525928,23.286362440929764,94.86022110231583
1306,182.5,2.7,0.4,1.9,25.527722269,83.0
1307,162.37617629980738,3.9236450896062487,0.9412125183099458,2.483556188678588,10.70021063288649,63.86280604301625
1308,188.6,2.8,0.6000000000000001,1.8,13.2882736656,87.8
1309,215.09593307702949,4.1010817507281025,0.7597156688506387,2.860791274602522,40.67858836536427,110.4786441827776
1310,176.6,5.8,0.8,2.0,13.695722053,121.9
1311,200.50909090909093,4.645454545454546,0.8461538461538461,2.566666666666667,24.268479347145455,90.73636363636363
1312,203.8,3.0,0.5,2.4,25.8686919684,87.0
1313,215.4,5.0,0.4,2.9,64.2444827153,75.8
1314,200.50909090909093,4.645454545454546,0.8461538461538461,2.566666666666667,24.268479347145455,90.73636363636363
1315,227.3,3.0,0.7000000000000001,2.5,16.5630161425,84.6
1316,179.7,4.0,0.8,2.1,67.609193789,65.3
1317,200.50909090909093,4.645454545454546,0.8461538461538461,2.566666666666667,24.268479347145455,90.73636363636363
1318,181.4,3.3,1.2,2.1,22.5308917596,91.7
1319,206.7,3.1,0.6000000000000001,2.2,31.7138128661,111.3
1320,217.3,8.4,1.0,3.8,18.867219672,104.0
1321,255.11582501033706,6.9882134945413386,0.7843260869706434,2.242881503507478,14.406061083217443,72.43134490766573
1322,352.4,5.9,1.6,3.2,33.4832023272,141.1
1323,257.3,2.2,0.6000000000000001,2.0,18.6582519004,83.3
1324,200.50909090909093,4.645454545454546,0.8461538461538461,2.566666666666667,24.268479347145455,90.73636363636363
1325,200.50909090909093,4.645454545454546,0.8461538461538461,2.566666666666667,24.268479347145455,90.73636363636363
1326,209.3,4.7,0.8,2.8,33.5907978309,116.1
1327,183.4,4.2,1.1,2.7,21.2681627545,96.1
1328,200.50909090909093,4.645454545454546,0.8461538461538461,2.566666666666667,24.268479347145455,90.73636363636363
1329,244.8,3.5,0.7000000000000001,2.4,19.8967331189,87.7
1330,189.2,1.9,0.6000000000000001,2.4,39.9982381196,81.3
1331,248.3,5.4,1.3,2.5,29.7193829261,133.3
1332,221.7,5.5,1.1,2.7,35.3884852411,94.4
1333,226.8,3.5,0.8,2.9,34.6317377291,113.6
1334,200.50909090909093,4.645454545454546,0.8461538461538461,2.566666666666667,24.268479347145455,90.73636363636363
1335,171.9,4.5,0.6000000000000001,1.9,12.3828584641,99.2
1336,216.4,3.5,0.7000000000000001,3.0,38.4573642607,93.4
1337,200.50909090909093,4.645454545454546,0.8461538461538461,2.566666666666667,24.268479347145455,90.73636363636363
1338,258.1,3.5,0.8,2.8,26.5255014327,115.2
1339,243.9,4.0,0.8,3.4,36.7366267815,129.4
1340,175.9,5.1,0.8,3.1,34.7528585125,105.8
1341,212.4,2.6,0.4,2.2,33.4006342041,109.8
1342,200.50909090909093,4.645454545454546,0.8461538461538461,2.566666666666667,24.268479347145455,90.73636363636363
1343,268.0,6.8,0.8,2.5,11.6300728402,83.5
1344,207.3903136330128,3.1481824645272716,0.7768494242372225,2.246703828568582,24.09941778993325,71.27112260198142
1345,200.50909090909093,4.645454545454546,0.8461538461538461,2.566666666666667,24.268479347145455,90.73636363636363
1346,200.50909090909093,4.645454545454546,0.8461538461538461,2.566666666666667,24.268479347145455,90.73636363636363
1347,200.50909090909093,4.645454545454546,0.8461538461538461,2.566666666666667,24.268479347145455,90.73636363636363
1348,248.5952071034615,6.055740349652407,0.7473577965884283,2.164959368921223,14.635364704544138,75.52558870885481
1349,267.9,4.7,0.6000000000000001,2.4,12.5022168092,56.9
1350,226.7,4.9,1.1,2.9,25.308894832,78.9
1351,225.7,1.9,0.8,2.4,29.7495787952,63.8
1352,200.50909090909093,4.645454545454546,0.8461538461538461,2.566666666666667,24.268479347145455,90.73636363636363
1353,204.7,4.6,0.8,2.7,13.5712762348,81.1
1354,230.1,7.6,0.7000000000000001,3.6,27.3803707725,62.8
1355,192.5,1.9,0.5,1.8,25.6465557908,75.3
1356,206.5,4.1,1.2,2.9,23.0290557677,97.4
1357,207.8710056201928,3.0023538526274582,0.6299043241991217,2.28485928911906,29.216459223469332,80.6899294362113
1358,189.8,4.0,0.7000000000000001,2.1,45.2450871915,80.1
1359,213.9,4.0,0.7000000000000001,2.3,29.0910832322,119.3
1360,200.50909090909093,4.645454545454546,0.8461538461538461,2.566666666666667,24.268479347145455,90.73636363636363
1361,200.50909090909093,4.645454545454546,0.8461538461538461,2.566666666666667,24.268479347145455,90.73636363636363
1362,200.50909090909093,4.645454545454546,0.8461538461538461,2.566666666666667,24.268479347145455,90.73636363636363
1363,195.3,3.8,1.0,2.1,10.4651854671,127.9
1364,253.0,6.1,0.5,2.1,16.6085309584,62.3
1365,229.0,4.6,0.7000000000000001,2.0,10.8116433613,115.0
1366,200.50909090909093,4.645454545454546,0.8461538461538461,2.566666666666667,24.268479347145455,90.73636363636363
1367,217.3,7.3,1.2,3.1,40.995367461,93.7
1368,200.50909090909093,4.645454545454546,0.8461538461538461,2.566666666666667,24.268479347145455,90.73636363636363
1369,189.3,5.1,0.9,3.4,20.4500969209,107.0
1370,175.8,9.5,1.3,3.0,21.210174194,117.1
1371,148.0,5.1,1.2,2.5,27.4095854561,94.1
1372,200.50909090909093,4.645454545454546,0.8461538461538461,2.566666666666667,24.268479347145455,90.73636363636363
1373,207.9,6.8,1.2,3.7,34.1221605726,94.8
1374,177.4,2.3,0.7000000000000001,2.1,32.7518703766,71.9
1375,201.4,5.0,0.8,2.2,13.0955602095,94.7
1376,170.2942302639071,4.134479658792106,1.0284544332240466,2.559430809685108,12.472399833005007,66.9639849807047
1377,200.50909090909093,4.645454545454546,0.8461538461538461,2.566666666666667,24.268479347145455,90.73636363636363
1378,273.9,5.0,0.5,2.7,12.164402245,43.5
1379,195.9,4.9,1.0,2.0,10.8362342005,121.8
1380,200.50909090909093,4.645454545454546,0.8461538461538461,2.566666666666667,24.268479347145455,90.73636363636363
1381,187.0,4.6,1.1,2.6,16.4065396316,64.6
1382,171.4,2.4,0.7000000000000001,2.5,25.9580142227,103.5
1383,200.50909090909093,4.645454545454546,0.8461538461538461,2.566666666666667,24.268479347145455,90.73636363636363
1384,251.7,6.4,0.8,2.3,17.7819253268,78.6
1385,180.0,2.5,0.7000000000000001,2.2,31.2282097383,78.3
1386,176.82179194636663,5.597754308973669,1.0313151045943134,2.4110744112408273,22.776148684756354,95.69129853152933
1387,200.50909090909093,4.645454545454546,0.8461538461538461,2.566666666666667,24.268479347145455,90.73636363636363
1388,200.50909090909093,4.645454545454546,0.8461538461538461,2.566666666666667,24.268479347145455,90.73636363636363
1389,251.6,10.7,1.2,2.8,31.0889729234,79.2
1390,200.50909090909093,4.645454545454546,0.8461538461538461,2.566666666666667,24.268479347145455,90.73636363636363
1391,268.7,6.6,0.6000000000000001,2.8,11.0329143678,84.9
1392,200.50909090909093,4.645454545454546,0.8461538461538461,2.566666666666667,24.268479347145455,90.73636363636363
1393,272.3,6.0,0.7000000000000001,2.2,31.186362117,61.4
1394,230.5,3.9,0.7000000000000001,2.7,24.7247953002,108.1
1395,200.50909090909093,4.645454545454546,0.8461538461538461,2.566666666666667,24.268479347145455,90.73636363636363
1396,194.6,2.8,0.6000000000000001,2.5,25.5264258802,85.7
1397,200.50909090909093,4.645454545454546,0.8461538461538461,2.566666666666667,24.268479347145455,90.73636363636363
1398,281.4,8.0,0.8,3.0,15.9492153874,66.2
1399,393.6,6.0,0.8,2.3,30.3421878648,62.5
1400,142.8,3.8,0.9,2.4,9.9807371501,59.2
1401,200.50909090909093,4.645454545454546,0.8461538461538461,2.566666666666667,24.268479347145455,90.73636363636363
1402,254.7,5.9,0.5,2.9,21.0817521949,75.1
1403,200.50909090909093,4.645454545454546,0.8461538461538461,2.566666666666667,24.268479347145455,90.73636363636363
1404,200.50909090909093,4.645454545454546,0.8461538461538461,2.566666666666667,24.268479347145455,90.73636363636363
1405,243.0,5.3,1.0,2.9,30.1679225724,81.7
1406,200.50909090909093,4.645454545454546,0.8461538461538461,2.566666666666667,24.268479347145455,90.73636363636363
1407,200.50909090909093,4.645454545454546,0.8461538461538461,2.566666666666667,24.268479347145455,90.73636363636363
1408,189.3,6.7,1.4,2.7,27.0182850799,107.6
1409,229.52354789770175,4.907664195349971,0.6640137669459919,2.5786772008403682,24.565324075639026,109.24610412978424
1410,165.2,3.6,0.8,2.6,10.2429135914,57.0
1411,316.4,3.2,0.4,2.3,34.5759572892,106.6
1412,193.6,4.4,1.0,2.1,9.1477410286,135.7
1413,200.50909090909093,4.645454545454546,0.8461538461538461,2.566666666666667,24.268479347145455,90.73636363636363
1414,213.2,4.2,0.9,2.8,49.8240547162,125.5
1415,410.4,5.2,0.7000000000000001,2.5,17.9680897606,56.2
1416,230.3,5.7,0.8,2.3,10.7014184512,79.7
1417,236.3,5.2,0.6000000000000001,2.5,13.7312293866,126.4
1418,217.5,2.8,0.6000000000000001,2.3,33.5754455919,85.2
1419,160.3,2.6,0.8,2.4,41.2385609183,100.1
1420,185.0,7.0,0.9,3.2,12.2181065006,77.5
1421,162.14354763111913,3.884084265130877,0.9761686406938357,2.421952431314179,11.03653873262295,67.14707532716317
1422,200.50909090909093,4.645454545454546,0.8461538461538461,2.566666666666667,24.268479347145455,90.73636363636363
1423,180.5,5.7,0.8,2.0,12.4658975225,118.1
1424,200.50909090909093,4.645454545454546,0.8461538461538461,2.566666666666667,24.268479347145455,90.73636363636363
1425,197.9,1.9,0.5,1.9,16.1100401899,74.8
1426,200.50909090909093,4.645454545454546,0.8461538461538461,2.566666666666667,24.268479347145455,90.73636363636363
1427,200.50909090909093,4.645454545454546,0.8461538461538461,2.566666666666667,24.268479347145455,90.73636363636363
1428,363.33744999555176,7.416496270302087,0.7039435573236432,2.941385704808814,30.18830820886843,63.00409943985187
1429,148.8,5.0,1.4,2.6,15.7717742884,77.7
1430,200.50909090909093,4.645454545454546,0.8461538461538461,2.566666666666667,24.268479347145455,90.73636363636363
1431,200.50909090909093,4.645454545454546,0.8461538461538461,2.566666666666667,24.268479347145455,90.73636363636363
1432,220.4,13.8,0.8,3.5,26.7739195059,79.8
1433,200.50909090909093,4.645454545454546,0.8461538461538461,2.566666666666667,24.268479347145455,90.73636363636363
1434,200.50909090909093,4.645454545454546,0.8461538461538461,2.566666666666667,24.268479347145455,90.73636363636363
1435,214.64969697553423,3.881523068397542,0.8299399501148591,2.683122386179337,37.45562850507852,117.49028067545377
1436,140.7,4.2,1.0,2.5,13.6033030006,70.5
1437,200.50909090909093,4.645454545454546,0.8461538461538461,2.566666666666667,24.268479347145455,90.73636363636363
1438,200.50909090909093,4.645454545454546,0.8461538461538461,2.566666666666667,24.268479347145455,90.73636363636363
1439,200.50909090909093,4.645454545454546,0.8461538461538461,2.566666666666667,24.268479347145455,90.73636363636363
1440,219.1,6.7,1.1,2.5,35.8549531246,61.3
1441,200.50909090909093,4.645454545454546,0.8461538461538461,2.566666666666667,24.268479347145455,90.73636363636363
1442,200.50909090909093,4.645454545454546,0.8461538461538461,2.566666666666667,24.268479347145455,90.73636363636363
1443,120.1,3.5,1.2,2.4,13.7112904989,72.1
1444,135.5,3.4,1.0,2.0,18.4939052449,85.7
1445,198.5,4.5,0.7000000000000001,2.0,9.8959626956,91.9
1446,250.7,6.0,1.2,2.5,29.3896747304,42.3
1447,200.50909090909093,4.645454545454546,0.8461538461538461,2.566666666666667,24.268479347145455,90.73636363636363
1448,209.9,4.2,0.9,3.1,34.0582538578,141.8
1449,210.3,5.0,1.1,2.8,37.9839757562,79.5
1450,189.1,4.5,1.2,2.8,19.8369908956,115.3
1451,200.50909090909093,4.645454545454546,0.8461538461538461,2.566666666666667,24.268479347145455,90.73636363636363
1452,114.2,3.4,1.1,2.3,12.7908488654,70.1
1453,200.50909090909093,4.645454545454546,0.8461538461538461,2.566666666666667,24.268479347145455,90.73636363636363
1454,167.2,6.5,1.1,2.5,27.0477081767,90.0
1455,199.0,8.8,0.7000000000000001,3.0,88.331142716,102.5
1456,229.5,7.2,0.9,3.6,29.1105900095,55.5
1457,204.01080134931618,6.07369597410104,0.9544024534645543,3.1697157907531546,25.7310268462308,115.91837358773333
1458,200.50909090909093,4.645454545454546,0.8461538461538461,2.566666666666667,24.268479347145455,90.73636363636363
1459,200.50909090909093,4.645454545454546,0.8461538461538461,2.566666666666667,24.268479347145455,90.73636363636363
1460,200.50909090909093,4.645454545454546,0.8461538461538461,2.566666666666667,24.268479347145455,90.73636363636363
1461,200.50909090909093,4.645454545454546,0.8461538461538461,2.566666666666667,24.268479347145455,90.73636363636363
1462,186.26915396891545,6.90313874041996,1.143633010780302,2.4009303368799393,24.928971019841327,88.79667549517025
1463,234.4,4.7,0.8,2.5,31.7116221284,77.8
1464,204.37718925263334,3.5698427447737515,0.7065606822849692,2.9389168855749457,32.51861878787058,105.07245978643141
1465,219.6,2.3,0.4,2.2,25.1693518791,51.4
1466,221.2,5.6,0.7000000000000001,2.9,84.7407756668,73.5
1467,184.9,3.1,0.6000000000000001,2.5,61.9698365984,89.3
1468,200.50909090909093,4.645454545454546,0.8461538461538461,2.566666666666667,24.268479347145455,90.73636363636363
1469,200.50909090909093,4.645454545454546,0.8461538461538461,2.566666666666667,24.268479347145455,90.73636363636363
1470,285.30289077427267,6.376149460971042,0.6025249352635671,2.64051462005948,23.425279213701213,72.09731655053514
1471,208.34195469700305,3.524321511107369,0.7117802550231154,2.3111451365180242,32.39912301741204,90.28209697911507
1472,200.50909090909093,4.645454545454546,0.8461538461538461,2.566666666666667,24.268479347145455,90.73636363636363
1473,216.23169645194332,6.348564110276966,0.927571724724002,2.956189944621655,31.65694629535209,100.98349553076707
1474,200.50909090909093,4.645454545454546,0.8461538461538461,2.566666666666667,24.268479347145455,90.73636363636363
1475,200.50909090909093,4.645454545454546,0.8461538461538461,2.566666666666667,24.268479347145455,90.73636363636363
1476,200.50909090909093,4.645454545454546,0.8461538461538461,2.566666666666667,24.268479347145455,90.73636363636363
1477,259.2,8.4,0.9,2.2,15.6720196189,86.5
1478,196.4,3.5,0.8,2.7,28.9569843607,119.9
1479,200.50909090909093,4.645454545454546,0.8461538461538461,2.566666666666667,24.268479347145455,90.73636363636363
1480,200.50909090909093,4.645454545454546,0.8461538461538461,2.566666666666667,24.268479347145455,90.73636363636363
1481,273.2,5.2,0.6000000000000001,3.1,19.3720685901,46.8
1482,227.4,3.3,0.8,2.8,45.1855986085,117.1
1483,183.0,4.8,1.0,3.1,28.5845128619,85.4
1484,178.1,6.5,1.1,3.5,19.5448648473,90.6
1485,200.50909090909093,4.645454545454546,0.8461538461538461,2.566666666666667,24.268479347145455,90.73636363636363
1486,200.50909090909093,4.645454545454546,0.8461538461538461,2.566666666666667,24.268479347145455,90.73636363636363
1487,200.50909090909093,4.645454545454546,0.8461538461538461,2.566666666666667,24.268479347145455,90.73636363636363
1488,254.1,2.0,0.3,2.2,71.4481125994,91.2
1489,245.5,5.4,0.7000000000000001,2.2,10.8807308453,68.4
1490,200.50909090909093,4.645454545454546,0.8461538461538461,2.566666666666667,24.268479347145455,90.73636363636363
1491,202.2,3.9,0.9,2.9,37.3938075884,104.8
1492,229.26429036837285,5.242860646393144,0.9929073885171888,2.7671999538298357,28.634664683956796,94.68884209509397
1493,205.4,11.3,0.9,3.3,47.2909225047,78.4
1494,103.4,3.6,1.5,2.2,9.8637143525,67.7
1495,200.50909090909093,4.645454545454546,0.8461538461538461,2.566666666666667,24.268479347145455,90.73636363636363
1496,207.2,3.3,0.9,2.9,32.231295904,147.4
1497,200.50909090909093,4.645454545454546,0.8461538461538461,2.566666666666667,24.268479347145455,90.73636363636363
1498,203.06725553920103,2.491754882056708,0.6867443289193798,2.0711972395752682,27.299420447908638,72.70857015757711
1499,257.5,9.8,1.2,3.4,45.2584429907,87.3
1500,244.9,2.7,0.8,2.3,28.2660321375,80.1
1501,200.50909090909093,4.645454545454546,0.8461538461538461,2.566666666666667,24.268479347145455,90.73636363636363
1502,220.99044694220666,3.834239477982564,0.7569408218515411,2.4725669922470144,37.83679391470533,101.01805385285685
1503,124.9,3.6,1.1,2.7,9.2746699928,72.2
1504,212.1844434520585,6.005013734990015,0.9306562070288114,2.625885366230342,34.08397495761923,101.94036459858285
1505,200.50909090909093,4.645454545454546,0.8461538461538461,2.566666666666667,24.268479347145455,90.73636363636363
1506,200.50909090909093,4.645454545454546,0.8461538461538461,2.566666666666667,24.268479347145455,90.73636363636363
1507,296.8,7.0,0.9,2.9,21.5368361962,95.2
1508,175.9,6.0,0.9,3.4,24.2143638913,113.8
1509,233.24314957138898,3.726435378830762,0.7669170294936767,2.516678991921716,26.99735515559523,74.85494765941878
1510,186.5,2.2,0.6000000000000001,2.2,44.2118181985,91.6
1511,200.50909090909093,4.645454545454546,0.8461538461538461,2.566666666666667,24.268479347145455,90.73636363636363
1512,200.50909090909093,4.645454545454546,0.8461538461538461,2.566666666666667,24.268479347145455,90.73636363636363
1513,201.9,3.7,0.9,2.8,29.5006263586,111.3
1514,180.5,4.5,1.2,2.6,18.2831318099,100.5
1515,200.50909090909093,4.645454545454546,0.8461538461538461,2.566666666666667,24.268479347145455,90.73636363636363
1516,200.50909090909093,4.645454545454546,0.8461538461538461,2.566666666666667,24.268479347145455,90.73636363636363
1517,200.50909090909093,4.645454545454546,0.8461538461538461,2.566666666666667,24.268479347145455,90.73636363636363
1518,190.6,4.4,1.1,2.6,15.9527996826,109.1
1519,141.0,3.4,1.0,2.4,25.2381033395,80.2
1520,190.5,2.7,0.7000000000000001,2.6,40.9834652843,96.7
1521,200.50909090909093,4.645454545454546,0.8461538461538461,2.566666666666667,24.268479347145455,90.73636363636363
1522,200.50909090909093,4.645454545454546,0.8461538461538461,2.566666666666667,24.268479347145455,90.73636363636363
1523,170.9,7.1,1.0,2.4,27.5153786674,79.2
1524,200.50909090909093,4.645454545454546,0.8461538461538461,2.566666666666667,24.268479347145455,90.73636363636363
1525,202.7,1.9,0.7000000000000001,2.1,39.7909075384,68.7
1526,200.50909090909093,4.645454545454546,0.8461538461538461,2.566666666666667,24.268479347145455,90.73636363636363
1527,179.8,6.0,0.5,2.6,39.8203963006,82.9
1528,200.50909090909093,4.645454545454546,0.8461538461538461,2.566666666666667,24.268479347145455,90.73636363636363
1529,173.06844420361386,5.492191177052997,1.056546723518769,2.501384533951303,23.313441781884165,94.85348110901009
1530,177.0,6.9,1.2,2.7,27.1285717048,89.9
1531,200.50909090909093,4.645454545454546,0.8461538461538461,2.566666666666667,24.268479347145455,90.73636363636363
1532,138.4,3.5,1.0,2.4,25.5893346359,95.3
1533,253.1,5.3,1.0,3.5,21.6097969626,103.3
1534,200.50909090909093,4.645454545454546,0.8461538461538461,2.566666666666667,24.268479347145455,90.73636363636363
1535,200.2,10.2,1.1,2.6,28.5710731908,128.3
1536,166.5,4.2,0.7000000000000001,2.8,46.0713574135,96.0
1537,254.7,5.9,0.5,2.9,21.0817521949,75.1
1538,146.5,4.2,1.3,2.6,13.5763360513,69.5
1539,249.85691162914645,4.628279961793568,0.6734795103413066,2.552162753325499,21.42444908959892,110.64179681039796
1540,189.2,3.7,0.9,2.7,40.6681807785,99.5
1541,197.4,2.2,0.8,2.6,27.6649204601,74.5
1542,194.0,5.9,1.0,2.3,17.2586052968,112.3
1543,269.4,6.0,0.5,2.8,16.4598109829,69.6
1544,200.50909090909093,4.645454545454546,0.8461538461538461,2.566666666666667,24.268479347145455,90.73636363636363
1545,198.86570782477054,3.8615712359916823,0.7615137024893671,2.7461481917492088,34.90842303834413,99.61826548325595
1546,154.10527284566072,5.894546933287312,1.1399807602764784,2.422461637553016,21.407470705564133,82.95619227725922
1547,205.5,2.1,0.6000000000000001,2.8,48.6280421942,96.1
1548,244.0,6.9,0.9,2.9,18.1473889492,76.8
1549,221.3,7.0,0.7000000000000001,3.6,35.3016779822,83.1
1550,232.0,3.6,0.7000000000000001,3.1,35.7947615796,102.1
1551,196.1,5.9,1.0,3.0,27.8572875533,128.9
1552,398.4,6.7,0.7000000000000001,3.0,13.5532130702,69.0
1553,200.50909090909093,4.645454545454546,0.8461538461538461,2.566666666666667,24.268479347145455,90.73636363636363
1554,190.8,3.5,0.7000000000000001,3.0,27.506829109,90.0
1555,204.02624438524356,6.031574023915487,1.0644716620650836,2.5579927879596283,28.974515349748923,107.5101725618268
1556,289.7,5.5,0.7000000000000001,1.8,15.5386965369,70.1
1557,300.3,8.1,0.6000000000000001,2.9,9.337973621,96.3
1558,224.0,1.9,0.8,2.2,24.0633900662,66.9
1559,214.2,6.7,1.2,2.4,33.9652255882,93.4
1560,172.2,4.8,1.2,2.5,20.8224895451,90.0
1561,200.50909090909093,4.645454545454546,0.8461538461538461,2.566666666666667,24.268479347145455,90.73636363636363
1562,190.5,4.0,1.0,2.5,24.2049154188,103.0
1563,247.2886291904244,5.587477366177735,0.749072181343962,2.781160604960405,22.080872502483334,109.30504318732375
1564,148.7,4.3,1.0,2.4,12.3374363599,64.9
1565,262.3,4.5,1.0,2.9,19.9130810826,102.3
1566,233.8,1.9,0.5,2.5,56.4599978042,97.8
1567,263.8,7.0,1.3,2.6,39.4188565689,94.2
1568,182.0,4.2,0.7000000000000001,2.2,18.5990408794,118.0
1569,200.50909090909093,4.645454545454546,0.8461538461538461,2.566666666666667,24.268479347145455,90.73636363636363
1570,204.9,3.9,0.9,2.6,28.1914335867,92.1
1571,234.7,9.4,0.9,4.3,15.2808069894,94.0
1572,212.8,2.8,0.7000000000000001,2.9,29.3742598636,113.8
1573,200.50909090909093,4.645454545454546,0.8461538461538461,2.566666666666667,24.268479347145455,90.73636363636363
1574,170.3,5.5,1.2,2.5,25.3600560472,88.5
1575,200.50909090909093,4.645454545454546,0.8461538461538461,2.566666666666667,24.268479347145455,90.73636363636363
1576,200.50909090909093,4.645454545454546,0.8461538461538461,2.566666666666667,24.268479347145455,90.73636363636363
1577,222.5,3.5,0.8,2.8,33.4104255917,140.7
1578,257.9,4.6,0.9,2.7,19.5084289264,92.7
1579,174.7,3.6,1.1,2.5,19.3564958232,74.5
1580,204.1,4.6,0.9,3.3,30.6834461063,116.7
1581,163.5,4.4,0.8,2.2,12.4390495731,105.2
1582,166.9,4.2,1.0,2.7,22.5010911647,86.2
1583,351.1,8.6,0.9,3.4,18.5198336728,111.7
1584,233.1,5.8,0.9,2.4,13.9863597382,84.3
1585,200.50909090909093,4.645454545454546,0.8461538461538461,2.566666666666667,24.268479347145455,90.73636363636363
1586,200.50909090909093,4.645454545454546,0.8461538461538461,2.566666666666667,24.268479347145455,90.73636363636363
1587,237.7,6.0,1.1,2.4,47.6876508989,89.5
1588,157.2,4.0,1.0,2.2,27.9273213065,84.8
1589,200.50909090909093,4.645454545454546,0.8461538461538461,2.566666666666667,24.268479347145455,90.73636363636363
1590,292.3,8.8,0.8,3.3,17.987861182,60.0
1591,144.0,4.1,1.0,2.4,24.2161494829,73.7
1592,146.9,2.6,1.0,1.9,14.6809311725,91.0
1593,199.63872750012638,3.8519244290419565,0.7090396598504386,2.817095995528849,32.873695037894464,104.79176627373089
1594,175.56351731568523,5.0251908968610595,1.0794518526609493,2.6369973923409296,22.73418882585384,87.26925158197483
1595,225.2,9.3,1.1,3.5,27.9412179354,92.6
1596,200.50909090909093,4.645454545454546,0.8461538461538461,2.566666666666667,24.268479347145455,90.73636363636363
1597,292.4,6.5,1.1,3.1,29.0722006191,77.7
1598,200.50909090909093,4.645454545454546,0.8461538461538461,2.566666666666667,24.268479347145455,90.73636363636363
1599,113.3,3.6,1.2,2.4,9.3227732759,73.2
1600,200.50909090909093,4.645454545454546,0.8461538461538461,2.566666666666667,24.268479347145455,90.73636363636363
1601,214.6,11.4,1.0,3.9,30.7814357075,74.5
1602,200.50909090909093,4.645454545454546,0.8461538461538461,2.566666666666667,24.268479347145455,90.73636363636363
1603,200.50909090909093,4.645454545454546,0.8461538461538461,2.566666666666667,24.268479347145455,90.73636363636363
1604,200.50909090909093,4.645454545454546,0.8461538461538461,2.566666666666667,24.268479347145455,90.73636363636363
1605,268.7,6.4,0.7000000000000001,2.7,17.6168080625,79.9
1606,200.50909090909093,4.645454545454546,0.8461538461538461,2.566666666666667,24.268479347145455,90.73636363636363
1607,200.50909090909093,4.645454545454546,0.8461538461538461,2.566666666666667,24.268479347145455,90.73636363636363
1608,230.1,4.3,1.0,2.8,31.0133367247,120.8
1609,307.5,4.6,1.0,2.5,13.6938601884,131.6
1610,271.9,7.6,0.8,2.8,32.1892110316,79.3
1611,251.4,2.4,0.5,2.6,29.8498149686,61.1
1612,172.9,3.0,0.6000000000000001,3.9,28.9622592971,98.9
1613,200.50909090909093,4.645454545454546,0.8461538461538461,2.566666666666667,24.268479347145455,90.73636363636363
1614,186.9,5.9,0.8,2.6,28.3588795209,119.8
1615,279.5,5.9,1.4,3.2,30.3730307612,145.2
1616,200.50909090909093,4.645454545454546,0.8461538461538461,2.566666666666667,24.268479347145455,90.73636363636363
1617,228.06327386765227,3.6739833442960386,0.8442431369415424,2.353448119275414,36.467573225079775,105.11924716025217
1618,165.56649770507124,4.077297669334662,1.0029099708109448,2.4622692717464587,12.701386600592995,66.75515145358686
1619,294.6,7.5,0.6000000000000001,2.3,14.1736814383,51.4
1620,212.2,4.9,0.8,2.4,40.4491107306,79.5
1621,177.0,4.5,0.7000000000000001,2.4,10.2303399188,57.0
1622,188.0,2.3,0.7000000000000001,2.2,20.3342622899,73.2
1623,200.50909090909093,4.645454545454546,0.8461538461538461,2.566666666666667,24.268479347145455,90.73636363636363
1624,175.7,5.0,0.7000000000000001,2.9,24.6931954851,94.6
1625,256.9532610529895,6.7694382086972675,0.7874378406633605,2.2541483064642396,13.949658400164136,72.4289851153327
1626,181.2,3.6,0.7000000000000001,1.8,11.8420419329,120.4
1627,220.83094652530292,2.334668444251713,0.5427185372965289,2.4971415185787276,33.18942721944321,85.70356086117049
1628,184.1,6.0,1.2,2.7,17.3425664773,110.2
1629,149.7,3.9,1.3,2.9,12.020032008,70.8
1630,185.9,2.2,0.6000000000000001,2.4,55.8925882154,89.7
1631,242.8,7.0,0.8,2.7,11.9139575251,70.8
1632,284.1,2.4,0.4,2.7,15.3240892831,98.1
1633,230.0,2.9,0.5,1.8,27.2116052536,76.1
1634,238.0,13.0,0.7000000000000001,3.5,13.5522584404,88.8
1635,216.6,3.0,0.6000000000000001,2.6,34.2491192555,88.6
1636,200.50909090909093,4.645454545454546,0.8461538461538461,2.566666666666667,24.268479347145455,90.73636363636363
1637,462.6,7.4,1.1,2.8,28.3932917928,152.3
1638,200.50909090909093,4.645454545454546,0.8461538461538461,2.566666666666667,24.268479347145455,90.73636363636363
1639,235.9,3.9,0.7000000000000001,2.5,21.151128235,90.1
1640,227.6,5.7,0.6000000000000001,3.2,75.5960379273,84.7
1641,200.50909090909093,4.645454545454546,0.8461538461538461,2.566666666666667,24.268479347145455,90.73636363636363
1642,201.8,4.2,0.8,3.0,19.5851497211,86.7
1643,200.50909090909093,4.645454545454546,0.8461538461538461,2.566666666666667,24.268479347145455,90.73636363636363
1644,267.6,11.2,0.8,3.8,19.1625037827,99.7
1645,200.50909090909093,4.645454545454546,0.8461538461538461,2.566666666666667,24.268479347145455,90.73636363636363
1646,392.5,7.1,0.5,2.6,65.3439799013,72.7
1647,186.3,3.8,0.8,2.6,35.6406618897,99.2
1648,160.42742399299516,4.039930302184226,1.0516783829138387,2.3811009860985286,12.346413096758036,66.27471621844487
1649,159.7533438995075,3.940150122171261,0.9638060741130892,2.3830340360954123,10.270504235006934,64.42945677520784
1650,212.0,2.1,0.5,2.5,25.2118171426,106.0
1651,152.8,2.9,0.9,2.6,31.0680751118,117.1
1652,195.5,2.5,0.9,2.6,26.5579515406,79.9
1653,337.1503836163286,7.244914443827524,0.5879760635262585,2.851716914708689,20.96551773067923,64.68357331746466
1654,164.6,5.0,1.2,2.8,19.6742973301,71.7
1655,204.52550370606184,5.062437876624491,1.1392635789283392,2.899574613343271,23.281396514481862,98.59485591154328
1656,224.71882784012197,3.533984508322046,0.581555373713939,2.2815658669148076,27.207026185515744,91.29808980105875
1657,200.50909090909093,4.645454545454546,0.8461538461538461,2.566666666666667,24.268479347145455,90.73636363636363
1658,202.65027412566482,2.264658789177763,0.6498939520105214,2.3633638199329043,27.08492886199625,70.41749332969762
1659,200.50909090909093,4.645454545454546,0.8461538461538461,2.566666666666667,24.268479347145455,90.73636363636363
1660,250.58603488084998,7.447328719259988,1.1035853951234542,2.979419779075812,28.85583047584971,110.40634739454981
1661,200.50909090909093,4.645454545454546,0.8461538461538461,2.566666666666667,24.268479347145455,90.73636363636363
1662,200.50909090909093,4.645454545454546,0.8461538461538461,2.566666666666667,24.268479347145455,90.73636363636363
1663,200.50909090909093,4.645454545454546,0.8461538461538461,2.566666666666667,24.268479347145455,90.73636363636363
1664,207.4,4.1,0.7000000000000001,2.8,31.2550125643,96.1
1665,179.6,2.3,0.7000000000000001,2.6,32.067107354,71.1
1666,180.0,5.1,1.1,3.0,34.3973414855,85.0
1667,230.4,6.4,1.0,2.9,24.8894836694,79.2
1668,214.7,3.1,0.8,2.7,39.1140558903,94.7
1669,196.3,4.6,0.7000000000000001,3.1,52.4126332354,82.5
1670,200.50909090909093,4.645454545454546,0.8461538461538461,2.566666666666667,24.268479347145455,90.73636363636363
1671,151.4,4.9,1.1,2.5,29.4211455144,88.7
1672,200.50909090909093,4.645454545454546,0.8461538461538461,2.566666666666667,24.268479347145455,90.73636363636363
1673,229.3,5.0,0.8,3.3,37.6103402332,100.4
1674,209.40287170860802,5.325663492137582,0.8713898707732849,2.8029704873388326,26.92281801957306,86.0172863333962
1675,156.7,3.8,1.1,2.7,11.7186332954,67.2
1676,200.50909090909093,4.645454545454546,0.8461538461538461,2.566666666666667,24.268479347145455,90.73636363636363
1677,193.5,3.7,0.7000000000000001,2.4,41.0023366991,99.8
1678,182.8,2.5,0.6000000000000001,2.0,21.0681665564,89.4
1679,199.0,4.5,1.0,2.2,12.1926535722,116.4
1680,205.9,3.1,0.7000000000000001,3.0,27.5430134899,104.6
1681,200.50909090909093,4.645454545454546,0.8461538461538461,2.566666666666667,24.268479347145455,90.73636363636363
1682,200.50909090909093,4.645454545454546,0.8461538461538461,2.566666666666667,24.268479347145455,90.73636363636363
1683,151.0,3.9,0.9,2.3,11.7289810766,66.2
1684,219.8,5.4,1.0,2.4,41.8726577048,79.0
1685,202.8,2.1,0.6000000000000001,2.4,48.7588421458,53.0
1686,155.58860044368396,4.023520107029876,1.1310254658811525,2.4514900577107306,12.212800268482708,65.93569749442231
1687,200.50909090909093,4.645454545454546,0.8461538461538461,2.566666666666667,24.268479347145455,90.73636363636363
1688,227.7,4.5,0.8,2.7,8.7078694222,67.2
1689,263.3,4.3,0.5,2.2,46.9184851836,56.9
1690,189.2,2.2,0.6000000000000001,2.1,16.3659788012,105.5
1691,273.2,5.2,0.6000000000000001,3.1,19.3720685901,46.8
1692,188.1,3.7,0.8,2.6,46.7831290989,100.7
1693,197.60589175407998,3.4200065716681483,0.7249288578248904,2.6041231405056817,39.888095170574516,99.18585277770366
1694,114.1,3.4,1.1,2.4,10.1180245411,71.9
1695,200.50909090909093,4.645454545454546,0.8461538461538461,2.566666666666667,24.268479347145455,90.73636363636363
1696,174.0,3.8,0.7000000000000001,1.9,12.8930798586,88.3
1697,200.50909090909093,4.645454545454546,0.8461538461538461,2.566666666666667,24.268479347145455,90.73636363636363
1698,283.1,5.9,1.1,2.7,41.0221837421,104.6
1699,200.50909090909093,4.645454545454546,0.8461538461538461,2.566666666666667,24.268479347145455,90.73636363636363
1700,200.50909090909093,4.645454545454546,0.8461538461538461,2.566666666666667,24.268479347145455,90.73636363636363
1701,159.1,4.9,1.2,2.1,19.8280850464,87.2
1702,200.50909090909093,4.645454545454546,0.8461538461538461,2.566666666666667,24.268479347145455,90.73636363636363
1703,200.50909090909093,4.645454545454546,0.8461538461538461,2.566666666666667,24.268479347145455,90.73636363636363
1704,200.50909090909093,4.645454545454546,0.8461538461538461,2.566666666666667,24.268479347145455,90.73636363636363
1705,200.50909090909093,4.645454545454546,0.8461538461538461,2.566666666666667,24.268479347145455,90.73636363636363
1706,181.3,5.5,1.3,2.7,19.2164864415,100.0
1707,200.50909090909093,4.645454545454546,0.8461538461538461,2.566666666666667,24.268479347145455,90.73636363636363
1708,200.50909090909093,4.645454545454546,0.8461538461538461,2.566666666666667,24.268479347145455,90.73636363636363
1709,153.6,5.1,0.9,2.1,22.9025790436,82.0
1710,239.9,9.1,1.2,2.6,28.7269168921,136.2
1711,200.50909090909093,4.645454545454546,0.8461538461538461,2.566666666666667,24.268479347145455,90.73636363636363
1712,200.50909090909093,4.645454545454546,0.8461538461538461,2.566666666666667,24.268479347145455,90.73636363636363
1713,194.7,2.6,0.7000000000000001,3.1,32.3880808731,76.0
1714,200.50909090909093,4.645454545454546,0.8461538461538461,2.566666666666667,24.268479347145455,90.73636363636363
1715,200.50909090909093,4.645454545454546,0.8461538461538461,2.566666666666667,24.268479347145455,90.73636363636363
1716,258.7,2.1,0.7000000000000001,2.4,56.5875018229,78.6
1717,205.29561765022973,3.628055147893914,0.7676329692448232,2.6548478554997943,39.40553707133933,102.36097637041077
1718,200.50909090909093,4.645454545454546,0.8461538461538461,2.566666666666667,24.268479347145455,90.73636363636363
1719,287.1450165631798,6.237818452526182,0.7050805781605145,2.5179362025644325,14.437498748546844,67.58780906224426
1720,204.8,2.1,0.6000000000000001,1.8,35.0784505114,72.1
1721,231.8,7.2,1.1,2.9,23.5918247336,112.2
1722,215.1,2.0,0.3,2.1,32.1096714234,76.2
1723,200.50909090909093,4.645454545454546,0.8461538461538461,2.566666666666667,24.268479347145455,90.73636363636363
1724,136.1,4.0,1.1,2.6,8.5565630208,69.9
1725,200.50909090909093,4.645454545454546,0.8461538461538461,2.566666666666667,24.268479347145455,90.73636363636363
1726,200.50909090909093,4.645454545454546,0.8461538461538461,2.566666666666667,24.268479347145455,90.73636363636363
1727,178.7,2.6,0.7000000000000001,2.3,23.1217455889,69.6
1728,186.09146566151867,3.157008440780888,0.6691028261735357,2.5217052017828725,43.2929591525604,91.95189321594087
1729,200.50909090909093,4.645454545454546,0.8461538461538461,2.566666666666667,24.268479347145455,90.73636363636363
1730,173.2,3.2,0.8,2.8,48.2143329891,110.3
1731,200.50909090909093,4.645454545454546,0.8461538461538461,2.566666666666667,24.268479347145455,90.73636363636363
1732,193.37100266739594,4.073347589512421,0.8275423451176991,2.5695989093925156,38.66031929559801,106.57877697343922
1733,221.2,10.6,1.3,2.7,29.5193198878,105.2
1734,247.4,3.6,0.8,2.1,20.0630597796,152.5
1735,272.2,6.8,1.2,2.5,22.5444447913,98.2
1736,200.50909090909093,4.645454545454546,0.8461538461538461,2.566666666666667,24.268479347145455,90.73636363636363
1737,233.0,3.6,0.8,2.8,34.549223667,109.8
1738,239.3,7.5,1.4,3.0,30.816089465,97.8
1739,230.9,6.0,1.0,2.4,27.1851397199,84.8
1740,199.52149444115756,6.6085157236327445,1.018421501334206,2.7742133689766413,26.116671203378534,97.53611642533835
1741,463.6,5.9,0.7000000000000001,2.4,12.3388217235,89.4
1742,200.50909090909093,4.645454545454546,0.8461538461538461,2.566666666666667,24.268479347145455,90.73636363636363
1743,173.7,4.0,1.2,2.6,16.6506915795,88.8
1744,200.50909090909093,4.645454545454546,0.8461538461538461,2.566666666666667,24.268479347145455,90.73636363636363
1745,178.4713166356734,5.634203227045677,1.1332450636097444,2.448832389307238,24.742779143892058,90.08858038031349
1746,200.50909090909093,4.645454545454546,0.8461538461538461,2.566666666666667,24.268479347145455,90.73636363636363
1747,282.6,2.6,0.8,2.9,78.8229768737,122.6
1748,200.50909090909093,4.645454545454546,0.8461538461538461,2.566666666666667,24.268479347145455,90.73636363636363
1749,231.3,7.4,0.8,2.1,13.7185080604,60.8
1750,200.50909090909093,4.645454545454546,0.8461538461538461,2.566666666666667,24.268479347145455,90.73636363636363
1751,434.6,7.1,0.7000000000000001,3.3,14.4301346377,54.0
1752,156.6690660882133,3.9689502109562644,0.9695596710102466,2.431667666315926,12.21991287496939,66.51865043550757
1753,286.6,4.1,0.8,3.5,32.1911023522,124.8
1754,164.21264039520307,4.104004250577664,1.0040239010296776,2.4671462961351946,12.585070631927413,67.44797580847532
1755,168.1,1.6,0.5,2.3,32.0501931736,67.1
1756,200.50909090909093,4.645454545454546,0.8461538461538461,2.566666666666667,24.268479347145455,90.73636363636363
1757,222.5,3.3,0.8,3.0,33.9253650736,77.6
1758,225.4,3.3,0.7000000000000001,2.7,26.5118579013,77.0
1759,213.3,3.6,0.9,2.4,27.9447692506,81.6
1760,189.8,2.9,0.8,2.8,29.9071185681,101.7
1761,200.50909090909093,4.645454545454546,0.8461538461538461,2.566666666666667,24.268479347145455,90.73636363636363
1762,200.50909090909093,4.645454545454546,0.8461538461538461,2.566666666666667,24.268479347145455,90.73636363636363
1763,173.7,2.6,0.5,2.1,20.8692472943,99.5
1764,200.50909090909093,4.645454545454546,0.8461538461538461,2.566666666666667,24.268479347145455,90.73636363636363
1765,279.162905266736,6.8949163916575,1.0026613160824918,3.0464813789450926,31.069817317934238,95.12171505808773
1766,157.0,5.2,1.4,2.4,34.1308742315,71.0
1767,181.5,3.7,0.9,2.7,26.7718232276,92.4
1768,163.2,3.6,1.0,1.8,9.1459530272,93.7
1769,221.05452217864723,3.648148118641705,0.6497592295461929,2.591832689049886,46.15009710465673,98.5257028795931
1770,192.4,2.9,0.7000000000000001,2.4,27.020998011,85.9
1771,210.6,2.1,0.8,2.5,17.9135348065,99.7
1772,200.50909090909093,4.645454545454546,0.8461538461538461,2.566666666666667,24.268479347145455,90.73636363636363
1773,200.50909090909093,4.645454545454546,0.8461538461538461,2.566666666666667,24.268479347145455,90.73636363636363
1774,144.4,3.8,0.8,2.2,11.4477680933,64.3
1775,200.50909090909093,4.645454545454546,0.8461538461538461,2.566666666666667,24.268479347145455,90.73636363636363
1776,200.50909090909093,4.645454545454546,0.8461538461538461,2.566666666666667,24.268479347145455,90.73636363636363
1777,197.1,2.7,0.8,2.1,20.479984902,96.8
1778,160.3,4.7,1.0,2.2,28.6327446651,91.7
1779,287.7,5.2,0.5,3.0,25.8698315905,47.1
1780,224.7,6.2,0.7000000000000001,2.7,9.6144380124,68.0
1781,254.9,6.6,0.8,2.2,10.6175488749,77.4
1782,200.50909090909093,4.645454545454546,0.8461538461538461,2.566666666666667,24.268479347145455,90.73636363636363
1783,175.1,1.9,0.7000000000000001,2.0,48.981774665,76.6
1784,201.2,4.3,0.6000000000000001,2.9,39.205025653,96.3
1785,240.6,4.3,0.4,2.4,43.6336660145,47.1
1786,200.50909090909093,4.645454545454546,0.8461538461538461,2.566666666666667,24.268479347145455,90.73636363636363
1787,149.3,4.4,0.9,2.1,26.6624895969,82.0
1788,268.7,6.4,0.7000000000000001,2.7,17.6168080625,79.9
1789,200.50909090909093,4.645454545454546,0.8461538461538461,2.566666666666667,24.268479347145455,90.73636363636363
1790,191.0,3.8,0.9,1.9,21.366602894,90.6
1791,140.6,4.3,1.3,2.6,23.6395997893,89.9
1792,200.50909090909093,4.645454545454546,0.8461538461538461,2.566666666666667,24.268479347145455,90.73636363636363
1793,228.4,6.5,0.8,2.5,9.5471607655,71.2
1794,200.50909090909093,4.645454545454546,0.8461538461538461,2.566666666666667,24.268479347145455,90.73636363636363
1795,200.50909090909093,4.645454545454546,0.8461538461538461,2.566666666666667,24.268479347145455,90.73636363636363
1796,200.50909090909093,4.645454545454546,0.8461538461538461,2.566666666666667,24.268479347145455,90.73636363636363
1797,168.2,4.6,1.1,2.6,11.0678975272,71.8
1798,196.3,6.7,1.0,3.1,33.0732750027,106.9
1799,200.50909090909093,4.645454545454546,0.8461538461538461,2.566666666666667,24.268479347145455,90.73636363636363
1800,255.5,6.4,0.8,2.3,9.5600765501,75.1
1801,200.50909090909093,4.645454545454546,0.8461538461538461,2.566666666666667,24.268479347145455,90.73636363636363
1802,184.8,3.1,1.0,2.2,17.1220706801,85.8
1803,208.7219142066418,3.3617412645581615,0.8281309013138178,2.288695296879319,37.09807737864711,71.50917620473892
1804,143.0,4.5,1.0,1.9,21.7341025664,75.0
1805,200.50909090909093,4.645454545454546,0.8461538461538461,2.566666666666667,24.268479347145455,90.73636363636363
1806,300.8,6.4,1.1,3.5,21.2852652035,99.5
1807,200.50909090909093,4.645454545454546,0.8461538461538461,2.566666666666667,24.268479347145455,90.73636363636363
1808,195.5,3.2,0.6000000000000001,2.5,61.8354665532,90.3
1809,195.5,3.1,0.9,2.6,29.9965697128,89.4
1810,161.5,6.6,1.2,2.3,27.171481994,84.8
1811,210.0,6.6,1.1,3.8,21.9104013702,109.5
1812,200.50909090909093,4.645454545454546,0.8461538461538461,2.566666666666667,24.268479347145455,90.73636363636363
1813,236.5,6.1,0.6000000000000001,2.6,13.7562327038,65.0
1814,186.4,4.3,0.7000000000000001,2.7,21.9624100086,100.8
1815,185.89545028276612,3.412179461325377,0.7316736510129143,2.587129591970114,37.41165733617401,100.77524946090992
1816,200.50909090909093,4.645454545454546,0.8461538461538461,2.566666666666667,24.268479347145455,90.73636363636363
1817,200.50909090909093,4.645454545454546,0.8461538461538461,2.566666666666667,24.268479347145455,90.73636363636363
1818,200.50909090909093,4.645454545454546,0.8461538461538461,2.566666666666667,24.268479347145455,90.73636363636363
1819,200.50909090909093,4.645454545454546,0.8461538461538461,2.566666666666667,24.268479347145455,90.73636363636363
1820,212.0,3.6,0.6000000000000001,2.4,54.780107717,108.9
1821,200.50909090909093,4.645454545454546,0.8461538461538461,2.566666666666667,24.268479347145455,90.73636363636363
1822,200.50909090909093,4.645454545454546,0.8461538461538461,2.566666666666667,24.268479347145455,90.73636363636363
1823,256.3498956653786,6.347424152203193,0.7880363963972651,2.4131295865588758,15.999209775937338,75.39679927432987
1824,255.4,6.1,0.5,2.7,24.3974453486,78.1
1825,298.5,8.6,1.1,3.3,26.1039482377,81.5
1826,204.08874851590522,4.328717134246741,0.7830983978802797,2.0592337490414203,12.322279136382846,110.75560323380591
1827,213.12702965060976,3.1578127663372797,0.8258864893337828,2.2393668394589765,32.274486079862356,73.353935546357
1828,159.0,5.4,1.1,2.4,16.101922774,84.4
1829,211.8,4.1,1.0,2.1,11.5344085346,122.3
1830,195.8,3.9,1.0,2.3,28.448417269,69.5
1831,200.50909090909093,4.645454545454546,0.8461538461538461,2.566666666666667,24.268479347145455,90.73636363636363
1832,402.2,6.4,1.1,4.1,39.456301495,75.3
1833,200.50909090909093,4.645454545454546,0.8461538461538461,2.566666666666667,24.268479347145455,90.73636363636363
1834,211.1,4.1,0.8,2.6,51.9348281726,82.4
1835,222.7,4.6,0.9,2.9,33.2604627689,139.1
1836,200.50909090909093,4.645454545454546,0.8461538461538461,2.566666666666667,24.268479347145455,90.73636363636363
1837,200.50909090909093,4.645454545454546,0.8461538461538461,2.566666666666667,24.268479347145455,90.73636363636363
1838,200.50909090909093,4.645454545454546,0.8461538461538461,2.566666666666667,24.268479347145455,90.73636363636363
1839,200.50909090909093,4.645454545454546,0.8461538461538461,2.566666666666667,24.268479347145455,90.73636363636363
1840,145.3,6.0,1.2,2.5,22.4697772331,80.6
1841,200.50909090909093,4.645454545454546,0.8461538461538461,2.566666666666667,24.268479347145455,90.73636363636363
1842,158.07653947289444,4.002183967876536,1.073784862741815,2.495441310962722,12.17323853644078,69.38713918044101
1843,413.0,5.8,0.7000000000000001,2.8,20.6456571339,65.1
1844,200.50909090909093,4.645454545454546,0.8461538461538461,2.566666666666667,24.268479347145455,90.73636363636363
1845,200.50909090909093,4.645454545454546,0.8461538461538461,2.566666666666667,24.268479347145455,90.73636363636363
1846,200.50909090909093,4.645454545454546,0.8461538461538461,2.566666666666667,24.268479347145455,90.73636363636363
1847,237.66033768029536,3.8788674262659564,0.8203873888727595,2.4685085085454204,31.9171288626063,97.53185064154498
1848,254.0,7.5,0.8,2.6,31.7602096147,58.7
1849,190.2,3.3,0.8,2.6,57.2346795489,103.5
1850,197.4,2.2,0.9,2.5,16.5960513654,73.1
1851,158.6,6.7,1.3,2.7,22.9641812183,102.6
1852,133.8,1.5,0.9,1.7000000000000002,22.435707001,73.1
1853,422.3,7.5,0.4,2.2,14.1958867388,51.8
1854,200.50909090909093,4.645454545454546,0.8461538461538461,2.566666666666667,24.268479347145455,90.73636363636363
1855,200.50909090909093,4.645454545454546,0.8461538461538461,2.566666666666667,24.268479347145455,90.73636363636363
1856,200.50909090909093,4.645454545454546,0.8461538461538461,2.566666666666667,24.268479347145455,90.73636363636363
1857,151.2,2.4,0.6000000000000001,2.0,17.5986213255,62.1
1858,183.8,4.6,1.1,2.4,16.2860754507,80.6
1859,372.2,10.1,0.8,3.0,13.5321084035,57.8
1860,155.5,5.3,0.9,2.2,22.3132458869,80.7
1861,209.6,2.6,0.8,2.2,20.6233239917,89.2
1862,200.50909090909093,4.645454545454546,0.8461538461538461,2.566666666666667,24.268479347145455,90.73636363636363
1863,194.6,4.5,1.0,2.7,30.8566356815,95.9
1864,201.328561167586,3.5727657222464924,0.6972616170163635,2.6500693303912652,30.0049208776444,100.26158927293373
1865,200.50909090909093,4.645454545454546,0.8461538461538461,2.566666666666667,24.268479347145455,90.73636363636363
1866,200.50909090909093,4.645454545454546,0.8461538461538461,2.566666666666667,24.268479347145455,90.73636363636363
1867,292.83236461437195,6.6062644176461385,0.7827737247008013,2.2312693210580687,15.467037141917446,75.77903737840032
1868,230.8,1.9,0.8,1.9,24.1790176101,67.3
1869,200.2,2.3,0.7000000000000001,2.9,33.473814055,104.9
1870,200.50909090909093,4.645454545454546,0.8461538461538461,2.566666666666667,24.268479347145455,90.73636363636363
1871,225.4,2.6,0.6000000000000001,2.6,31.7784768498,99.9
1872,204.2,3.0,0.5,2.4,30.8325747315,94.2
1873,298.9,6.1,0.6000000000000001,2.6,10.2464915011,64.3
1874,184.6,6.0,0.8,1.8,10.0986098376,125.3
1875,181.5,3.1,0.5,2.4,36.8441633434,114.9
