sample_index,Fe,Zn,B,Cu,S,Mn
0,173.22183,4.823445,1.1482593,2.4474025,23.190664,88.90605
1,304.2063,6.5439367,0.6390767,2.5628095,17.967072,62.58621
2,249.52263,4.8485703,0.85362375,2.7510822,26.45765,88.2661
3,207.85698,2.3587105,0.7045522,2.219963,25.493742,71.014206
4,198.60204,4.353934,0.80232066,2.023257,14.432544,88.61262
5,216.11981,4.7831244,0.8455042,2.5848556,26.452337,88.02101
6,211.48175,3.3834233,0.6625477,2.5474753,37.003967,88.38079
7,198.06467,3.920004,0.81830406,2.069562,19.255957,82.98114
8,210.53207,3.2895076,0.6380446,2.5669231,39.88305,89.38372
9,162.27979,4.0858784,0.8526556,2.4813426,12.568989,66.59508
10,241.37042,6.7175083,0.73385,2.3793056,15.997482,75.97782
11,210.51743,3.2507424,0.6405054,2.5390506,26.442617,89.32646
12,174.84685,4.826366,1.1490064,2.454635,23.362411,88.953285
13,209.54466,3.0588803,0.60767585,2.5539796,31.18649,92.727295
14,247.6706,4.8478675,1.2596138,2.9311888,26.431437,118.38631
15,216.03734,7.183606,0.8529121,3.1353796,31.60985,89.229744
16,315.37125,6.781957,0.69406784,2.5784647,20.474491,69.24748
17,214.52106,4.4853907,0.797758,2.9479775,35.612617,107.29631
18,209.91751,2.8832855,0.7242397,2.313802,25.77701,76.33699
19,340.4645,7.0167103,0.6446868,2.5765898,18.743156,63.103405
20,213.33383,4.075495,0.74387807,2.5859323,42.233032,100.87971
21,213.5285,3.7065568,0.7417423,2.5002937,26.138073,81.86365
22,343.255,7.0595145,0.6508519,2.5782013,19.045078,63.8573
23,166.98892,4.8131714,1.154525,2.414396,22.435783,88.754
24,212.70163,3.9401088,0.7243977,2.5862372,43.631115,108.58971
25,212.79587,3.9473104,0.7271003,2.5819614,38.437977,100.55758
26,208.16925,4.7031674,0.8173809,2.2627754,18.04871,89.06612
27,165.8447,4.8154035,1.1739308,2.4169219,22.478043,88.76387
28,212.66681,3.4343576,0.72619104,2.4597723,26.060295,80.414474
29,213.95416,4.3642516,0.7794946,3.0484507,38.30049,113.64174
30,361.67676,7.6395235,0.6592608,2.5800562,19.351686,64.778564
31,210.36148,3.2197537,0.627195,2.570632,45.811707,89.365074
32,184.32898,4.2139955,0.8182126,1.8841585,12.441748,87.36351
33,215.94095,7.2033014,0.8467101,3.2995238,26.326912,88.275536
34,244.67528,6.75986,0.7196757,2.3662004,15.119278,74.429436
35,241.90074,6.8007035,0.6748008,2.4143777,14.850442,68.31883
36,180.73381,4.819335,1.0635556,2.4629138,23.581654,88.92296
37,213.16861,4.128402,0.74751014,2.9060667,41.9878,113.89359
38,210.82272,3.3553815,0.64745075,2.5672421,39.52558,89.36119
39,216.07924,6.55431,0.8524719,2.9948354,28.303709,89.22014
40,269.43668,6.760524,0.6615749,2.5117776,17.155993,65.57599
41,211.48413,3.618319,0.6798878,2.5821416,44.439896,104.831116
42,351.78488,6.9562035,0.6058463,2.5745106,17.38595,58.329517
43,184.94019,4.318956,0.8139226,1.8845432,11.396195,88.315094
44,210.34402,3.3010392,0.63649553,2.5754097,44.144226,100.01338
45,214.12372,4.412733,0.7860586,3.0728064,38.02742,113.64631
46,215.91739,4.8460946,1.1658695,2.7836137,26.437716,108.60635
47,310.5178,6.560883,0.6221046,2.563072,17.388065,60.449997
48,247.80309,6.905687,0.7350528,2.386859,16.207272,75.924736
49,226.99326,5.7428856,0.976367,2.7627063,30.830402,89.29613
50,257.1459,4.834659,0.8391991,3.2139916,26.30495,88.93729
51,203.89806,1.5051861,0.64710176,2.0393145,25.048838,68.71651
52,167.34311,4.81678,1.1680719,2.4239135,22.638174,88.79086
53,163.70721,4.793532,1.1452959,2.3739693,21.591688,88.70593
54,211.33385,3.2207627,0.71940535,2.3993573,26.00713,81.09726
55,213.95432,4.3886013,0.78167456,3.153193,39.20804,116.74023
56,174.04211,4.8257885,1.1531665,2.4509516,23.282633,88.94715
57,169.32397,4.8093963,1.1226907,2.4182637,22.533947,88.74433
58,212.34926,3.7522235,0.7020787,2.5738668,38.300896,89.35919
59,233.68973,6.8495593,0.6990985,2.3512628,13.9001045,71.83237
60,230.7894,6.798278,0.71073127,2.3479035,14.242173,73.307365
61,216.27776,6.505157,1.0260725,2.9068286,29.613346,102.194466
62,190.14491,4.426534,0.8101139,1.9508215,12.08547,88.78651
63,161.09431,4.8042154,1.1781204,2.3850393,21.776085,88.67221
64,215.99619,6.8646154,0.8462054,3.2257698,26.285322,88.16369
65,212.39139,3.8599985,0.7140297,2.5802364,36.352787,98.58196
66,213.38905,4.0857525,0.74609935,2.5847235,40.317253,99.31175
67,322.06958,6.4297028,0.61737293,2.5699556,17.578543,59.91818
68,207.8343,1.9429433,0.62539315,2.2607906,25.619152,71.4247
69,346.81512,7.4213223,0.67124087,2.578983,19.689968,66.39904
70,209.84421,2.8847308,0.6528579,2.4001284,26.082088,85.32036
71,171.41519,4.821426,1.1544763,2.4394455,23.009193,88.876274
72,210.16925,2.891248,0.6545919,2.4195065,26.152317,83.8319
73,167.54947,4.8050256,1.1281569,2.406466,22.279692,88.727715
74,211.85828,3.6643448,0.6882677,2.5757508,39.027573,92.69718
75,180.13998,4.191876,0.8245238,1.8675168,12.290417,86.864655
76,164.27086,4.8132777,1.1801445,2.409206,22.306858,88.74438
77,216.28427,5.827457,0.99051845,2.7574244,28.975328,94.25353
78,213.89879,4.083599,0.7394316,2.575575,26.344137,88.16434
79,166.51166,4.806425,1.1394148,2.4032276,22.198961,88.7178
80,210.95575,3.447688,0.65630347,2.580078,47.330795,99.38903
81,327.8781,6.7749634,0.6271887,2.571387,17.900848,60.950912
82,157.66284,4.045881,0.85222095,2.478211,11.9473295,65.31142
83,168.81766,4.810361,1.1291175,2.4203076,22.568687,88.73981
84,212.38452,3.6500814,0.72547805,2.477504,26.216988,87.34829
85,194.64972,4.614469,0.8208523,2.1031175,14.852864,89.08377
86,215.91989,4.6892824,0.8279915,2.7048745,26.42037,113.50246
87,211.70499,3.672232,0.6882291,2.5791118,39.725906,101.706856
88,221.32529,6.792451,1.0655094,3.0000665,29.225132,107.61642
89,313.7868,6.5915284,0.6500272,2.5718484,18.700455,63.791225
90,214.7569,4.2437143,0.7599455,2.5749278,26.137281,85.787766
91,213.94275,4.248502,0.7684449,2.5867336,38.868626,104.823044
92,265.01578,5.6943064,0.9472375,2.8329718,34.375656,88.726746
93,173.54231,4.824697,1.1518314,2.4489357,23.230349,88.92628
94,189.5869,4.3351183,0.8119763,1.9391983,12.74212,88.35692
95,232.33286,6.6760483,0.71648157,2.363512,14.9213,73.967606
96,170.46558,4.820979,1.1586087,2.4357693,22.919796,88.85452
97,158.5419,4.08092,0.85289645,2.479924,11.984002,66.13605
98,374.54208,7.987692,0.67279553,2.5819046,19.861013,66.38513
99,202.02829,3.6828275,0.83326536,2.2273974,23.044283,74.60393
100,205.59453,1.8530912,0.68309397,2.1153455,25.181553,66.74304
101,216.12946,4.815675,0.84463704,2.700554,26.389679,87.93489
102,213.44809,3.8757298,0.7807604,2.4698732,26.149479,83.02678
103,213.92198,4.3558493,0.778157,3.0549617,38.730354,113.58413
104,235.16458,6.894001,0.70098865,2.3413563,13.692867,72.17206
105,204.13132,1.6136827,0.66922116,2.043435,25.028864,66.63886
106,324.9542,6.2962093,0.9107203,3.2251017,33.372223,88.61361
107,212.58826,3.8761888,0.71786046,2.5775962,35.928646,94.6053
108,213.98386,4.385272,0.7817735,3.1067228,38.928574,114.77116
109,244.89716,5.5542245,0.94045603,2.7644076,31.250862,89.03012
110,166.6568,4.1106677,0.8521643,2.5075383,13.339411,66.82835
111,166.19414,4.7973766,1.1354154,2.384454,21.832165,88.75149
112,212.48662,3.876758,0.7173795,2.5777779,34.07583,98.49567
113,213.32234,4.1848125,0.7552389,2.9399517,39.015266,116.28945
114,209.2998,2.5121937,0.67692775,2.3079123,25.763964,75.041214
115,208.3114,2.2538662,0.6646802,2.2595952,25.634895,73.33569
116,211.60646,3.6379929,0.68291503,2.579822,41.541782,98.82752
117,168.14069,4.818278,1.168017,2.4266434,22.70897,88.81788
118,338.49918,6.975924,0.6450178,2.576441,18.749573,63.169994
119,239.55176,4.761191,0.8524577,2.575104,26.32006,86.14285
120,219.11394,6.7357564,1.0923829,2.9583607,34.36931,89.226585
121,152.48285,4.0718536,0.91185004,2.4224336,10.767208,66.706955
122,154.72223,4.0433383,0.85335726,2.4580846,10.981022,65.270485
123,237.47278,6.345476,1.0182245,2.9357557,27.543798,97.7702
124,172.64607,4.8244853,1.1618122,2.4476652,23.196623,88.92524
125,209.66112,3.0459738,0.60365784,2.5660782,44.05318,89.37752
126,168.59583,4.815644,1.1509697,2.4231877,22.638536,88.79385
127,181.70384,4.834095,1.1395706,2.4822674,24.033804,89.13595
128,172.62169,4.816664,1.1222696,2.4395003,23.006561,88.82795
129,177.49484,4.801182,1.0611167,2.4274292,22.839352,88.86815
130,213.55513,3.8590193,0.7527931,2.5027413,26.24253,85.630486
131,224.06226,5.8451777,0.99405795,2.7745607,30.62481,89.34989
132,225.19028,6.4603558,1.0792974,2.8913941,32.69112,89.34881
133,209.98767,2.8127584,0.6709964,2.3683531,25.980145,81.36495
134,212.64883,3.885482,0.7193847,2.577335,35.77794,94.50169
135,269.15982,6.857586,0.6681816,2.5063663,17.215162,66.44281
136,210.82303,3.2115202,0.6662932,2.4661791,26.204178,87.59034
137,166.19658,4.817529,1.183154,2.4205496,22.566343,88.802475
138,232.2663,6.7004795,0.6870152,2.3738217,14.155937,70.25433
139,213.95692,4.3715754,0.7802369,3.0783763,38.35381,115.10834
140,211.44548,3.5972714,0.67912674,2.5720282,34.244373,96.93181
141,215.9569,4.845765,1.1203811,2.762855,26.453777,106.28671
142,210.71478,3.0681133,0.7319956,2.352517,25.892614,77.518265
143,216.23843,6.2655363,1.0393515,2.8351617,29.756775,97.974106
144,181.42166,4.824151,1.0745051,2.4706037,23.737076,88.9496
145,165.8075,4.812144,1.1617848,2.4130769,22.397427,88.73848
146,213.01935,4.004923,0.7338222,2.5844696,40.09355,97.570564
147,216.29803,4.6509495,0.84977525,2.5586166,26.16934,83.72014
148,199.29465,4.5148306,0.80414,2.0459268,13.580517,88.9394
149,233.32977,6.761662,0.7023264,2.349619,14.015834,72.37075
150,208.93593,2.5805917,0.6877698,2.2785158,25.739004,77.028015
151,172.73117,4.8288646,1.190303,2.4519393,23.3123,89.005516
152,214.75323,4.4396963,0.7956457,2.585455,33.74918,90.74465
153,212.81812,3.9773695,0.7299855,2.5834575,37.437843,100.46419
154,215.40318,4.5558147,0.8122462,2.586813,30.85257,112.48112
155,162.11826,4.798063,1.1559243,2.380468,21.689983,88.65507
156,180.36458,4.833752,1.1469274,2.477655,23.923813,89.11348
157,213.27934,4.0722485,0.74392295,2.5831618,35.22136,103.15568
158,211.8299,3.6702027,0.6874658,2.5821755,45.646477,98.72762
159,212.5668,3.8907611,0.7182503,2.5828524,40.08002,99.31049
160,207.46643,2.3229973,0.70456827,2.196984,25.44716,71.12425
161,215.11646,4.660998,0.8215892,3.0086575,34.963295,108.30875
162,244.23712,4.8488717,0.89918077,2.60103,35.067642,88.46813
163,214.58546,4.1648912,0.796769,2.5190792,26.249195,84.53083
164,210.06627,3.2024908,0.6241697,2.5704236,42.5832,95.306625
165,284.98257,6.4057674,0.7000425,2.565102,20.174746,70.152985
166,247.05804,5.917551,0.9856316,2.8254864,33.006657,89.20737
167,181.95563,4.387565,0.81482595,1.8780283,10.747584,88.71764
168,170.44957,4.222557,0.85377055,2.4489813,13.849566,70.781044
169,144.00021,4.07502,1.0377581,2.3614378,9.657465,67.563705
170,206.0391,1.7606804,0.6570546,2.1464124,25.33005,68.12136
171,213.86636,4.2246094,0.84015167,2.4634535,25.880833,79.80736
172,156.41856,4.083554,0.87942725,2.4328465,11.25857,66.93377
173,211.6339,3.6218636,0.68447626,2.56614,30.28971,92.50231
174,212.63213,3.8064594,0.72231156,2.5362055,26.389164,89.1618
175,164.36626,4.3231277,0.92650914,2.3572853,12.438645,73.925575
176,178.44794,4.0204434,0.8247262,1.8281928,12.442912,84.87344
177,213.38002,4.1191854,0.7490586,2.5862114,38.99129,98.72097
178,211.8934,3.2026312,0.71916175,2.4198802,25.98053,78.1616
179,208.28337,2.4398327,0.6939502,2.242874,25.589247,74.22181
180,215.9018,4.8447456,1.1867956,2.7871034,26.432096,110.257935
181,212.60638,3.932907,0.72348213,2.58462,39.51104,105.60839
182,237.11278,6.8983774,0.6998453,2.349933,13.885417,71.94501
183,183.69762,4.8379836,1.1466442,2.490718,24.244938,89.20967
184,213.41142,4.1097426,0.749523,2.5848734,39.092697,102.14023
185,209.10065,4.136147,0.84302074,2.3967516,24.71685,78.99749
186,251.00545,6.010254,0.9680234,2.9016902,32.162056,89.08099
187,234.7356,4.96334,0.9227431,2.6137428,37.79745,88.54736
188,234.56152,6.6986127,0.7176263,2.359378,14.856552,74.18631
189,214.87439,4.3389297,0.80020237,2.5511053,26.40672,87.37903
190,238.03198,7.5784163,1.1120591,3.1894336,29.992968,104.74636
191,162.49304,4.798907,1.1602852,2.376567,21.618565,88.68917
192,211.29039,3.5469043,0.66998357,2.5809133,45.32109,100.8372
193,158.87512,4.086043,0.8527194,2.4873435,12.152612,66.12013
194,210.06592,3.1144526,0.6151807,2.5616267,40.963417,89.277725
195,155.73013,4.057191,0.8535142,2.4521391,11.249861,65.92763
196,216.73297,6.312752,0.9618955,2.8875022,31.64367,99.147575
197,301.86047,6.4199247,0.6506736,2.5677242,18.556007,63.915092
198,208.33817,2.4560618,0.6783516,2.2668176,25.77126,76.73423
199,214.9675,4.6006236,0.81406915,2.9469607,34.202778,105.06445
200,216.1069,6.960311,0.8528983,3.1009672,32.89784,89.238174
201,168.46959,4.817481,1.159683,2.426601,22.705233,88.80217
202,216.01137,6.9963884,0.85207915,3.0858252,29.167082,89.242424
203,217.9414,5.21886,0.8525086,2.7387738,26.4552,90.662735
204,208.72156,2.2829945,0.5920817,2.3820317,26.04208,80.57165
205,243.43715,6.4085484,1.0277795,2.952184,31.405043,89.327156
206,321.7488,7.1965017,0.73867166,2.5779438,21.897228,74.84269
207,236.79523,6.851254,0.70644003,2.3569152,14.331779,72.70412
208,244.73796,6.6906834,0.7237028,2.385114,15.795428,74.736404
209,172.53317,4.82497,1.163437,2.44651,23.17392,88.927
210,158.62459,4.0772905,0.8524916,2.4881413,12.171942,65.88214
211,212.84828,3.9551742,0.7271654,2.5850482,42.83396,102.902466
212,158.86151,4.0759606,0.85282874,2.4773648,12.01235,66.12825
213,213.22983,4.0952787,0.7458498,2.586222,38.30276,103.6505
214,210.55203,3.330858,0.64114636,2.5753071,44.94615,97.756134
215,216.09438,4.8301716,0.8362744,2.9508336,26.121548,86.81253
216,165.84529,4.815278,1.1747587,2.4178417,22.498081,88.76575
217,172.18526,4.8257833,1.1700656,2.4455569,23.153408,88.93135
218,173.99045,4.824035,1.14269,2.4491003,23.23444,88.91643
219,164.50493,4.805294,1.1501169,2.3990688,22.094534,88.686195
220,216.15022,5.4034767,0.84335744,2.9357553,26.169296,87.80698
221,159.09015,4.040511,0.85242623,2.4797,11.792383,65.1353
222,347.3285,7.5706396,0.70235205,2.5811768,20.82542,70.12945
223,169.16985,4.818079,1.1578689,2.4303617,22.79126,88.81741
224,211.76149,3.7026641,0.6903506,2.5856948,47.091717,109.20861
225,226.34204,4.699911,0.84972477,2.5671408,26.414059,85.55054
226,242.89293,6.6314936,0.67024475,2.4143815,14.769782,68.0025
227,208.16014,2.3563213,0.5965525,2.3684874,26.063822,83.47167
228,163.21771,4.804529,1.1576095,2.3970084,22.036316,88.663536
229,168.21765,4.8160496,1.1563131,2.4248073,22.662737,88.78614
230,215.51707,4.5589576,0.8418748,2.5417871,27.376781,85.81615
231,185.8753,4.4026246,0.81453633,1.9233282,11.780332,88.73674
232,193.4657,4.490201,0.81143963,2.0114975,13.183136,88.94271
233,214.72882,4.4924774,0.80077237,2.7591054,34.59358,100.357376
234,169.5325,4.8148007,1.1393764,2.428166,22.738983,88.778046
235,212.82417,3.964807,0.72806007,2.5857801,42.785324,105.184944
236,214.19276,4.3067775,0.7777212,2.5852592,35.42334,102.93408
237,194.5034,4.8444223,1.1408025,2.5296133,25.193186,97.87383
238,173.64432,4.826737,1.163445,2.4514956,23.292397,88.95792
239,198.36108,4.4934916,0.8051467,2.0383132,13.647573,88.916275
240,154.48355,4.065515,0.8735515,2.432892,11.009321,66.443695
241,191.2886,4.833029,1.03871,2.5076222,24.628098,89.15744
242,214.87375,4.8453627,1.1108625,2.683763,26.42603,103.97997
243,243.5257,6.9476547,0.7016385,2.3616087,14.277353,72.07558
244,235.67918,6.760845,0.71894646,2.3593867,14.888659,74.29635
245,209.94215,2.8896637,0.7279723,2.3140469,25.770363,75.74157
246,167.38393,4.8141,1.1556942,2.4203753,22.562275,88.765076
247,176.8197,4.8269353,1.1341264,2.4610686,23.51234,88.97042
248,179.3053,4.8239555,1.094207,2.465241,23.60986,88.94267
249,153.23337,4.046451,0.8586029,2.438029,10.741614,65.75046
250,172.5938,4.825365,1.1665199,2.4479687,23.205256,88.93448
251,213.21233,4.049405,0.74171865,2.5813894,35.782497,99.609406
252,216.02284,6.8634253,0.8510994,3.110606,26.454569,88.96168
253,196.00513,4.49678,0.80786157,2.0225255,13.282976,88.918945
254,175.32489,4.8268805,1.1479516,2.4565568,23.40856,88.964935
255,211.32782,3.536086,0.66894925,2.5800123,45.886627,97.53761
256,212.13397,3.785818,0.70317376,2.583474,42.701973,103.37756
257,222.72372,6.606264,1.016617,2.9474082,29.972961,94.57671
258,214.35063,4.386269,0.78668183,2.6126626,33.5701,99.543686
259,211.0368,3.182227,0.7446661,2.3665667,25.913633,77.332184
260,216.18282,5.979776,0.8460613,2.9564705,26.25551,88.366905
261,168.36682,4.8179636,1.1632445,2.4270701,22.715492,88.80826
262,215.92058,4.7020535,0.8528351,2.5620642,26.229189,84.83754
263,216.1096,6.158638,0.84424114,3.0605628,26.224844,88.098694
264,209.1094,2.4509516,0.68498504,2.2847443,25.658653,73.01405
265,215.92636,7.918638,0.85114604,3.2665641,27.459364,89.17059
266,216.27304,7.1192493,1.0869153,3.0296333,31.204334,106.89717
267,168.53618,4.8188744,1.165541,2.4273577,22.725288,88.819466
268,208.11111,2.3511398,0.617358,2.3219829,25.918997,82.041885
269,162.30597,4.040195,0.8522622,2.481207,12.32362,65.40421
270,164.25833,4.1142955,0.85253847,2.5016868,12.986831,66.88276
271,288.9805,6.658971,0.65436816,2.547562,17.984814,64.470116
272,216.15334,5.2258267,0.85114026,2.873705,32.37311,89.05943
273,208.32915,2.4687614,0.69295496,2.2476573,25.625572,75.014725
274,207.58745,2.2139065,0.57543373,2.3609078,26.016249,84.179955
275,213.57426,4.312341,0.77023983,3.2223845,39.704433,121.699165
276,167.99385,4.8169694,1.1632558,2.4253366,22.675768,88.79707
277,156.04915,4.029109,0.8536466,2.4269555,11.168883,65.96173
278,174.21788,4.7104707,1.0452825,2.2975235,20.385775,88.902855
279,161.37183,4.0876265,0.852652,2.4914193,12.373414,66.21328
280,165.76538,4.077828,0.85215855,2.4914606,13.137624,66.418015
281,209.27505,2.5550637,0.6901712,2.297489,25.739634,74.47043
282,213.05943,3.7436228,0.8003448,2.4184628,25.961515,77.61619
283,209.28293,2.5212646,0.67053837,2.313129,25.787388,76.34823
284,210.61116,3.2067041,0.63783026,2.539139,28.905691,88.86752
285,213.66573,4.21405,0.7615402,2.683199,38.846252,102.25675
286,206.64331,1.9965479,0.58979845,2.2668781,25.794283,81.053055
287,216.28223,7.390216,1.0667112,3.0851102,34.201893,94.85793
288,167.25087,4.8112173,1.145677,2.415751,22.466358,88.74161
289,169.93793,4.810744,1.1241069,2.4205005,22.606756,88.78557
290,289.64832,6.333461,0.62826294,2.5446532,17.06895,61.438034
291,233.19025,6.6793256,0.71046007,2.3556023,14.495866,73.36134
292,392.06635,7.195861,0.82098126,2.5861537,24.844505,85.53731
293,233.43073,6.3845577,1.0089912,2.9263349,32.409527,89.3218
294,212.35535,3.5216246,0.7641268,2.4192746,26.024868,79.575455
295,269.47284,6.3982806,0.8456237,3.2462935,26.220804,88.73318
296,175.06325,4.8226137,1.1252908,2.4502792,23.265522,88.906204
297,238.25041,6.8511553,0.6859075,2.4102595,15.072694,69.53848
298,268.91083,6.724351,0.7446648,2.4378946,18.042757,76.98178
299,231.80469,6.7727094,0.69276893,2.3388653,13.376785,71.32938
300,169.59161,4.7646475,1.1144874,2.343465,21.12631,88.898605
301,175.51144,4.0439095,0.82466453,1.7998846,11.5936575,85.430626
302,212.54256,3.9152546,0.72010547,2.58673,42.849274,110.48854
303,167.83923,4.8182936,1.1710467,2.4257598,22.688883,88.81794
304,213.99782,4.258767,0.8417486,2.4736457,25.861225,79.8416
305,181.94138,4.4405966,0.8172002,1.9067509,11.125263,88.86955
306,216.29079,6.8964996,1.0450857,2.9827704,32.12612,102.07458
307,213.73946,4.313221,0.77193004,3.0805695,40.125187,116.10987
308,177.54807,4.3499436,0.8530397,2.460679,14.996612,73.33034
309,211.6114,3.2674012,0.7284819,2.3991423,26.011467,80.66256
310,206.6977,2.0760007,0.67860746,2.166088,25.41117,71.48135
311,213.44856,4.1110635,0.74869716,2.586667,42.552372,104.61689
312,195.10158,3.5070891,0.82594585,2.0648584,20.768076,75.49164
313,171.00903,4.7981353,1.0981178,2.4050741,22.306217,88.77356
314,187.2279,4.3108654,0.81739813,1.9290947,12.721121,88.07979
315,209.94914,2.7298648,0.6864965,2.346552,25.894596,76.9833
316,170.54723,4.8201547,1.1570122,2.4374223,22.953964,88.85476
317,336.2988,6.8515787,0.6527556,2.5776155,19.106684,64.17348
318,216.2146,6.5494857,1.0340239,2.9243376,30.32008,106.6246
319,166.86134,4.8145695,1.1607527,2.417102,22.490562,88.76261
320,181.33342,4.321651,0.8150091,1.8532115,10.588199,88.414406
321,213.02661,4.000619,0.73438454,2.5807621,36.031662,95.089325
322,159.11415,4.0669804,0.8526523,2.4862769,11.921347,65.59511
323,165.57053,4.808483,1.1516426,2.4051476,22.236565,88.72258
324,325.07587,6.382832,0.6180655,2.57161,17.706043,60.020485
325,236.36307,4.8482323,0.8749227,2.6375978,28.20374,88.42272
326,226.10867,5.8142033,0.9939801,2.7683487,30.595451,89.335175
327,214.85033,4.4278393,0.79511905,2.5837963,35.12914,89.31762
328,187.0356,4.8330545,1.0854101,2.4966621,24.374949,89.16435
329,158.56332,4.0746956,0.85247207,2.481347,12.1753235,66.01818
330,149.1235,3.9553146,0.8525962,2.4376216,10.287594,63.432293
331,213.56308,4.1521287,0.7543591,2.5870612,41.620834,106.20163
332,214.89069,4.4535065,0.7961633,2.6060982,30.021002,114.40894
333,213.67633,4.177781,0.7583478,2.5867956,40.593834,107.2077
334,212.9042,3.9896054,0.7313611,2.5870724,44.245205,114.346436
335,213.2554,4.101269,0.74686587,2.5848937,35.73562,100.97488
336,172.00235,4.823596,1.1628963,2.4445958,23.126575,88.91099
337,179.58228,4.750647,1.0523813,2.3634915,21.72819,89.013626
338,216.29927,4.5840893,0.84308743,2.550118,26.33393,83.95582
339,235.6025,6.945085,0.68491805,2.3281076,12.752689,70.39447
340,214.38223,4.464688,0.79425615,3.0110044,36.50332,111.04031
341,176.42368,4.825643,1.1314561,2.4591012,23.464611,88.954575
342,215.73378,4.8080754,0.84290135,2.944527,34.329845,104.26738
343,214.0472,4.3650165,0.7808044,2.9507885,37.632317,110.65646
344,172.64938,4.8209295,1.1372404,2.440417,23.036516,88.86752
345,211.8117,3.6865964,0.6895762,2.5808022,42.02867,97.648636
346,215.31903,4.452154,0.8106797,2.5641062,26.379677,86.746994
347,216.00786,4.8446293,1.1914985,2.8084228,26.44154,110.974884
348,213.02618,4.0056777,0.7344444,2.584627,40.8202,101.15443
349,186.29655,4.4463315,0.8125131,1.9244263,11.31972,88.84759
350,211.95328,3.7542229,0.6988544,2.5833242,42.257812,107.869385
351,212.53029,3.8795083,0.7173251,2.580129,37.2525,97.500854
352,353.44043,7.4444275,0.65535563,2.5787048,19.15971,64.366066
353,215.4209,4.642273,0.8234357,2.6824164,32.91383,99.51413
354,168.52594,4.800233,1.1169409,2.4010642,22.191797,88.749916
355,216.03047,7.591097,0.8486836,3.2428544,26.373573,88.750916
356,316.1103,5.8787913,0.8534352,3.1729772,30.222916,88.34996
357,167.78754,4.8161974,1.1612897,2.4242537,22.648941,88.78806
358,207.4919,2.2191877,0.66185683,2.2246556,25.61891,75.50809
359,209.93117,2.962031,0.7127166,2.3133936,25.803534,80.547844
360,213.46582,4.10546,0.7489011,2.5832412,37.629963,94.06003
361,166.33601,4.809273,1.1465793,2.4095812,22.327494,88.72046
362,208.09369,4.7029,0.8290732,2.3002782,19.509459,119.324585
363,175.83888,4.267095,0.8285713,1.8709545,11.930966,87.563576
364,212.13354,3.7753415,0.70230114,2.58239,42.02659,102.632484
365,211.89911,3.737024,0.69642013,2.5827796,41.647705,106.76989
366,179.34453,4.6626606,0.8457516,2.1692417,17.339067,89.31036
367,162.01949,4.8035555,1.1638281,2.3918831,21.917398,88.643715
368,155.10083,4.048891,0.8533148,2.4618278,11.075397,65.335205
369,213.25612,4.0636578,0.7426053,2.5852365,40.837265,101.22919
370,162.98047,4.8012443,1.1557677,2.385997,21.812737,88.67473
371,213.74869,4.4168286,0.8487313,2.489876,25.763243,81.743286
372,209.89027,3.1334386,0.6197989,2.5491078,27.98364,91.080505
373,210.8365,3.4234507,0.65441847,2.5741808,40.769398,99.193596
374,174.26099,4.8275075,1.164126,2.454561,23.366158,88.977745
375,197.7939,4.5512514,0.8086385,2.0505738,13.520585,89.01866
376,215.34624,4.4592557,0.8067499,2.5685449,26.326029,86.16871
377,345.58832,7.1576524,0.65782475,2.579071,19.311523,64.74664
378,212.39388,3.7550178,0.7019325,2.576592,41.819862,89.349754
379,171.59631,4.82326,1.1606455,2.441338,23.051949,88.892876
380,211.85683,3.6023269,0.6790804,2.5786173,46.286602,89.36157
381,156.1258,4.068173,0.85378885,2.4440453,11.328961,66.44855
382,179.90758,3.7589998,0.83263797,1.8982539,15.585523,79.759514
383,184.50342,4.37023,0.81696457,1.9154494,11.961831,88.59644
384,223.07877,6.0845213,1.0272112,2.818596,29.931574,89.38989
385,157.09793,4.0457234,0.85238296,2.481039,11.691411,65.10594
386,177.29303,4.8203216,1.0959258,2.4555447,23.38919,88.89557
387,216.26889,7.0283775,1.0642506,3.020262,30.484089,107.751465
388,213.85118,4.247507,0.8322195,2.4719508,26.181269,82.89135
389,211.2016,3.2106123,0.7295759,2.384257,26.013542,80.189064
390,197.29964,4.836874,1.0241959,2.5277276,25.145681,89.32306
391,213.2787,4.064531,0.7438306,2.5809596,35.299294,96.818405
392,169.23642,4.819112,1.1607698,2.4309323,22.804037,88.82516
393,229.69833,6.7231045,1.0590606,2.9827242,31.77138,89.84085
394,213.5952,3.8233938,0.76697296,2.488231,26.168798,82.43349
395,170.42632,4.8231115,1.175358,2.4400136,23.016342,88.89467
396,157.57304,4.0453115,0.8527137,2.4760273,11.53003,65.167816
397,208.04906,2.346304,0.694391,2.2318292,25.556713,72.07512
398,234.87701,5.6673937,0.98359966,2.764525,33.059692,88.739174
399,207.9704,2.5950515,0.5434625,2.551761,39.85529,89.337395
400,241.3833,6.8943415,0.7240723,2.368662,15.30118,74.74238
401,211.6188,3.4084342,0.76497346,2.3837693,25.958206,78.701935
402,215.51793,4.67821,0.8262356,2.7343876,28.765175,93.6489
403,211.55138,3.2068462,0.715265,2.4080706,25.995796,80.722595
404,216.16551,6.190015,1.0273957,2.836356,29.56017,103.44355
405,153.93146,4.045371,0.85358876,2.4506135,10.861454,65.44774
406,207.56024,2.3800929,0.7104462,2.1986756,25.416199,71.39683
407,183.71342,4.8316197,1.100454,2.485499,24.09853,89.09188
408,216.17308,4.6968927,0.8463094,2.5681531,35.66223,87.143555
409,187.04536,4.0034585,0.81980294,1.9016757,14.385687,84.57923
410,177.48483,4.831845,1.1668493,2.4683712,23.709444,89.08952
411,212.75638,3.9676118,0.727651,2.5861835,41.60597,104.10018
412,216.28162,4.846539,1.1543372,2.812242,26.45248,109.45851
413,186.6621,4.4572425,0.8124467,1.931226,11.4245,88.87282
414,196.61462,4.4624114,0.80630356,2.0191574,13.450786,88.879906
415,208.82417,2.7227051,0.598794,2.4471009,26.174856,88.410164
416,213.37881,4.1045527,0.74822444,2.5856152,39.800743,102.96795
417,209.54643,2.8676763,0.62347555,2.4535758,26.230616,87.417175
418,246.70638,5.111559,1.1804607,2.941061,26.4598,115.47616
419,236.85551,6.74323,0.71873856,2.3649533,15.041452,74.23423
420,212.27475,3.79699,0.7070159,2.57723,37.08427,98.00566
421,158.44086,4.0844545,0.85383725,2.4397478,11.769287,67.19469
422,158.96608,4.0688124,0.8526851,2.4863422,11.908468,65.618195
423,213.02779,4.0167694,0.736485,2.584333,39.338043,107.01088
424,213.65648,4.1894646,0.7600598,2.5834901,33.58685,96.48409
425,243.76497,6.9792247,0.7043576,2.3494866,14.04498,72.55855
426,327.227,6.780551,0.64635426,2.5741673,18.687744,63.397545
427,216.2584,5.7486305,0.97996306,2.7477198,28.442558,97.043045
428,280.88217,5.188862,0.85360026,2.8939085,27.6945,88.482475
429,169.67397,4.813553,1.1328144,2.4242973,22.664867,88.772255
430,282.84085,6.5780163,0.63889396,2.5332172,17.03199,62.67695
431,205.11244,1.5104861,0.6391347,2.109464,25.24139,66.89747
432,215.93913,4.8447843,0.84881645,2.9009895,32.905586,99.361694
433,207.37338,2.3277154,0.5320877,2.4707344,26.274775,88.96635
434,213.24226,4.0946474,0.7454155,2.5866976,39.528812,102.24286
435,207.89076,4.844744,1.1065811,2.5703394,26.10093,105.28224
436,212.86752,3.9881864,0.7319446,2.5813248,34.75517,98.482544
437,165.29407,4.8123727,1.1669197,2.4141061,22.40726,88.727776
438,206.61467,1.9531806,0.6730484,2.169485,25.356913,68.88807
439,172.64122,4.8248763,1.1621243,2.4469156,23.182367,88.92684
440,219.46037,6.423017,1.0382746,2.888872,31.21424,97.61178
441,168.96072,4.813375,1.1395258,2.4247758,22.666796,88.76875
442,212.36049,3.8128676,0.7080279,2.5809772,41.07866,96.286766
443,205.8335,4.706972,0.8328989,2.2955298,19.533188,119.68455
444,216.29468,7.2681694,1.0944885,3.054627,32.431137,104.493126
445,212.97668,3.9381402,0.72705925,2.5773568,36.738285,89.37401
446,174.24107,4.825659,1.1522613,2.452744,23.317648,88.94579
447,207.00552,2.118029,0.6745556,2.1849144,25.441013,72.459595
448,154.49838,4.063222,0.853592,2.455421,11.134472,65.880516
449,212.15247,3.7701807,0.70283824,2.577927,37.788185,99.15042
450,213.58086,3.8961656,0.71342254,2.5655396,26.20688,86.70406
451,234.36865,6.8115,0.71898186,2.3579094,14.825117,74.23267
452,211.346,3.5926347,0.67591,2.5822089,44.19475,105.6291
453,211.91595,3.655745,0.6873503,2.574681,38.7692,89.37884
454,214.7852,4.5209684,0.84991205,2.5149965,26.132662,83.39549
455,204.88959,1.6414139,0.6615054,2.0916462,25.167595,66.99026
456,211.19427,4.613088,0.807138,2.2754474,18.859434,89.14564
457,164.992,4.801356,1.1470051,2.3873098,21.86458,88.72742
458,210.33177,3.2478724,0.6297751,2.5737405,46.260143,92.401665
459,155.12975,4.783156,1.1921186,2.334624,20.687637,88.601
460,212.10406,3.6742196,0.6932174,2.5681164,36.32132,89.32798
461,187.71638,4.441198,0.81035274,1.9280221,11.386657,88.84806
462,175.63635,4.831155,1.1750073,2.4614244,23.540699,89.049835
463,216.06738,6.4076076,0.8502948,3.0598555,26.41057,88.695114
464,220.42046,5.9596643,1.0240301,2.7813962,32.517014,89.191505
465,212.79465,3.9092498,0.7241909,2.571915,31.030668,89.3812
466,216.41463,6.680251,1.0592663,2.936036,31.994823,91.850746
467,210.11551,3.2351055,0.62673205,2.577236,47.947678,100.31779
468,186.78389,4.397212,0.81225765,1.9187527,11.630172,88.7269
469,235.4469,6.6620717,0.72434074,2.362106,15.189972,75.02588
470,286.01434,5.066964,0.85239255,2.9819367,30.018433,87.76531
471,174.83218,4.825999,1.1492925,2.4549928,23.370018,88.954575
472,215.01007,4.567985,0.81141,2.7647471,33.284294,98.69844
473,211.25453,3.4397354,0.660821,2.5644574,37.64659,89.27683
474,206.16151,1.9202158,0.6772972,2.1396189,25.264683,68.642944
475,153.6222,4.044407,0.85352993,2.4500527,10.896246,65.486
476,212.34921,3.8473501,0.7118701,2.5833917,40.96602,102.497894
477,211.16148,3.5047941,0.66435206,2.5798311,45.447006,99.21032
478,167.65326,4.8107147,1.1417907,2.4142995,22.442802,88.75062
479,211.74184,3.6893559,0.689793,2.5820587,42.28739,103.72717
480,206.95375,1.8594627,0.6156199,2.2213473,25.579834,74.59956
481,208.10304,2.2834103,0.6877111,2.235923,25.543058,71.329285
482,215.81088,4.630717,0.83125,2.5743313,26.432404,87.332146
483,173.24751,4.827882,1.1756263,2.4516227,23.300402,88.98027
484,193.41988,4.440933,0.8134188,2.0139375,13.802125,88.78218
485,210.30421,4.845459,1.0681312,2.5761783,26.225315,102.089294
486,213.9537,3.8592882,0.7508015,2.5191195,26.192257,83.262955
487,158.36317,4.0403805,0.8534868,2.4376423,11.408256,66.01193
488,211.60864,3.3338728,0.7548941,2.3890345,25.935926,78.12145
489,214.19127,4.207596,0.750187,2.5815666,26.246233,87.672226
490,214.33025,4.3759556,0.84586555,2.4951665,25.98825,81.25276
491,216.22798,6.426559,0.84427625,3.0686448,26.198374,88.17324
492,184.99852,4.4104037,0.8108788,1.896681,10.936021,88.82669
493,208.70903,2.7341158,0.57367104,2.5194378,26.430315,89.264435
494,216.30113,6.651893,1.0096303,2.9400485,31.373688,100.3822
495,205.5337,4.696992,0.8135786,2.202138,16.317566,88.94424
496,221.26936,5.862112,1.0412492,2.729923,33.297375,89.06813
497,215.8091,4.6843634,0.80313367,3.039315,25.964783,86.66303
498,358.80066,7.6007395,0.66611636,2.580446,19.603266,65.59717
499,170.8244,4.814465,1.1266438,2.431022,22.811071,88.78506
500,209.60455,2.8452656,0.7316847,2.2944453,25.70697,74.87448
501,166.87921,4.814697,1.1629407,2.4174778,22.503868,88.77747
502,362.15277,7.759919,0.69690025,2.5825953,20.721834,69.42209
503,202.6519,4.241764,0.8095286,2.1051927,17.683792,87.098656
504,214.49106,4.2098365,0.81126493,2.510979,26.339134,84.21513
505,223.8199,6.211582,1.0594995,2.8300285,34.05387,89.16063
506,236.64682,5.703147,0.9787957,2.755954,31.80279,89.15308
507,210.5196,3.152379,0.6519417,2.4793482,26.255667,88.09482
508,236.88094,6.8785896,0.6852001,2.3572803,13.576495,70.102486
509,163.24905,4.1830897,0.88902766,2.4390218,12.645326,69.51776
510,215.20932,4.4190736,0.81582284,2.5497465,26.36393,86.29498
511,248.38615,5.3555174,0.91273785,2.7614408,28.287476,89.15532
512,334.60236,6.74528,0.6173708,2.5721323,17.637302,59.763023
513,208.39359,2.6030064,0.57367265,2.4691665,26.266586,88.80022
514,212.64998,3.9254827,0.7224831,2.585918,43.57687,107.69404
515,164.2433,4.8052974,1.1529368,2.39793,22.068037,88.690025
516,216.30856,4.8167934,0.8410104,2.96544,26.395166,89.24578
517,182.25252,4.3191,0.8184556,1.8880011,11.712881,88.35047
518,235.54414,6.8653927,0.7038796,2.3491127,14.018175,72.45819
519,167.89934,4.8157935,1.1584449,2.424713,22.656853,88.781876
520,212.17616,3.7803946,0.7028636,2.582459,42.549995,99.68203
521,213.84227,4.2497783,0.7669712,2.678168,39.130035,102.49264
522,216.30573,4.774052,0.8526221,2.5751421,26.432064,86.663765
523,207.98694,2.3955746,0.7060823,2.2258499,25.502247,71.40387
524,206.76013,2.087899,0.68693304,2.1699607,25.377335,69.83263
525,312.05212,6.8477345,0.6757123,2.5710495,19.49561,67.120804
526,249.16687,6.1503086,0.7381999,2.5459137,20.932426,74.68887
527,210.12369,2.975028,0.72060895,2.3270504,25.848421,78.93451
528,245.9765,6.754199,0.71284527,2.3730385,15.058166,73.5376
529,172.18146,4.821979,1.148874,2.4425378,23.078518,88.88035
530,212.84926,3.621888,0.78518176,2.413499,25.991524,77.7585
531,215.89961,8.207519,0.849409,3.379642,26.431732,88.87074
532,213.68564,4.169263,0.75748837,2.5859685,40.185467,101.55239
533,170.55943,4.8181477,1.1445256,2.4343462,22.88197,88.819145
534,250.75487,6.652302,0.75077724,2.4091914,17.462551,77.84997
535,243.54459,6.363763,0.68590295,2.4549978,16.515585,69.54651
536,246.00092,6.663436,0.71605664,2.382694,15.4703865,73.89962
537,212.5776,3.8753445,0.71664,2.5812278,39.625652,95.95191
538,211.74216,3.6372986,0.6864511,2.567401,31.220545,89.851814
539,177.52927,4.8312235,1.1562214,2.467318,23.672203,89.0512
540,242.5654,6.300505,1.0413347,2.9410596,26.468721,104.83003
541,216.25305,5.8412905,0.98636854,2.7674432,28.866034,98.20192
542,173.1985,4.8275948,1.1743587,2.4510412,23.288,88.97768
543,265.36798,6.7718782,0.7378616,2.4157689,17.17058,76.320244
544,215.22226,4.6247983,0.8186983,2.8266163,34.99791,100.0758
545,195.25061,4.596149,0.81844664,2.090666,14.5896845,89.10566
546,216.25003,6.5393405,1.0388386,2.8982491,30.1013,100.5662
547,212.08661,3.7631714,0.7014811,2.5763154,34.96773,96.35648
548,290.18195,6.2078853,0.67400974,2.570074,19.470232,66.825424
549,179.76744,4.8178573,1.0675471,2.4604948,23.511395,88.89932
550,215.00278,4.4827714,0.8018615,2.585818,34.12216,89.384674
551,224.71988,5.7022443,1.0324869,2.682097,34.102463,88.873184
552,211.7212,3.5502472,0.6858334,2.5366483,26.407713,89.094086
553,159.16602,4.09382,0.85276353,2.4859393,12.273088,66.409584
554,212.76349,3.9391117,0.725386,2.5811532,37.226997,95.80922
555,307.196,6.4171705,0.61788154,2.561122,17.210667,60.04007
556,319.13855,6.4830947,0.61333644,2.5674622,17.298466,59.34904
557,214.53065,4.4504066,0.79407495,2.820702,36.624313,103.54695
558,213.05876,3.8449929,0.72665375,2.5484881,26.432487,88.22074
559,149.50629,4.1458464,1.0627352,2.3649182,10.622616,69.49598
560,172.22064,4.825185,1.1687675,2.4464326,23.169968,88.92898
561,213.8096,4.3775043,0.8471746,2.4824128,25.816622,81.41227
562,215.44052,4.5490904,0.8507323,2.536539,26.025188,81.94708
563,159.33014,4.099908,0.8677041,2.4358714,11.879443,67.642265
564,211.30675,3.5141506,0.6684656,2.5713003,38.10064,92.65805
565,324.49063,6.544719,0.62806624,2.5719078,18.011173,61.177017
566,209.93813,3.1210065,0.6131316,2.5705492,47.036922,90.138596
567,212.47633,3.8819065,0.71632236,2.5852191,43.15881,105.15733
568,275.5722,6.4540844,1.1535168,3.0877218,26.445469,115.467415
569,168.59294,4.81428,1.145831,2.4199822,22.575481,88.78619
570,207.5937,2.2172923,0.6244673,2.27654,25.795998,79.6903
571,168.01668,4.815182,1.1547165,2.4237466,22.637661,88.775696
572,173.29843,4.827149,1.1708949,2.4513426,23.290728,88.96853
573,167.61714,4.8077335,1.1324252,2.4117537,22.384829,88.72782
574,247.43867,6.7863865,0.7017882,2.411891,15.733967,71.72598
575,210.4929,3.589315,0.81578285,2.3297462,25.396141,74.43875
576,173.2557,4.8254867,1.1592219,2.4492073,23.235376,88.9345
577,223.58043,7.2938724,1.0730984,3.087277,31.604221,99.28133
578,212.74336,3.8161187,0.72148454,2.5501955,26.485405,88.90797
579,282.99405,6.362218,0.62883747,2.5281184,16.61229,61.708374
580,211.37703,3.5773404,0.6758071,2.5755305,38.563473,99.50282
581,167.6755,4.8029284,1.125647,2.401091,22.176344,88.73095
582,209.46085,2.8039842,0.60713613,2.4816997,26.349432,87.2807
583,255.40775,6.6734304,0.6514254,2.459157,15.358276,65.09425
584,208.62393,2.2820153,0.6585173,2.283603,25.707771,73.56714
585,216.20053,7.207357,1.1212295,3.0220737,32.613777,107.270706
586,210.91193,3.4676375,0.66082895,2.5714676,35.404472,101.44197
587,212.26859,3.7991862,0.7055149,2.582332,42.165497,98.46794
588,236.03714,6.7689857,0.7190908,2.359663,14.89946,74.30674
589,208.6414,2.45479,0.70310664,2.2532563,25.573248,71.84599
590,255.73668,6.6057096,0.66025496,2.4729235,16.066374,66.04332
591,214.24948,4.4244995,0.7887306,2.98807,37.11049,110.29617
592,213.08871,4.060345,0.7405131,2.5877845,40.861404,105.112816
593,225.24408,6.5089,1.0099198,2.9302466,32.15194,93.0672
594,163.27657,4.806742,1.1636972,2.3989305,22.077402,88.679115
595,211.53976,3.623002,0.6828131,2.5730143,34.707214,100.68425
596,168.78793,4.813325,1.1398083,2.4203188,22.57713,88.7704
597,249.17073,6.666629,0.7217121,2.3814943,15.643217,74.65181
598,213.42084,4.1392765,0.7521449,2.5849051,35.18502,98.88472
599,316.44946,6.7185163,0.6373252,2.5694163,18.12979,62.172947
600,181.7824,4.329306,0.8170573,1.8701862,10.985725,88.36891
601,153.64658,4.054162,0.85362303,2.4514546,10.954847,65.68748
602,211.8796,3.7136648,0.69471025,2.5753312,33.95385,102.454094
603,215.11519,4.6226125,0.81744224,2.8999836,34.76941,101.99409
604,226.63606,6.749727,1.0683969,3.0159602,28.533602,109.49815
605,233.09761,6.5039043,0.7142324,2.3914335,15.661374,73.534164
606,169.61676,4.8186774,1.157579,2.4325027,22.842308,88.83115
607,208.86046,2.476213,0.6948416,2.2784936,25.659025,72.81868
608,207.92679,2.476087,0.54262364,2.5106876,26.44848,88.885445
609,234.09547,6.866107,0.697505,2.3540132,13.913659,71.589806
610,201.8027,4.5387645,0.80551434,2.0907204,14.578805,88.96686
611,231.64952,4.9911156,1.1488657,2.8746457,26.466297,111.60378
612,212.93059,3.9980483,0.73286545,2.585569,41.13795,105.39453
613,210.31528,2.9771419,0.736039,2.3260388,25.771513,75.72033
614,207.64656,2.2031379,0.6821059,2.2175093,25.492546,71.38702
615,246.3559,6.4281225,1.0266913,2.9770072,28.702705,95.244316
616,183.62024,4.8095207,1.0354131,2.4570737,23.532272,88.99075
617,169.1523,4.819224,1.1638131,2.4312983,22.814186,88.83343
618,322.44455,6.484665,0.5973615,2.565179,16.668991,57.441017
619,216.23582,7.0015507,1.0645212,2.9875228,32.261894,102.436035
620,213.70676,4.2195673,0.7629716,2.592444,37.14431,101.35794
621,216.25644,6.1448903,1.0139774,2.8183455,30.200504,97.95732
622,311.726,6.4806914,0.6085697,2.5610192,16.877024,58.8659
623,210.73206,3.2820048,0.6338206,2.5786064,54.2117,89.38537
624,213.76897,4.203162,0.76224816,2.5860908,38.65507,103.42978
625,213.33865,3.7900124,0.7446175,2.51185,26.348553,84.800224
626,211.1551,3.2214894,0.70268935,2.415965,26.100927,83.874466
627,210.24983,3.2772965,0.634483,2.5701401,39.10897,98.09573
628,213.66722,4.171259,0.7578381,2.5867145,40.32091,111.78603
629,333.49744,6.732837,0.62498575,2.573066,17.944185,60.735207
630,158.59549,4.063601,0.8537885,2.4269068,11.69056,66.98664
631,257.52844,6.694316,0.66509145,2.4782124,16.358702,66.512825
632,240.60936,6.787919,0.72759837,2.372906,15.573426,75.2133
633,247.29387,6.729762,0.7210173,2.3676827,15.217783,74.63987
634,210.8462,3.4320693,0.65472233,2.5770354,43.3434,99.84405
635,369.5195,7.9026637,0.67593265,2.581597,19.953625,66.80778
636,314.53033,6.451009,0.6323566,2.5689611,18.012398,61.75614
637,215.97124,7.476506,0.8486895,3.2374341,26.395767,88.76982
638,216.23256,6.0854,0.99723125,2.8356905,29.29745,103.00209
639,211.97871,3.7257974,0.6962748,2.5776677,38.300156,96.8914
640,160.26727,4.800663,1.1751907,2.376964,21.595922,88.64715
641,212.1908,3.8007703,0.7059587,2.581561,39.67434,103.083755
642,163.0425,4.7947,1.150547,2.3739429,21.58017,88.694496
643,167.55434,4.8143544,1.1571934,2.4233785,22.624014,88.769165
644,289.16125,6.8211613,0.76277983,2.4496057,19.038168,79.25059
645,214.99039,4.368112,0.7612908,2.585147,25.983746,85.838974
646,238.67886,6.7138433,0.7079038,2.3612854,14.558098,73.01858
647,212.71326,3.9336257,0.72452414,2.584098,40.904564,105.22514
648,314.40503,6.2744308,0.6313465,2.5707977,18.10357,61.640144
649,210.09024,3.863548,0.8330392,2.3572197,25.021133,76.200096
650,210.51035,2.735188,0.6632333,2.3845968,25.928244,78.27827
651,167.972,4.812501,1.1444708,2.4181862,22.524559,88.76002
652,247.24588,6.678008,0.7423138,2.407716,17.09795,76.7578
653,212.53926,3.8896978,0.7180133,2.5846422,42.504326,106.61255
654,216.18494,6.8984127,1.0992087,2.970069,31.336056,107.93994
655,210.05219,2.6900418,0.68656594,2.3449574,25.808777,75.484474
656,213.18732,4.090577,0.74451625,2.6205394,40.05247,105.94023
657,210.02995,3.154685,0.61627746,2.5744388,49.009476,92.80973
658,211.16225,3.1936893,0.73165584,2.377423,25.99608,79.73565
659,214.18335,4.407345,0.786443,2.976652,36.683395,110.236855
660,233.06818,6.6897335,0.7205375,2.3588665,14.942315,74.52342
661,216.19513,4.8297944,0.8302964,2.9768827,26.025623,86.56676
662,214.02252,4.377003,0.78161937,3.0234532,37.479675,112.47983
663,266.843,6.4995623,0.64710146,2.497634,16.344017,64.24922
664,171.27869,4.823736,1.1713668,2.4433727,23.095274,88.91076
665,216.28908,6.8886986,1.0944723,2.9625893,32.80196,98.85415
666,209.37384,2.5775783,0.6880164,2.3014226,25.758646,75.27076
667,215.66592,4.7578216,0.7946829,2.3975472,20.399086,86.6627
668,231.84604,5.7159147,0.9767404,2.7832823,27.363272,93.07132
669,158.18976,4.0639296,0.8523726,2.484094,12.0624485,65.634125
670,215.89603,8.066465,0.8510202,3.3105283,28.114223,89.15775
671,208.7665,2.1403487,0.6264213,2.3065042,25.729774,73.47165
672,212.3397,3.8183541,0.7086351,2.581572,40.784737,99.60048
673,206.56044,1.8943541,0.60603875,2.2245102,25.688454,77.45739
674,290.9641,6.397292,0.62842774,2.5447853,17.063774,61.427483
675,208.10986,2.0422058,0.6296635,2.2729957,25.659899,72.554474
676,209.88945,2.9414086,0.7166301,2.3201342,25.837652,79.242874
677,186.17052,4.488355,0.8151905,1.9511974,11.793395,88.951065
678,283.9253,6.109312,0.6539692,2.5536685,18.28323,64.638565
679,205.60623,3.8806891,0.8370458,2.3230739,24.174469,76.47651
680,209.4814,3.0486026,0.60518116,2.5584807,34.393723,93.70613
681,211.59691,3.6149564,0.68210953,2.57131,34.598663,92.026505
682,208.84334,2.7635167,0.5680121,2.5535686,41.994392,89.207146
683,213.42273,4.11477,0.75040907,2.582245,35.17185,96.522446
684,171.96713,4.818514,1.1332325,2.4379702,22.97035,88.831215
685,214.1302,4.3160295,0.77731514,2.5864782,35.271286,97.737
686,211.07356,3.436013,0.6587067,2.5668933,36.628128,89.37808
687,166.67595,4.804346,1.1330333,2.4019551,22.172201,88.7091
688,196.11253,4.5285206,0.81794715,2.0795722,14.939775,89.289665
689,211.39255,4.6482153,0.80667883,2.269567,18.368515,89.059975
690,212.97073,3.9985187,0.73334956,2.585055,41.11099,104.19768
691,216.13145,4.817629,0.83811176,2.843905,26.180328,86.97853
692,216.29633,4.848845,1.0838838,2.7761562,26.467848,105.23645
693,213.65587,4.133342,0.8333603,2.4485583,25.927416,79.77194
694,245.45929,5.945255,0.99974203,2.8245804,33.02543,89.176445
695,177.89902,4.790421,1.0573744,2.4143941,22.614735,88.89903
696,211.50758,3.8407035,0.8229619,2.3726869,25.636253,78.05096
697,207.3314,2.1289928,0.6690608,2.1996522,25.483313,72.850075
698,212.67654,3.508433,0.7280034,2.4722068,26.144297,82.02879
699,169.11331,4.125182,0.85204154,2.5145535,13.81865,67.22121
700,179.75131,4.322322,0.8152488,1.8387854,10.24822,88.44226
701,209.57678,2.8284447,0.72780234,2.2933874,25.712057,75.217606
702,216.14366,6.954956,0.84391814,3.2007587,26.2261,88.20501
703,152.801,4.0056987,0.853327,2.444874,10.479134,64.529465
704,156.00311,4.0584064,0.8530683,2.4707112,11.386865,65.497665
705,211.87016,3.7071848,0.69345796,2.57778,38.12857,98.11641
706,216.25858,6.9311686,1.0624324,3.0028725,30.298016,108.124344
707,319.5182,6.693426,0.61899257,2.5662642,17.389874,60.032116
708,217.45493,4.8490963,1.0946515,2.7864733,26.467308,105.85803
709,211.73663,3.63233,0.6849083,2.5730135,37.785896,92.218735
710,230.34972,6.897979,1.0771368,3.0375652,28.001078,108.23494
711,215.96536,7.5831594,0.8485395,3.293447,26.368551,88.59222
712,216.3058,7.2029595,1.083442,3.0480819,31.092976,104.62177
713,206.02069,1.9122336,0.64041257,2.1513197,25.41038,75.06784
714,167.98535,4.814016,1.1495807,2.4205935,22.57344,88.768295
715,214.51984,4.5021315,0.79946667,3.0150354,35.902462,110.0965
716,363.33978,7.655011,0.6524535,2.579697,19.10223,63.895443
717,204.297,1.5773566,0.66793185,2.0581446,25.040829,65.426834
718,207.8198,2.1449153,0.6692476,2.2319305,25.555298,71.2888
719,215.71735,4.5377584,0.81399906,2.5782225,33.40665,88.59444
720,307.3322,6.3250937,0.6248705,2.564835,17.600897,60.874016
721,215.289,4.4247265,0.84430915,2.5095732,26.061468,81.55721
722,211.04378,3.4904275,0.6631474,2.5756404,40.099567,98.84583
723,155.21957,4.097147,0.90704596,2.4275599,11.284183,67.414856
724,211.5534,3.5888145,0.67779833,2.5754147,40.26423,94.21832
725,154.2272,4.0421457,0.8527333,2.4675531,11.275031,65.14049
726,209.31285,2.652099,0.68648523,2.3002276,25.75311,77.90687
727,177.57808,4.828498,1.1322927,2.4627,23.558094,88.99058
728,166.48332,4.8121133,1.1558328,2.4145641,22.435215,88.74631
729,214.09499,4.30495,0.776132,2.5861123,34.988304,99.287926
730,173.2233,4.826284,1.165632,2.450154,23.260033,88.951485
731,213.85887,3.8997126,0.76396555,2.5049555,26.17525,83.56975
732,228.1003,5.1487036,1.0493376,2.7705657,26.472956,102.68551
733,212.50331,3.9173388,0.72035515,2.5862477,41.512783,106.7813
734,154.44621,4.0623207,0.8676254,2.4366527,10.990025,66.275246
735,173.49498,4.8298917,1.186728,2.4543564,23.369335,89.013954
736,240.48703,7.218481,0.7109827,2.3442526,14.071274,73.13069
737,218.07349,6.200723,1.0153514,2.8415127,31.03368,90.95694
738,215.97916,7.3365226,0.8513348,3.1910698,26.465158,89.019875
739,218.99168,7.1811533,1.1231022,3.0342507,33.284718,95.32051
740,234.58626,6.64069,0.7223041,2.3622317,15.120498,74.777954
741,213.42108,4.1415405,0.75228685,2.5856738,36.436195,99.37952
742,338.39594,6.581434,0.5998727,2.571611,17.084526,57.6995
743,212.19522,3.8063183,0.7063645,2.5821877,40.075356,102.26533
744,215.70413,4.6395564,0.8141923,2.5859115,26.20713,86.50681
745,209.08908,2.8379462,0.59046054,2.5128303,26.380873,89.178764
746,167.58441,4.8117266,1.1439774,2.4170709,22.49441,88.74342
747,216.18304,5.6970634,0.8384968,3.02218,26.020945,87.31451
748,205.08948,3.6809564,0.8234998,2.2447824,24.05895,76.984146
749,154.23933,4.00398,0.853416,2.4324849,10.805166,65.06395
750,167.81657,4.819079,1.1763237,2.4275744,22.726925,88.82805
751,332.82446,6.5987945,0.61720085,2.5725715,17.693169,59.858917
752,213.90242,4.3738894,0.78000444,3.12901,38.071007,116.64778
753,211.97467,3.7222943,0.6962442,2.5764437,37.143585,97.58924
754,212.40227,3.8359733,0.7112298,2.5816739,40.88965,98.815384
755,212.61865,3.914695,0.72161126,2.5840716,40.788033,104.8537
756,180.69702,4.8331046,1.1437142,2.4789026,23.953812,89.11869
757,226.87607,6.175044,1.0482243,2.8389351,31.400288,89.35136
758,164.17612,4.80624,1.1584113,2.3976157,22.065096,88.70682
759,213.06773,4.0363235,0.7382432,2.5851064,39.353214,102.45497
760,167.22363,4.816678,1.1665043,2.4203496,22.56388,88.78541
761,235.43399,6.9035244,0.6944513,2.3562555,13.854745,71.17328
762,188.75462,4.312858,0.81280184,1.9285499,12.684004,88.21748
763,215.7036,4.6438136,0.8258937,2.5794072,26.427723,88.80868
764,183.8836,4.386535,0.81253684,1.8853252,10.840296,88.71886
765,238.64001,6.0782213,0.98245054,2.8886073,27.364134,94.09576
766,214.323,4.3333087,0.78087664,2.5888734,38.498756,110.27043
767,216.27026,6.600782,1.0650718,2.9085753,31.454578,100.38447
768,298.28296,6.6358237,0.98640764,3.2134714,29.515743,89.10208
769,162.77438,4.807085,1.1720235,2.3945208,21.988537,88.6986
770,195.19432,4.390146,0.8437903,2.5315073,18.5234,72.8416
771,210.74785,3.032895,0.6873984,2.4128828,26.150017,81.950325
772,165.39369,4.807811,1.1525236,2.4025605,22.179781,88.72262
773,211.88017,3.204237,0.70655423,2.4341974,26.03354,79.960365
774,212.04518,3.7272482,0.69662917,2.5790074,41.04447,96.543365
775,211.03207,3.4264646,0.65840864,2.5645785,35.732666,89.739395
776,179.72083,3.9398332,0.8265599,1.857038,13.879702,83.61326
777,215.93057,4.8452926,1.1011382,2.7375846,26.45107,104.80722
778,213.20946,4.08763,0.74475497,2.586216,38.9343,101.910835
779,191.47609,4.483779,0.80822575,1.9664212,11.920109,88.90594
780,196.29764,4.8421245,1.0714566,2.5307674,25.202202,89.38658
781,194.5618,4.519372,0.81211203,2.0320082,13.514553,89.063965
782,175.93484,4.8273187,1.1442682,2.4586558,23.457933,88.97215
783,164.37865,4.8105884,1.1678973,2.4066226,22.25407,88.719955
784,211.70825,3.5683236,0.6722698,2.5814042,48.187263,89.37104
785,211.70053,3.6704078,0.6865054,2.58371,45.721367,103.53154
786,216.27583,6.022281,0.8356956,3.1188426,25.937233,87.0978
787,185.3303,4.826692,1.0598686,2.4848566,24.092442,89.04767
788,212.12297,3.7867296,0.70460165,2.5790808,37.19948,102.767975
789,213.69742,3.9368317,0.7751138,2.4959054,26.275204,84.34956
790,207.54372,2.1625135,0.6685678,2.2175279,25.534258,73.021614
791,168.60858,4.8211064,1.1785876,2.4318113,22.823141,88.85005
792,216.13382,4.742332,0.84850025,2.5755334,26.38903,86.98445
793,179.8225,4.8274775,1.1142343,2.4709978,23.753405,89.0184
794,165.1057,4.8093147,1.1570475,2.408126,22.286375,88.707146
795,214.51828,4.4130144,0.7900928,2.663231,31.813942,110.93182
796,216.28084,6.768281,1.0326383,2.957264,30.93309,102.18692
797,215.96184,7.584688,0.8503715,3.251712,26.436243,88.902214
798,212.02434,3.7535686,0.6991574,2.5810966,40.432484,100.25494
799,213.17517,4.0404778,0.7880604,2.317085,23.27989,84.62266
800,169.23727,4.8198557,1.1663061,2.432754,22.844688,88.8395
801,227.99435,4.8074775,0.853835,2.582644,26.388521,86.95801
802,216.15424,6.5642,1.0755695,2.9137957,30.228573,107.54391
803,214.46713,4.4469795,0.79328966,2.849181,35.7814,103.93552
804,159.33394,3.9887438,0.8527168,2.4490092,11.62453,64.70516
805,171.23264,4.8210263,1.1532428,2.4388888,22.992613,88.8648
806,213.1851,4.058244,0.7420401,2.5845184,38.60349,104.0722
807,209.08887,4.714544,0.8365185,2.3589334,21.228449,136.52612
808,204.01955,1.5853558,0.6702366,2.0426502,25.02337,65.822174
809,216.23093,6.5108604,1.0380087,2.8978283,29.828388,103.17531
810,163.05275,4.8073874,1.1701604,2.39668,22.035042,88.69945
811,220.73,6.9718485,1.0700774,3.0076957,31.329174,98.93828
812,211.87613,3.6328945,0.6844473,2.575929,42.42581,89.382744
813,213.48802,4.167056,0.7555765,2.5929692,38.154,103.13844
814,188.19223,4.3873343,0.81277317,1.936658,12.220693,88.66247
815,208.90443,2.4773934,0.69517756,2.2741714,25.637917,72.84515
816,211.42216,3.5755663,0.67462593,2.5785723,42.42966,97.39924
817,176.86543,4.828406,1.1440141,2.4627204,23.557568,89.00282
818,207.67776,2.1389546,0.5899369,2.3314788,25.963474,80.97244
819,175.91168,4.3043146,0.83162904,1.9064329,12.712261,87.72242
820,329.4992,6.545844,0.6160078,2.5714285,17.597172,59.70691
821,209.37587,4.5538077,0.8050489,2.2241457,17.973808,88.94456
822,234.93332,6.7956853,0.71664,2.355598,14.687317,74.01197
823,211.53656,3.610767,0.6803385,2.5769706,40.003227,98.76223
824,213.55136,4.2079124,0.75998515,2.7668552,38.39203,106.64674
825,216.07652,6.8746047,0.8498157,3.0809116,26.396427,88.869644
826,213.30014,3.8068876,0.7645875,2.4823244,26.25116,83.679306
827,233.31331,6.7722516,0.7176193,2.3578088,14.781624,74.094955
828,212.3614,3.821322,0.7089119,2.5818422,41.387444,97.84348
829,212.69452,3.5992408,0.7147375,2.4919295,26.210043,86.679085
830,213.6684,4.240679,0.7630999,2.9042053,34.438606,127.71442
831,155.5043,3.9842982,0.85277146,2.453423,10.869259,64.09497
832,214.26108,4.447571,0.7910639,3.0656095,37.258926,112.184586
833,273.79007,5.6838217,0.9074178,2.8693428,35.89147,88.836365
834,211.43474,3.5949607,0.6757712,2.5823545,44.89196,100.31319
835,210.96751,3.2008467,0.6719385,2.469356,26.274328,86.23456
836,210.43285,3.054496,0.6312913,2.5131114,26.438063,87.18898
837,216.30753,6.8206587,1.0701632,2.9850075,29.840397,106.61499
838,166.91284,4.812913,1.154067,2.4179678,22.503721,88.74342
839,213.44377,4.1370735,0.7523607,2.5846434,35.919865,98.63987
840,278.14294,6.311472,0.63267565,2.5180562,16.485184,62.392735
841,178.2821,4.811407,1.0743805,2.445074,23.23577,88.95069
842,235.3838,6.2604685,0.99728066,2.906936,32.57367,89.2583
843,209.66074,2.731135,0.6519847,2.387056,26.095116,82.08762
844,214.09584,4.0631747,0.7975515,2.4985995,26.233864,83.05235
845,354.14587,7.6010933,0.6930376,2.5821726,20.580555,69.036766
846,212.74544,3.9431376,0.7252822,2.5836577,39.608448,99.475586
847,163.76974,4.8117833,1.1788107,2.4099708,22.309105,88.7165
848,209.8497,2.9103386,0.7367302,2.3016145,25.733562,75.16029
849,209.74133,3.051146,0.60552955,2.5629356,42.119347,89.33764
850,173.24818,4.3315115,0.85368377,2.4416823,14.6021185,73.31288
851,209.6567,2.9617596,0.5930555,2.5640452,47.93624,89.23853
852,216.15807,6.121856,0.8414567,3.0800235,26.119696,87.71442
853,215.9862,4.7466288,0.8372329,2.5849516,26.357437,87.452034
854,215.20213,4.3947506,0.8394167,2.5056393,26.208508,83.03035
855,193.08858,4.4992585,0.81270057,2.0121195,13.217384,89.12616
856,213.71194,4.3197527,0.7726711,3.1020193,37.812866,118.01153
857,362.6704,7.7021523,0.6744253,2.581375,19.921688,66.64779
858,207.02603,2.0981956,0.6410451,2.2344282,25.710556,76.08493
859,215.97021,7.338214,0.8492823,3.2209017,26.399637,88.752655
860,175.02982,4.821068,1.1189375,2.4505699,23.26262,88.88225
861,187.72658,4.4352036,0.81214815,1.9357566,11.718554,88.81249
862,272.95297,5.3846006,0.8708116,2.8813348,28.362284,88.55549
863,203.81596,4.5821776,0.8211347,2.1954691,17.606625,104.01834
864,206.79805,2.155542,0.7013144,2.171665,25.336926,68.451164
865,213.65517,4.1669836,0.7572871,2.5858638,39.0228,105.24942
866,204.9353,1.6736712,0.66268855,2.0802703,25.137426,68.02063
867,209.18095,3.3568525,0.80289966,2.280094,25.359283,73.7889
868,213.41968,3.802503,0.7729619,2.4735534,26.149918,82.005066
869,172.15303,4.82092,1.1430837,2.4406471,23.03554,88.86531
870,159.02444,4.0744433,0.85286015,2.4797425,11.951195,65.98979
871,211.51157,3.593177,0.67638886,2.581783,46.155716,99.31705
872,215.10039,4.6466093,0.8195332,3.0077899,37.123737,107.95237
873,212.07422,3.7280977,0.69710064,2.5781028,40.501015,95.336975
874,210.49884,3.1341705,0.7492241,2.3337867,25.827143,77.09205
875,177.5531,4.831799,1.1606041,2.4678645,23.68961,89.067276
876,215.55579,4.5582976,0.8122999,2.5830402,32.538074,88.00268
877,211.82022,3.6839952,0.6912932,2.5735912,34.978134,94.17018
878,193.28018,4.437265,0.8072217,1.9775023,12.595818,88.85232
879,175.4909,4.83005,1.1682249,2.4605372,23.509554,89.0198
880,170.69496,4.8210325,1.1583356,2.4377453,22.963377,88.86161
881,168.75446,4.8205504,1.1758122,2.432795,22.843328,88.84786
882,243.7066,6.7231293,0.71524334,2.374613,15.188038,73.79638
883,292.26108,6.544732,0.61383486,2.5341394,16.206444,59.705097
884,216.11014,4.6993036,0.84237105,2.5699503,26.425404,87.58911
885,211.91187,3.734868,0.6953158,2.5838368,43.58384,102.62659
886,213.71074,3.8348727,0.7562561,2.503536,26.200016,83.370895
887,204.9912,1.6115944,0.66221166,2.0963054,25.16147,65.51784
888,232.48572,6.715382,0.68707323,2.3798604,14.322956,70.17705
889,163.95592,4.794891,1.1440156,2.3774424,21.665127,88.70303
890,210.40642,3.2000113,0.6323494,2.54702,29.29233,89.14522
891,205.42632,3.8076396,0.83552176,2.3029563,23.919622,75.34873
892,241.83011,6.788999,0.7110081,2.369245,14.863213,73.24815
893,207.37552,2.2125351,0.66444105,2.219118,25.617655,75.4694
894,212.36087,3.7920175,0.70638573,2.57786,39.675804,93.24056
895,159.12553,4.0610476,0.8533498,2.4500947,11.88034,66.51286
896,213.15733,4.037924,0.74081016,2.5740602,28.158834,94.59792
897,214.6499,4.4929066,0.79950047,2.859395,35.95887,102.11395
898,240.06554,6.835374,0.72411263,2.3717916,15.400625,74.747154
899,259.04858,4.6767564,0.8462449,2.5681825,26.259594,83.693924
900,227.0065,5.7535076,0.98965997,2.753611,31.354256,89.23961
901,255.75098,6.9872093,0.7413242,2.4028332,16.868519,76.52154
902,173.1848,4.8284883,1.1806155,2.4526439,23.32139,88.98511
903,153.37306,4.0287747,0.85361075,2.4444706,10.6406355,65.138435
904,270.6719,6.730792,0.7721872,2.44971,19.371256,80.18848
905,213.58757,3.9166722,0.77134013,2.498021,26.292307,84.52306
906,210.9318,3.2792163,0.662772,2.504182,26.379915,88.33486
907,211.70316,3.6693242,0.6873548,2.5807316,41.702057,101.65631
908,153.5544,4.05231,0.85647494,2.4410021,10.838775,65.85423
909,212.23015,3.799878,0.70509946,2.5839667,44.066513,101.8211
910,287.90283,6.0631123,0.97172827,2.9913352,33.333298,89.19427
911,211.69058,3.2107375,0.7203499,2.410005,26.0133,79.37063
912,216.21872,5.9258738,0.84961355,2.8795986,26.398937,89.02423
913,284.8752,6.2702017,0.65877545,2.5547318,18.436522,65.116554
914,176.98209,4.8291793,1.1505014,2.464649,23.60288,89.02174
915,221.60448,5.856268,1.0149459,2.75478,30.965405,89.28313
916,168.61203,4.8129163,1.140153,2.4199624,22.566912,88.76536
917,210.78769,3.0772424,0.7367451,2.349235,25.863365,77.04849
918,213.72263,4.2373495,0.7641691,2.7742481,39.89414,105.09748
919,207.49886,2.2304819,0.5938226,2.3229067,25.915678,83.29356
920,216.09473,4.8053784,0.82090676,3.0790665,25.869646,85.94802
921,192.55908,4.608057,0.8227509,2.090597,14.635518,89.08495
922,213.3449,4.29908,0.8439905,2.465517,25.943998,81.31784
923,237.27017,6.7051573,0.6798147,2.3644452,13.650452,69.59075
924,364.96588,7.906736,0.6921927,2.5817616,20.48616,68.882256
925,214.994,4.62131,0.81615955,2.9999955,35.291588,106.792244
926,269.23502,6.7689676,0.7433066,2.4328709,17.843073,76.82828
927,207.61543,2.1888366,0.5787885,2.3575537,26.037094,83.034225
928,206.2963,1.9257212,0.66741586,2.148607,25.32794,70.38225
929,164.63548,4.8060713,1.1509949,2.4012563,22.138193,88.69027
930,155.78741,4.0456333,0.85376716,2.429288,11.198463,66.27379
931,242.45822,5.5743585,0.99530077,2.6639822,36.68731,88.846306
932,171.01254,4.822586,1.1668818,2.441452,23.048164,88.891335
933,343.4246,7.327729,0.6756591,2.5794823,19.87886,66.903
934,189.78168,4.3066936,0.8102316,1.9264355,12.56923,88.21779
935,214.30383,4.4677105,0.7937163,3.0924547,36.73267,113.71617
936,234.67369,6.936542,0.6852764,2.333916,12.924493,70.35788
937,168.20462,4.2211637,0.8537829,2.4552937,13.327204,70.1221
938,228.06042,6.621897,1.1099741,2.92659,34.248127,89.228065
939,211.70753,3.628922,0.6828765,2.5784283,42.8151,96.323006
940,188.08801,4.4524684,0.8100627,1.9337385,11.450673,88.8809
941,214.27959,4.3672166,0.78370076,2.6814716,36.044724,100.62385
942,159.90091,4.1045613,0.8537555,2.437134,12.013307,67.67017
943,175.89209,4.1637125,0.82278574,1.809073,10.985419,87.01677
944,211.17053,3.3525157,0.64319706,2.5674865,34.14074,89.017166
945,165.77634,4.8122354,1.1610835,2.4122295,22.378565,88.735054
946,266.79495,4.77108,0.8467582,2.5821254,26.435965,85.89693
947,210.63373,2.8587928,0.705315,2.3590283,25.8583,75.75912
948,169.22826,4.8197107,1.1642319,2.4316456,22.821207,88.83481
949,172.2904,4.8237214,1.158729,2.4443822,23.125105,88.9112
950,188.17181,4.4456987,0.81279635,1.9474312,11.935516,88.83708
951,174.76187,4.8272142,1.1594727,2.456443,23.407675,88.98053
952,168.1933,4.8194256,1.1734719,2.428957,22.75663,88.82705
953,207.04489,2.149007,0.68850553,2.183738,25.417816,70.50945
954,214.69974,4.237646,0.8071044,2.5137188,26.404696,86.13261
955,162.83148,4.110814,0.8536968,2.434303,12.648891,68.32153
956,163.68945,4.812814,1.1845435,2.4108288,22.330208,88.731476
957,211.44179,3.5951843,0.67607296,2.5829227,46.63624,102.152405
958,214.66661,4.550262,0.8055951,3.0559633,36.391754,110.39998
959,176.33508,4.811909,1.0784751,2.4447849,23.156357,88.840126
960,209.84724,2.8419409,0.7241967,2.3089015,25.77109,75.453445
961,166.12968,4.8085394,1.1472317,2.4076667,22.2891,88.72443
962,292.66663,6.5768557,0.6309801,2.5440123,17.081875,61.670387
963,213.07568,4.0030527,0.73416495,2.583923,40.641834,96.71247
964,178.80371,4.8295527,1.1333125,2.4695523,23.719395,89.031395
965,175.7617,4.1113057,0.82581514,1.8212426,11.718389,86.07705
966,151.43765,4.070419,0.9029836,2.426796,10.71228,66.527695
967,246.37413,6.7744117,0.7082628,2.3748922,14.939934,72.94978
968,153.86862,4.0218782,0.85352737,2.4435163,10.654041,65.02477
969,244.43178,6.8565974,0.6934222,2.391183,14.82866,70.82108
970,165.29477,4.813568,1.1722735,2.414122,22.414354,88.746185
971,216.245,6.383379,0.9962958,2.9106889,31.249435,105.62172
972,213.99605,4.3887105,0.7822605,3.1091337,38.621857,115.44155
973,168.3341,4.818915,1.1689719,2.4279785,22.738026,88.82326
974,214.59962,4.5498924,0.8049887,3.1071758,36.460728,113.22565
975,171.84975,4.8179636,1.1321864,2.4376392,22.959715,88.82266
976,177.14743,4.824615,1.1272645,2.4613342,23.532372,88.984604
977,173.39201,4.827537,1.1721337,2.452224,23.309164,88.969864
978,151.44377,3.9898705,0.8528103,2.4461021,10.534646,64.16292
979,210.62527,3.3199735,0.64219373,2.5674036,39.04281,90.78238
980,171.26695,4.8270774,1.1902736,2.4454045,23.154083,88.95969
981,214.62428,4.503047,0.8006284,2.9185266,35.36,106.490234
982,157.14375,4.046708,0.8522851,2.4804692,11.815291,65.19173
983,148.82547,4.2668676,1.16747,2.274585,10.870095,74.2026
984,164.00711,4.8075047,1.1617477,2.398858,22.085476,88.698616
985,172.36923,4.820547,1.1395459,2.4413757,23.050121,88.86129
986,212.14375,3.7905216,0.70562613,2.574989,32.54748,99.840546
987,156.70276,4.108033,0.9102838,2.4210477,11.475011,67.87084
988,250.36586,6.7315598,0.7171473,2.379577,15.410824,74.07795
989,221.6298,4.7219725,0.8356019,2.5863678,34.867973,89.10897
990,210.10284,2.5306406,0.649626,2.3697338,25.86464,75.568954
991,211.71419,3.6602259,0.68693864,2.5778487,39.570984,98.51993
992,213.44562,4.1309075,0.7518276,2.5835764,33.688957,104.5694
993,208.17197,4.512267,0.8060097,2.208171,17.980518,88.8747
994,208.24808,2.6246195,0.554688,2.5292568,26.469522,89.24146
995,212.04152,3.6454508,0.69697857,2.5405807,26.401669,89.2174
996,154.64066,4.0179205,0.8530447,2.4582467,10.859961,64.66528
997,196.48787,4.8330503,0.9959336,2.5194893,24.95132,89.224915
998,232.7021,6.813005,0.68510383,2.3673587,13.841677,69.93447
999,170.84787,4.803314,1.1019939,2.4146667,22.488615,88.76133
1000,208.04654,2.4724941,0.55447125,2.4825053,26.33549,88.12749
1001,221.34117,6.92698,1.0541883,2.9994287,33.104313,96.27854
1002,169.45824,4.8159847,1.1452606,2.428198,22.744719,88.796295
1003,239.92479,6.945302,0.6769638,2.3749306,13.759209,68.86201
1004,248.7391,5.591762,0.95256513,2.7848551,31.426006,88.93913
1005,236.90771,6.8191247,0.7004856,2.3636172,14.305748,71.929375
1006,187.71684,4.83465,1.0954397,2.5001485,24.468536,89.2191
1007,214.20145,3.9833343,0.77139103,2.5154965,26.208397,83.70595
1008,213.95972,4.392847,0.7825442,3.1410625,37.79069,116.78989
1009,167.48166,4.8174343,1.1703784,2.4238706,22.644714,88.80529
1010,213.19235,4.048934,0.74049824,2.5853126,41.11294,102.32681
1011,315.37796,6.4819803,0.6087923,2.5645225,17.00998,58.81083
1012,207.00421,2.0819547,0.67942315,2.1865172,25.411297,70.36088
1013,172.73796,4.825113,1.1611929,2.4468248,23.180803,88.92498
1014,171.56827,4.8230734,1.1609905,2.441706,23.05831,88.89211
1015,358.96564,7.467118,0.64772636,2.5793443,18.95741,63.336468
1016,211.50404,3.5809731,0.67630476,2.5757794,40.274437,94.1175
1017,231.21117,6.1635733,1.0161675,2.8716376,30.994606,89.275986
1018,211.5081,3.6210165,0.6799201,2.582114,44.240753,102.471466
1019,365.0694,7.927844,0.6960776,2.5819457,20.621685,69.335785
1020,317.33536,6.4578714,0.62191343,2.568685,17.649218,60.425148
1021,212.20547,3.798484,0.70527405,2.5819862,40.70261,99.6533
1022,247.4561,5.2624636,0.94904214,2.6831534,36.165546,88.26585
1023,172.19846,4.82301,1.1566296,2.4446778,23.124134,88.896385
1024,216.03983,6.358949,0.84110266,3.2125895,26.13421,87.4878
1025,235.99011,6.8480587,0.6979702,2.3575194,14.036219,71.65402
1026,213.3958,4.15222,0.752598,2.7015953,39.62234,105.67882
1027,211.02525,2.9719877,0.653243,2.4545584,26.130836,82.4334
1028,155.14635,4.0622363,0.8525999,2.47269,11.754441,65.70779
1029,209.70445,2.7773306,0.7242226,2.3001542,25.69534,73.94799
1030,177.04019,4.1012497,0.82396805,1.8174734,11.633889,86.03728
1031,213.97675,4.2535095,0.7694847,2.5865238,38.785076,105.344185
1032,233.9359,6.847778,0.68585235,2.3716884,13.98291,69.95547
1033,212.7823,3.9629138,0.7276603,2.5859423,42.42585,106.50463
1034,211.59375,4.3626966,0.79483706,2.2622275,20.215557,88.07421
1035,208.3861,2.406886,0.6971834,2.2421222,25.553629,72.41093
1036,171.96494,4.822054,1.1539292,2.4422138,23.07518,88.893524
1037,212.7467,3.9635134,0.72722197,2.5861588,41.70451,105.2906
1038,210.41898,3.278072,0.636281,2.5649302,36.38365,89.38996
1039,216.02827,4.8000293,0.9321466,2.576775,26.401337,87.37962
1040,215.1858,4.4733152,0.8432577,2.5178425,26.273,84.08035
1041,216.15324,5.3095574,0.84892464,2.9376273,26.352821,88.129364
1042,196.70338,4.4680257,0.80529994,2.0149024,13.25085,88.92629
1043,210.83633,3.4500163,0.65734696,2.5755026,39.7881,102.31913
1044,216.15851,6.6167526,0.85031694,2.9939296,26.418028,89.05816
1045,177.68913,4.8295684,1.1423787,2.465905,23.633934,89.02092
1046,223.77315,6.2051105,1.050072,2.8400772,32.11552,89.30917
1047,185.79887,4.4340363,0.80895686,1.898583,10.685957,88.871155
1048,210.75328,3.4103863,0.6524757,2.5731657,39.20925,98.51207
1049,216.22389,6.670477,1.0302083,2.9357212,31.0481,104.552
1050,210.80617,3.4291453,0.6550101,2.5716531,36.309853,96.94167
1051,163.65984,4.8036923,1.1555377,2.3914962,21.930775,88.68488
1052,195.00359,3.2375708,0.8208367,2.0504005,21.274015,71.2439
1053,216.30344,7.056513,1.0350956,3.0203032,32.66765,99.89501
1054,236.25296,5.830477,1.0178114,2.7624538,33.640247,88.991425
1055,170.84825,4.821901,1.1613697,2.4380474,22.976183,88.87714
1056,233.8434,5.849017,1.0077075,2.7803211,31.984827,89.18239
1057,192.37474,4.8281217,1.0030708,2.5046685,24.57134,89.096535
1058,175.96803,4.8200307,1.1080687,2.452605,23.315811,88.88804
1059,216.3019,6.5039325,1.0494967,2.8981042,31.016727,99.5641
1060,216.26277,4.8476486,1.1046646,2.7393699,26.436937,105.10722
1061,169.39853,4.1220155,0.8519676,2.5173295,13.839123,67.05989
1062,210.45912,2.708755,0.6798141,2.3604863,25.81667,75.66346
1063,206.8191,2.9122787,0.78018063,2.1873562,25.104446,70.99583
1064,213.932,4.27609,0.77096367,2.6615047,37.71873,103.42817
1065,216.26381,6.543384,1.063648,2.888443,31.457125,96.121376
1066,185.4139,4.8270993,1.0564686,2.485171,24.087086,89.028496
1067,176.16698,4.8260536,1.1302314,2.4565654,23.406488,88.93898
1068,168.92654,4.0745735,0.851771,2.5030172,13.70158,66.225945
1069,208.57446,4.4174685,0.7999301,2.1869273,18.06224,88.401436
1070,210.53487,3.3444166,0.78265065,2.3240774,25.774307,76.03015
1071,199.41336,4.500098,0.8077617,2.056068,14.159116,89.214935
1072,233.6846,6.7639446,0.70492536,2.3432195,13.944837,72.79514
1073,213.2061,4.0747147,0.74410534,2.5831153,35.52839,99.01283
1074,251.62743,6.4917326,0.67768717,2.4763985,16.80129,68.22139
1075,213.6746,4.2560577,0.7655162,2.9095197,39.8808,110.1581
1076,173.04129,4.8222394,1.1391811,2.4427257,23.087063,88.87823
1077,215.97354,7.966422,0.8466735,3.3820865,26.319456,88.42647
1078,215.98477,4.845839,1.1826454,2.8010745,26.438896,110.05141
1079,238.86401,6.8027706,0.7123378,2.368504,14.881515,73.35635
1080,212.28922,3.8174663,0.70836467,2.5796924,37.754128,96.619545
1081,211.12756,3.1982088,0.72548324,2.389263,26.068995,80.630844
1082,213.84193,4.209195,0.8334837,2.4692302,26.121204,81.42553
1083,211.97725,3.6961057,0.69275707,2.5761995,39.028717,92.74529
1084,157.19272,4.0502577,0.8522992,2.4806352,11.867566,65.290146
1085,214.68964,4.5287147,0.80417114,2.940261,34.48054,107.21143
1086,216.13142,4.833745,0.98684925,2.583705,26.789925,87.982216
1087,236.918,6.808406,0.7081054,2.3509388,14.2456045,73.038086
1088,306.65485,6.535405,1.3203816,3.275457,26.392015,129.95284
1089,238.38507,6.7882695,0.67713046,2.4149213,14.943718,68.52223
1090,237.33925,5.500288,0.94735557,2.7141392,32.178482,89.06894
1091,154.4624,4.044109,0.8534148,2.4550774,10.980653,65.385574
1092,269.1441,6.737163,0.6556767,2.5028133,16.713272,65.069916
1093,191.1155,4.223624,0.8401172,2.1130946,18.21538,84.308334
1094,187.09695,4.398586,0.8110433,1.9207858,11.644484,88.85988
1095,178.46306,4.2843914,0.8224801,1.8608586,11.451133,88.03543
1096,231.26036,6.846401,0.70781547,2.3524194,14.244912,72.84799
1097,177.58453,3.8605256,0.829171,1.8429892,13.792394,82.10586
1098,154.88924,4.0411725,0.85332483,2.4604437,10.964616,65.15378
1099,174.69388,4.8252425,1.1448632,2.4535558,23.336224,88.94042
1100,215.96907,7.510673,0.85012877,3.226571,26.43065,88.91303
1101,250.80412,4.8188534,0.8457355,2.871586,26.351542,104.590004
1102,353.55566,7.434206,0.66064173,2.5797117,19.400265,65.014175
1103,215.94981,4.769528,0.879813,2.570584,26.449318,87.081184
1104,196.313,4.461347,0.80832785,2.0250754,13.691125,88.85073
1105,234.94687,6.589748,0.7227942,2.3775656,15.570873,74.69491
1106,282.24124,4.8478155,0.852824,2.8570032,31.328733,87.95836
1107,184.03838,4.831759,1.110757,2.4878633,24.170746,89.14732
1108,213.32835,3.8061352,0.7387141,2.50302,26.250349,87.09003
1109,213.00044,4.0148883,0.7346529,2.5869894,43.73769,108.4099
1110,213.7013,4.315285,0.77188885,3.1087322,39.214413,116.8739
1111,212.32336,3.4828477,0.75949454,2.4165182,26.010487,79.47246
1112,247.06595,5.5899973,1.0378705,2.8492084,26.462471,104.540634
1113,163.44641,4.1192,0.8527399,2.4954855,12.920814,67.140656
1114,216.27818,6.2055645,1.027364,2.8270164,30.572453,93.5915
1115,215.52931,4.7855597,0.8379359,3.058667,36.713604,109.30335
1116,209.71846,2.962963,0.59399796,2.5623996,47.475185,89.18275
1117,213.19221,3.8483684,0.7847463,2.458076,26.197163,82.7501
1118,158.69847,4.08459,0.8527053,2.4818835,12.169399,66.25846
1119,212.59935,3.6434486,0.7527709,2.450049,26.152407,83.52245
1120,316.88184,6.462783,0.61790836,2.5676372,17.465343,59.942383
1121,216.192,6.304098,1.0495932,2.8555279,29.059807,103.469284
1122,208.193,2.3923352,0.69934076,2.234347,25.562265,72.07693
1123,172.99515,4.8225822,1.145587,2.4451613,23.142563,88.89727
1124,240.92892,6.7754493,0.7143339,2.3621192,14.799198,73.75557
1125,225.88159,6.234471,1.0495765,2.8533347,32.160984,89.28154
1126,214.49788,4.090796,0.78466725,2.5207996,26.222166,83.97586
1127,155.77438,4.080241,0.87212706,2.43816,11.309893,66.82275
1128,271.4534,6.0183206,1.1335468,3.016375,26.42923,113.7737
1129,189.15985,3.3361795,0.82279724,1.9598751,19.322765,74.26668
1130,216.26517,6.4463506,1.0569884,2.8776608,30.526157,99.95925
1131,191.24261,4.378097,0.8071549,1.9381064,12.089263,88.625305
1132,206.59395,2.0861022,0.4963409,2.48058,26.365778,88.86896
1133,368.84222,8.01124,0.6995457,2.5822625,20.74109,69.80985
1134,169.67561,4.8199224,1.1617076,2.4327378,22.850622,88.844376
1135,213.95938,4.24582,0.76850307,2.5863197,38.983894,103.55018
1136,174.13931,4.812605,1.0949954,2.4388318,23.008457,88.81266
1137,209.80986,2.8104413,0.7046757,2.3154974,25.77545,77.914055
1138,166.52399,4.8091145,1.1449559,2.408456,22.309414,88.72534
1139,210.94147,3.1566381,0.71465945,2.3892722,26.084934,81.56161
1140,238.75955,6.780948,0.70103455,2.3626952,14.326984,72.08714
1141,214.42659,4.4121075,0.78970927,2.7088375,34.88401,100.01533
1142,322.2475,6.585049,0.6177598,2.568363,17.474854,59.843803
1143,235.45625,4.846831,0.85371274,2.6014893,34.69046,88.92904
1144,211.58334,3.5533886,0.6742975,2.572001,40.26835,89.368195
1145,214.5139,4.23865,0.80660105,2.5128338,26.354042,85.985275
1146,205.00171,1.3373733,0.58424217,2.1371114,25.383907,71.07765
1147,370.36993,7.801586,0.6524161,2.5802512,19.122593,63.872555
1148,206.56865,1.8997991,0.5321002,2.3554542,26.02961,84.229965
1149,208.44348,2.693804,0.5575369,2.553163,40.604176,89.28849
1150,171.98187,4.824631,1.1667596,2.444545,23.128082,88.920815
1151,294.57974,6.317802,0.6363964,2.557544,17.737333,62.29693
1152,215.69583,4.625189,0.82649016,2.577873,26.573635,88.1942
1153,212.77754,3.95918,0.72845095,2.579675,34.07577,98.10886
1154,171.27846,4.8140187,1.1214451,2.4306448,22.810635,88.79101
1155,211.80261,3.6380887,0.6850807,2.5744913,39.050983,90.77304
1156,207.3502,2.1560714,0.68465275,2.2014127,25.472395,70.47572
1157,279.7777,5.9129033,0.6645951,2.5564506,18.786987,66.03389
1158,155.0633,4.0471745,0.8533922,2.4543204,11.116642,65.57405
1159,200.17702,4.350197,0.8067642,2.0581741,15.525679,88.22306
1160,214.63672,4.17496,0.76409894,2.5620265,26.231342,85.380356
1161,212.8383,3.9633622,0.7280923,2.585679,43.142704,105.277565
1162,216.22932,6.7941427,1.1020803,2.9352713,31.428478,101.84096
1163,210.68861,3.2708488,0.6409331,2.55262,33.303234,89.22541
1164,375.6549,8.017034,0.67812246,2.5825152,20.06937,67.01407
1165,155.7427,4.082916,0.853649,2.4554598,11.494532,66.54103
1166,179.0489,4.821998,1.0913687,2.462803,23.569193,88.9442
1167,157.14178,4.050252,0.85248864,2.4801474,11.690573,65.242615
1168,212.94983,3.9809546,0.7305646,2.5855217,43.14326,102.40485
1169,211.50227,3.3269324,0.6959479,2.4639187,26.27554,85.47748
1170,167.11105,4.71952,1.0968752,2.2575905,19.46553,89.027275
1171,206.89586,1.7289889,0.6067476,2.222211,25.60282,71.85359
1172,154.42863,4.055817,0.8537829,2.4436932,11.013051,65.98248
1173,251.45895,6.6912494,0.6518785,2.446572,15.006264,65.25127
1174,293.312,6.179616,0.9181835,3.1354587,29.572893,88.87795
1175,268.99152,6.0246787,1.051735,2.946473,26.426537,105.46151
1176,210.67184,3.3113036,0.6471927,2.543813,26.45268,89.36505
1177,238.55362,6.8223658,0.70494574,2.3613682,14.410113,72.52568
1178,211.66628,3.646956,0.68407893,2.5812106,43.590244,99.58991
1179,235.56818,7.1458044,1.067729,3.0967546,29.889648,99.64247
1180,211.11684,3.1986089,0.68211275,2.4441288,26.176153,85.425026
1181,213.66637,4.1766906,0.7586391,2.5863974,39.366966,109.371056
1182,188.86569,4.4218316,0.80819166,1.9227011,11.31193,88.78506
1183,310.6442,6.8440385,0.6929502,2.573332,20.184956,69.27549
1184,172.21951,4.823176,1.1577309,2.4450865,23.13427,88.90226
1185,233.74576,6.7880297,0.7034801,2.3458948,13.950371,72.53903
1186,216.00859,5.3848677,0.849857,2.9363353,32.495377,89.38041
1187,219.88235,6.5110583,1.0554482,2.907628,32.70726,89.36405
1188,211.84529,3.6617825,0.689101,2.5714815,35.215347,89.45663
1189,212.75237,3.948051,0.7257834,2.5860007,43.2217,109.35853
1190,302.09192,6.2803316,0.62874436,2.5629947,17.676195,61.373085
1191,185.25339,4.454977,0.81417096,1.9278591,11.457253,88.89826
1192,244.28012,4.791177,0.85215825,2.5841782,26.344246,85.72236
1193,152.78015,4.092301,0.94851655,2.4093866,10.811878,67.455246
1194,213.56621,4.1578717,0.7555032,2.5867364,40.39837,107.27691
1195,177.52777,4.8187227,1.0858216,2.453685,23.345333,88.871864
1196,207.77289,2.2870398,0.69111407,2.2247083,25.535988,71.69292
1197,175.65128,4.825089,1.1310313,2.455,23.36634,88.925095
1198,211.99896,3.7463205,0.6981318,2.5795102,38.41064,98.04605
1199,215.98668,4.8464184,0.8478881,2.9248965,31.521366,89.337204
1200,237.18195,5.6999254,0.9654797,2.7755136,31.201353,89.17277
1201,173.34131,4.826955,1.170239,2.4514933,23.29501,88.969765
1202,207.8145,2.4294724,0.54826766,2.4719388,26.284063,88.761314
1203,214.05168,4.2697144,0.7717333,2.5870528,39.45068,110.133545
1204,223.84793,6.537389,1.0001519,2.940009,30.944504,99.47448
1205,152.31743,4.005071,0.85293525,2.4401352,10.92535,64.898895
1206,210.10912,3.0140138,0.64799696,2.4335332,26.099596,87.45586
1207,216.23708,6.2371497,1.0108507,2.8624816,29.539572,103.730415
1208,212.18924,3.7890666,0.70444834,2.5819464,41.44323,101.67815
1209,206.57954,1.8309498,0.6441426,2.1796649,25.443066,70.7438
1210,170.31866,4.8209896,1.1612668,2.4364169,22.932535,88.85794
1211,174.32298,4.829395,1.1799837,2.457271,23.439548,89.02801
1212,157.082,4.034972,0.8527277,2.4710975,11.39842,65.00863
1213,216.27754,6.592374,1.0662982,2.905278,31.663189,99.293274
1214,212.96358,3.9847407,0.7316505,2.5847683,41.917793,102.575775
1215,177.60498,4.8177776,1.0841979,2.4541395,23.357677,88.87596
1216,213.363,4.1057963,0.7478297,2.586853,41.613056,107.42179
1217,168.34143,4.14128,0.85231096,2.5172868,13.758228,67.47242
1218,154.06041,4.0131173,0.8528879,2.4586,10.84903,64.53374
1219,165.59247,4.771251,1.1507319,2.3228018,20.635906,88.92315
1220,246.59541,6.849454,0.73745584,2.3892071,16.36967,76.22297
1221,216.18225,6.4529533,1.0571363,2.8836641,30.142565,104.68291
1222,212.23148,3.807301,0.7083484,2.572916,30.540321,95.484924
1223,211.55042,3.2699208,0.73222643,2.401361,26.03387,79.93553
1224,211.53242,3.6534219,0.68372774,2.583778,44.11985,107.00064
1225,195.59503,4.2880406,0.81353325,2.0192013,15.217747,87.65941
1226,211.70288,3.6489873,0.68828,2.565383,29.24818,95.04937
1227,214.48897,4.2430673,0.7856693,2.5442896,26.383507,87.97956
1228,211.78833,3.6460214,0.6851667,2.578758,43.08663,94.79961
1229,366.25555,7.7997684,0.6723241,2.5810018,19.818087,66.30175
1230,156.00076,4.075734,0.8686573,2.4353824,11.314364,66.80516
1231,211.73697,3.6788254,0.6889542,2.5805585,41.515694,102.1979
1232,215.90558,6.231917,0.7933309,2.499625,21.528337,81.55988
1233,216.01065,7.0020194,0.85012627,3.15453,26.413216,88.79674
1234,204.89978,1.7093,0.6750444,2.0851407,25.114971,65.989136
1235,268.29834,5.3728595,0.85374016,2.8216484,36.47235,89.07404
1236,209.52753,2.636234,0.69334114,2.315201,25.75706,75.1584
1237,206.84348,2.3276975,0.70689464,2.175082,25.412642,71.9835
1238,216.302,5.2376127,1.0038404,2.5866468,33.076893,88.73402
1239,176.56203,4.8300076,1.1575058,2.463442,23.578415,89.026794
1240,337.42905,7.2808056,0.68778014,2.5799518,20.304726,68.33821
1241,172.15202,4.8249044,1.166135,2.445146,23.141758,88.92231
1242,214.03906,4.399865,0.78402555,3.0989928,37.38268,115.35646
1243,167.27109,4.8130236,1.1523213,2.4179237,22.511835,88.75854
1244,176.51468,4.8297014,1.1544328,2.4620674,23.550402,89.0228
1245,212.88483,3.9984353,0.73172665,2.5864341,41.456917,102.12838
1246,211.60402,3.6707911,0.68647885,2.5830262,42.50219,106.819725
1247,289.8344,6.2112412,0.62843895,2.547325,17.191801,61.53949
1248,212.52536,3.850959,0.71434784,2.5796044,39.52612,96.76765
1249,204.56726,4.5822687,0.8088632,2.1536174,15.977674,89.03147
1250,230.50862,6.7978153,0.7094548,2.3460767,14.145843,73.17371
1251,245.27638,6.28146,1.0069369,2.948883,29.273945,89.31153
1252,173.08008,4.823621,1.1486089,2.4458942,23.159786,88.906
1253,213.50551,3.7112968,0.6996583,2.5490777,26.143436,84.303635
1254,156.29503,4.094965,0.8728352,2.4457946,11.430716,66.97058
1255,210.22214,2.9278908,0.7100851,2.3372827,25.86864,78.8906
1256,224.10178,6.563209,1.0785977,2.9200535,33.684196,89.29806
1257,205.62506,4.488034,0.80462766,2.1491053,16.575615,88.84544
1258,224.88441,4.787409,0.8371256,2.8937435,26.376251,89.2048
1259,210.96214,3.464366,0.65955186,2.5761673,41.503456,100.2993
1260,214.01732,4.2676973,0.838466,2.471298,26.055979,81.495895
1261,215.98384,7.2405205,0.8512596,3.1862245,26.459736,88.95979
1262,216.20885,6.4290013,1.0342343,2.8844118,29.834608,103.99683
1263,212.14726,3.781003,0.702678,2.5822654,41.47502,99.617386
1264,216.22783,7.1986737,1.1143105,3.0186563,32.897438,103.99643
1265,251.95251,5.6260467,0.94980496,2.8061411,30.767769,88.823715
1266,211.32628,3.0855823,0.7233922,2.3844886,25.90105,76.91865
1267,216.17455,6.5418563,1.0676125,2.89723,30.368526,105.04842
1268,165.1825,4.812717,1.1701449,2.4127934,22.38705,88.74244
1269,215.3083,4.665158,0.8235195,2.871308,33.30616,100.21946
1270,231.16847,6.823521,0.7052357,2.3544283,14.212151,72.52698
1271,215.95169,4.7567067,0.8163689,2.9627037,25.95038,86.38128
1272,223.63371,6.9339175,1.0564576,3.009111,32.914722,94.369446
1273,178.61102,4.225536,0.81637233,1.8129086,10.511948,87.871994
1274,212.91455,3.9907756,0.7321383,2.5855684,41.578156,107.99169
1275,163.98352,4.114641,0.85259026,2.5034282,12.932008,66.80527
1276,210.78519,3.378966,0.64892036,2.5717885,40.684025,94.50714
1277,168.44019,4.8179293,1.1644222,2.4288037,22.751644,88.81309
1278,210.43929,3.3163953,0.6411511,2.5666864,36.140312,95.463615
1279,205.48216,1.6665969,0.65835613,2.1205451,25.237663,66.60134
1280,213.28949,3.9545317,0.7424221,2.5454571,26.393373,88.5586
1281,210.3326,3.0535119,0.6643751,2.4296021,26.200548,86.27718
1282,208.29855,2.2578704,0.6478608,2.2728267,25.693832,76.0188
1283,210.53564,2.970163,0.7068849,2.3644998,25.97671,79.03255
1284,211.11862,3.4935012,0.66261053,2.5813165,47.77133,101.90432
1285,306.43915,6.462075,0.6196689,2.5596807,17.214378,60.26177
1286,214.9007,4.6101804,0.8142122,3.0367577,35.676205,108.716194
1287,180.1257,4.8229036,1.0828819,2.4668992,23.64758,88.93575
1288,229.77336,5.4978495,0.9662802,2.680817,32.839424,89.07857
1289,208.83725,2.5854776,0.70855296,2.2622955,25.612085,74.03433
1290,213.85855,4.3529825,0.7774676,3.094913,38.49789,115.925804
1291,212.45369,3.8483427,0.7124683,2.5835764,43.208412,100.90676
1292,213.80731,4.205852,0.7620392,2.5863912,37.741196,105.2022
1293,212.25113,3.8059201,0.70633423,2.5839734,44.134968,104.13458
1294,235.46431,6.882425,1.0557306,3.0377908,27.812372,103.42127
1295,204.75893,1.6261525,0.663118,2.0761588,25.121998,66.80034
1296,210.57193,2.7984104,0.6246797,2.4616165,26.209259,82.58856
1297,238.45985,6.763166,0.7097274,2.3722908,14.902745,73.03158
1298,212.4182,3.8396037,0.71205264,2.5803297,39.005928,99.11262
1299,210.99818,3.491646,0.6634016,2.5753028,38.998264,101.65589
1300,212.28973,3.8036582,0.70885366,2.571082,30.560726,92.77864
1301,170.40787,4.815978,1.1374391,2.4323716,22.835903,88.79902
1302,205.73346,1.6557932,0.6301658,2.146561,25.378622,70.796425
1303,204.3245,4.5863056,0.80477685,2.124783,15.009451,89.01028
1304,154.93578,4.071672,0.8537883,2.447518,11.2403965,66.35423
1305,212.03957,3.6401467,0.6874206,2.570387,38.906544,89.26383
1306,213.20293,4.055195,0.74316347,2.5751355,28.905066,94.78916
1307,215.62123,4.8460236,1.0501912,2.6720662,26.442867,100.441765
1308,210.50089,2.9728327,0.7321974,2.3390307,25.803347,75.413635
1309,211.63847,3.1934733,0.72765666,2.403288,25.964798,77.95917
1310,212.8795,3.959347,0.72821176,2.5839462,41.459763,99.88049
1311,175.23717,4.830294,1.1731325,2.4601755,23.502775,89.02605
1312,264.71906,6.3905644,1.1906576,3.0903928,26.45002,118.04019
1313,211.88281,3.6614518,0.6862162,2.5832343,48.22177,102.41889
1314,210.59634,3.589364,0.8129316,2.3170831,25.41967,75.48422
1315,210.27519,2.955454,0.7143884,2.3309488,25.844866,79.1211
1316,213.532,4.1281385,0.7532402,2.5759604,28.127478,92.863625
1317,251.55008,6.8199706,0.72195697,2.394983,15.977512,74.37422
1318,175.74252,4.8248153,1.1332767,2.456445,23.40155,88.93957
1319,208.00252,2.5626004,0.5399965,2.5506392,42.2533,89.28006
1320,202.89119,4.490755,0.80526435,2.1085868,15.530678,88.90623
1321,216.20628,6.210047,1.0335672,2.8445222,29.374535,103.31667
1322,181.8587,4.836643,1.1519712,2.484032,24.081076,89.16677
1323,204.67726,4.669565,0.8314343,2.2828355,19.49516,102.14311
1324,212.95648,3.956195,0.72837675,2.5823534,40.608147,95.61194
1325,212.43979,3.8219771,0.8126667,2.4022129,25.958544,78.73721
1326,216.07286,4.812421,0.8443008,2.835992,28.078194,100.18666
1327,208.94778,2.5146387,0.697832,2.2811987,25.670975,73.192116
1328,236.74657,6.8245053,0.7186663,2.3609123,14.902585,74.188965
1329,162.4961,4.7901726,1.1607605,2.3545933,21.179089,88.74647
1330,222.9964,6.0041513,1.0218242,2.7989128,30.795002,89.3487
1331,175.27673,4.789313,1.0719659,2.4032605,22.351883,88.8703
1332,167.09966,4.8117604,1.1491609,2.4141645,22.431965,88.74716
1333,216.24284,6.2015533,1.0238354,2.8261583,30.12319,98.48727
1334,212.855,3.9897304,0.7314565,2.5834792,36.764343,99.612366
1335,212.65251,3.9542203,0.7257773,2.5870404,41.26738,116.78921
1336,176.7283,4.8277636,1.1368443,2.460248,23.498062,88.977325
1337,212.03603,3.7738276,0.7005505,2.5860174,46.281075,110.31743
1338,175.2958,4.82604,1.1506557,2.4575908,23.436718,88.98059
1339,258.7437,6.87128,0.6564987,2.4662306,15.669828,65.52165
1340,172.54431,4.8262873,1.1734514,2.4482987,23.219738,88.9535
1341,213.12071,4.0733495,0.7421367,2.5864253,38.38259,102.18654
1342,208.63673,2.6356432,0.7177882,2.2481377,25.571064,74.35773
1343,216.13702,6.707409,1.093537,2.9335372,30.468464,108.05517
1344,210.82529,2.9866996,0.71788794,2.3642416,25.864,76.74622
1345,250.28734,6.844546,0.7250744,2.356549,15.051943,75.23887
1346,285.41357,6.3087573,0.626846,2.5335844,16.715965,61.441
1347,213.0542,4.018803,0.73669493,2.583927,39.27593,101.91371
1348,164.96571,4.7783856,1.1532147,2.334468,20.843628,88.878876
1349,214.79134,4.595453,0.8115874,3.08498,35.752853,112.46825
1350,164.98163,4.811617,1.1668928,2.4090614,22.308014,88.729416
1351,230.83598,6.8002825,0.70881206,2.3463411,14.12929,73.09134
1352,172.93225,4.824196,1.1521503,2.4456158,23.152481,88.9078
1353,216.14313,5.580749,0.84067065,3.0078194,26.104914,87.518326
1354,209.92447,3.1310253,0.617801,2.5590296,36.417755,89.38362
1355,211.22409,3.336928,0.67568314,2.4935637,26.303604,87.75331
1356,242.93738,6.780278,0.7101397,2.362601,14.668597,73.27238
1357,169.67949,4.8207192,1.1667331,2.434114,22.881477,88.85699
1358,208.50542,4.6979504,0.83012414,2.3109975,19.885445,129.29596
1359,157.03676,4.0425076,0.85297364,2.4573557,11.568188,65.690025
1360,255.73618,6.9059534,0.72866523,2.3753052,15.677999,75.41812
1361,254.18597,6.5191474,0.7351444,2.479516,18.895172,75.28735
1362,242.36137,6.8382783,0.69442993,2.3803742,14.563365,71.06003
1363,209.25955,2.3366063,0.64378196,2.331288,25.77561,74.189316
1364,213.92172,4.2430186,0.76744556,2.595295,39.847298,107.82583
1365,357.63953,7.666869,0.69158345,2.5820947,20.525305,68.7437
1366,213.04788,4.015457,0.7359074,2.5828547,37.65624,96.73109
1367,212.34369,3.8384306,0.71207595,2.5799036,37.90303,101.83457
1368,211.5799,3.6168244,0.68009484,2.5809262,44.465282,99.444244
1369,215.23967,4.412736,0.7906306,2.5724175,26.188692,85.8918
1370,235.45866,5.7417293,0.99138594,2.759563,33.477486,88.94081
1371,216.14165,4.821053,0.94151706,2.5815651,29.622086,87.86267
1372,257.6588,6.582326,0.65308094,2.471892,15.807277,65.250084
1373,242.25864,5.28611,0.9100809,2.6879401,32.58958,88.92762
1374,207.48889,2.169706,0.61104083,2.2875967,25.831348,80.43596
1375,158.44044,4.078455,0.8525678,2.4842575,12.13117,66.003654
1376,181.44968,4.8108144,1.0429132,2.4530044,23.390438,88.90762
1377,218.5488,6.51614,1.0710067,2.8949616,32.899025,89.385376
1378,213.9778,4.257834,0.769613,2.58708,38.99156,107.61143
1379,208.13704,2.5447466,0.5585758,2.4884887,26.338228,88.940796
1380,212.34709,3.8343081,0.70984715,2.5847883,44.310707,104.67562
1381,176.71011,4.3715925,0.8264998,1.8946416,11.703544,88.4994
1382,207.50914,2.164933,0.60336065,2.2926695,25.824543,81.18851
1383,323.57632,6.443269,0.6198167,2.5711472,17.715244,60.15123
1384,250.44432,6.9832706,0.7138984,2.3676193,14.893959,73.56456
1385,235.95206,6.5176344,0.72758824,2.3770432,15.757888,75.38375
1386,182.49872,4.3495426,0.81208354,1.8558885,10.355171,88.57636
1387,234.87273,6.649186,0.7240849,2.391453,15.969624,74.58995
1388,244.30968,6.7681794,0.7200048,2.3872945,15.695444,74.16793
1389,212.11136,3.7566624,0.70049584,2.5775263,37.426636,95.30078
1390,267.8903,6.756713,0.74915004,2.4106357,17.449816,77.79668
1391,252.50952,5.965065,0.97414356,2.898818,27.570946,91.9425
1392,246.78136,5.356277,0.91309947,2.7336762,30.35447,89.260796
1393,245.52258,6.67326,0.7408215,2.3946757,16.690294,76.733765
1394,212.3114,3.83112,0.7098278,2.5839849,42.931564,105.24324
1395,176.29346,4.820568,1.1061518,2.4530911,23.326365,88.89003
1396,154.25235,4.0927796,0.8702967,2.444487,11.374558,66.975464
1397,166.87352,4.813324,1.1583433,2.4199562,22.54594,88.75361
1398,251.01698,6.8049173,0.67987406,2.4607413,16.33249,68.37352
1399,169.62846,4.8151155,1.1399529,2.4280713,22.742868,88.78849
1400,154.88573,4.0400376,0.85338306,2.4549298,10.978077,65.29903
1401,255.18623,6.795227,0.65446806,2.4590936,15.421053,65.39492
1402,317.7814,6.727172,0.6632697,2.5743945,19.251127,65.4484
1403,237.05829,6.8310843,0.70663244,2.3652644,14.572087,72.64377
1404,151.04416,4.0050974,0.85290235,2.4398074,10.82013,64.82204
1405,173.07178,4.826534,1.1689382,2.4499485,23.257643,88.957695
1406,170.84576,4.820187,1.1510432,2.4364107,22.931684,88.84392
1407,209.87057,3.1523829,0.6187146,2.5637386,37.141712,92.63894
1408,242.96173,5.7998624,0.9923053,2.7830482,33.065125,89.073006
1409,177.9607,4.7740254,1.0638033,2.3899715,22.151016,88.93666
1410,233.16992,6.751403,0.71808696,2.3661242,15.029245,74.06189
1411,294.21542,6.6199636,0.66862726,2.5512831,18.643488,66.459
1412,214.28651,4.132359,0.79175526,2.5176504,26.297234,85.164406
1413,211.89305,3.6942987,0.6928057,2.573411,34.87137,93.03468
1414,212.19527,3.796924,0.7059281,2.5811317,40.2322,102.200554
1415,211.4249,3.5963602,0.6760284,2.582591,45.39112,101.515594
1416,166.87766,4.809487,1.1425083,2.4116597,22.37562,88.723694
1417,214.05368,4.3613925,0.7802288,2.9421415,38.1078,109.42844
1418,174.64584,4.8243127,1.1376777,2.451833,23.29257,88.91551
1419,171.98775,4.8190866,1.1378596,2.4392753,23.004549,88.85071
1420,215.93367,8.288542,0.8470445,3.4326437,26.341904,88.503914
1421,169.41812,4.8199806,1.1651608,2.4326563,22.847021,88.84574
1422,216.24767,6.3314724,1.0372778,2.8923423,28.91869,105.89172
1423,315.216,6.4047446,0.6191049,2.5671427,17.49673,60.15442
1424,232.73839,6.777004,0.7151895,2.3531895,14.564485,73.843414
1425,192.10875,4.5237284,0.8130572,2.011123,12.970923,88.99006
1426,191.32323,4.5212812,0.8129509,1.9998894,12.6568775,88.970146
1427,213.69838,4.117506,0.7538661,2.5745535,31.872944,89.34066
1428,213.81981,4.2441974,0.76659155,2.632239,38.1164,102.8392
1429,154.14885,4.050741,0.85351306,2.455449,10.976888,65.51214
1430,207.72969,2.2180576,0.69117373,2.2123275,25.464014,69.95509
1431,215.50226,4.4989433,0.8072327,2.5719838,26.25342,86.07848
1432,212.00777,3.4798837,0.68389505,2.534091,26.486769,87.41642
1433,161.5778,4.1689672,0.8974682,2.4401584,12.527195,69.27707
1434,175.25584,4.814117,1.090233,2.4411483,23.068645,88.83225
1435,207.39156,2.2657838,0.62510353,2.2641625,25.710978,81.58253
1436,155.14893,4.07258,0.8547198,2.4442987,11.269326,66.489586
1437,208.23842,3.7896538,0.82692397,2.3271644,25.083624,77.25653
1438,339.29382,6.6589823,0.60892665,2.5729046,17.44163,58.833633
1439,199.8157,4.523246,0.80875856,2.0721686,14.41365,89.21066
1440,212.65881,3.9096656,0.72092074,2.5846746,42.997803,104.30207
1441,212.51349,3.9024804,0.7196641,2.5831563,38.47988,103.85271
1442,209.58377,2.6242101,0.6642544,2.336241,25.866163,79.033424
1443,187.0242,4.834783,1.0921952,2.4978843,24.400183,89.17118
1444,208.36604,2.4436893,0.69267154,2.247492,25.615906,74.3337
1445,213.1644,4.0186825,0.7416335,2.5638351,26.46599,95.29633
1446,234.97986,6.982943,0.7116571,2.3252833,13.656601,73.68459
1447,171.73393,4.8227944,1.1596149,2.4427402,23.08198,88.89446
1448,172.46165,4.8264594,1.1741319,2.4480438,23.213524,88.95334
1449,211.72563,3.6175394,0.68202966,2.5753717,40.496597,92.034775
1450,236.54031,6.8563457,0.6987331,2.3551679,13.999153,71.77736
1451,212.6176,3.8501532,0.71447504,2.5778785,38.82787,90.20158
1452,208.91455,2.386569,0.60013753,2.3865404,26.0218,81.53916
1453,212.77048,3.8935258,0.72516656,2.560449,26.46157,89.384575
1454,210.647,3.4226837,0.78624266,2.3307712,25.781681,77.11099
1455,216.00941,6.575262,0.8516327,3.0358517,32.81017,89.42822
1456,209.1024,2.3726974,0.6284408,2.3495944,25.920986,77.55524
1457,169.77965,4.8235974,1.1868012,2.4392698,23.0025,88.9109
1458,212.59195,3.8307767,0.712588,2.5758042,37.84531,89.39119
1459,157.67993,4.0434933,0.85265875,2.4817343,11.492889,64.94917
1460,208.52655,3.4422483,0.8124087,2.2664676,24.973003,73.81592
1461,214.57133,4.4733124,0.7975616,2.8288875,34.415268,104.585045
1462,313.14392,6.489284,0.66030324,2.5741594,19.184212,65.1376
1463,175.68425,4.8215075,1.1148303,2.4523172,23.306417,88.892426
1464,225.12616,5.7156515,0.97272974,2.753398,30.456596,89.33152
1465,216.19601,6.5612574,1.0718191,2.889237,30.442743,101.70935
1466,214.61708,4.4634995,0.79190177,3.0174015,38.05657,103.31418
1467,167.07413,4.8113184,1.1467905,2.414177,22.430668,88.73725
1468,216.20622,6.450749,1.0252181,2.9036434,30.406084,105.97078
1469,216.1224,6.004622,0.84754086,2.961014,26.302767,88.46736
1470,212.64594,3.9184303,0.721372,2.5862148,44.57898,108.85626
1471,170.25305,4.813787,1.1294312,2.426456,22.71587,88.78504
1472,209.6228,2.8689835,0.63398737,2.4198005,26.056164,87.13725
1473,223.39838,7.3756943,1.1106427,3.0946033,32.365276,101.72297
1474,237.01915,6.8665257,0.6760981,2.3671525,13.535767,68.91087
1475,212.61348,3.8884473,0.71807635,2.5835788,42.364822,99.50546
1476,155.52275,4.028779,0.85338736,2.440987,11.155386,65.58727
1477,235.9243,4.800942,0.84118336,2.9224215,26.402822,99.74373
1478,334.35184,6.461486,0.6089157,2.5728288,17.474266,58.869484
1479,326.99933,6.9583397,0.68537563,2.579032,20.213234,68.16174
1480,232.38916,4.840425,0.8704139,2.586279,29.682209,88.11704
1481,170.65874,4.777513,1.1290572,2.3405824,21.077492,89.03027
1482,213.18358,4.035592,0.7405793,2.5762103,31.345617,91.595795
1483,205.23393,1.6992087,0.66913885,2.1015646,25.158514,66.23952
1484,211.45161,3.5219178,0.668319,2.576891,45.584442,89.68978
1485,211.77402,3.6502743,0.6853203,2.5791886,42.709072,94.97949
1486,223.96173,6.5733886,1.0422038,2.9475536,33.443176,89.25865
1487,341.62234,6.9534655,0.63012403,2.5751407,18.193773,61.23717
1488,211.87267,3.7137413,0.69436896,2.578813,39.032856,100.869774
1489,154.33022,4.061698,0.8537256,2.4509754,11.021356,65.87962
1490,359.53577,7.7964373,0.6782719,2.580117,19.93617,67.139244
1491,215.96056,4.8476033,1.0780194,2.7329533,26.454178,102.83344
1492,214.33698,4.440823,0.7914088,2.9568353,36.105026,108.95412
1493,212.89966,4.002563,0.7333696,2.5846303,38.431305,103.14258
1494,213.59422,4.1973057,0.75949377,2.6487436,38.411274,102.600006
1495,338.5301,6.7592764,0.6201973,2.57421,17.852377,60.098698
1496,155.45193,4.061948,0.85330784,2.465016,11.284661,65.671295
1497,236.6781,6.8011312,0.6764562,2.3636017,13.469264,69.06201
1498,216.2342,7.3106136,1.0873002,3.0757818,31.422382,111.01935
1499,211.31346,3.582287,0.6733263,2.5843987,47.62889,105.68867
1500,184.84818,4.4422984,0.8137465,1.9169385,11.2671175,88.86243
1501,246.1418,4.848218,1.1619401,2.8693573,26.431892,113.78887
1502,213.50925,4.223412,0.7605717,2.959761,40.870422,114.47076
1503,212.63707,3.914482,0.7222489,2.582239,38.99132,101.47228
1504,216.2931,6.825101,1.0613253,2.9959075,29.533272,108.456894
1505,170.10414,4.809586,1.1180434,2.4218783,22.621403,88.76363
1506,162.49185,4.807301,1.1725382,2.3961887,22.01382,88.679504
1507,238.7704,6.863742,0.6865789,2.379775,14.255021,70.0249
1508,211.61714,3.6419163,0.6838064,2.579922,41.82568,100.72984
1509,277.30432,4.830577,0.8486972,2.572061,25.812414,115.58635
1510,210.33298,3.2687783,0.63255113,2.5738382,44.718925,95.737915
1511,214.19672,4.4178443,0.7874625,3.0170739,37.245037,111.87796
1512,212.80597,3.9623282,0.7283366,2.5840719,39.76358,103.769684
1513,150.4928,4.066178,0.9286781,2.4166641,10.427851,66.49023
1514,223.77736,7.2552867,1.0902576,3.0960407,29.261986,110.09366
1515,175.57077,4.828566,1.1582631,2.45935,23.479725,89.00227
1516,213.05717,4.022149,0.73664063,2.5830402,37.219086,97.3228
1517,172.14395,4.8253574,1.1710231,2.4463236,23.170113,88.935394
1518,167.887,4.8171287,1.1642474,2.425407,22.675512,88.798
1519,172.62878,4.82756,1.184545,2.4509506,23.28558,88.98728
1520,215.80641,4.589574,0.82637423,2.5675468,26.36555,87.21884
1521,166.59064,4.0606594,0.8516835,2.5075495,13.069912,65.44872
1522,215.90427,8.359033,0.8481662,3.439119,26.3727,88.60579
1523,210.58981,3.1844678,0.6582241,2.4673948,26.210106,88.44213
1524,213.6444,3.7576923,0.73159087,2.521634,26.185022,83.56182
1525,172.98055,4.819089,1.1271892,2.4422426,23.06744,88.84367
1526,212.70564,3.9148383,0.7202399,2.584426,40.540672,96.95982
1527,206.53319,2.0615258,0.66907585,2.1682618,25.458067,72.97195
1528,216.2381,6.596698,1.0191742,2.925509,30.727282,104.08357
1529,240.18585,6.782131,0.71549445,2.3685052,15.0070305,73.78427
1530,168.82504,4.8110414,1.131794,2.4206738,22.580473,88.75068
1531,169.48012,4.8188744,1.157845,2.431408,22.817545,88.82734
1532,213.36942,4.148476,0.75188625,2.7125335,39.69558,105.16815
1533,198.29434,4.520556,0.8075763,2.0516324,13.795305,88.93371
1534,171.0856,4.8212442,1.156735,2.4395058,23.003777,88.868454
1535,331.68463,6.6624565,0.6130144,2.5709958,17.444794,59.263138
1536,177.69122,4.8300867,1.1468914,2.4666393,23.653479,89.034325
1537,169.90266,4.8253245,1.1970333,2.4412177,23.053608,88.94106
1538,334.60065,7.0220594,0.66347355,2.5772045,19.388113,65.486046
1539,152.27899,3.9697478,0.8531492,2.4240217,10.659356,64.374916
1540,179.18073,4.423448,0.82666516,1.937032,12.463955,88.74645
1541,207.55698,2.2344384,0.6778672,2.2191613,25.560713,73.25683
1542,173.0513,4.824172,1.1547352,2.4481688,23.205536,88.91366
1543,209.51767,2.5795171,0.68768376,2.3087313,25.751123,74.67707
1544,214.89645,4.470042,0.8006506,2.5869942,35.37109,109.43698
1545,156.49165,4.06457,0.85302097,2.46717,11.592564,65.866104
1546,163.13441,4.8063807,1.1646161,2.3973525,22.04527,88.682686
1547,214.14423,4.335274,0.77841175,2.7176883,37.21091,99.83061
1548,214.1141,4.4131613,0.7863826,3.0642762,36.919697,113.95936
1549,173.57251,4.8218074,1.1367793,2.4473066,23.186895,88.88871
1550,214.13518,4.260452,0.76962274,2.5830522,30.323227,96.762146
1551,217.05173,7.258844,1.0724407,3.0598977,32.888,102.341156
1552,209.70425,3.0826888,0.6089171,2.5640154,39.80899,89.39146
1553,204.87234,1.578435,0.63320893,2.098405,25.248356,70.69005
1554,182.64696,4.4081736,0.82246643,1.9368672,12.33517,88.68096
1555,213.83148,4.215205,0.76370674,2.587109,39.892223,111.38555
1556,317.59412,6.59347,0.6348314,2.570029,18.117117,62.009777
1557,212.74211,3.9507606,0.72579145,2.5861692,43.27607,106.518845
1558,352.9325,7.145307,0.6249364,2.5765586,18.09383,60.610718
1559,185.3688,4.8087964,1.0407964,2.4545195,23.558208,89.12806
1560,208.4133,2.6217403,0.72441316,2.2391768,25.57116,73.02739
1561,214.69884,4.8444786,1.1780922,2.72454,26.411446,107.988785
1562,216.28342,6.482932,1.0211105,2.8998365,30.805506,100.96946
1563,211.72728,3.441236,0.7137233,2.4633112,26.256184,85.17038
1564,174.458,4.8230114,1.1339021,2.4503744,23.259644,88.90399
1565,213.16476,4.0482826,0.7410128,2.5843604,38.844322,106.65468
1566,175.43758,4.827194,1.1467075,2.4560552,23.404228,88.969055
1567,210.36285,3.2954237,0.63541186,2.5755095,44.597115,97.17381
1568,155.3491,4.051723,0.8535751,2.4502702,11.108648,65.77438
1569,170.846,4.8120627,1.1204474,2.4221718,22.643309,88.793816
1570,211.33409,3.5788355,0.6750454,2.5798037,42.61622,103.5843
1571,213.1185,4.1141834,0.746386,2.8078713,38.700108,115.64781
1572,215.00671,4.316903,0.7908908,2.5596433,26.30502,86.13611
1573,196.56891,4.2791147,0.8114275,2.0159078,15.1316395,87.598946
1574,197.41733,4.841105,1.064595,2.5331564,25.269026,91.159645
1575,211.96248,3.3746617,0.7472109,2.4107504,25.989277,79.10096
1576,156.02715,4.081381,0.85270756,2.4763417,12.003236,66.17525
1577,237.18431,6.775776,0.721699,2.3617485,15.052041,74.606964
1578,194.68504,4.492634,0.80896527,2.0135262,13.149511,88.93944
1579,236.78468,6.7966657,1.0549688,3.0260072,31.338955,89.37987
1580,209.60776,3.0597534,0.6071634,2.5601237,37.847973,89.80279
1581,167.97699,4.802921,1.1221933,2.4033742,22.219803,88.726105
1582,184.20395,3.9408002,0.8323767,1.950521,15.973078,82.19449
1583,208.71802,2.7013917,0.581119,2.4846356,26.290686,88.967766
1584,212.13092,3.7622323,0.70175135,2.5776718,38.0405,97.40671
1585,210.46687,3.3122232,0.6393085,2.5719712,41.507736,96.68706
1586,189.5316,4.4138103,0.809437,1.9383429,11.876911,88.768776
1587,173.33023,4.081467,0.8278208,1.8052276,11.481122,85.59162
1588,215.93007,6.0764446,0.849992,3.013094,32.86358,96.88668
1589,212.2875,3.826449,0.70944273,2.5833051,41.83638,105.50137
1590,237.19261,6.8373203,0.7019965,2.3612583,14.291437,72.128975
1591,165.97058,4.813278,1.1634951,2.4147325,22.431105,88.742966
1592,177.705,4.8200545,1.090945,2.456446,23.407146,88.89243
1593,216.63579,6.1433983,1.0492961,2.8078408,31.270615,89.368835
1594,215.57928,4.7583714,0.8355393,2.9404538,34.943714,103.23964
1595,152.25018,4.0185604,0.8537559,2.4318993,10.452959,65.152405
1596,170.79103,4.820037,1.1539993,2.4373505,22.956425,88.857414
1597,214.15994,4.2979674,0.77566004,2.588516,38.841915,109.48631
1598,215.7273,4.784076,0.8399658,2.8759534,32.605827,99.798454
1599,151.0184,3.9946804,0.85264397,2.4505987,10.614158,64.16389
1600,180.75604,4.830431,1.1317198,2.4775896,23.920597,89.09807
1601,253.356,6.698267,0.74719083,2.415299,17.492485,77.33223
1602,213.55954,4.14592,0.75556123,2.5804176,33.10092,95.48052
1603,212.01881,3.7128136,0.69425285,2.5795505,42.057827,95.170395
1604,212.09827,3.7822266,0.7028726,2.5832827,42.10482,105.83914
1605,214.03494,4.314096,0.7754405,2.7397,37.6021,102.74785
1606,154.45934,4.0328803,0.8535062,2.4504473,10.791358,65.15241
1607,216.23964,6.4503546,1.020894,2.8948236,30.097858,103.54665
1608,157.11201,4.071815,0.8530918,2.474168,11.642731,65.87183
1609,205.82436,1.8629286,0.67171276,2.1318429,25.304405,68.8223
1610,274.7266,6.5220394,0.99532723,3.1058798,28.121044,89.26297
1611,344.09573,7.3866262,0.68414307,2.5805092,20.212124,67.873505
1612,212.95616,3.9985538,0.73453367,2.581665,36.537647,103.083916
1613,155.51143,4.049689,0.85345346,2.4517975,11.1914835,65.75576
1614,211.38696,3.5770688,0.6755291,2.5751858,38.087536,96.4625
1615,172.59576,4.8214006,1.1414462,2.442992,23.08785,88.87296
1616,190.6941,4.423335,0.8072924,1.9466369,11.9804535,88.93473
1617,216.26913,6.8599977,1.1052173,2.9502716,32.248695,99.20484
1618,237.34326,5.601977,1.0373822,2.8372583,26.468443,104.52306
1619,166.25026,4.8079386,1.144175,2.406973,22.274109,88.71798
1620,254.45396,5.4801145,0.917839,2.7895877,29.318316,88.8978
1621,308.5681,6.438754,0.60882854,2.5582664,16.802994,58.95422
1622,209.86578,2.635509,0.67367023,2.3357162,25.825304,77.06036
1623,213.20969,4.0826216,0.744241,2.5851107,37.302757,99.40901
1624,211.50618,4.371396,0.848683,2.4717238,25.321215,81.307014
1625,235.71547,6.71555,1.085797,2.985951,32.479996,89.307655
1626,191.54097,4.8324704,1.0402998,2.5079288,24.650055,89.185555
1627,212.46274,3.8470788,0.7124116,2.5812907,39.929768,95.865036
1628,211.41727,3.574447,0.675171,2.5767357,40.594543,98.19076
1629,183.95758,4.3105783,0.8128823,1.8678831,11.043768,88.34277
1630,210.12874,3.1373925,0.6216037,2.551805,33.69374,89.27308
1631,169.06624,4.7823067,1.1013857,2.3794339,21.794458,88.763214
1632,213.91867,3.9813924,0.7869879,2.4902248,26.17968,83.26004
1633,216.18904,4.6728597,0.84935564,2.558426,26.387867,85.833305
1634,164.95918,4.8109813,1.1635468,2.4083827,22.29137,88.7204
1635,213.65773,4.3472767,0.7743453,3.2837598,40.5666,122.51171
1636,175.35428,4.822256,1.1231856,2.4525561,23.313173,88.908615
1637,212.5017,3.8689804,0.71546686,2.5817788,39.53418,97.96993
1638,241.6809,6.8821154,0.686967,2.376595,14.180601,70.14757
1639,271.84784,6.7273235,0.6553897,2.5104365,16.919767,64.94269
1640,165.62039,4.8113627,1.1597115,2.4118965,22.368292,88.72857
1641,210.91943,3.407092,0.6538284,2.5695987,39.014923,91.783714
1642,216.04485,6.7599688,0.85171974,3.0743828,27.457819,89.088326
1643,208.6689,2.476043,0.68611175,2.2704792,25.704552,75.09664
1644,216.29158,5.8938665,0.99839103,2.790969,28.391184,99.47218
1645,215.95537,7.3765287,0.8490832,3.2573001,26.384119,88.624954
1646,182.46509,4.403952,0.81604385,1.8925209,10.997347,88.72581
1647,170.89575,4.66495,0.85106957,2.170261,17.530264,89.207115
1648,233.30772,6.850363,0.7086001,2.327516,13.63584,73.38646
1649,277.8458,6.685706,0.670115,2.5344772,18.135674,66.47684
1650,213.1052,4.07517,0.7416047,2.6904402,41.46723,105.511734
1651,165.26988,4.8029466,1.1385121,2.3996186,22.1109,88.68201
1652,208.33586,2.574638,0.7051688,2.2468007,25.656593,75.63723
1653,170.36235,4.8182178,1.1473045,2.432956,22.85617,88.827774
1654,215.95891,7.5609074,0.8500159,3.24458,26.42763,88.883
1655,212.17947,3.8113198,0.70596415,2.5857294,44.517387,109.79431
1656,238.95135,6.457176,0.7361926,2.3853238,16.321018,76.43381
1657,214.08751,4.4047217,0.784925,3.0739756,37.89711,113.50711
1658,195.31766,3.5839462,0.8290543,2.0986953,21.101524,75.779945
1659,211.92534,3.7375846,0.69545245,2.5856063,46.914574,107.38508
1660,212.19058,3.8053856,0.706825,2.5810308,38.871033,103.74832
1661,185.82724,4.4418654,0.81212854,1.9193484,11.270258,88.887276
1662,212.94154,3.8242264,0.7956746,2.429858,26.137865,81.41723
1663,211.88234,4.1265745,0.8413569,2.4239886,25.38685,78.471634
1664,211.28883,3.1042652,0.7194418,2.3858895,25.905119,78.183174
1665,233.73073,5.7502737,0.9860829,2.7701347,29.928171,89.2821
1666,259.5864,6.853242,0.64138305,2.458984,14.945526,63.76059
1667,216.23367,6.643108,1.0569689,2.9276044,30.791988,105.00308
1668,170.43292,4.820449,1.1575212,2.4352703,22.911327,88.85684
1669,178.59198,4.823844,1.0983746,2.4625127,23.54412,88.92901
1670,215.87749,4.7753973,0.84119844,2.7660315,32.89666,98.12744
1671,209.44008,3.5462852,0.807321,2.2914276,25.295755,76.69121
1672,340.75735,7.1408815,0.65325534,2.5765917,19.000834,64.19711
1673,172.24557,4.825264,1.1691631,2.4468172,23.177706,88.92913
1674,180.91058,4.2966623,0.81911254,1.8667876,11.36275,88.12797
1675,230.92973,5.743136,1.0058537,2.734643,32.418674,89.017334
1676,214.83669,4.594312,0.8116851,3.0517519,35.994183,109.66461
1677,213.94589,3.9364274,0.7717234,2.4977322,26.214447,84.371
1678,216.21371,6.8583746,1.1054828,2.9495258,31.584705,103.87311
1679,216.24065,6.1556277,1.0292088,2.8220866,29.27808,99.69028
1680,209.98656,2.98027,0.73312885,2.3117974,25.790628,77.43026
1681,234.0284,4.8127193,0.85353076,2.5834305,31.885025,86.86528
1682,213.00941,4.0103645,0.73473644,2.5852652,41.098923,102.4219
1683,170.05576,4.8193398,1.1562827,2.4342241,22.881556,88.839584
1684,216.09448,4.8189836,0.83476186,2.9030678,26.139668,86.824524
1685,212.17432,3.5072935,0.75204444,2.4202182,26.079845,81.78707
1686,206.0663,2.0366173,0.69925416,2.1333709,25.205868,67.36542
1687,270.25,5.1305575,1.2737819,3.02555,26.427097,121.89464
1688,302.00983,7.07705,0.7360502,2.5241587,20.18142,75.239586
1689,174.3099,4.8262296,1.1538936,2.4530184,23.325794,88.95185
1690,188.81169,4.366419,0.80471504,1.8957173,10.988064,88.71386
1691,373.96356,7.944069,0.66657007,2.5814903,19.639889,65.60483
1692,230.18216,6.275098,1.019631,2.8979883,30.82103,89.279076
1693,341.14404,7.4045877,0.67098165,2.5773346,19.56864,66.24975
1694,246.861,6.7626257,0.7132376,2.3785057,15.2203455,73.52009
1695,175.9415,4.8187056,1.1000507,2.4500053,23.254051,88.86186
1696,212.03326,3.8983524,0.82479846,2.3953094,25.768456,78.33026
1697,216.20314,6.4495263,1.0492663,2.9000168,29.941727,106.31325
1698,207.36696,3.8643622,0.83264804,2.3278298,24.564259,77.343765
1699,323.8613,6.5490994,0.6004102,2.5659988,16.793732,57.77549
1700,177.0516,4.827806,1.1385722,2.4630597,23.55964,88.98802
1701,215.9729,4.7417326,0.85358936,2.5685751,26.2738,86.01698
1702,209.21959,2.5042193,0.68533117,2.303968,25.718979,73.5913
1703,213.08205,4.016759,0.73656285,2.5836544,39.518257,100.26227
1704,212.35446,3.8502002,0.7120861,2.5843425,42.063583,105.600136
1705,211.4715,3.604548,0.67804056,2.5814593,44.3068,102.15972
1706,170.8196,4.8204637,1.1541936,2.4375513,22.957577,88.85245
1707,210.3702,3.2350755,0.63559914,2.5423079,26.44704,99.5182
1708,213.89426,4.225415,0.7650205,2.5866816,40.17929,101.970345
1709,279.21042,5.5521374,0.85364705,2.9557886,28.485905,88.50955
1710,212.82156,3.611743,0.7511202,2.4557767,26.09345,81.83526
1711,212.053,3.378515,0.7348867,2.4241943,26.079521,80.75263
1712,210.24077,3.2374306,0.62932473,2.5694933,41.14206,93.5278
1713,168.95128,4.82059,1.1743464,2.4336317,22.861506,88.84932
1714,216.15196,5.591263,0.8492141,2.8398623,26.390633,88.89349
1715,213.98969,4.3915076,0.78267455,3.1122751,37.784195,115.45028
1716,214.4131,4.4117646,0.78903943,2.783911,37.137108,102.95719
1717,210.5004,3.2459075,0.63043517,2.572997,48.52668,89.3587
1718,179.04599,4.8219113,1.0868844,2.462089,23.538057,88.91727
1719,216.20706,5.412488,0.8570877,2.8473535,30.989788,106.59706
1720,210.93965,3.4131894,0.6538126,2.5730438,42.38748,93.10241
1721,235.11687,6.6715403,0.72128797,2.359771,15.010901,74.666405
1722,186.48398,4.805483,1.0346177,2.4518518,23.539734,89.15552
1723,312.48575,6.5375957,0.62715936,2.5662494,17.690353,61.091976
1724,212.56728,3.4908152,0.7323492,2.4622803,26.187822,81.71674
1725,365.87207,7.8987074,0.67949444,2.5809,20.020926,67.28311
1726,212.42084,3.8547225,0.7130266,2.583476,41.80976,100.902885
1727,211.87967,3.7165635,0.6954348,2.5736337,32.837406,97.58677
1728,208.8475,2.4549696,0.6331883,2.3515513,26.000988,80.10299
1729,213.16254,3.9825034,0.73529387,2.5691476,27.002243,89.29965
1730,173.83298,4.8217387,1.1359677,2.448392,23.215878,88.89891
1731,233.53308,6.7780967,0.6945119,2.3750873,14.422655,71.058525
1732,212.59068,3.9295025,0.7232313,2.582625,36.473747,102.15811
1733,281.484,6.467333,1.0810716,3.062121,26.410677,107.765236
1734,176.77367,4.826338,1.1306618,2.4602273,23.49198,88.9622
1735,211.95708,3.7059202,0.69363767,2.5783334,40.501358,96.229935
1736,214.83643,4.461494,0.79964876,2.5860374,34.057434,100.543915
1737,216.02127,6.8119745,0.8506619,3.1309185,26.432005,88.799
1738,184.17215,4.4655867,0.8163915,1.9309788,11.517983,88.91344
1739,209.42828,2.958322,0.5964179,2.5488186,32.69253,89.27148
1740,154.36682,4.0586505,0.8537327,2.449633,10.996452,65.84381
1741,192.11679,4.587263,0.81931907,2.0613892,13.983551,89.07888
1742,174.09106,4.1220064,0.83195996,1.862395,12.849672,85.71567
1743,215.43207,4.470436,0.81641,2.5581388,26.373352,86.63038
1744,208.88538,2.2683475,0.63665843,2.3100574,25.748184,75.27964
1745,266.7311,4.8157196,0.85178137,2.586942,26.344542,86.45398
1746,214.013,4.2877026,0.77303696,2.5867214,35.887604,98.67602
1747,214.36285,4.2046304,0.7804366,2.55205,26.544897,87.680954
1748,206.18773,1.679079,0.5457305,2.2740664,25.815351,80.06097
1749,155.68878,4.056703,0.85346097,2.4581988,11.203432,65.71633
1750,257.70413,6.784934,0.7293752,2.3905473,16.152065,75.4689
1751,211.18248,3.5489056,0.67023027,2.5806339,43.12433,105.567345
1752,195.7235,4.84147,1.0883975,2.5297778,25.18982,91.734024
1753,296.2827,6.183007,0.6435368,2.5648549,18.260021,63.20465
1754,210.22755,3.2411077,0.6302121,2.568249,39.745564,93.52433
1755,239.32327,7.518179,1.1115525,3.181307,28.913809,109.560486
1756,169.63809,4.816971,1.1472712,2.430142,22.785587,88.80173
1757,274.0164,6.9633226,1.0405799,3.1981504,28.889551,89.23431
1758,306.8319,6.2090387,0.619423,2.5648668,17.45272,60.274193
1759,212.39479,3.3839946,0.72523046,2.4516497,26.120066,80.34638
1760,236.36124,6.9436903,0.68466276,2.3252497,12.6668215,70.39558
1761,213.00659,4.0250177,0.7363315,2.5847218,38.261425,100.6983
1762,211.33272,3.1408298,0.6873837,2.4360013,26.094824,82.401405
1763,216.16406,4.847839,0.835551,2.9826412,26.011942,86.979515
1764,157.60448,4.0377464,0.85227823,2.4714894,11.893864,65.315216
1765,166.41823,4.8131413,1.1608764,2.4138632,22.425068,88.76195
1766,155.88483,4.0587583,0.85305446,2.4696584,11.417881,65.57513
1767,213.96037,4.098687,0.81420904,2.4698668,26.245895,82.90751
1768,211.86366,3.6924915,0.6901735,2.5833607,46.28904,101.42415
1769,216.2586,6.7952414,1.0728533,2.955721,31.18436,104.36427
1770,310.55142,7.0968056,0.7684605,2.504556,20.723707,79.31259
1771,213.26744,4.0655336,0.74311984,2.584981,40.415306,102.07677
1772,216.10747,7.4690657,0.8456646,3.2705634,26.268682,88.35058
1773,212.47888,3.4491162,0.72737384,2.4549859,26.129381,81.70223
1774,208.17056,2.125322,0.59017897,2.3397703,25.912867,79.00181
1775,204.92587,1.6318891,0.59101355,2.1306026,25.335968,77.99428
1776,170.47998,4.8195353,1.151324,2.4356399,22.908886,88.83079
1777,166.47568,4.8058186,1.1397655,2.401928,22.17713,88.73009
1778,210.07915,2.9363985,0.7178366,2.3291168,25.905434,78.34777
1779,215.0634,4.3100305,0.8225546,2.515709,26.403923,84.30225
1780,193.2132,4.0518107,0.81445426,1.9641182,15.622446,85.037544
1781,210.27031,3.239219,0.62806505,2.5766945,49.545906,96.93812
1782,213.6662,3.9345474,0.76416427,2.510992,26.245173,85.02584
1783,210.91757,3.408804,0.65270156,2.5737133,42.685997,92.65576
1784,236.22708,6.8498316,0.69697636,2.3619714,14.122268,71.47855
1785,213.78389,4.0829744,0.7636021,2.5432043,26.416534,88.29106
1786,213.877,4.2610087,0.76830244,2.7159457,39.76814,104.39035
1787,160.11287,4.799966,1.1744453,2.376001,21.574295,88.6413
1788,169.2089,4.819605,1.1642327,2.4311955,22.811651,88.83374
1789,177.06155,4.226753,0.85212785,2.4729197,14.821831,70.33912
1790,207.30798,2.2034547,0.6630176,2.2106633,25.587914,75.73457
1791,212.97084,3.9999359,0.73306483,2.5844793,39.759464,98.612045
1792,211.19922,3.5049582,0.6661388,2.574161,40.14541,95.4809
1793,269.58258,4.7040167,0.84130025,2.5778036,26.386309,84.82507
1794,207.80663,2.3768132,0.70743704,2.2154417,25.495148,71.11564
1795,214.8639,4.5764074,0.81051475,2.9483113,33.911934,104.66764
1796,203.40048,4.5425053,0.8161702,2.1793303,17.337173,89.17185
1797,321.29596,6.914194,0.679417,2.5767324,19.879082,67.34738
1798,213.73318,3.8930304,0.7674131,2.4913394,26.211718,84.54229
1799,236.71016,6.1984043,1.0358119,2.8940058,29.973381,99.241554
1800,216.15405,6.563173,1.0720344,2.90101,30.129255,105.72087
1801,213.15121,4.054421,0.7404554,2.5868108,42.398582,108.04998
1802,214.07,4.2851596,0.77344084,2.585457,35.376556,95.42267
1803,211.47974,3.5161707,0.66843325,2.574144,43.540253,89.36303
1804,183.85374,4.4062977,0.81279486,1.8878124,10.677986,88.74822
1805,209.90552,2.8954134,0.7316606,2.3080099,25.738201,75.38569
1806,241.33134,6.7634954,0.7107619,2.3724213,14.946721,73.19517
1807,172.81805,4.8269434,1.1753033,2.4498374,23.25931,88.97021
1808,212.1852,3.8028955,0.7059001,2.5834272,42.192554,105.79487
1809,304.81683,6.487444,0.6234412,2.5606463,17.35888,60.636993
1810,263.095,4.81795,0.847383,2.6275392,28.912605,87.75707
1811,213.23328,4.061258,0.74184614,2.585933,41.688057,102.684715
1812,166.58134,4.8091364,1.1450496,2.410483,22.349836,88.727036
1813,209.91554,2.812171,0.7085533,2.3204854,25.790236,76.924194
1814,211.55109,3.5564694,0.67378604,2.5749564,42.46612,90.146454
1815,164.8118,4.7973523,1.1406578,2.3834903,21.793219,88.711296
1816,337.97397,6.634735,0.6014322,2.5714436,17.108212,57.85485
1817,211.7594,3.436847,0.77118546,2.3866858,25.976128,77.96295
1818,155.71893,4.0525985,0.85326207,2.45056,11.4479475,66.02174
1819,208.52542,3.2509418,0.79758114,2.2451942,25.213736,73.11455
1820,216.30579,6.1127195,1.0241531,2.8110394,30.729712,90.334206
1821,207.22702,2.3866653,0.7221525,2.1874979,25.351166,69.44032
1822,367.09467,7.90776,0.6776278,2.5810952,19.96959,67.03659
1823,163.25232,4.804726,1.164829,2.3884768,21.871656,88.710785
1824,308.78314,4.844561,0.84944373,2.8854256,26.819592,87.81931
1825,233.9218,6.7434015,0.70414263,2.367508,14.571068,72.370155
1826,216.21536,4.83742,0.954016,2.5841985,31.103508,88.30546
1827,212.80272,3.8801305,0.7264789,2.548537,26.414104,89.38828
1828,208.14531,2.4181154,0.5892761,2.3755476,25.989147,85.985054
1829,153.4257,4.066037,0.8656861,2.443515,10.911775,66.099
1830,213.91092,4.29467,0.7719861,2.8170433,39.17944,105.94921
1831,219.39421,6.404425,1.0464118,2.8775735,31.840763,94.89262
1832,215.06102,4.6492743,0.81944746,3.0312562,35.286285,109.06159
1833,246.68787,6.73802,1.0494223,3.0430558,30.061184,92.89291
1834,211.66101,3.6545641,0.6855905,2.5803328,41.88085,102.18213
1835,168.31699,4.8097625,1.1334462,2.4144254,22.452072,88.75271
1836,152.2727,4.0448985,0.8657682,2.4376984,10.574117,65.6022
1837,233.80669,5.8777313,0.9934015,2.8083136,29.545073,89.3444
1838,216.00986,7.0782585,0.8510404,3.1732676,26.441778,88.84208
1839,213.60909,4.321397,0.77136874,3.2358923,40.504997,121.83614
1840,208.0863,2.463945,0.5860191,2.3837266,25.976349,87.32832
1841,213.98486,4.370409,0.78053117,3.037431,37.92354,113.48927
1842,371.9018,7.9508348,0.68082035,2.5821826,20.1464,67.387085
1843,212.60219,3.9223614,0.7216052,2.5860968,42.89363,106.78346
1844,212.95445,4.0864058,0.8329935,2.432055,25.841719,79.698555
1845,169.76591,4.815376,1.1395804,2.4276335,22.735275,88.79239
1846,185.171,4.8305874,1.0825258,2.4890358,24.180439,89.09078
1847,334.0428,6.561666,0.61458105,2.572779,17.63208,59.54242
1848,207.55801,2.2896917,0.5654615,2.3869565,26.048717,86.61347
1849,229.64174,4.9936438,1.1265981,2.8786082,26.621195,111.84597
1850,212.38773,3.3649745,0.6968421,2.479641,26.138222,83.245224
1851,320.92303,7.020177,0.7012322,2.5785139,20.685951,70.08151
1852,211.45732,3.5350845,0.6702697,2.5762584,43.89788,91.7085
1853,187.1171,4.4402394,0.8129635,1.9353008,11.667862,88.84222
1854,280.92722,6.4154263,0.63015676,2.5236537,16.512024,61.877678
1855,216.03883,6.777027,0.85005814,3.1081066,26.406336,88.78588
1856,289.71298,6.8225746,0.7898042,2.4921684,21.181635,82.00698
1857,211.27516,3.574414,0.674378,2.5759897,36.556934,102.3746
1858,163.90414,4.808566,1.1645644,2.4017336,22.142464,88.696976
1859,207.57481,2.2868218,0.65447176,2.2520096,25.699734,77.46113
1860,154.83409,4.0578113,0.8527498,2.4682777,11.555802,65.63476
1861,226.54465,6.9021015,1.0685707,3.0131526,31.649214,89.47217
1862,213.07059,4.032371,0.73729545,2.5867581,42.903637,107.584656
1863,207.0571,2.0732965,0.56378746,2.339559,25.975983,83.78129
1864,154.80408,4.044301,0.8532483,2.4638531,11.030399,65.17235
1865,261.65894,7.112959,0.72435266,2.4181528,16.647366,74.227684
1866,166.19566,4.8096375,1.1491014,2.4110775,22.358408,88.72172
1867,189.22615,4.3541937,0.80968297,1.9319806,12.302779,88.605576
1868,252.19969,5.1028147,0.8914261,2.6813977,37.820274,88.65022
1869,225.5306,4.7761626,0.8516885,2.5775476,36.03456,87.38245
1870,216.05661,4.7973905,0.84110963,2.685915,26.407251,88.46551
1871,216.15959,6.396996,1.0633041,2.873856,29.314442,105.1116
1872,164.78056,4.8158855,1.1874857,2.4159636,22.450418,88.76622
1873,277.2583,4.8210483,0.8499288,2.6396782,26.383007,86.74309
1874,167.1336,4.128373,0.85232025,2.5167463,13.466395,67.01232
1875,250.76598,4.8459487,0.8573855,2.7317333,27.417265,87.83811
1876,235.12227,6.619796,0.7174805,2.3735375,15.262013,74.07197
1877,213.24017,4.0716066,0.74344975,2.5859404,40.95026,105.0641
1878,154.81009,4.2439866,1.0989525,2.3461692,11.453542,72.300255
1879,184.41527,4.4548354,0.8495001,2.4618242,15.896686,75.1929
1880,173.13849,4.799658,1.0850828,2.414597,22.520512,88.80116
1881,161.52026,4.15464,0.91168165,2.4192538,12.163194,69.17122
1882,270.41385,6.643087,0.6479724,2.4972413,16.31212,64.294304
1883,176.39716,4.829865,1.1542978,2.4613452,23.530848,89.01445
1884,167.99744,4.815093,1.1545771,2.424261,22.647388,88.77432
1885,215.1669,4.379456,0.77811587,2.5787427,26.197504,85.81848
1886,252.39957,4.760035,0.85043865,2.5766954,26.337402,85.661415
1887,208.31525,2.3898404,0.6715806,2.2573798,25.687729,76.410866
