sample_index,Fe,Zn,B,Cu,S,Mn
0,173.06728,3.8147786,0.6493771,2.2093978,25.91616,90.56036
1,328.15805,7.126414,0.68271387,2.613612,22.45232,71.76219
2,219.06244,4.643167,0.7709626,2.2930865,26.775728,76.94045
3,189.22293,3.810106,0.6365816,2.2123349,28.00234,78.850464
4,213.0911,5.0466895,0.94529295,2.60425,28.526688,107.21571
5,195.63869,3.9489317,0.6606947,2.3230999,29.031149,83.86201
6,212.88213,4.364902,0.7495372,2.4000237,29.687286,83.3973
7,204.39505,4.6808734,0.8698137,2.4445622,27.89153,97.53616
8,210.831,3.9572601,0.60354936,2.6243854,34.720303,100.0309
9,181.5405,4.0598574,0.6413711,1.8546106,19.42251,60.52314
10,259.99622,5.6631856,0.6933756,2.3476562,23.738699,71.495804
11,192.91414,3.878183,0.64758366,2.2673075,28.689312,81.06038
12,174.07668,3.846762,0.6556184,2.2222786,26.032879,91.19153
13,228.14105,4.649802,0.7932662,2.5852885,32.23233,90.23724
14,217.29387,4.237054,0.68380535,2.6202688,33.936775,95.849304
15,203.51768,4.291825,0.7394554,2.1668563,25.550842,73.492325
16,325.63776,7.0931106,0.58851683,2.4476254,18.770288,62.35623
17,193.56552,3.8675597,0.59520257,2.501456,31.340961,100.42781
18,191.5396,3.8551974,0.6439665,2.237491,28.336967,79.71792
19,368.09644,8.060181,0.62493014,2.7130358,20.062063,67.586235
20,221.3837,4.182846,0.63803595,2.7563992,36.3159,105.61124
21,208.21735,4.32235,0.7526715,2.2545614,27.286171,77.18244
22,365.64822,7.9941535,0.62815833,2.7059777,20.178267,67.738266
23,164.10342,4.1054897,0.7686909,2.0678554,21.757812,87.23411
24,223.93959,4.4124527,0.71915764,2.6739228,34.404778,96.86904
25,223.35686,4.2091894,0.6474011,2.7702558,36.564224,105.16324
26,190.06412,5.2905893,1.0737602,2.331391,21.431435,101.25062
27,160.97394,3.6835961,0.6458027,2.0498152,23.3907,84.704926
28,206.1557,4.294501,0.741665,2.196371,26.408337,74.63971
29,191.54158,3.8132334,0.5876402,2.468908,31.001015,98.80216
30,355.96603,7.8304415,0.5877218,2.597698,18.798733,63.952686
31,231.34404,4.526029,0.7324664,2.7784033,35.913784,101.31982
32,170.5473,5.3867607,1.1603075,2.1016693,16.208414,94.84893
33,203.1634,4.1764245,0.72571003,2.2652247,27.895445,78.2522
34,297.4975,6.4701324,0.7501647,2.618054,25.673248,78.08449
35,264.3122,5.755811,0.7041926,2.3839548,24.096682,72.57009
36,191.20453,3.8888888,0.6091098,2.4677882,30.595327,99.44646
37,197.32921,3.9420147,0.60668826,2.548264,31.924164,102.2641
38,192.15999,3.795187,0.58007973,2.4790711,31.285656,99.06337
39,208.92865,4.1739144,0.6914653,2.461956,31.36382,88.199974
40,339.01068,7.364057,0.7460771,2.7936502,25.174627,78.93276
41,213.24658,4.1573987,0.6216307,2.7302985,34.84138,108.22992
42,367.42004,8.0680895,0.61096245,2.6901941,19.609076,66.473045
43,187.70789,5.827488,1.2403834,2.3236852,18.546116,104.40244
44,231.62492,4.371373,0.6752596,2.864814,37.801132,107.99409
45,195.32036,3.9023004,0.6003798,2.5240154,31.626099,101.337585
46,218.3387,4.303694,0.70282143,2.6080036,33.5281,94.501976
47,351.9171,7.738007,0.58361465,2.5716856,18.652134,63.394382
48,267.57526,5.8270426,0.70344627,2.397432,24.044268,72.63288
49,219.96225,4.437138,0.7426235,2.558909,32.335873,90.64504
50,228.24231,4.4808545,0.7278221,2.7335963,35.2518,99.33575
51,207.57208,4.4136295,0.71842706,2.1533136,24.947643,71.6181
52,165.73022,3.7621822,0.653041,2.1144006,24.326002,87.3671
53,170.47276,4.221113,0.7847213,2.148847,22.811735,90.46989
54,203.73003,4.2068043,0.72080296,2.3648806,28.863462,83.71046
55,193.81252,3.869808,0.59599036,2.5032568,31.373827,100.44519
56,160.17126,3.65665,0.63797516,2.043413,23.415607,84.51098
57,177.66643,4.224111,0.7573748,2.2625182,25.092632,94.66447
58,220.77574,4.353866,0.71028084,2.635731,33.887363,95.45761
59,245.6948,5.355683,0.6536368,2.2113369,22.262981,67.1866
60,232.56538,5.0733137,0.62732637,2.1066365,21.340658,64.29552
61,204.53113,4.5398307,0.81758004,2.4643974,28.954008,97.486404
62,195.95955,5.882361,1.2337611,2.4092543,20.105381,107.13991
63,159.2502,4.2207937,0.8191797,1.9959981,19.774868,85.43342
64,197.77444,4.0590262,0.7042494,2.2101078,27.288498,76.49956
65,195.65335,3.88674,0.59568805,2.5267723,31.766014,101.24678
66,213.04439,4.0943656,0.6069704,2.7119763,35.063313,106.76321
67,296.4016,6.4584846,0.5466919,2.2411702,17.37229,57.557957
68,210.75163,4.4914713,0.70507646,2.1464243,24.597569,70.554085
69,358.16415,7.8713756,0.59438306,2.6190836,19.033295,64.63064
70,209.93715,4.232857,0.7072913,2.4486053,30.963737,86.87944
71,167.12392,4.178904,0.78170985,2.1061928,22.177004,88.88435
72,209.14668,4.19313,0.69666576,2.454488,31.178959,87.70015
73,166.51236,4.4157248,0.85321116,2.0978189,20.890926,90.02056
74,194.53293,3.8512201,0.5888405,2.5105917,31.63321,100.42987
75,176.51917,5.5659456,1.1960144,2.183051,16.949383,98.47008
76,163.28784,4.0519557,0.7529258,2.0624647,21.913477,86.87873
77,291.19473,6.29548,0.86625004,2.8005395,30.38711,88.811714
78,207.11186,4.2299814,0.7276218,2.3450778,29.168083,81.71036
79,168.9076,4.262471,0.8013817,2.1281013,22.215319,90.05811
80,223.30965,4.3393126,0.6981559,2.6965964,34.999012,99.04023
81,322.62073,7.041037,0.57313937,2.4091473,18.241734,60.912228
82,190.2772,4.248477,0.6438814,1.9098343,19.86866,61.690125
83,151.50073,3.3564837,0.57737184,1.9268157,22.467773,78.792015
84,192.35704,3.8488228,0.6385142,2.3086095,29.05164,84.42627
85,189.57341,5.65699,1.1836302,2.3317175,19.635994,103.47585
86,205.14705,4.071587,0.67118114,2.432852,31.116093,87.70868
87,192.29306,3.8000002,0.58124423,2.4727101,31.221441,98.581505
88,280.41577,6.017021,0.8790894,2.7692876,30.823004,89.17309
89,314.53622,6.8520694,0.57149243,2.367621,18.197954,60.42094
90,202.2025,4.167562,0.72031116,2.3012094,28.23099,80.22834
91,223.37302,4.3039446,0.6847118,2.7173433,35.480576,100.51079
92,254.56218,5.2678585,0.9072233,2.7228866,33.064995,92.903305
93,166.59222,4.235605,0.7982144,2.102968,21.858437,89.205025
94,194.1062,4.9793186,0.95629734,2.4111276,24.465666,102.35161
95,239.51732,5.2255287,0.6306153,2.1446795,21.410435,64.8811
96,163.5632,3.730703,0.6506204,2.0864964,23.916449,86.27918
97,177.00262,3.9435577,0.6192714,1.8087316,19.095411,58.986553
98,331.24405,7.259848,0.5663795,2.4432852,18.048424,60.8627
99,213.30325,4.4931726,0.76704353,2.25885,26.679518,76.430466
100,206.90108,4.424343,0.71749884,2.141205,24.558828,71.090225
101,212.27145,4.118579,0.66231674,2.5749056,33.404415,94.92184
102,203.49997,4.179529,0.7220463,2.2975957,28.357183,79.88529
103,189.67464,3.8427858,0.60083055,2.4466286,30.383759,98.440895
104,245.13554,5.3459225,0.6394576,2.1843102,21.70152,65.856705
105,203.4617,4.37639,0.67777723,2.055722,23.10806,67.13634
106,327.7437,7.109176,0.87627864,2.9798808,30.476097,90.99079
107,199.97441,3.968531,0.60653156,2.5835538,32.496723,103.55248
108,197.04886,3.9402187,0.6081042,2.5422702,31.826252,101.98269
109,285.0869,6.197096,0.7413264,2.5465589,25.449036,76.77651
110,215.30826,4.8114805,0.61864716,1.9842376,19.336329,61.05167
111,169.03496,4.474372,0.8661063,2.1231754,21.10545,90.99602
112,204.12895,4.0706687,0.62428033,2.6363876,33.062275,105.83126
113,200.80043,3.9398541,0.59620863,2.58496,32.783478,103.00334
114,207.22932,4.4405923,0.6954825,2.106474,23.904572,69.10972
115,192.08849,4.124133,0.62846416,1.9286472,21.732119,62.851154
116,202.03517,3.806662,0.5848614,2.5123432,33.15729,95.654686
117,160.34662,3.635582,0.63156456,2.0456302,23.548347,84.42925
118,313.70023,6.853637,0.5543372,2.3373942,17.61663,58.94745
119,215.302,4.463825,0.7705238,2.4625149,29.905878,86.1251
120,226.66249,4.697084,0.8172184,2.5011294,30.390858,86.10752
121,209.89278,4.6762447,0.61604446,1.9649681,19.746164,61.304676
122,192.8794,4.2855597,0.6321302,1.9110649,20.111244,61.58429
123,223.9446,4.764077,0.76470804,2.3076634,26.644375,76.42349
124,154.40446,3.4880667,0.6055283,1.9702504,22.732744,81.18296
125,192.44891,3.793393,0.57812816,2.473254,31.294697,98.47044
126,160.78453,3.9335458,0.72422874,2.032849,21.881523,85.30265
127,169.50656,3.8147953,0.65678805,2.164626,25.079851,89.31534
128,159.06567,3.9890769,0.74539685,2.0087202,21.150936,84.840004
129,163.5492,4.6971607,0.95428145,2.0455148,18.452477,89.678604
130,210.29633,4.2788653,0.7259613,2.4332814,30.399744,85.82894
131,275.63797,5.990133,0.7855667,2.5845277,27.33106,80.74849
132,297.19183,6.456791,0.7884739,2.6855757,27.236065,81.69238
133,295.53708,6.4197383,0.78555834,2.6720924,27.117762,81.30025
134,226.40816,4.4057074,0.7093275,2.7306697,35.411278,100.15677
135,312.50735,6.793806,0.67571163,2.5376773,22.417305,70.90741
136,199.54382,3.8395877,0.61302894,2.4337778,31.735758,90.46767
137,164.72516,3.7845814,0.66616285,2.0957499,23.823635,86.68773
138,244.96602,5.3416157,0.6362843,2.1785622,21.584429,65.56311
139,195.19083,3.8605878,0.58993006,2.5188859,31.758158,100.73843
140,187.76404,3.7090714,0.56805664,2.419476,30.542477,96.55178
141,237.94057,4.5458837,0.7150194,2.9175138,38.18822,109.16097
142,205.72888,4.421265,0.6703834,2.0592246,23.086262,66.87053
143,228.40202,4.6626787,0.79796964,2.590572,32.247948,90.46933
144,185.22684,3.877972,0.63025206,2.3755674,28.839968,96.0795
145,162.84311,4.116738,0.7738955,2.0532868,21.426842,86.89854
146,184.66132,3.6977427,0.57457685,2.3786204,29.7543,95.24195
147,227.10791,4.8444486,0.7566814,2.3081534,26.360228,75.720146
148,205.12372,6.0110364,1.2487956,2.5153732,21.660402,111.089195
149,290.05872,6.310448,0.71278185,2.5187168,24.260065,74.30674
150,202.99562,4.130173,0.7065944,2.3196347,28.996525,81.26271
151,164.39603,3.7283218,0.64561677,2.0996172,24.199606,86.77504
152,196.83957,4.042286,0.69860214,2.2286887,27.512953,77.57344
153,202.38068,3.8532383,0.5728328,2.5582929,33.418663,100.07879
154,202.45401,3.9963837,0.65435046,2.4144287,30.989504,87.52269
155,162.69025,4.317831,0.8379663,2.0413847,20.213154,87.45563
156,167.5456,3.7579446,0.64547056,2.1406848,24.86744,88.24199
157,241.43132,4.8842125,0.822572,2.7886732,35.108135,98.333694
158,205.36421,3.877558,0.58368856,2.577177,33.918217,99.63475
159,193.86385,3.7539995,0.5610357,2.4785492,31.81755,97.86574
160,184.80461,3.766252,0.6374085,2.1391215,26.730682,75.57325
161,185.6139,3.902182,0.6321248,2.3890903,29.009867,96.98389
162,224.44363,4.7193966,0.7808192,2.3483043,27.752739,78.74099
163,181.99792,3.7517297,0.6512436,2.0224454,24.856007,69.89424
164,220.43857,4.1914496,0.65685624,2.7159038,35.640636,102.05906
165,321.51794,6.9992256,0.5889311,2.4288168,18.803232,62.267117
166,241.1424,4.882938,0.82344973,2.7826085,34.995655,98.06883
167,182.5514,5.7919493,1.2494352,2.2532315,17.267624,101.87681
168,124.09015,3.900652,0.8767966,1.4112897,10.018024,62.32294
169,181.78792,3.9198737,0.6674927,1.9391443,22.11812,65.60075
170,202.50108,4.1858234,0.72745234,2.1927938,26.7191,75.07316
171,250.16011,5.4220524,0.7507354,2.4059088,26.050621,76.38879
172,133.84459,3.769948,0.77118766,1.6189557,14.448805,69.902985
173,199.43433,3.9891782,0.6624043,2.3450239,29.849813,83.95139
174,206.82617,3.9959674,0.64065677,2.5167928,32.735035,93.18638
175,100.83663,3.4511967,0.78098696,1.2045745,7.466644,55.303047
176,181.3908,5.6701717,1.2123908,2.2430196,17.675467,100.940056
177,204.8318,4.018307,0.6076741,2.6393595,33.466568,105.27046
178,207.00758,4.304057,0.7510965,2.2688575,27.406021,77.8763
179,205.19888,4.2439604,0.7392313,2.2640305,27.600592,77.906044
180,177.49704,4.140246,0.7412945,2.2396696,24.97792,92.850525
181,204.70206,4.097867,0.6305814,2.6433532,33.07261,106.21865
182,256.3261,5.5830674,0.6609941,2.2714343,22.45439,68.175095
183,184.34845,3.9848657,0.6646485,2.357789,28.04445,96.2483
184,222.52351,4.2088895,0.6531832,2.7515886,36.242912,103.99947
185,202.79271,4.237886,0.73818195,2.3050256,27.644855,80.21717
186,215.97243,4.5136323,0.7879696,2.3783982,28.504925,81.661644
187,215.60849,4.5513873,0.7753316,2.2819288,26.870296,77.199684
188,310.75864,6.7542663,0.74345213,2.673983,25.447554,78.187195
189,217.74675,4.298456,0.70313555,2.5962203,33.349792,93.97025
190,310.891,6.7496123,0.81133443,2.7885118,28.028202,84.27634
191,163.84567,4.17863,0.7915492,2.0622897,21.304935,87.43589
192,210.49394,4.014444,0.63123375,2.5856237,33.936905,96.60647
193,175.89304,3.8558283,0.6362018,1.8462831,20.422096,61.537735
194,209.7075,4.189386,0.6910056,2.5486023,32.361885,96.307976
195,204.68163,4.5718575,0.6157243,1.9386411,19.615002,60.922787
196,206.82635,4.261385,0.7409125,2.30893,28.330256,79.817345
197,334.382,7.2817206,0.60323274,2.5122273,19.250694,63.96191
198,202.16826,3.9021213,0.625369,2.4591904,32.021656,91.095695
199,191.97134,3.7474778,0.5636134,2.4637918,31.398937,97.72818
200,252.7497,5.3898797,0.83490896,2.561115,29.162931,83.75866
201,160.1522,3.6697018,0.6438712,2.0409417,23.282928,84.38375
202,213.7765,4.3700304,0.7527653,2.41148,29.953325,83.88586
203,200.77237,4.0872073,0.6961169,2.3142958,28.927425,81.38141
204,250.8949,5.1417127,0.8859716,2.7927148,34.51461,96.59045
205,267.6047,5.71281,0.87126154,2.6938388,30.502172,87.67307
206,381.5057,8.3411255,0.6517557,2.81935,20.983442,70.48187
207,258.61755,5.6355004,0.6701318,2.298634,22.800165,69.19032
208,255.04291,5.5589128,0.6738801,2.2896638,22.98627,69.46169
209,156.32614,3.566595,0.6233281,1.9928524,22.817024,82.30269
210,169.46094,3.7108867,0.6374946,1.8098917,20.037811,60.949684
211,176.66127,4.645569,0.89252424,2.2256067,22.358715,95.35687
212,187.3707,4.195135,0.6209142,1.8607785,19.160387,59.739437
213,196.46602,3.943288,0.6084723,2.5394113,31.743893,102.11613
214,221.57329,4.4093885,0.72626495,2.6223598,33.491825,94.28355
215,207.766,4.3030233,0.74774843,2.2367022,27.153612,76.45054
216,157.29059,3.5853589,0.6255009,2.006441,23.00841,82.89476
217,162.01848,3.7147663,0.65291995,2.062503,23.487259,85.24601
218,165.63664,4.0695024,0.7495585,2.0977259,22.536167,88.22923
219,162.82954,4.3085103,0.83434314,2.0441372,20.316893,87.51291
220,216.04652,4.544426,0.7568429,2.2649722,26.759867,76.04406
221,209.58304,4.6750703,0.699482,2.0884678,21.684772,67.26677
222,372.36795,8.171913,0.6207452,2.7294147,19.943918,67.526764
223,168.16798,4.1677823,0.7759245,2.1196377,22.48954,89.230446
224,274.9661,5.6404657,0.96651095,3.021734,37.1765,103.87695
225,198.00844,4.10722,0.71147317,2.124326,25.755592,72.568474
226,255.5086,5.5687084,0.6674634,2.2802505,22.724224,68.850914
227,248.04303,5.0585732,0.8643162,2.8044207,34.928986,97.76871
228,168.48532,4.314908,0.81934005,2.119598,21.800138,90.01244
229,161.5731,3.6257932,0.6246298,2.0633628,23.94674,84.99131
230,230.16925,4.79863,0.8300156,2.4706414,29.715092,84.45815
231,176.2413,5.009076,1.0179224,2.186274,19.809237,95.555214
232,184.06084,5.7093663,1.2167058,2.2700882,18.072653,101.9481
233,195.68372,3.8851721,0.59492546,2.5274153,31.782232,101.26067
234,165.84805,3.7594855,0.65446925,2.1135538,24.292995,87.17582
235,225.87094,4.3982162,0.70838034,2.7249298,35.321484,99.82989
236,204.7122,3.9990005,0.60032785,2.622393,33.41365,103.99886
237,176.30952,3.7676826,0.6213293,2.2619395,27.129051,92.04207
238,166.91554,3.6802423,0.62616175,2.1327465,25.028751,87.415405
239,202.56282,6.0878825,1.2761887,2.4923112,20.794413,110.94594
240,188.24512,4.2108345,0.60062975,1.8391283,18.895947,58.643322
241,241.56628,4.528366,0.68012553,3.0166776,39.906765,115.780525
242,214.3504,4.165328,0.6200976,2.7452044,35.108643,108.74296
243,267.46628,5.8253574,0.67779607,2.351325,23.03059,70.19826
244,251.9924,5.491927,0.6751609,2.2791605,23.076704,69.505455
245,199.59703,4.1409407,0.72277206,2.2293844,27.06196,76.95343
246,163.94858,4.2256656,0.80381495,2.0657203,21.162611,87.88006
247,174.24316,3.8668482,0.6609762,2.2236562,25.971048,91.35049
248,178.16501,4.0400286,0.7186498,2.2302163,25.41542,91.30185
249,159.61362,3.466949,0.6111805,1.7653924,19.862339,60.358356
250,153.98404,3.536695,0.6219462,1.9611629,22.322159,81.06915
251,212.63011,4.023259,0.6247045,2.631518,34.651424,99.4577
252,212.95569,4.314729,0.72839844,2.4687102,31.018646,87.24211
253,194.60388,5.854772,1.2281858,2.3954237,19.96002,106.621414
254,160.60373,3.669121,0.64094454,2.0494468,23.467106,84.745255
255,208.75098,4.11254,0.67204523,2.491717,32.03637,90.40444
256,216.72275,4.215663,0.67935145,2.619962,33.96046,96.18888
257,234.5533,4.852928,0.84168446,2.5395405,30.887833,87.00946
258,197.67659,3.870796,0.58465075,2.545489,32.32845,101.372246
259,230.49144,4.896544,0.7734897,2.3627856,27.240353,77.834946
260,202.71112,4.1789346,0.72633666,2.2680442,27.815119,78.46244
261,159.79628,3.6560252,0.6401925,2.0375078,23.28476,84.23764
262,232.53947,4.880861,0.8175998,2.4444313,28.998814,82.3298
263,205.07063,4.194021,0.72283435,2.3153758,28.747091,80.54221
264,212.4348,4.576444,0.68523616,2.1143045,23.519405,68.40268
265,199.81949,4.062264,0.69399905,2.2932494,28.708185,80.48123
266,219.91072,4.4997296,0.77652854,2.4692054,30.616047,85.7198
267,162.07805,3.7130795,0.6526167,2.0613384,23.469685,85.16085
268,206.96713,4.033065,0.65220475,2.4974947,32.33867,91.584366
269,174.07732,3.9126508,0.6301097,1.7932546,18.644234,58.809685
270,206.50143,4.618786,0.6119083,1.9333286,19.232733,60.233276
271,319.77866,6.949001,0.75030726,2.7243614,25.678904,79.24444
272,198.05286,3.9938352,0.6670104,2.3428524,29.411882,84.23215
273,201.92955,4.133228,0.71193725,2.2830698,28.325562,79.48295
274,222.49841,4.3039627,0.68772095,2.6990848,35.1543,99.48828
275,207.83772,3.9790733,0.5908956,2.6376476,34.251408,103.58889
276,165.12415,3.9666233,0.7235698,2.0849228,22.736237,87.03538
277,146.73553,3.8581603,0.80492526,1.6038601,15.442581,62.08964
278,192.20547,4.4980307,0.8349426,2.3534217,26.091745,96.276184
279,217.51102,4.8510756,0.61736476,1.9945699,19.455242,61.236362
280,150.63005,4.0165076,0.84695655,1.6217585,15.128895,62.301376
281,244.68062,5.2449617,0.79061764,2.4456706,27.451561,79.32515
282,211.59056,4.5388002,0.6870679,2.1165774,23.796288,68.75575
283,262.64056,5.712299,0.756751,2.4742653,26.26984,77.56811
284,202.69325,3.9595742,0.6405728,2.453273,31.662066,90.097595
285,191.01639,3.868952,0.6029033,2.4679027,30.695684,99.43236
286,210.369,4.151652,0.6790273,2.513661,32.278896,91.05711
287,235.44232,4.8526506,0.8418341,2.5852172,31.648867,88.91614
288,161.90302,4.1364183,0.7829764,2.0393739,21.05682,86.52519
289,158.119,3.6253726,0.63602144,2.0142856,22.967728,83.28614
290,323.33844,7.031055,0.60336465,2.4624636,19.349134,63.731785
291,271.38107,5.909081,0.6886088,2.3900883,23.440847,71.37975
292,387.04398,8.389417,0.79771173,3.080217,26.457407,84.35583
293,212.18674,4.2995973,0.7226338,2.536238,31.624985,93.16742
294,210.87791,4.1017127,0.66131055,2.5537274,33.074146,93.92025
295,206.90317,4.1822357,0.700405,2.4428494,30.556019,87.7629
296,166.22542,4.1759553,0.7814165,2.0969427,22.007673,88.641815
297,228.4771,4.960314,0.6884474,2.1972342,23.757336,69.79844
298,255.3001,5.5641303,0.64548486,2.2399805,21.863419,66.76619
299,299.87695,6.5203953,0.70267296,2.5540693,23.980528,74.087944
300,166.67924,5.2795973,1.1362269,2.0669546,15.977492,93.34492
301,184.18405,5.76562,1.2347134,2.2731743,17.826849,102.34304
302,215.36232,4.3463883,0.7229752,2.5055573,31.644403,88.97106
303,163.62668,4.198217,0.79687965,2.0618534,21.211632,87.59409
304,190.59178,3.9939437,0.6762583,2.012341,24.011951,68.05557
305,194.22537,5.766306,1.201776,2.3923352,20.330372,106.0509
306,233.40901,4.8387446,0.84074306,2.6033921,31.62771,89.891106
307,205.56163,4.030721,0.60902697,2.648399,33.596012,105.61541
308,103.39794,3.2657886,0.7115615,1.2307466,9.024222,55.034466
309,209.68091,4.4601007,0.71976507,2.1666143,25.069637,71.8729
310,210.07149,4.332756,0.7538811,2.2981665,28.104967,78.899536
311,188.85654,3.9743342,0.6569663,2.3952534,28.97806,96.17593
312,210.03891,4.4647355,0.73766476,2.193092,25.495438,73.460236
313,159.28299,4.4440956,0.88705,1.9983201,18.737604,86.887566
314,161.33513,5.0929112,1.0939572,2.0014167,15.572612,90.26624
315,204.92546,4.2322855,0.73536795,2.2233303,27.121637,76.155846
316,170.89896,3.8329742,0.65734726,2.183136,25.368237,90.04684
317,371.6835,8.104057,0.65152717,2.7698464,20.95165,69.92682
318,240.526,4.89325,0.83120215,2.7537897,34.427776,96.6425
319,162.4509,3.8809454,0.7036829,2.0562525,22.57951,85.75785
320,184.38055,5.8462143,1.26033,2.2765217,17.477257,102.93335
321,192.27559,3.683399,0.5509638,2.435607,31.657557,95.47741
322,178.56284,3.9333653,0.6548416,1.8780831,20.525372,62.56666
323,164.28293,3.7389958,0.6550985,2.0863304,23.830208,86.01216
324,355.8645,7.7570243,0.6289542,2.6583586,20.176983,67.260475
325,219.51802,4.731959,0.70220155,2.1767755,24.182535,70.38913
326,202.20459,4.060781,0.6753611,2.3917553,30.195566,85.98085
327,204.2062,4.344127,0.70078593,2.1089482,24.38676,69.914314
328,171.12099,3.6808898,0.61081696,2.1988528,26.296854,89.685844
329,184.38847,4.1388593,0.5999475,1.8110588,18.509287,57.85818
330,166.45699,3.5693555,0.62968296,1.8851193,21.71802,65.27041
331,214.47493,4.0405693,0.6230183,2.6607754,35.1341,100.737175
332,262.99994,5.3483825,0.90745944,2.9896955,37.36899,104.53099
333,237.60121,4.59584,0.7331104,2.8790927,37.499928,106.07698
334,243.58911,4.73062,0.75756794,2.941508,38.208847,107.98343
335,197.16884,4.0255327,0.6299979,2.5477927,31.557123,102.92083
336,153.43549,3.5539007,0.6295182,1.9511836,22.039394,80.77141
337,177.5943,5.097262,1.049317,2.1817787,19.337023,95.58818
338,210.91412,4.440582,0.76265705,2.2406218,26.480312,75.92996
339,269.46036,5.8682237,0.6769309,2.358744,22.976131,70.16849
340,185.38963,3.8649325,0.6213754,2.3866873,29.121025,96.64781
341,178.98064,3.9269707,0.66520274,2.2852185,26.88887,93.59673
342,183.12242,3.942134,0.6537726,2.350724,28.09809,95.98724
343,188.22504,4.1187377,0.69316745,2.4113622,28.507858,98.97186
344,158.21242,3.562506,0.6164438,2.018911,23.347618,83.13945
345,222.4809,4.4273148,0.7290502,2.6284351,33.597042,94.40032
346,205.003,4.1759505,0.704389,2.3874428,29.759058,84.69067
347,247.21925,4.660331,0.70033705,3.0885868,40.713547,118.917915
348,219.16936,4.352146,0.71549904,2.5965185,33.231236,93.43228
349,178.75697,5.6781774,1.2253208,2.2091756,16.917242,99.89174
350,232.46922,4.4482975,0.70112914,2.8431842,37.237213,105.92386
351,211.73097,4.2105675,0.69307154,2.5081313,32.06801,90.19007
352,349.2429,7.6515064,0.5946149,2.5744681,19.018072,64.11668
353,198.9629,4.030928,0.6797656,2.3141963,29.073915,81.953865
354,175.01784,4.33028,0.80220884,2.2108119,23.553167,93.19869
355,211.7262,4.2974343,0.72624624,2.4557776,30.77302,86.79759
356,245.83305,5.327597,0.73621583,2.361314,25.561398,74.91175
357,160.74524,3.6458793,0.63302404,2.050954,23.611496,84.682106
358,210.61658,4.266814,0.7214934,2.4371777,30.651297,85.9436
359,195.67517,3.9891248,0.68396825,2.2337193,27.863127,78.18159
360,199.28418,4.028126,0.67711127,2.3184426,29.215729,82.17797
361,165.94449,3.7715957,0.65905434,2.110776,24.167475,87.05322
362,213.07462,6.142864,1.2653205,2.6146848,23.058992,115.01193
363,187.6611,5.855521,1.2513367,2.3162405,18.274902,104.22501
364,201.46393,3.9229383,0.6328186,2.4393678,31.599318,89.5892
365,232.23148,4.495529,0.7183139,2.8132436,36.619724,103.60108
366,239.19507,4.8828173,0.8349091,2.71472,33.77909,94.839485
367,166.11987,4.1081176,0.76200706,2.0967267,22.324228,88.257744
368,158.56898,3.633349,0.6753591,1.8124127,20.091259,65.88408
369,203.4214,4.0023074,0.6071255,2.6135516,33.100613,104.077965
370,167.55367,4.3723803,0.8420479,2.0991414,21.115154,89.50516
371,207.13017,4.340209,0.75921875,2.3115199,27.613737,79.661415
372,196.97719,3.8985043,0.64144397,2.351126,30.093353,85.14888
373,217.38945,4.225938,0.6794663,2.6273296,34.112698,96.369835
374,167.7402,3.7988403,0.6572354,2.1407273,24.683138,88.44731
375,174.36809,5.0500016,1.0438861,2.1416736,18.749365,94.06576
376,200.39684,4.1189713,0.71344674,2.2481267,27.717983,77.90562
377,331.44537,7.2549906,0.57174236,2.4523737,18.24537,61.354023
378,232.4513,4.7020926,0.7926678,2.686231,33.833042,94.7495
379,155.30779,3.5064995,0.60834044,1.9816118,22.871891,81.639755
380,252.5684,5.118692,0.86430997,2.894219,36.335537,101.63287
381,154.39493,3.559642,0.6658666,1.7372781,18.790056,61.93788
382,191.97781,5.8710747,1.2405368,2.3696191,19.318146,106.00534
383,209.96983,6.1357007,1.2721957,2.576309,22.307226,113.76386
384,223.22961,4.531583,0.7669642,2.5750034,32.297573,90.77521
385,190.1505,4.2747207,0.6021008,1.8422176,18.642147,58.443527
386,167.63322,4.087108,0.74970996,2.124263,22.951574,89.14194
387,241.24156,4.9181485,0.8392605,2.7373695,34.118202,95.59841
388,210.89503,4.4566207,0.7794386,2.5007002,30.363014,93.560394
389,196.39465,3.8401232,0.62372583,2.364338,30.537096,86.483086
390,195.07948,4.0154986,0.63274,2.5206087,31.077486,102.03347
391,205.46468,4.0892467,0.6754653,2.4294543,31.030611,87.35454
392,156.43384,3.5684555,0.62371725,1.9941139,22.828526,82.33968
393,286.54562,6.2286844,0.74248296,2.5545468,25.470346,76.91092
394,189.8171,3.9379933,0.68199736,2.0374138,24.723446,69.67242
395,168.6411,3.7671268,0.64761823,2.15253,25.028164,88.525536
396,195.9164,4.397814,0.63179475,1.9144273,19.513212,61.051136
397,200.70695,4.1207123,0.7137281,2.2484367,27.763573,77.88416
398,220.99504,4.7382174,0.73647904,2.2394657,25.341831,73.36772
399,200.60025,3.9308572,0.5928354,2.569974,32.6776,101.97884
400,263.44354,5.7369404,0.7054127,2.384193,24.185244,72.741165
401,190.8574,3.8152597,0.6332022,2.2503293,28.632439,80.75914
402,213.78769,4.4202385,0.7698093,2.3792424,29.028656,82.13231
403,219.6537,4.5218906,0.78545076,2.4134781,29.589725,82.96768
404,208.79189,4.263103,0.7313254,2.3795893,29.612242,83.17427
405,147.10764,3.655334,0.7261188,1.6630468,17.374271,64.182335
406,197.89568,4.0682006,0.69748664,2.2808962,28.088419,80.16438
407,169.73683,3.7226129,0.62849694,2.171276,25.608194,88.97619
408,252.05559,5.350055,0.859178,2.60232,30.144318,86.288124
409,162.07205,5.026311,1.0699377,2.0076694,16.059942,90.021385
410,170.03143,3.8406649,0.6632921,2.170628,25.07694,89.63647
411,208.70807,4.053204,0.60354173,2.6770606,34.2294,106.14358
412,214.29915,4.2474146,0.6469141,2.765448,34.807163,110.79062
413,190.94394,5.9434295,1.2689254,2.3543959,18.62835,105.87147
414,216.52792,4.547685,0.7853097,2.6058097,32.023125,99.95228
415,217.65932,4.238522,0.68314344,2.629523,34.06333,96.42407
416,214.78275,4.229947,0.6894111,2.5692387,33.065567,93.16687
417,211.28015,4.220334,0.6989263,2.4858384,31.68438,89.015816
418,234.16675,4.443888,0.65692055,2.950697,38.667145,115.20798
419,298.59036,6.49271,0.74982107,2.6244116,25.67637,78.12682
420,214.93143,4.2555003,0.69738376,2.5564232,32.78264,92.25846
421,176.83101,3.8517265,0.6649224,1.8993318,21.124233,64.19469
422,178.31535,3.8876839,0.670146,1.9075966,21.30156,64.4159
423,211.31105,4.000238,0.60787266,2.6399798,34.716633,101.64224
424,192.62253,3.9687526,0.62758434,2.4871292,30.628235,100.66174
425,264.133,5.7535877,0.675889,2.333382,22.985277,69.91667
426,337.894,7.4109817,0.5721296,2.4860954,18.288618,61.78213
427,265.2072,5.674322,0.8510731,2.6496305,29.815844,85.924416
428,251.21463,5.4009013,0.7935615,2.4836278,27.60601,80.065956
429,165.59581,4.404737,0.8537557,2.0844858,20.673128,89.47534
430,332.5997,7.227425,0.6289234,2.5450978,20.235868,66.37423
431,211.8072,4.470187,0.74157274,2.2167017,26.064377,74.34521
432,182.38667,3.6892383,0.5782844,2.3505456,29.207726,94.42276
433,200.4471,3.8319223,0.60594517,2.4608033,32.18665,92.522934
434,192.84932,3.79999,0.57955265,2.4862905,31.43176,99.23776
435,195.21877,3.954954,0.61759466,2.5190964,31.289394,101.41938
436,202.48233,3.9463222,0.5912106,2.6013753,33.164265,103.312416
437,163.7626,3.7045317,0.6432465,2.089134,24.07433,86.153534
438,191.12393,3.7373335,0.60630864,2.3109965,29.776564,84.95543
439,160.07147,3.663358,0.6412027,2.0415976,23.335243,84.43339
440,232.81796,4.744144,0.8089735,2.6490657,33.051125,92.65208
441,167.38191,4.303192,0.8180994,2.107646,21.627195,89.616066
442,224.91663,4.370117,0.7017968,2.717812,35.294876,99.7208
443,210.53151,5.9467344,1.2119049,2.5871325,23.446247,113.0838
444,248.40645,5.2027855,0.86602616,2.607702,31.012028,87.7094
445,208.71286,4.2129726,0.70767444,2.4255035,30.623497,85.89267
446,168.80832,3.8156993,0.6595106,2.1546814,24.877161,88.980934
447,179.19188,3.7207732,0.64574414,1.9354537,23.495678,66.339935
448,142.36714,3.6453712,0.72830945,1.6898682,17.040089,70.01265
449,191.99515,3.7978053,0.5809179,2.4777265,31.235977,99.07636
450,205.79387,4.2108827,0.727133,2.3141665,28.702982,80.39175
451,254.1114,5.537428,0.6754508,2.2889237,23.06582,69.58612
452,214.07774,4.0949645,0.60598975,2.7193253,35.311943,106.87017
453,211.47935,4.194953,0.69047713,2.5129042,32.148567,90.664925
454,234.92932,4.915599,0.8358105,2.4854255,29.638107,84.10611
455,197.52124,4.2471433,0.65116817,1.9871103,22.322903,64.72114
456,189.97801,5.491938,1.1349508,2.329488,20.430157,102.406
457,165.44138,4.389726,0.8514111,2.0790036,20.629473,89.11779
458,207.21559,4.111304,0.67495054,2.4589136,31.44606,88.76778
459,162.59296,4.303803,0.8353494,2.0370567,20.191023,87.15676
460,204.48956,3.982676,0.6424882,2.4718993,32.047623,90.6022
461,168.00475,5.3494496,1.1561806,2.075836,15.826512,93.87842
462,153.0217,3.5109053,0.6171403,1.9489357,22.20322,80.54443
463,211.6668,4.3197956,0.740424,2.4177725,30.097857,84.6401
464,198.27504,4.184077,0.73335016,2.174337,25.638453,74.46686
465,214.2607,4.2722673,0.7057041,2.5354185,32.311665,91.13022
466,218.11382,4.5911074,0.7839403,2.310359,27.324556,78.21776
467,222.36864,4.259349,0.6680721,2.744417,35.887043,104.709946
468,203.8567,5.846944,1.2016317,2.5029404,22.197594,109.79991
469,269.7776,5.8746367,0.673712,2.35691,22.867903,69.91701
470,250.87773,5.463322,0.69253206,2.3037484,23.769928,71.00288
471,158.03745,3.7074935,0.6619716,2.0091481,22.468044,83.47307
472,199.18765,3.998771,0.61696386,2.5745053,32.182343,103.557236
473,200.25513,3.9917974,0.61255777,2.5864272,32.44256,103.78407
474,200.98524,4.364306,0.61268866,1.9422679,21.08274,61.86942
475,214.82573,4.7777367,0.57984924,1.9229915,18.314007,57.96538
476,233.56354,4.5081034,0.7181146,2.8346958,36.97313,104.63161
477,214.4389,4.2257857,0.6896824,2.564502,32.973442,92.98074
478,165.05031,4.412667,0.8593387,2.0741174,20.420645,89.10055
479,191.64484,3.8841274,0.60499305,2.4764717,30.79243,99.80557
480,203.37912,4.1763506,0.72456765,2.2721188,28.031319,78.6041
481,201.86151,4.1444516,0.718125,2.2596877,27.89696,78.24559
482,211.90535,4.281846,0.7210279,2.4575546,30.992569,86.856155
483,167.59337,3.7939155,0.6556657,2.139822,24.691326,88.41858
484,173.84215,5.5120974,1.1886934,2.1472607,16.48507,97.00878
485,263.27988,5.0630875,0.79939,3.2084496,41.845768,119.31429
486,213.30893,4.5183706,0.7293548,2.2047894,25.667305,73.171104
487,149.52267,3.8297827,0.78517807,1.6326298,15.931207,61.288246
488,212.78781,4.6046977,0.6593392,2.0745902,22.72692,66.43101
489,201.13472,4.110926,0.7047917,2.2997093,28.591976,80.487206
490,224.3068,4.6755195,0.8090046,2.4019897,28.88709,82.004105
491,210.86272,4.260978,0.71379024,2.4639564,31.02524,87.670166
492,221.20378,5.4733753,1.0665945,2.653745,27.784632,110.004654
493,214.04274,4.0937457,0.64571667,2.6210701,34.35729,97.6105
494,229.74771,4.6280413,0.7698064,2.683443,33.92679,95.56136
495,196.05922,5.718146,1.1860148,2.4055045,20.867306,106.06731
496,226.55498,4.8227143,0.7737584,2.3337061,26.919558,77.31511
497,215.82016,4.388226,0.7496536,2.4640465,30.826082,86.30768
498,367.14563,8.04814,0.61818534,2.699088,19.846214,67.01712
499,173.4668,3.7963865,0.6424903,2.2154562,26.105675,90.59725
500,188.19127,3.874976,0.6727677,2.0904071,25.711468,72.19459
501,160.73503,3.6506872,0.63651013,2.0490386,23.528955,84.5393
502,384.98242,8.418987,0.6552043,2.8424304,21.126146,71.00139
503,162.5649,5.030908,1.0696757,2.0132282,16.156698,90.22025
504,187.20908,3.78107,0.631655,2.236387,27.910923,81.477516
505,213.6777,4.4393835,0.77231324,2.4009864,29.094208,83.129944
506,217.95253,4.561523,0.7854503,2.3204958,27.694292,78.83585
507,198.37982,3.9955668,0.6688791,2.314118,29.286177,82.250275
508,251.54709,5.483219,0.6615059,2.2527802,22.535614,68.192215
509,121.456726,3.907882,0.8501607,1.4750082,10.786842,66.58379
510,201.52579,4.1343365,0.7138538,2.2720408,28.09542,78.96722
511,212.81567,4.43305,0.76899856,2.4219162,29.18802,84.386955
512,350.95352,7.6883707,0.5971555,2.587212,19.121445,64.45122
513,212.40833,4.15266,0.67269427,2.5591888,33.065067,93.50891
514,228.98735,4.3937497,0.6953868,2.7955022,36.550034,103.905426
515,159.71754,3.6425445,0.6366531,2.0365028,23.325762,84.12328
516,245.07202,4.9300237,0.8201444,2.8513522,36.126778,101.204895
517,217.47466,6.1020737,1.2395283,2.6705244,24.369658,116.47995
518,255.14537,5.559953,0.662384,2.269305,22.525852,68.330154
519,163.36768,3.7151744,0.64739543,2.0837805,23.926132,86.06073
520,219.63184,4.2830634,0.6914984,2.6482549,34.287495,96.910225
521,207.70891,4.022387,0.5979882,2.65852,34.100662,105.13935
522,214.31715,4.3336253,0.7263961,2.5351973,31.619078,91.32247
523,209.62396,4.4442153,0.7262772,2.1789532,25.37337,72.59402
524,186.33804,3.7546237,0.62754893,2.1770542,27.543308,77.5817
525,363.9478,7.975198,0.61538166,2.6783724,19.735485,66.593575
526,237.51633,5.045501,0.8578888,2.524853,29.34501,85.268524
527,203.68727,4.321741,0.7078533,2.1192803,24.682293,70.70553
528,269.73703,5.873997,0.6838197,2.372421,23.251528,70.84477
529,163.6198,3.7109318,0.64288193,2.0895963,24.08096,86.3547
530,247.83014,5.3972926,0.68613696,2.2802823,23.592451,70.41103
531,205.09914,4.209436,0.7263035,2.3273036,28.741735,81.10837
532,216.89798,4.116818,0.60934013,2.7374609,35.854473,106.96023
533,167.351,3.7958627,0.6583554,2.1356287,24.589277,88.24389
534,341.99966,7.4265037,0.82393736,2.9545977,28.3139,86.712776
535,301.96002,6.5641494,0.5835844,2.3263984,18.73984,61.260494
536,315.19965,6.8529468,0.7054605,2.6183658,23.822649,74.48046
537,195.9031,3.7750828,0.5627704,2.4977932,32.215473,98.37054
538,211.88983,4.253272,0.70747036,2.480082,31.490131,88.42024
539,179.57178,3.9481056,0.6697342,2.2924705,26.943457,93.97764
540,257.90012,5.3020067,0.9144189,2.8246036,34.6727,97.05867
541,214.83754,4.377855,0.74867976,2.4585774,30.674294,86.16003
542,167.95561,3.7921727,0.6548932,2.1434512,24.765509,88.48688
543,383.96808,8.32865,0.8057172,3.0847862,26.87313,85.28903
544,182.18803,3.7218788,0.5880411,2.347744,29.000036,94.57485
545,205.05957,5.8607287,1.203134,2.5165038,22.438324,110.3374
546,202.05743,4.5248146,0.82305926,2.4264705,28.295042,96.09283
547,207.79291,4.156974,0.6891739,2.4595177,31.201557,88.42718
548,263.4211,5.6326795,0.8739377,2.6756227,30.404697,87.8
549,163.43958,3.6607962,0.63074774,2.0850863,24.171352,85.73566
550,265.04944,5.584201,0.9058091,2.75269,32.30948,91.69393
551,232.27322,4.951198,0.7856992,2.3790112,27.299551,78.497284
552,196.72733,3.835798,0.621,2.3740423,30.717886,87.09585
553,173.91687,3.8259766,0.63026273,1.823208,20.008615,60.62429
554,179.42953,4.4349093,0.8173402,2.2750833,24.344873,96.0209
555,332.21497,7.266983,0.5754057,2.46229,18.384726,61.734188
556,316.02075,6.910764,0.5528883,2.3477478,17.58404,58.971645
557,201.0468,3.9907138,0.610729,2.5956278,32.64814,103.98676
558,213.507,4.311725,0.72584623,2.4762957,31.247103,87.55635
559,136.34439,3.8881764,0.7959471,1.6615438,14.694035,72.239426
560,161.71912,3.8448632,0.6919185,2.054589,22.740244,85.7104
561,209.51308,4.394237,0.7684304,2.3174503,27.618277,79.62118
562,278.24402,6.0498796,0.7514308,2.5331945,25.906256,77.51831
563,173.069,3.7864327,0.65108603,1.853178,20.4282,62.454056
564,202.04721,3.9324338,0.5875945,2.591209,33.089275,102.71624
565,367.29492,7.969019,0.7016808,2.8302095,22.835928,74.45379
566,217.01607,4.22287,0.6627965,2.6901608,34.81869,104.11991
567,225.95663,4.327772,0.68333966,2.7627823,36.16204,102.824326
568,203.37326,4.065184,0.6746083,2.3994832,30.494247,86.095634
569,158.35538,3.6035776,0.6283349,2.0196402,23.183598,83.40796
570,222.2169,4.5011606,0.75975347,2.5694885,32.315407,90.61283
571,171.12773,4.0669503,0.7372668,2.160355,23.755045,89.970856
572,174.97829,3.884116,0.6639942,2.2327473,26.071548,91.736496
573,167.67139,4.3211603,0.8223684,2.111225,21.6137,89.83914
574,260.0733,5.6662188,0.6503287,2.2714632,22.028503,67.40309
575,224.19109,4.7419553,0.7834827,2.3424141,27.424505,78.478836
576,160.4919,3.6634872,0.63964653,2.0473747,23.452192,84.63831
577,283.8184,6.169831,0.73738813,2.5326617,25.281061,76.31091
578,207.87852,4.241373,0.7284996,2.3562248,29.33672,82.19321
579,327.77246,7.14224,0.5889955,2.4585602,18.770464,62.460415
580,198.93562,3.9932022,0.61598605,2.5704663,32.121613,103.363205
581,163.51878,4.2223186,0.8033281,2.0614514,21.091642,87.75783
582,216.10312,4.2937636,0.7058608,2.5609334,32.763107,92.13983
583,302.04254,6.572111,0.5666997,2.3023436,18.1122,59.661335
584,202.22737,4.405082,0.6266442,1.9643679,21.248026,62.761395
585,209.00763,4.305023,0.74337006,2.38009,29.221851,83.04208
586,216.40952,4.2338667,0.6857027,2.6042788,33.651283,95.04345
587,209.72942,4.0792437,0.60816336,2.6915596,34.37793,106.79161
588,253.29779,5.521008,0.6674701,2.2705479,22.748093,68.79545
589,209.1017,4.4758973,0.6900225,2.1109622,23.887527,68.84117
590,315.6308,6.8603983,0.6032271,2.4224718,19.365877,63.436962
591,202.8651,3.9529243,0.59179837,2.605527,33.232986,103.447945
592,196.18274,3.975295,0.6183331,2.5353022,31.534475,102.21795
593,230.05217,4.68583,0.79815304,2.629898,32.833195,92.206764
594,159.9836,3.6266966,0.6301034,2.040975,23.496555,84.225815
595,221.63655,4.2853274,0.6854524,2.6917315,35.02527,99.41951
596,168.7934,3.7633903,0.64410347,2.1555607,25.12853,88.705055
597,257.88235,5.619254,0.6526972,2.264812,22.132318,67.543205
598,201.72937,4.0035124,0.61173743,2.60527,32.767357,104.39568
599,359.99753,7.8148627,0.8259463,3.041215,28.364792,87.75869
600,176.2384,4.9347634,0.9918539,2.1953366,20.343266,95.567665
601,183.12004,4.032515,0.62199473,1.8559486,20.103573,60.57233
602,198.97179,4.043407,0.68568224,2.2909164,28.71726,80.67571
603,185.07288,3.6910954,0.5701314,2.386473,29.926855,95.53956
604,237.82005,4.8338385,0.82065034,2.721882,34.06725,95.47582
605,286.6984,6.238123,0.6177221,2.3189762,20.351353,64.59981
606,157.4966,3.6074164,0.6314595,2.008656,22.95076,83.08501
607,221.59258,4.7014465,0.7573326,2.2952335,26.646332,76.10988
608,203.18015,3.8379102,0.5780102,2.54971,33.548294,98.59052
609,245.32713,5.3480043,0.65268284,2.208074,22.227804,67.08931
610,202.12129,6.0983925,1.2814578,2.4851577,20.599463,110.75402
611,255.29688,4.9313397,0.78326756,3.095821,40.337708,114.31839
612,220.26585,4.3984237,0.7267408,2.5933661,33.069527,92.8357
613,201.72057,4.1657696,0.72539544,2.2321284,27.284111,76.880196
614,208.37885,4.3208895,0.7474298,2.2310433,27.035046,76.09303
615,256.52896,5.5500546,0.77109754,2.4727356,26.881588,78.59945
616,153.11098,4.782122,1.0193057,1.9068022,15.192021,85.7304
617,159.37817,3.626784,0.63182765,2.0334466,23.350336,83.99733
618,350.22208,7.687268,0.5875904,2.5700865,18.802382,63.656563
619,228.86015,4.7125907,0.81756896,2.5040932,30.677818,85.99009
620,201.66519,3.9736867,0.60472286,2.599234,32.85229,103.79319
621,208.14409,4.2303033,0.7199393,2.3990474,30.049797,84.39873
622,338.70306,7.3977666,0.59192485,2.519092,18.945953,63.427998
623,240.49226,4.665187,0.7472672,2.9061103,37.76438,106.85093
624,223.08252,4.3542476,0.7034118,2.6869187,34.77417,98.230125
625,203.39194,4.146524,0.709901,2.3267035,29.023693,81.47205
626,200.10263,4.0487256,0.6843023,2.3183234,29.192293,81.88976
627,199.75116,3.958573,0.60462296,2.5796642,32.473755,103.32498
628,213.584,4.0359473,0.6045441,2.6829906,35.281006,103.95569
629,356.50128,7.783551,0.62092376,2.6497858,19.92745,66.68417
630,150.01381,3.5487409,0.6759668,1.6430534,17.038696,58.26522
631,378.72916,8.248926,0.6678593,2.8302658,21.523342,71.67028
632,307.83484,6.69223,0.7473593,2.662059,25.527319,78.26248
633,247.48488,5.3961167,0.6272176,2.1734772,21.210365,64.79403
634,205.0514,4.060602,0.6190452,2.6483383,33.35367,106.10177
635,330.3893,7.256304,0.5560542,2.4249287,17.720264,60.03849
636,339.59357,7.402346,0.6051723,2.542059,19.349686,64.46127
637,208.23917,4.2712836,0.73937255,2.3349884,28.856953,80.936714
638,209.95845,4.224855,0.7045087,2.4835675,31.22706,89.36266
639,220.92822,4.257039,0.67881393,2.689989,35.070835,99.71191
640,163.3695,4.097117,0.767564,2.0595853,21.637405,86.953156
641,197.03111,3.9009426,0.5977285,2.5388255,31.993223,101.441864
642,167.82095,4.2645454,0.8061306,2.112367,21.892239,89.519455
643,158.39645,3.5795357,0.6206405,2.0217826,23.336315,83.38308
644,386.05457,8.372801,0.8082037,3.0984027,26.950039,85.56715
645,213.5879,4.474798,0.74828506,2.2448857,26.716852,75.60298
646,249.35011,5.435997,0.6536367,2.2292852,22.246635,67.38391
647,218.79944,4.246144,0.68128526,2.6475873,34.415985,97.26263
648,388.64267,8.444715,0.70642424,2.9398985,22.872355,75.48951
649,244.73384,5.2708197,0.7640055,2.4024541,26.556095,77.16775
650,228.94685,4.772888,0.81799346,2.4326136,29.199951,82.53513
651,164.27817,4.007054,0.73564416,2.0782573,22.433125,87.19035
652,277.43588,6.039367,0.70992845,2.4531083,24.214705,73.55376
653,206.65065,3.990915,0.63775116,2.5141473,32.771286,92.90021
654,232.02156,4.727033,0.80536836,2.6481633,33.050644,92.771576
655,202.02596,4.4164896,0.58862203,1.9035935,20.09902,59.705704
656,208.60648,4.04083,0.6058737,2.655813,34.140495,104.73375
657,225.29488,4.3911505,0.70844287,2.716019,35.177895,99.435455
658,211.52306,4.3967996,0.76272863,2.2754405,27.489725,77.77565
659,194.71936,3.9647264,0.62133914,2.5120819,31.113535,101.29676
660,232.96083,5.0854015,0.6077785,2.07498,20.556658,62.503105
661,213.86932,4.4721,0.77139604,2.2794168,27.24417,77.492
662,198.89792,3.9149508,0.59512544,2.5603812,32.40239,102.100296
663,289.52133,6.294109,0.5704748,2.247245,18.378134,59.80458
664,180.60948,3.9835024,0.6775827,2.3044145,27.022833,94.56276
665,206.12848,4.5326004,0.81907976,2.4577644,29.18734,95.67573
666,180.88403,3.7271273,0.647442,2.0122817,24.743698,69.55305
667,185.5681,4.759238,0.93090594,2.2655065,22.762457,95.45522
668,222.89989,4.717988,0.77434534,2.322107,27.116074,77.54875
669,186.79675,4.1805487,0.616603,1.8503121,19.102081,59.403942
670,201.44234,4.264543,0.7457555,2.4010944,29.21808,90.830055
671,210.43976,4.301107,0.7383522,2.4027586,29.846447,84.04711
672,234.5917,4.589164,0.74166584,2.817625,36.433197,102.73401
673,187.29405,3.7624345,0.5852878,2.414866,30.142826,96.891045
674,373.19083,8.190727,0.6213503,2.7346091,19.97369,67.64218
675,209.77936,4.5324335,0.65258706,2.051293,22.577913,65.84273
676,190.10103,3.8945801,0.6716504,2.142735,26.562243,74.55203
677,189.05347,5.7025485,1.2009162,2.3209357,19.196564,103.318306
678,296.0333,6.4426823,0.5569429,2.2581253,17.790184,58.587906
679,209.80084,4.489064,0.70472974,2.1352062,24.273668,70.0625
680,195.89386,3.7134554,0.55794466,2.4652886,32.34574,95.72314
681,194.0774,3.8715348,0.641689,2.2931337,29.217516,82.40882
682,213.0078,4.2468863,0.7023854,2.5125003,32.034187,90.18379
683,211.44974,4.0324545,0.6354908,2.600409,34.06377,97.82398
684,174.94092,3.7878683,0.63522166,2.2354522,26.519516,91.122734
685,201.16731,4.0620446,0.62980914,2.5985887,32.370453,104.67644
686,201.75908,3.9865031,0.60738873,2.60502,32.85676,104.25088
687,171.54932,4.2652073,0.7930817,2.1651235,22.942186,91.324646
688,202.54233,5.865386,1.2117635,2.4857554,21.790287,109.43312
689,214.90524,5.8190293,1.1586695,2.6458755,25.235731,114.21047
690,192.19601,3.8914819,0.60581785,2.48307,30.888662,100.02455
691,251.07133,5.322995,0.8448931,2.577111,29.830242,85.11289
692,175.531,4.1851187,0.75224376,2.233681,24.688358,93.4214
693,200.66493,4.2795887,0.7192333,2.111592,24.413868,70.95851
694,216.1025,4.4879756,0.7814284,2.3524575,28.457813,80.64598
695,184.066,4.710289,0.88792086,2.3257825,24.059372,99.03714
696,210.91463,4.389465,0.7581867,2.4309378,29.335169,85.54234
697,206.19156,4.476483,0.63557756,2.0019724,21.768349,63.923214
698,203.58505,4.1792927,0.7229195,2.28664,28.242538,79.303
699,206.96347,4.640357,0.63709277,1.9755898,19.889727,62.248505
700,196.31953,5.8647003,1.2262785,2.4165146,20.34075,107.32609
701,198.43715,4.120038,0.71333283,2.1239853,25.705889,72.45615
702,213.16742,4.365406,0.7539719,2.395249,29.671825,83.13768
703,158.57443,3.7613544,0.7218584,1.784909,19.016212,65.20626
704,147.45584,3.8004415,0.7807135,1.6819165,16.885612,67.69865
705,183.38,3.6499503,0.5643203,2.3414414,29.492722,92.936
706,242.42609,4.9422717,0.84335333,2.7500856,34.27565,96.03109
707,339.2502,7.4353704,0.5777256,2.500314,18.459661,62.26965
708,252.17331,4.735133,0.72270525,3.1284962,41.37782,118.57271
709,195.46384,3.7540164,0.59810823,2.3917491,31.182108,89.246254
710,235.26591,4.789985,0.8155713,2.6813555,33.49013,93.870285
711,205.70395,4.2244062,0.7337607,2.29248,28.264532,79.204384
712,215.70293,4.3302093,0.7205041,2.5555553,32.18674,92.08462
713,194.75945,4.1942997,0.6357099,1.9514555,21.867382,63.503838
714,170.98999,4.0624332,0.7341149,2.1634088,23.858414,90.19137
715,201.66145,4.022249,0.6225523,2.5702457,32.3274,102.11178
716,337.08728,7.3958797,0.57009727,2.4783318,18.184343,61.488125
717,196.77634,4.231,0.63961816,1.9671942,22.053265,63.881084
718,193.09695,3.931179,0.6724267,2.2135043,27.665024,77.660255
719,223.07713,4.670572,0.80841154,2.3908315,28.557138,81.59786
720,339.38223,7.3916264,0.61088526,2.5484347,19.524567,64.88399
721,236.35129,4.9488344,0.8336557,2.4903963,29.66209,84.04485
722,235.98209,4.6272244,0.74986786,2.8277736,36.50268,102.85978
723,221.37273,4.91577,0.6193027,2.0226023,19.896818,62.06086
724,209.41946,4.077849,0.65740883,2.5300207,32.81292,92.71037
725,157.07916,3.817029,0.7457251,1.7674267,18.588192,66.081085
726,187.7639,3.8541772,0.6663784,2.105116,26.024588,73.060524
727,165.70892,3.733946,0.6458456,2.1137338,24.431347,87.13468
728,158.64703,3.5906413,0.62453026,2.0214784,23.25818,83.29111
729,197.54326,3.976449,0.6630284,2.30647,29.208555,82.15097
730,167.89532,3.8116624,0.6614852,2.1424508,24.6498,88.54485
731,207.96045,4.407254,0.714523,2.154563,25.078144,71.558586
732,192.83655,4.6129255,0.8408426,2.4241302,26.458809,101.27815
733,200.06192,3.9977243,0.61448884,2.5851064,32.388317,103.83667
734,191.26416,4.2774024,0.6020034,1.8566434,19.043865,59.04281
735,181.95404,3.9995115,0.67843306,2.321559,27.27551,95.14874
736,270.91425,5.897169,0.7350789,2.4699411,25.299755,75.79752
737,289.8999,6.252785,0.87800837,2.8135085,30.781359,89.68506
738,201.00119,4.09606,0.70015585,2.3081412,28.81215,80.9828
739,228.99004,4.8428636,0.79287153,2.3840234,27.888546,79.61456
740,317.19693,6.8959336,0.7232709,2.6669717,24.629757,76.546875
741,202.44785,4.057953,0.6246938,2.6165075,32.732445,105.21405
742,370.68335,8.123632,0.62470126,2.725932,20.06434,67.72513
743,190.80745,3.8107917,0.5874101,2.4634874,30.861559,98.80624
744,192.76189,3.8865774,0.6484999,2.2790756,28.660042,81.85238
745,225.56848,4.5708814,0.770279,2.6071405,32.76627,91.98423
746,166.51958,3.7162175,0.64031976,2.1221168,24.644312,87.152435
747,203.85252,4.1909857,0.72514385,2.2835932,28.130205,79.090744
748,200.1884,4.284686,0.66554785,2.02779,23.02981,66.369354
749,167.33519,3.6523259,0.6298239,1.7952201,19.854527,60.54985
750,162.92451,3.7566252,0.6631158,2.0727513,23.498837,85.79555
751,348.5443,7.618486,0.6025818,2.584225,19.330679,64.83525
752,195.23305,3.857827,0.5895308,2.517378,31.75945,100.57967
753,197.97005,3.8760388,0.58458775,2.5443246,32.33548,101.160446
754,205.23459,3.939513,0.5920575,2.5861237,33.641518,101.16421
755,192.44112,3.7886322,0.5771693,2.480702,31.38152,98.97421
756,188.14319,4.03127,0.6666443,2.4084587,28.819923,98.10903
757,272.01654,5.833454,0.8615135,2.6983445,30.131075,87.11718
758,166.97398,4.261047,0.80719596,2.101986,21.709118,89.17758
759,196.99956,3.9898357,0.6202123,2.545855,31.674362,102.63378
760,164.88004,3.819517,0.67686033,2.0941632,23.623487,86.757576
761,267.7944,5.830576,0.6631906,2.3265557,22.442516,68.755264
762,182.44656,5.2902765,1.084782,2.2644246,20.018398,99.62499
763,197.83185,4.0734754,0.70891875,2.1828146,26.790277,75.14256
764,187.9399,5.759829,1.2214144,2.311479,18.695127,103.407295
765,212.278,4.290996,0.7201375,2.540045,31.751184,93.44141
766,222.68546,4.184557,0.638829,2.7677338,36.59213,105.37556
767,204.22324,4.5348144,0.8159596,2.4651535,28.927593,97.673294
768,338.8648,7.348783,0.88955176,3.0550363,30.927334,92.658806
769,163.02164,4.154111,0.78538156,2.0542762,21.26681,87.10071
770,137.26938,4.084879,0.9384931,1.463072,11.554412,62.133064
771,202.82437,4.078516,0.68045455,2.371117,30.056292,84.44429
772,164.49521,4.153335,0.7809673,2.0737002,21.654413,87.7301
773,201.74097,4.1473227,0.7207342,2.2493632,27.698835,77.70526
774,221.49034,4.2702136,0.68028784,2.6946898,35.14668,99.704636
775,182.45824,3.7456014,0.5925305,2.3546252,29.042658,95.07311
776,183.4808,5.75605,1.2341392,2.2645557,17.696123,102.02563
777,236.025,4.56032,0.7266259,2.8635995,37.31158,105.677
778,198.5799,3.9209101,0.59733266,2.5641584,32.35708,102.56938
779,202.58902,5.947903,1.2368156,2.4847727,21.341307,109.77646
780,238.71227,4.4759693,0.67190284,2.9830902,39.45014,114.581795
781,208.09734,5.978232,1.2287976,2.5562146,22.665464,112.2953
782,161.66217,3.6695273,0.6373302,2.063774,23.750362,85.22418
783,158.43716,3.7036405,0.6603366,2.0123339,22.544542,83.497284
784,215.83223,4.3237085,0.67219436,2.7472339,34.452457,109.34762
785,223.40535,4.3806725,0.7105561,2.6808894,34.602093,97.58224
786,215.04776,4.4353642,0.77149546,2.3812177,29.15324,82.066345
787,169.63628,4.3216405,0.8151831,2.1396937,22.177368,90.82642
788,227.54446,4.3811197,0.69694644,2.7699327,36.152805,102.656044
789,208.20816,4.2164655,0.7095532,2.4219406,30.445086,85.778
790,206.23575,4.3849125,0.7037464,2.1248658,24.595549,70.407715
791,157.98753,3.720091,0.6660833,2.0067825,22.368149,83.43657
792,200.96973,4.116651,0.71113944,2.2626164,28.032957,78.57651
793,171.60709,3.8944573,0.6732708,2.1982584,25.330294,90.90786
794,167.79276,4.3166223,0.8234963,2.1065946,21.52903,89.50477
795,216.6682,4.194578,0.67122304,2.6288517,34.22481,96.88943
796,275.9742,5.8918214,0.8972228,2.7777522,31.432177,90.379456
797,204.14317,4.1799936,0.7217501,2.3001962,28.510412,79.925224
798,197.84985,3.72205,0.57137346,2.4621212,32.528698,93.720924
799,205.14917,4.779658,0.88878304,2.4960883,27.79559,101.59723
800,167.2132,3.7788086,0.6526528,2.134183,24.648067,88.132256
801,204.08203,4.211177,0.7230198,2.359583,28.85322,83.19007
802,219.51277,4.452475,0.7568458,2.52501,31.697248,88.76479
803,192.33224,3.8463104,0.59259945,2.4852939,31.119146,99.78605
804,140.25288,4.11958,0.93957216,1.4964733,12.151455,62.933483
805,166.7539,4.2182503,0.79302484,2.103488,21.950056,89.08754
806,199.01791,3.7474415,0.57901144,2.4722972,32.65263,93.57124
807,225.85907,5.758378,1.1102526,2.7744536,28.165699,117.43646
808,235.84488,5.016919,0.7866108,2.4115207,27.700897,79.24289
809,201.71896,4.577448,0.83692706,2.4386668,27.999805,97.78084
810,162.12141,4.350528,0.8492955,2.0355163,19.936829,87.48085
811,225.14554,4.6350155,0.8049741,2.4995763,30.691881,86.26217
812,218.99237,4.3147316,0.7035944,2.6187475,33.677692,94.9657
813,210.85985,4.13428,0.62431216,2.7159736,34.450768,108.33466
814,201.57834,5.039962,0.9594439,2.4903443,25.81134,104.7469
815,203.69783,4.3803916,0.65657693,2.029134,22.684591,65.72449
816,191.34464,3.8848212,0.60601854,2.4725826,30.717987,99.69989
817,159.30237,3.6419814,0.63642085,2.0323064,23.251322,84.035194
818,207.49788,4.2279468,0.7237056,2.3652375,29.516752,82.76497
819,188.39406,5.807746,1.2360524,2.3150492,18.536064,103.77568
820,369.10922,8.046915,0.6480876,2.7523835,20.839981,69.52878
821,181.68283,5.294906,1.0991102,2.2260644,19.2822,98.006355
822,247.52231,5.3971915,0.6438558,2.2028093,21.854292,66.35134
823,195.56921,3.9617662,0.61619616,2.527362,31.439337,101.88395
824,193.74327,3.8415062,0.58818907,2.500642,31.471972,100.08422
825,211.56593,4.1907825,0.6886229,2.5133698,32.20859,90.72461
826,215.2761,4.3715854,0.74383354,2.4765878,31.046667,87.10673
827,244.21098,5.3258862,0.6411304,2.1839373,21.78376,66.011314
828,218.03296,4.353836,0.71968734,2.5676372,32.73858,91.92239
829,203.03046,4.2437224,0.7229572,2.1492734,25.704443,72.72349
830,216.45145,4.0536847,0.61283624,2.7023406,35.774708,103.43941
831,181.36949,4.04826,0.66941655,1.8967464,20.044563,62.7015
832,182.4172,3.8070335,0.61510843,2.342362,28.510674,94.72918
833,335.63824,7.281877,0.84082144,2.9535418,28.996023,87.89391
834,195.78145,3.8983939,0.5989918,2.527939,31.733353,101.347725
835,202.11992,4.036809,0.6693406,2.3804686,30.334854,85.32793
836,346.66168,7.515099,0.92519647,3.1542006,32.300102,96.34213
837,250.61253,5.356496,0.81624806,2.5190728,28.480824,81.97211
838,163.19939,3.7099764,0.64531267,2.0821302,23.928198,86.03437
839,178.00272,4.47159,0.83346826,2.253075,23.736084,95.452614
840,317.70938,6.909331,0.5947581,2.4221685,19.072247,62.78738
841,199.93237,4.7955365,0.90302396,2.4464996,26.484537,101.27546
842,246.02986,5.1643558,0.8638148,2.5869958,30.674097,87.14339
843,192.42242,3.754316,0.60813946,2.326387,30.050053,85.50857
844,212.31297,4.4826283,0.7370906,2.213654,25.97997,73.98471
845,335.87567,7.3653555,0.57077414,2.473045,18.205015,61.47805
846,218.02351,4.2410345,0.6316319,2.796234,35.712505,110.96428
847,165.07399,3.7417817,0.64763004,2.1082792,24.31025,87.14379
848,200.04486,4.0476875,0.67939734,2.3322449,29.350685,82.77749
849,216.717,4.337343,0.71832216,2.5455751,32.40397,90.943146
850,194.37804,4.3461275,0.61758053,1.8922548,19.457663,60.280388
851,253.51582,5.101782,0.84285367,2.9496965,37.320507,104.69846
852,211.88123,4.310463,0.73699874,2.4185758,30.240114,84.6813
853,208.50038,4.4240637,0.71120125,2.1489797,24.919283,71.166405
854,209.29666,4.333201,0.7553472,2.3301718,28.3738,80.40627
855,194.74887,5.6945977,1.1817404,2.3910465,20.682354,105.49117
856,223.51297,4.3408413,0.6969982,2.7023306,35.104836,99.190834
857,393.9289,8.611555,0.6716015,2.9097795,21.646904,72.709526
858,204.80501,4.140831,0.6969598,2.3796983,29.991144,84.16865
859,210.3769,4.261597,0.7223492,2.4296105,30.555496,85.60744
860,179.95468,3.933226,0.6640497,2.2983086,27.110685,94.027534
861,191.96065,5.937314,1.2646083,2.3619583,18.836412,106.000404
862,340.61862,7.388879,0.8591406,3.0103266,29.71686,89.878296
863,213.49696,5.909412,1.1931195,2.6203387,24.274658,113.73408
864,185.50851,3.82769,0.66462886,2.0654104,25.352201,71.36762
865,208.41022,4.0464196,0.6021545,2.6718068,34.182583,105.85797
866,205.3269,4.233592,0.7354364,2.254925,27.600677,77.487114
867,204.1414,4.2091403,0.7183073,2.3833473,29.105669,84.8568
868,226.22206,4.725806,0.815585,2.4152923,28.93627,82.26872
869,160.95798,3.8274078,0.6900955,2.044221,22.617134,85.26862
870,222.28998,4.9496627,0.6259732,2.032783,19.835136,62.300385
871,184.71428,4.634869,0.869938,2.3200848,24.29649,98.109245
872,196.27477,3.9065313,0.5991633,2.5359173,31.843493,101.70642
873,193.3409,3.841615,0.58900934,2.4973748,31.391459,100.07362
874,200.19081,4.067002,0.68605983,2.3287039,29.16079,82.46174
875,168.63077,3.8122957,0.6577043,2.1536162,24.880999,88.98523
876,209.32837,4.365575,0.75531185,2.2349737,26.839096,76.08499
877,206.16707,3.9401577,0.62347955,2.5287714,33.09172,94.64733
878,207.47249,4.653241,0.85866517,2.4503012,28.63018,95.4761
879,159.21004,3.6794472,0.6479309,2.0297012,23.030945,84.14449
880,158.09512,3.581566,0.6217702,2.0182567,23.259975,83.29433
881,153.575,3.5113826,0.6159825,1.9563307,22.336931,80.767006
882,251.93011,5.491592,0.6343378,2.2056215,21.45432,65.6069
883,334.35226,7.3503356,0.55822146,2.4479377,17.801052,60.44375
884,200.04108,4.095078,0.7061774,2.259889,28.032768,78.62085
885,194.11124,3.8052032,0.5758822,2.4978967,31.710222,99.42714
886,209.91348,4.3105664,0.7452397,2.3673465,29.208937,82.285645
887,201.60655,4.351464,0.6370793,1.9860512,21.969118,63.94984
888,260.4617,5.674728,0.6913118,2.3446972,23.628834,71.2781
889,164.11679,4.130159,0.77358675,2.072075,21.733082,87.62141
890,210.3271,4.2889667,0.7351421,2.3956275,29.863861,83.73811
891,207.4236,4.344564,0.7598127,2.3168294,27.695786,79.868744
892,282.12875,6.140277,0.6908392,2.4407158,23.442513,71.94061
893,192.77475,3.8865278,0.65097696,2.2604158,28.528143,80.630325
894,190.42773,3.775474,0.5787536,2.4579418,30.94019,98.351906
895,149.87518,3.7493014,0.75224465,1.6301823,16.10505,59.736813
896,207.93115,4.1213145,0.67766625,2.4706295,31.631214,89.228455
897,193.24367,3.8307538,0.58663857,2.4942658,31.401234,99.819275
898,256.02957,5.578222,0.6908998,2.3250642,23.668552,71.12894
899,281.21097,6.1142654,0.73853076,2.5239098,25.371843,76.40072
900,233.0071,5.0338593,0.7176374,2.2689283,24.892603,72.61473
901,423.75613,9.186275,0.95268637,3.5644987,32.972275,102.079865
902,159.7166,3.6521232,0.6376553,2.038371,23.331007,84.31646
903,154.54332,3.571625,0.66956323,1.7413894,18.840834,62.309666
904,343.0975,7.4497,0.8187202,2.9508731,28.130178,86.32468
905,192.95732,3.901569,0.6559137,2.252854,28.360622,80.0511
906,216.59103,4.2048297,0.6755691,2.622036,34.04356,96.38775
907,237.65347,4.6290584,0.74492604,2.86328,37.11845,104.85302
908,158.01729,3.530553,0.63771546,1.8317109,21.051311,67.36636
909,227.8876,4.4400706,0.7155043,2.7474148,35.601757,100.60023
910,311.3178,6.7597237,0.809333,2.7864416,27.946075,84.12571
911,195.91302,4.1054897,0.6901326,2.0628357,24.58604,69.64083
912,219.72581,4.513387,0.780563,2.4653685,30.402252,85.5188
913,320.01178,6.9488416,0.6244022,2.478599,20.200546,65.72851
914,174.45267,3.855177,0.6539572,2.22954,26.171463,91.62937
915,259.58893,5.6528354,0.68308437,2.3259382,23.310532,70.3917
916,171.38745,4.144414,0.7573111,2.166351,23.522785,90.709816
917,205.24268,4.2017446,0.7250407,2.315101,28.704548,80.48886
918,188.94939,3.8491344,0.60398716,2.4385235,30.205843,98.295555
919,212.79572,4.298288,0.722223,2.471784,31.187952,87.42498
920,216.36972,4.451894,0.77316445,2.376626,29.169321,81.727234
921,195.338,5.705127,1.1846048,2.3960137,20.742447,105.69239
922,193.69308,4.069558,0.71072567,2.2074199,26.233616,76.92635
923,272.43704,5.9321632,0.6758131,2.3698695,22.901367,70.141174
924,350.6249,7.7044554,0.5839269,2.5665076,18.674818,63.37712
925,206.02782,4.0107675,0.59936005,2.639878,33.715923,104.60921
926,284.9401,6.20053,0.6915135,2.457257,23.49709,72.214455
927,215.53786,4.3463225,0.725689,2.5352526,31.884756,90.821785
928,211.41605,4.438968,0.7668878,2.2569082,26.808554,76.75011
929,163.8615,3.688922,0.6385095,2.0905962,24.168621,86.09774
930,161.10695,3.5516927,0.62526965,1.740025,18.956947,59.101425
931,246.25829,5.0336103,0.8626362,2.7743566,34.4529,96.57813
932,162.13017,3.6890225,0.64159745,2.070112,23.78715,85.553535
933,382.18408,8.361707,0.6495976,2.8192415,20.905483,70.32779
934,195.47684,5.8338785,1.2196667,2.4050746,20.26252,106.784935
935,196.13803,3.8776498,0.5920037,2.5316408,31.924154,101.26274
936,272.04523,5.923772,0.6819657,2.37913,23.152426,70.7255
937,126.84715,3.6793828,0.7598239,1.5443037,13.3560915,67.49434
938,230.40962,4.7227054,0.8122435,2.6052804,32.236404,90.79158
939,197.4491,3.8062997,0.5736634,2.4949722,32.324684,97.8374
940,199.47012,5.908126,1.2344824,2.4455762,20.74795,108.34376
941,191.83957,3.6927435,0.55245334,2.4390566,31.536345,95.883514
942,170.57715,3.8279588,0.7004764,1.9104415,20.96613,66.82947
943,180.54964,5.6800675,1.2195367,2.229253,17.347675,100.51962
944,249.03177,5.391948,0.74673426,2.396515,26.01539,76.1649
945,160.17616,3.721618,0.6604833,2.0369103,22.95621,84.45089
946,214.37097,4.4913807,0.7826597,2.3243477,27.731653,79.50724
947,205.31287,4.0069575,0.64884156,2.480497,32.048794,90.97287
948,163.97433,3.7106564,0.6427368,2.0928898,24.139175,86.39774
949,156.94424,3.6386216,0.6449653,1.9953101,22.507925,82.620224
950,196.18657,5.885096,1.2337822,2.4124942,20.160662,107.27166
951,168.38237,3.7651367,0.64751744,2.149679,24.982075,88.43615
952,160.67188,3.64336,0.63199115,2.0515132,23.639874,84.73163
953,187.62201,3.7669487,0.627206,2.2015927,27.929544,78.72982
954,255.05995,5.279413,0.91270703,2.7484941,33.388496,94.07242
955,131.87473,4.0488286,0.92754275,1.4305773,10.611829,62.055035
956,162.29056,3.7005455,0.6452397,2.0708833,23.742785,85.599846
957,224.62349,4.349649,0.6965036,2.718891,35.366165,100.23609
958,200.45613,4.140258,0.6665443,2.561139,31.381,103.05288
959,157.9809,3.546273,0.61190325,2.0178106,23.401188,83.06679
960,206.34097,4.3107653,0.7387024,2.1902397,26.234903,74.28903
961,164.4517,3.9977992,0.73403263,2.078392,22.474,87.0735
962,337.68182,7.3533545,0.6099401,2.5390127,19.502535,64.75502
963,211.15768,4.17623,0.68501467,2.514547,32.248775,90.933304
964,167.25931,3.7723737,0.65123004,2.1358335,24.702564,88.13767
965,187.56654,5.8106923,1.2372805,2.3135595,18.456877,103.86714
966,166.48473,3.5909474,0.63050586,1.8280998,20.9279,62.540512
967,304.23767,6.6183066,0.6864388,2.5360074,23.189766,72.43925
968,178.11406,3.934466,0.650424,1.8716024,20.254513,62.17596
969,253.90573,5.5340347,0.64698684,2.236976,21.939156,66.87753
970,169.48547,4.0014915,0.7212771,2.1430082,23.724575,89.13139
971,207.67487,4.2098246,0.7141648,2.3991268,30.148167,84.53239
972,206.8381,4.046344,0.6089064,2.661083,33.822678,105.937195
973,161.30002,3.6701682,0.639007,2.058052,23.635807,85.03537
974,199.9868,3.913616,0.59038854,2.5742571,32.708138,102.490685
975,171.81482,3.7884383,0.6453296,2.1934597,25.723217,89.90351
976,171.0549,3.7497406,0.6323449,2.1891725,25.845745,89.78571
977,169.57285,3.786495,0.65071195,2.1642907,25.1704,89.00547
978,196.30533,4.3430357,0.6740113,1.9991229,21.229418,65.006195
979,212.60063,4.1902432,0.6839819,2.543023,32.691242,92.21028
980,166.95988,3.7762191,0.654726,2.1301925,24.557896,87.89342
981,195.75899,3.9259932,0.6056378,2.5300665,31.637636,101.70689
982,193.68573,4.3483315,0.61618525,1.8820381,19.107634,59.789337
983,125.36216,3.7509725,0.788021,1.5232246,12.526792,67.08662
984,169.26349,4.07052,0.74314886,2.1376402,23.29436,89.310776
985,161.35658,3.691695,0.64715755,2.0538895,23.424145,84.84835
986,210.01765,4.2274423,0.70634544,2.449768,31.026154,87.041885
987,155.9541,3.5972824,0.6720418,1.7376115,18.580093,61.329277
988,383.70825,8.326208,0.8232078,3.121364,27.677847,87.25604
989,217.68079,4.5215816,0.7881382,2.3999324,29.043999,82.51667
990,204.56638,4.3977003,0.65913486,2.0365593,22.784079,65.99329
991,219.49004,4.3866243,0.7248535,2.5832102,32.920155,92.42534
992,227.8311,4.61983,0.7842705,2.618001,32.86932,92.007095
993,209.92166,4.6523356,0.84067464,2.5142515,29.630121,98.84019
994,226.27124,4.5702124,0.7655702,2.632082,33.190376,93.32474
995,204.12105,4.1715436,0.7183401,2.3104794,28.715414,80.5057
996,163.7135,3.701327,0.68050194,1.8396398,20.151571,64.844215
997,167.0409,4.7280574,0.94959754,2.0974972,19.354216,91.66776
998,247.85712,5.4023986,0.6246976,2.169748,21.109522,64.52527
999,166.98582,4.410973,0.85244805,2.10037,20.958136,89.9621
1000,259.63638,5.336737,0.91971135,2.8410788,34.88419,97.627365
1001,225.56476,4.695332,0.81784886,2.4885914,30.021181,85.57141
1002,158.60382,3.6425352,0.6398882,2.0201247,23.002548,83.55735
1003,270.41638,5.888665,0.6695465,2.3513267,22.692707,69.53495
1004,251.32376,5.230665,0.88562703,2.6604917,31.99018,90.10117
1005,252.7007,5.507347,0.6312747,2.2030754,21.321672,65.30509
1006,229.95721,4.456176,0.71292394,2.7840538,36.208706,102.41269
1007,210.90852,4.35665,0.75813717,2.3206518,28.33391,79.80196
1008,190.24652,3.7725441,0.5800718,2.4404101,30.769506,97.16227
1009,165.49246,3.989533,0.7279238,2.0932865,22.810991,87.54089
1010,204.77965,3.8454192,0.58257407,2.5591114,33.824368,98.12699
1011,324.17496,7.0951476,0.5612843,2.4008675,17.88691,60.117996
1012,209.72891,4.4843802,0.69306856,2.1225152,24.10645,69.360596
1013,156.60046,3.5914276,0.6308559,1.993978,22.709646,82.391464
1014,158.95428,3.7407532,0.67003036,2.018215,22.488607,83.88409
1015,372.09387,8.1641655,0.6213718,2.7288187,19.958994,67.54589
1016,198.47125,3.8476164,0.5740944,2.5405593,32.567944,100.44805
1017,260.41763,5.6689444,0.6862753,2.3361132,23.447058,70.72632
1018,231.07912,4.5435433,0.7383158,2.7632844,35.60983,100.27824
1019,367.117,8.046855,0.6188876,2.6993043,19.855677,67.04423
1020,352.1664,7.7094903,0.6020123,2.600426,19.289341,64.91723
1021,190.59528,3.746147,0.5692379,2.4377012,30.963161,96.60669
1022,245.02498,5.085845,0.87886345,2.6334608,31.865095,90.06625
1023,163.68642,3.7136853,0.6463474,2.0875075,23.999178,86.14135
1024,202.19913,4.164652,0.7235303,2.25857,27.74274,78.08097
1025,250.92003,5.4668565,0.6440492,2.2174437,21.83947,66.41255
1026,192.78543,3.8169801,0.5848638,2.485317,31.313276,99.32943
1027,196.63295,3.9542453,0.6595535,2.3113558,29.243471,82.56062
1028,115.23303,3.8314025,0.8515883,1.3970163,9.4963255,63.61488
1029,215.80142,4.601331,0.729761,2.20875,25.308517,72.74583
1030,184.56525,5.75308,1.2286806,2.279496,18.024113,102.51022
1031,215.71312,4.0987043,0.6146774,2.7104,35.513874,105.34227
1032,256.17435,5.5821786,0.63680714,2.228013,21.506105,65.92877
1033,225.90877,4.400002,0.7085985,2.724426,35.321205,99.75115
1034,168.76968,5.0786967,1.0656664,2.0806177,17.349216,92.470474
1035,210.14044,4.426226,0.7387087,2.204748,26.000223,74.05261
1036,163.76085,3.681844,0.63473964,2.090938,24.229664,86.17404
1037,193.62955,3.7556424,0.56168354,2.4781106,31.760612,97.94819
1038,205.59772,4.0062246,0.6476889,2.4797902,32.115288,90.9322
1039,224.00363,4.788621,0.75176096,2.2813978,25.992247,74.97815
1040,208.56456,4.374072,0.732605,2.1934292,26.090385,73.90725
1041,190.48758,3.8687823,0.6510433,2.257593,27.991861,81.39664
1042,197.29071,5.7238784,1.1802527,2.4286354,21.285522,106.92193
1043,226.08327,4.393444,0.706012,2.7316315,35.45638,100.26336
1044,203.49094,4.163074,0.7154316,2.3151119,28.744072,80.82339
1045,170.02861,3.828132,0.6597713,2.1707597,25.134575,89.56363
1046,225.15198,4.7487316,0.78163904,2.3495326,27.618364,78.60683
1047,212.59172,5.456123,1.0624365,2.5996614,26.135813,109.846375
1048,234.26141,4.564816,0.73514265,2.821778,36.578884,103.22893
1049,257.6831,5.3388753,0.9193303,2.7550726,33.399868,94.008736
1050,250.84149,4.8986244,0.7891222,3.0142787,39.002743,110.12366
1051,163.28978,3.9428844,0.7199224,2.0667129,22.506092,86.46441
1052,207.39365,4.2975683,0.74956155,2.3110082,28.100079,79.74579
1053,212.00002,4.4619884,0.77469355,2.5388458,31.086542,96.63559
1054,226.64291,4.835886,0.7506585,2.2967432,26.199566,75.24173
1055,158.73889,3.6819284,0.6521573,2.0188935,22.782633,83.6512
1056,223.89319,4.715699,0.7865966,2.3498118,27.704538,78.96124
1057,235.07523,4.4742775,0.6616386,2.9670603,38.775608,116.162315
1058,176.48453,3.8411453,0.64295197,2.2596004,26.804163,92.49684
1059,259.16504,5.458768,0.88820004,2.6953773,31.683533,89.91119
1060,183.51653,4.688986,0.89599246,2.2866685,23.3702,96.974106
1061,203.61328,4.564682,0.63108194,1.9536664,19.76463,61.719788
1062,213.6112,4.5553975,0.72474647,2.189102,25.090298,72.167015
1063,223.58237,4.6361856,0.80690616,2.4780014,30.099684,85.417595
1064,197.85643,3.8817246,0.5874488,2.5476003,32.31555,101.49547
1065,252.57875,5.2732615,0.8913572,2.6676416,31.90419,90.16365
1066,165.50235,4.07702,0.75263894,2.0932395,22.402222,88.06686
1067,170.38683,3.836481,0.66228044,2.1739106,25.14873,89.65584
1068,144.69955,4.012417,0.87234586,1.5467503,13.955233,62.084084
1069,200.3038,5.6939535,1.1674677,2.4546804,21.966139,107.324036
1070,233.85262,4.909617,0.831794,2.4707222,29.323952,83.55283
1071,199.4409,5.973855,1.250126,2.4551904,20.606758,109.192184
1072,259.13162,5.6459646,0.6712094,2.3027859,22.838282,69.30496
1073,203.41948,4.06046,0.6227298,2.6290703,32.9604,105.59833
1074,301.1721,6.5459857,0.58489853,2.3250523,18.809837,61.403126
1075,197.89459,3.903993,0.5961803,2.551818,32.22634,101.94571
1076,166.6384,3.7784233,0.6562414,2.1244278,24.439486,87.7194
1077,209.28992,4.2490478,0.7241273,2.403828,30.141,84.422134
1078,218.68996,4.2422295,0.63581187,2.7855258,35.761005,109.93178
1079,251.88295,5.4911857,0.6629397,2.2561326,22.576628,68.31669
1080,197.20715,3.903933,0.596139,2.5464404,32.080914,101.926834
1081,212.68352,4.234377,0.698766,2.5145266,32.113083,90.34452
1082,200.92522,4.229422,0.7415746,2.2203305,26.294542,76.22051
1083,194.65942,3.8526874,0.5906422,2.5062146,31.601357,100.04999
1084,191.02318,4.2909703,0.6065196,1.8541585,18.801624,58.87135
1085,202.86296,3.9897969,0.6065131,2.6145763,33.09026,104.367325
1086,203.64713,4.261782,0.745459,2.2689717,27.150036,78.14549
1087,256.71368,5.594425,0.66494715,2.2810159,22.611847,68.63723
1088,239.70775,4.715793,0.7659619,2.862914,36.876934,103.78896
1089,301.6982,6.558193,0.78969806,2.7052524,27.199976,81.943886
1090,304.09775,6.601584,0.84958434,2.827206,29.648876,87.78634
1091,147.15027,3.80202,0.78175384,1.651741,16.588064,65.82832
1092,265.5537,5.785166,0.67450136,2.337842,22.927805,69.85466
1093,212.44049,4.4588604,0.77289546,2.2744074,27.05843,77.52007
1094,204.60341,6.069027,1.2670026,2.51197,21.319439,111.41924
1095,185.39748,5.7991314,1.2430253,2.281384,17.852827,102.695854
1096,244.6072,5.332085,0.6551328,2.2098222,22.339699,67.32196
1097,183.93633,5.725792,1.2217739,2.2723753,18.014595,102.14607
1098,173.89853,3.7865026,0.6505845,1.8603874,20.847305,62.903343
1099,173.94136,3.9011009,0.6710881,2.2194602,25.74886,91.47362
1100,210.99756,4.278294,0.7216408,2.4500759,30.746567,86.65589
1101,271.05835,5.569266,0.95994645,2.9655612,36.41663,101.85618
1102,330.43475,7.2407684,0.56593287,2.438563,18.034534,60.78903
1103,201.5522,4.2274857,0.73518944,2.3160076,27.61011,81.27381
1104,187.69121,4.8903956,0.9412975,2.3468046,23.626839,100.23442
1105,286.05774,6.2236795,0.7055981,2.4894488,24.023735,73.50968
1106,266.28766,5.690692,0.8604954,2.6702094,30.14521,86.75584
1107,209.28302,4.1791077,0.64111084,2.7019181,33.85142,108.494484
1108,215.86151,4.475859,0.77782184,2.334839,28.315962,79.921295
1109,230.30605,4.443813,0.70772713,2.7968056,36.483562,103.28831
1110,194.03844,3.7897542,0.5713864,2.481707,31.66396,98.217224
1111,211.03354,4.2657757,0.7195411,2.4448812,30.81909,86.36441
1112,271.5413,5.601101,0.96398574,2.9263635,35.69901,100.12206
1113,216.05962,4.8191023,0.618687,1.9905678,19.539377,61.338566
1114,199.27794,4.517295,0.82777876,2.399174,27.615492,95.7724
1115,192.53964,3.8983757,0.6068067,2.4876425,30.942244,100.21905
1116,242.99486,4.9082932,0.8231078,2.813232,35.48377,99.375885
1117,192.5176,3.899971,0.6549394,2.282051,28.402618,82.26014
1118,186.83377,4.188181,0.60124844,1.8260199,18.712816,58.263645
1119,199.40253,4.1267214,0.7187739,2.1840065,26.591772,74.99029
1120,363.9275,7.9013877,0.77540195,2.9452927,25.933083,82.04902
1121,238.45885,4.9043508,0.8493149,2.624075,32.22725,90.31745
1122,209.1387,4.554479,0.63503325,2.0147843,21.69071,64.01174
1123,165.83125,3.7756329,0.65725875,2.1153882,24.279552,87.45643
1124,245.59572,5.356193,0.6444122,2.1954005,21.897007,66.361664
1125,230.3552,4.7032714,0.8039666,2.6256776,32.670174,91.90383
1126,211.97256,4.5035667,0.7299204,2.1952522,25.46271,72.93843
1127,179.4887,3.9973233,0.6327383,1.8417195,19.46601,60.202988
1128,262.0311,5.4100413,0.9350827,2.8418882,34.650566,97.425125
1129,200.87502,4.2771544,0.72529536,2.1216474,24.622221,71.53705
1130,246.13881,5.0113482,0.85380566,2.7969363,34.91608,97.749054
1131,171.95563,5.3986588,1.1582758,2.12349,16.57823,95.621254
1132,232.36307,4.447636,0.70219827,2.8423767,37.196762,105.98458
1133,372.01453,8.1546135,0.62574226,2.7340238,20.096596,67.87578
1134,158.62874,3.6523912,0.64312744,2.021388,22.98213,83.678085
1135,228.03877,4.4208703,0.7080592,2.7593446,35.886158,101.43572
1136,173.63354,4.1201887,0.7428667,2.1982183,24.274273,91.64067
1137,195.78035,4.2432623,0.60352945,1.9028516,20.795847,60.87264
1138,165.82043,4.3179913,0.8267667,2.086178,21.127758,88.98902
1139,199.14096,3.9895716,0.66339564,2.3431854,29.772528,83.829895
1140,244.36119,5.329808,0.6471504,2.1949964,22.020086,66.59881
1141,209.38649,3.9768503,0.5904286,2.641901,34.593674,103.163994
1142,366.5298,8.017178,0.62702936,2.7088728,20.14737,67.70902
1143,215.0374,4.502893,0.7869929,2.3875895,28.535915,82.150085
1144,196.65169,3.7945778,0.5674076,2.503128,32.28232,98.53541
1145,200.08476,4.0929604,0.70252264,2.2893684,28.425043,80.13295
1146,209.36569,4.51822,0.6560313,2.056205,22.726871,66.1807
1147,373.4244,8.204811,0.61788887,2.729156,19.82846,67.31387
1148,220.34805,4.356789,0.7136869,2.6239176,33.65795,94.878494
1149,230.1521,4.4172597,0.6985117,2.8074954,36.735966,104.22133
1150,159.66054,3.6574264,0.64099896,2.0356405,23.24189,84.185135
1151,331.90637,7.231001,0.59620667,2.4896758,19.01249,63.25363
1152,217.36362,4.3746,0.72956914,2.5360825,32.127068,90.11923
1153,196.81403,3.9933639,0.6225737,2.5418944,31.571009,102.47281
1154,177.18607,3.8317244,0.641845,2.2646701,26.884764,92.30372
1155,187.17958,4.1792703,0.7153348,2.3918338,27.84673,98.59305
1156,204.31755,4.219273,0.7329449,2.223516,27.143318,76.220345
1157,310.20316,6.737447,0.6432778,2.4636414,21.064758,67.43966
1158,153.53058,3.7629519,0.7397433,1.7277685,18.084417,65.147705
1159,189.87563,4.872337,0.93082064,2.3722608,24.20075,100.83362
1160,209.03275,4.391509,0.7365193,2.1980803,26.038776,73.95485
1161,219.79242,4.3006487,0.6963569,2.642279,34.155846,96.34352
1162,237.70174,4.881618,0.84430337,2.6471734,32.627636,91.53044
1163,195.94653,3.9784074,0.6723803,2.2714074,28.469036,80.232796
1164,370.05084,8.116937,0.61968267,2.7160182,19.89933,67.295975
1165,204.75317,4.551568,0.59861904,1.9148344,19.392305,59.768333
1166,176.1949,3.7612247,0.6192358,2.2622216,27.170609,92.090645
1167,192.6749,4.332197,0.6002852,1.8499795,18.613276,58.442017
1168,220.47218,4.307111,0.6961629,2.6549442,34.35457,96.985886
1169,202.27348,4.0725675,0.6808488,2.361156,29.891396,83.96296
1170,172.17581,5.324706,1.1299534,2.137172,17.216825,95.81991
1171,234.66884,4.8808675,0.83998865,2.5022547,30.147617,85.10953
1172,149.07837,3.8399885,0.7873058,1.6717637,16.861912,66.45998
1173,311.1512,6.760717,0.60168815,2.3994784,19.372738,63.25764
1174,255.4006,5.502722,0.789196,2.4975483,27.530996,80.040184
1175,226.10439,4.5975595,0.77333415,2.6490288,32.94859,94.64296
1176,206.56674,4.1576495,0.6952018,2.4085712,30.505398,85.58095
1177,259.53397,5.655141,0.64248586,2.2532187,21.7007,66.58877
1178,226.6324,4.4362483,0.7188504,2.7213488,35.156296,99.2469
1179,254.41756,5.335741,0.8822101,2.6642354,31.600014,89.43742
1180,196.63524,3.8785276,0.6345813,2.378323,30.324772,87.43236
1181,204.99359,4.0231586,0.6083735,2.6388087,33.457474,105.17974
1182,195.80557,6.052482,1.2881278,2.4101949,19.256638,108.18641
1183,368.6617,8.058284,0.6342394,2.7290814,20.363976,68.34364
1184,153.746,3.478816,0.60493153,1.9611306,22.59259,80.81533
1185,274.54858,5.9771795,0.6865793,2.4009926,23.333422,71.28415
1186,183.9667,3.5978472,0.54375714,2.3571749,30.022606,93.35752
1187,208.5929,4.311774,0.73804575,2.424935,29.526989,85.997574
1188,206.24036,3.971836,0.63379663,2.5102153,32.736565,93.14945
1189,201.43779,3.7877634,0.57755244,2.5120394,33.188847,96.027794
1190,372.684,8.196334,0.61333793,2.7179148,19.66484,66.89154
1191,188.9836,5.626168,1.1786827,2.317986,19.51851,102.76367
1192,296.62314,6.4431868,0.8107859,2.7233083,28.140158,83.81329
1193,142.85611,3.8291454,0.76266384,1.7355887,16.562397,73.84166
1194,220.0843,4.1536655,0.6417301,2.7268417,35.961243,103.29581
1195,176.18771,4.0359635,0.7080911,2.2398477,25.49096,92.66104
1196,195.34456,3.9744146,0.6772768,2.2557538,28.209774,79.43659
1197,166.9451,3.7692091,0.6538469,2.1285713,24.546543,87.73061
1198,208.28189,4.0520015,0.6044161,2.6718569,34.12306,105.96829
1199,197.43826,3.9593136,0.6593349,2.326958,29.504091,83.36397
1200,218.91905,4.5325136,0.7889884,2.445378,29.772408,84.48938
1201,179.4823,3.9344287,0.66573465,2.2917225,26.983513,93.84374
1202,227.64789,4.438766,0.715642,2.7433422,35.5344,100.38578
1203,223.98798,4.231901,0.6556198,2.7688928,36.52198,104.262245
1204,213.28026,4.553,0.7961564,2.569108,31.217089,99.620056
1205,153.95163,3.3972628,0.61008954,1.6943533,18.649124,58.168674
1206,205.31187,4.168413,0.71035135,2.3604226,29.598436,82.94324
1207,191.35898,3.8034832,0.62808883,2.292897,29.131144,83.28231
1208,193.86777,3.7664661,0.5654735,2.4758723,31.726732,97.77489
1209,204.23859,4.2159095,0.73301935,2.222359,27.135637,76.180046
1210,160.39168,3.6435971,0.63368905,2.04677,23.53304,84.515076
1211,160.40982,3.6428044,0.63251674,2.0485518,23.5839,84.65636
1212,203.60449,4.5733967,0.6463758,1.9744434,19.98635,62.669685
1213,200.2857,4.6823416,0.88126236,2.4083164,26.832533,97.47769
1214,216.71954,4.1097565,0.6408826,2.6728501,35.18904,100.35857
1215,172.63591,3.7885244,0.64236885,2.2078803,26.00106,90.44982
1216,210.37146,3.995959,0.62531364,2.590985,34.093285,97.081726
1217,184.75551,4.094884,0.6431014,1.8851471,20.183922,61.59442
1218,192.22755,4.2282887,0.6996352,2.0204537,21.997732,67.185234
1219,165.63109,4.426661,0.86162335,2.0802112,20.468363,89.36368
1220,267.91345,5.8343673,0.7027598,2.397737,24.012114,72.57344
1221,195.52802,4.0812693,0.7037573,2.3432872,28.831017,88.61988
1222,203.15544,3.8799934,0.6120471,2.496921,32.6902,94.2563
1223,210.00157,4.5331426,0.6679828,2.075595,22.998636,66.99584
1224,208.00835,4.0844054,0.61822575,2.6806436,33.961884,106.981705
1225,190.74576,4.992369,0.9743072,2.35817,23.360083,100.586464
1226,199.8164,3.9790885,0.63428646,2.4799783,31.59228,96.8641
1227,210.36592,4.146659,0.6781734,2.5127144,32.2988,91.12953
1228,197.4747,3.7181587,0.57020175,2.458821,32.465355,93.755135
1229,384.58737,8.430763,0.643406,2.8234231,20.727314,70.02834
1230,165.49193,3.6086605,0.6383255,1.8252174,20.347065,62.34749
1231,239.07945,4.6005774,0.7297638,2.9076989,37.997498,107.64081
1232,214.05019,4.5286427,0.78936386,2.341751,27.4042,80.00489
1233,210.45757,4.2870526,0.7317347,2.4212265,30.217102,85.0715
1234,238.60907,5.1158123,0.7684106,2.3897364,26.831635,77.443756
1235,200.44368,4.546856,0.8413404,2.3874629,27.55621,94.46548
1236,198.00722,4.231894,0.66891295,2.0251675,23.16367,66.69054
1237,207.99667,4.4336915,0.72111297,2.1569438,24.875576,71.69592
1238,199.09398,4.1776037,0.72437465,2.3782628,29.117426,89.71404
1239,177.98926,3.9388878,0.6717088,2.2710986,26.573557,93.26033
1240,328.83475,7.1727834,0.58435166,2.457062,18.617285,62.116627
1241,157.73459,3.58006,0.6226211,2.0125797,23.151018,83.063225
1242,206.839,4.110644,0.6367171,2.6219819,33.14338,103.822174
1243,163.87808,4.213296,0.8015262,2.0621555,21.141848,87.62496
1244,162.59207,3.7183743,0.648798,2.074465,23.745142,85.86725
1245,196.53241,3.8832698,0.5933833,2.5321584,31.952934,101.10539
1246,222.40514,4.38431,0.71498793,2.656091,34.156395,96.23526
1247,311.1004,6.7663803,0.5852032,2.3747249,18.755333,61.688427
1248,215.14734,4.04057,0.6182017,2.674739,35.379135,101.66615
1249,178.01495,4.8981347,0.98852295,2.1825786,20.30974,94.33183
1250,240.16235,5.2389045,0.63085455,2.1476026,21.411366,64.90557
1251,238.14677,5.023351,0.8198671,2.4775722,29.080381,82.66906
1252,156.72258,3.5713606,0.62403256,1.9970793,22.87164,82.42857
1253,214.64546,4.4131403,0.76661414,2.3729303,29.171787,81.73514
1254,130.75922,4.0397706,0.858959,1.5998948,12.704411,71.37208
1255,196.4794,3.860096,0.6304883,2.3559496,30.334976,85.78998
1256,225.0201,4.6282673,0.79761887,2.5546184,31.44057,89.100044
1257,200.43434,4.6373706,0.8504853,2.4624472,27.582214,100.49087
1258,208.29599,4.1969433,0.7001632,2.4549866,30.89671,88.04066
1259,203.78911,3.9854095,0.5995919,2.6208887,33.32562,104.267975
1260,219.53496,4.5899467,0.8010902,2.4317832,29.133595,83.62872
1261,202.19383,4.1313586,0.71077377,2.2920334,28.49971,79.89014
1262,200.00214,4.595584,0.8476408,2.4225712,27.441162,97.81148
1263,216.83858,4.3518476,0.7239227,2.5353906,32.204414,90.321045
1264,221.23308,4.5188866,0.7730666,2.5277872,31.433247,88.54838
1265,275.3214,5.985696,0.7723751,2.5556066,26.729826,79.32817
1266,210.64919,4.4267187,0.7631473,2.2442536,26.617607,76.22007
1267,215.89908,4.390284,0.7495243,2.4704986,30.90943,86.59703
1268,160.10747,4.1368523,0.7873142,2.0176277,20.631077,85.88171
1269,193.53093,3.9191403,0.60972226,2.5009336,31.114206,100.78041
1270,237.25365,5.170766,0.6684199,2.1991053,22.917728,68.25838
1271,201.86961,4.1678133,0.72571075,2.233469,27.31041,76.91473
1272,214.93901,4.5169597,0.78497005,2.560103,31.280678,96.31841
1273,212.62787,6.0368214,1.2346655,2.608867,23.438023,114.15856
1274,202.98793,4.0044622,0.60924166,2.6192207,33.070854,104.71672
1275,200.94427,4.480459,0.63222426,1.948122,20.149244,62.00715
1276,200.04216,3.946563,0.60145754,2.5774367,32.556328,102.897896
1277,164.16039,3.6996782,0.63880485,2.0956402,24.24536,86.43408
1278,184.67778,3.6363363,0.5542275,2.3698435,30.027653,94.15384
1279,203.39592,4.3891916,0.66792953,2.0376291,22.695524,66.22189
1280,212.36479,4.2916727,0.72189975,2.4650629,31.084381,87.19171
1281,224.46133,4.318017,0.6861362,2.735398,35.715538,101.44832
1282,198.30594,4.0206175,0.68270874,2.2878623,28.745604,80.64526
1283,211.38716,4.3329663,0.747305,2.38782,29.551203,83.10443
1284,218.07532,4.2375827,0.68206936,2.6341765,34.182404,96.79193
1285,340.71234,7.4637766,0.5817592,2.5137808,18.6035,62.69173
1286,189.90363,3.7619295,0.57831764,2.4423916,30.790562,97.42955
1287,172.48027,3.7433376,0.62827015,2.207497,26.181856,90.1175
1288,312.95633,6.7952204,0.8054639,2.7884028,27.799263,83.85363
1289,208.82323,4.5064087,0.6838657,2.0898871,23.2664,67.92715
1290,187.86826,4.2291374,0.7297051,2.395827,27.690006,98.89307
1291,203.9452,4.1172967,0.63743323,2.6350858,32.83505,106.16095
1292,231.56035,4.591956,0.7531937,2.7430363,35.145714,98.764275
1293,214.76541,4.0602355,0.629827,2.6571095,35.014534,100.191986
1294,246.7393,5.118062,0.87970865,2.6294866,31.816069,89.50521
1295,182.66446,3.8047457,0.657272,1.9499366,23.537119,66.53411
1296,217.48454,4.4371386,0.7607145,2.4679337,30.740276,86.112595
1297,242.46973,5.2893457,0.64672166,2.185555,22.009356,66.481766
1298,217.8556,4.3445706,0.7172275,2.5695534,32.792217,92.10473
1299,212.32727,4.035024,0.62763613,2.6297863,34.51409,100.06475
1300,211.69089,4.1723704,0.6819936,2.5254884,32.476215,91.57918
1301,173.20029,3.7596602,0.6292614,2.2170875,26.315481,90.5875
1302,203.40414,4.1596355,0.7157122,2.305668,28.639566,80.34781
1303,216.31331,5.953658,1.1982682,2.6547534,24.749863,115.03153
1304,211.58945,4.7066803,0.590527,1.9267062,18.80818,58.91135
1305,219.31241,4.358757,0.7171355,2.5962162,33.20512,93.38166
1306,209.19618,4.1255054,0.67465305,2.495826,32.070312,90.51297
1307,199.89937,4.098207,0.69496024,2.4114873,30.085596,91.328636
1308,202.09073,4.289172,0.6897978,2.085145,24.19538,69.09927
1309,195.88322,3.7872758,0.60788095,2.3878179,30.992107,88.631096
1310,226.99512,4.3061395,0.64343405,2.8524773,37.408207,110.87997
1311,158.82104,3.6686058,0.64561075,2.025116,22.990936,83.94671
1312,289.8081,6.137657,0.9662995,2.968978,34.330734,97.85609
1313,276.27557,5.663428,0.968597,3.0483193,37.556885,104.932556
1314,266.71237,5.8024573,0.7263295,2.4358757,24.992922,74.73294
1315,186.31415,3.727976,0.6172957,2.2041378,27.992825,79.37223
1316,219.6747,4.3798103,0.72305393,2.593211,33.08384,93.05477
1317,276.4767,6.018954,0.69163525,2.4159136,23.497978,71.78551
1318,182.73647,3.9627101,0.664118,2.3351557,27.689018,95.34054
1319,225.20764,4.365236,0.6866199,2.7785246,36.077827,106.80697
1320,195.00215,5.1756988,1.0159702,2.4136157,23.608736,103.47033
1321,208.79373,4.2499824,0.72437584,2.404251,30.049473,84.52528
1322,178.34688,3.8686593,0.64587396,2.2835882,27.140688,93.37755
1323,241.49113,4.8972363,0.82400703,2.7960615,35.06446,98.900314
1324,216.30547,4.1204667,0.6109503,2.7332816,35.69176,106.98913
1325,223.14642,4.655519,0.8084081,2.4122083,28.988878,82.56856
1326,202.59804,3.9251387,0.63039505,2.4561787,31.896639,90.69027
1327,198.16231,4.0608015,0.6991722,2.2524693,27.902906,78.58634
1328,248.42052,5.415711,0.6619399,2.2397313,22.57888,68.13254
1329,171.23537,4.513822,0.87483907,2.14348,21.325392,91.689354
1330,221.29797,4.667282,0.7793235,2.323035,27.329742,78.072716
1331,189.54762,3.8378234,0.59879947,2.4473073,30.428705,98.52568
1332,162.5408,3.8590112,0.6953173,2.0620377,22.80855,85.93625
1333,224.27216,4.543981,0.77039987,2.5852163,32.5019,91.01855
1334,195.12827,3.7818403,0.56865764,2.4830706,31.932806,97.82517
1335,228.29253,4.364168,0.68699086,2.793165,36.620895,104.01321
1336,166.93822,3.7879565,0.6576779,2.1296952,24.504852,87.983765
1337,221.62549,4.3363843,0.7019855,2.6653643,34.44156,97.23768
1338,174.77354,3.8366005,0.6472607,2.234892,26.355854,91.69319
1339,265.39172,5.7810383,0.6580057,2.3067853,22.260183,68.23679
1340,161.94221,3.7676518,0.6691418,2.0597413,23.195063,85.44997
1341,204.55283,4.059461,0.6197024,2.6423726,33.236084,105.9244
1342,199.13045,4.0939536,0.71107423,2.2227182,27.376692,76.84433
1343,233.23639,4.788501,0.82800126,2.5986197,32.053658,89.88724
1344,213.73705,4.3875556,0.75851506,2.40535,29.693356,83.54786
1345,256.43362,5.587578,0.6728384,2.2948122,22.943172,69.41441
1346,321.37836,6.9953527,0.5896554,2.4293497,18.826633,62.31962
1347,198.18367,4.032215,0.6302928,2.5587103,31.724892,103.21985
1348,171.07047,4.4757295,0.86204666,2.1453464,21.545296,91.61858
1349,211.425,4.221604,0.65539044,2.6853328,33.79165,106.60746
1350,170.88713,4.049317,0.7344078,2.1528504,23.67398,89.50836
1351,234.13087,5.1094413,0.6109367,2.0847092,20.66602,62.79946
1352,159.87433,3.6209543,0.62827486,2.040171,23.513319,84.19919
1353,201.91411,4.151426,0.7216068,2.2496133,27.694138,77.67645
1354,196.01184,3.9270222,0.6051628,2.5331116,31.688803,101.79318
1355,209.02979,4.0793743,0.66056556,2.5193713,32.59106,92.241295
1356,325.66608,7.0776463,0.74206764,2.740087,25.32305,78.63847
1357,162.83888,3.9920597,0.7346231,2.061976,22.193895,86.643654
1358,217.34634,6.03221,1.2172768,2.673107,24.768305,116.26925
1359,129.42511,3.8971136,0.8832403,1.4183564,10.979349,61.06905
1360,365.94257,7.941472,0.84882164,3.1164782,29.300379,90.30269
1361,386.97382,8.460818,0.6595439,2.8583078,21.26166,71.42947
1362,254.39078,5.544463,0.64559877,2.23659,21.8802,66.75982
1363,200.09926,4.325513,0.6326542,1.9716063,21.761335,63.482445
1364,223.0902,4.2457232,0.6647276,2.7409394,36.02514,102.514824
1365,387.5713,8.478831,0.65750015,2.8583653,21.19742,71.30333
1366,207.65453,3.947536,0.6182615,2.5588627,33.6312,95.957085
1367,204.88164,4.0349393,0.6128837,2.632139,33.31412,104.86695
1368,229.23134,4.4866557,0.72616947,2.7537148,35.582325,100.403046
1369,208.96806,4.274693,0.73456305,2.3834586,29.572445,83.31286
1370,263.90344,5.7402697,0.74621326,2.4591942,25.819532,76.54836
1371,222.63055,4.7995815,0.7137327,2.2090652,24.534159,71.45201
1372,285.18762,6.1985106,0.58207536,2.244942,18.867464,60.83859
1373,222.76768,4.6950445,0.7840307,2.3389442,27.55442,78.62679
1374,225.05554,4.3799663,0.7047606,2.7161498,35.233654,99.53399
1375,174.74359,3.8990116,0.6098456,1.7808219,18.745567,57.98422
1376,164.64236,4.709366,0.95546436,2.056714,18.624687,90.046036
1377,206.18617,4.3725376,0.76740986,2.446769,29.664064,91.9029
1378,219.45578,4.321092,0.70429665,2.6260185,33.781498,95.29173
1379,211.81172,4.136664,0.669697,2.5545344,33.018536,93.450455
1380,219.53702,4.266987,0.6857547,2.6541262,34.45186,97.40102
1381,189.06665,5.8645654,1.2503461,2.3289828,18.514809,104.612526
1382,209.5607,4.169879,0.64968115,2.643376,33.46759,104.54097
1383,329.9224,7.1999116,0.58360606,2.461398,18.599281,62.125973
1384,275.2823,5.993159,0.694371,2.4157734,23.622252,72.02126
1385,353.17813,7.6695213,0.76750517,2.8882873,25.78041,81.118065
1386,179.64145,5.6050916,1.1965951,2.2251225,17.61958,100.07222
1387,254.32846,5.543378,0.6788344,2.2953908,23.189613,69.91424
1388,261.37735,5.694724,0.68998516,2.346314,23.569332,71.18429
1389,196.7139,3.8949,0.59580016,2.5371113,31.961607,101.47307
1390,265.49908,5.7825894,0.69753397,2.3787963,23.84119,72.04012
1391,256.028,5.2753344,0.9110395,2.7844145,34.05636,95.4996
1392,244.43839,5.208233,0.81276363,2.4863229,28.424627,81.57424
1393,357.56158,7.7623286,0.80345553,2.9932542,27.491455,85.4681
1394,231.22664,4.512692,0.72815776,2.7824543,36.031563,101.66013
1395,225.82106,4.379587,0.70211726,2.7560263,35.64719,103.073586
1396,229.66359,5.0918555,0.62701243,2.0732048,20.150053,63.027615
1397,159.55222,3.5979846,0.6223754,2.0371432,23.562592,84.01261
1398,367.43808,7.975585,0.8247692,3.0675209,28.186243,87.69346
1399,159.2285,3.6163993,0.62925094,2.0312269,23.34899,83.843414
1400,154.40588,3.7682486,0.7389518,1.7380575,18.243711,65.28029
1401,256.6326,5.592686,0.63883156,2.2341478,21.59307,66.1779
1402,350.48273,7.6533375,0.6108563,2.6054008,19.590172,65.56166
1403,252.56688,5.504687,0.6628838,2.2587314,22.56641,68.30147
1404,158.37993,3.455409,0.60393244,1.7135546,18.988914,58.14507
1405,168.28444,3.796975,0.65499955,2.1478949,24.833895,88.668785
1406,167.61751,3.752538,0.64596146,2.1389823,24.835588,88.03053
1407,193.29808,3.7718136,0.5668457,2.4811575,31.62695,98.42806
1408,222.18141,4.726502,0.76219827,2.29511,26.518139,76.10965
1409,206.238,4.789729,0.8837508,2.523372,28.18328,102.99206
1410,245.4749,5.351686,0.6476563,2.2008438,22.035229,66.65472
1411,343.19708,7.534311,0.5761976,2.5186532,18.428267,62.402355
1412,197.30125,4.0272813,0.68858856,2.2679908,28.242,79.62329
1413,208.94185,4.165502,0.68880403,2.466667,31.470516,88.53578
1414,202.55162,3.906819,0.5893048,2.5552545,33.110363,100.165764
1415,213.9668,4.2073073,0.68495923,2.5644329,33.027126,93.15172
1416,166.51538,4.129136,0.76593757,2.1062183,22.428463,88.79954
1417,193.63193,3.7536094,0.5612435,2.4773376,31.767818,97.885254
1418,169.52002,3.7718203,0.64682627,2.1636224,25.222223,88.888794
1419,160.06308,3.9823513,0.7400831,2.0233846,21.472466,85.299385
1420,205.26547,4.1899548,0.7191624,2.332107,29.039095,81.37483
1421,161.89372,3.9198663,0.7146604,2.0534766,22.369465,86.04489
1422,203.48096,4.5997667,0.83694464,2.4648042,28.389837,98.825424
1423,347.84238,7.6133704,0.59677726,2.5706763,19.094492,64.232994
1424,233.00249,5.0847344,0.61350894,2.0848622,20.789139,63.031696
1425,190.24207,4.7067804,0.89039916,2.3535237,24.66618,98.63569
1426,220.08661,5.286759,1.0188314,2.613614,28.361742,106.27632
1427,201.58498,3.9530933,0.64420944,2.419224,31.192112,88.17188
1428,192.38138,3.9560728,0.62961984,2.473088,30.390223,99.725975
1429,197.8749,4.4191713,0.60383487,1.8883665,19.29443,59.585587
1430,211.841,4.520477,0.70664114,2.1540449,24.578554,70.59947
1431,208.49168,4.240526,0.7249067,2.382394,29.798437,83.46039
1432,219.75388,4.3926296,0.7257538,2.5863247,32.95561,92.54167
1433,127.68879,3.9383926,0.8362066,1.5545375,12.308897,69.33163
1434,171.58972,4.6818027,0.9222708,2.152008,20.691383,93.06513
1435,213.8202,4.128016,0.6589751,2.6027315,33.897804,96.2969
1436,216.00858,4.8039484,0.5968047,1.957225,18.962334,59.595078
1437,206.0085,4.3428955,0.716648,2.1509461,25.332855,72.021225
1438,365.1673,7.997835,0.6190464,2.6902068,19.873213,66.98068
1439,217.469,5.91979,1.184115,2.6696608,25.222597,115.313446
1440,200.56503,3.9575198,0.60264945,2.5875723,32.670433,103.421394
1441,201.20424,4.033568,0.62132615,2.5996237,32.507675,104.508766
1442,212.01814,4.315227,0.7349607,2.4429808,30.532005,85.917076
1443,179.76129,3.8739095,0.6437114,2.3028185,27.473326,93.95592
1444,198.95697,4.09058,0.71136767,2.2090957,27.185846,76.21292
1445,216.64507,4.390095,0.7454229,2.495074,31.358757,87.8253
1446,250.92606,5.468701,0.66169477,2.250227,22.546404,68.17089
1447,159.09633,3.6343143,0.6342629,2.0301836,23.256414,83.96366
1448,163.13174,3.8521624,0.6896573,2.073966,23.097239,86.41539
1449,199.96169,3.9586945,0.6041172,2.5825286,32.532352,103.410675
1450,260.85175,5.6798425,0.66088605,2.2916613,22.417358,68.30363
1451,211.92682,4.352558,0.75503767,2.3673925,29.19358,81.9229
1452,204.47803,4.249425,0.6838984,2.6218443,31.978142,106.0201
1453,194.69931,3.930138,0.66024095,2.2657325,28.604586,80.354546
1454,191.61049,3.9437683,0.68470556,2.1310618,26.218445,73.61203
1455,212.14745,4.195297,0.6881234,2.526253,32.4045,91.3411
1456,196.99611,3.9423172,0.6541029,2.3568807,29.66812,85.697685
1457,161.01459,3.662122,0.6364971,2.0562027,23.636444,84.975075
1458,202.264,3.8313797,0.59786874,2.4998558,32.92927,93.98284
1459,186.6322,4.1567335,0.6491971,1.8987672,20.040947,61.842026
1460,208.84355,4.4968867,0.70175797,2.117411,23.78998,69.362724
1461,194.10153,3.8427842,0.5893808,2.4998355,31.511602,99.82405
1462,371.95035,8.111727,0.65028423,2.7695982,20.916962,69.85131
1463,185.00412,3.7981803,0.60297906,2.3826625,29.33958,96.11775
1464,225.53519,4.615901,0.7802261,2.6655858,32.842106,96.51404
1465,302.03195,6.559638,0.79678243,2.720826,27.490484,82.53324
1466,210.01208,4.3220215,0.6906387,2.6897597,33.01918,108.36427
1467,168.26277,3.7695231,0.6521879,2.1417072,24.781647,88.02236
1468,232.48247,4.8607655,0.81374604,2.4475665,29.220406,82.548294
1469,191.66132,3.9166923,0.66395247,2.3000035,28.657223,85.84347
1470,196.62451,4.2930107,0.74601835,2.4304044,28.741276,97.3539
1471,169.73386,4.1755958,0.7721982,2.1421962,22.897007,90.06102
1472,195.00275,3.917794,0.65411127,2.2969618,29.042292,82.255775
1473,248.61708,5.1248326,0.8855534,2.697734,32.977055,92.454346
1474,277.7196,6.0454855,0.6827632,2.4062717,23.143187,70.992294
1475,233.80673,4.5590553,0.73470235,2.81545,36.476032,102.98087
1476,167.27846,3.6733456,0.6302562,1.7865046,19.528862,60.049442
1477,214.3258,4.342427,0.7359746,2.4744225,31.112202,87.14928
1478,363.36334,7.987806,0.6012934,2.6545076,19.257086,65.42647
1479,394.43283,8.619289,0.6740582,2.9159374,21.73053,72.93223
1480,208.58105,4.375783,0.7593025,2.481886,30.32848,92.98427
1481,166.1815,4.55928,0.9019643,2.0828898,19.888168,90.154785
1482,200.74957,3.8715394,0.5785226,2.5533206,32.9519,100.50408
1483,212.77101,4.5581703,0.72894305,2.184867,24.91361,72.211426
1484,218.64583,4.3627048,0.7208341,2.5763936,32.867413,92.30049
1485,190.96269,3.864221,0.6013481,2.4670453,30.691545,99.34457
1486,235.69914,5.0047946,0.80510515,2.4322715,28.17319,80.65072
1487,380.73187,8.329795,0.64666694,2.8087285,20.834864,70.08395
1488,226.78084,4.3984904,0.7050202,2.7434988,35.668312,100.83212
1489,164.39058,3.5336685,0.6224354,1.8504561,21.327753,63.80944
1490,376.23373,8.241914,0.634824,2.7681098,20.405075,68.83194
1491,241.49947,4.520626,0.6820234,3.0083997,39.850494,114.89927
1492,200.95903,3.9321423,0.59648645,2.560695,32.6713,101.216774
1493,199.93997,4.0267673,0.62277526,2.5833359,32.22449,103.97067
1494,194.73633,3.8562224,0.5895795,2.5142903,31.671103,100.62336
1495,359.8213,7.874047,0.61555326,2.658007,19.729244,66.35531
1496,147.40862,3.998617,0.8158134,1.7654228,16.440329,74.62112
1497,270.2651,5.884176,0.67704934,2.3623638,22.9647,70.1562
1498,233.36583,4.734551,0.8007114,2.686474,33.718018,94.56677
1499,222.55894,4.329814,0.6965033,2.6869235,34.866398,98.46561
1500,173.29594,5.2389784,1.102987,2.1331713,17.624285,94.92422
1501,242.20226,4.901853,0.8272999,2.793738,35.156796,98.43726
1502,186.2863,3.788634,0.59452426,2.4043925,29.812462,96.88755
1503,203.05058,4.038057,0.61800593,2.622369,32.939953,105.172226
1504,222.57101,4.5358505,0.7766474,2.5331252,31.59743,88.56362
1505,184.43802,4.163711,0.71939725,2.3548152,27.192463,97.30929
1506,163.17314,4.167898,0.7880345,2.0576417,21.275883,87.33372
1507,253.42404,5.523696,0.6712165,2.2781541,22.902237,69.17255
1508,218.15909,4.2532787,0.6864275,2.63191,34.078053,96.3582
1509,224.37755,6.2333035,1.2589308,2.7554538,25.463665,119.881035
1510,209.55551,4.0663586,0.653042,2.5387456,32.99557,93.34375
1511,197.48503,3.987573,0.61828786,2.5519977,31.79949,102.78999
1512,195.06221,3.7080462,0.55377144,2.4608092,32.212334,95.96988
1513,136.33585,3.7712371,0.7625081,1.6540371,15.171222,71.084595
1514,247.45744,5.0978894,0.8813123,2.6928897,32.949966,92.35465
1515,168.3206,3.8050206,0.65733963,2.1488588,24.814224,88.75003
1516,192.43791,3.728671,0.5580339,2.4597988,31.56849,97.117645
1517,164.5629,3.7159595,0.6429801,2.100946,24.265713,86.66626
1518,159.90434,3.6273193,0.6300067,2.04102,23.497597,84.25815
1519,164.01352,3.7195365,0.6444562,2.0945597,24.134855,86.53572
1520,209.88306,4.354342,0.75783724,2.2858286,27.709015,78.37338
1521,187.95613,4.196723,0.6507505,1.905274,19.91012,61.876274
1522,209.95366,4.240293,0.71386284,2.4356625,30.732199,86.144356
1523,221.04793,4.3521934,0.70954126,2.642707,34.005394,95.884514
1524,207.00691,4.2332683,0.7303168,2.3314035,28.941904,81.05237
1525,168.50455,3.7955697,0.6549042,2.1511698,24.894493,88.740456
1526,219.90836,4.206539,0.6649912,2.6896267,35.19899,100.412964
1527,191.1847,4.0080523,0.6814577,2.0226786,24.135077,68.506004
1528,223.05202,4.53971,0.7752754,2.5477357,31.838842,89.23593
1529,268.78622,5.8540297,0.69852996,2.3942747,23.838673,72.21114
1530,168.21812,3.7772903,0.65027004,2.1479502,24.913387,88.535126
1531,168.53645,4.2082005,0.7858197,2.125792,22.432245,89.71236
1532,193.45432,3.8170033,0.5826487,2.4901714,31.465445,99.31979
1533,189.80269,5.816922,1.2354518,2.328552,18.782333,104.185646
1534,157.16273,3.5907075,0.62802607,2.003844,22.920578,82.797554
1535,304.4973,6.6762924,0.5251255,2.2496328,16.650597,56.137096
1536,165.71552,3.7338457,0.64392394,2.116525,24.502846,87.32171
1537,164.68375,3.7335327,0.64664215,2.102846,24.234703,86.87758
1538,329.70325,7.2021456,0.57874,2.4535604,18.462564,61.800964
1539,159.38669,3.5545604,0.6262633,1.7103146,18.32944,58.1537
1540,193.31905,5.729047,1.19534,2.375772,20.187634,105.22879
1541,198.35591,4.099903,0.71286875,2.1524932,26.241804,73.74781
1542,163.95593,4.1015043,0.7637353,2.0740983,21.926302,87.63865
1543,194.59673,4.011303,0.6973147,2.1409957,26.244375,73.66512
1544,213.88797,4.074993,0.6396588,2.6276064,34.521866,98.18659
1545,154.5477,3.7546334,0.7336485,1.7403158,18.312216,65.06621
1546,163.81764,3.715625,0.6452698,2.090148,24.058884,86.31809
1547,190.55292,3.7984807,0.5846022,2.4601488,30.857222,98.61588
1548,206.6486,4.055238,0.6138105,2.66296,33.756947,106.248695
1549,164.28586,3.7081788,0.64056885,2.0980937,24.256535,86.58156
1550,206.86551,4.2242002,0.7260591,2.3473659,29.207687,81.87545
1551,259.35385,5.4677544,0.88677454,2.693553,31.600239,89.72603
1552,205.51212,4.098807,0.67617834,2.4244602,30.903885,87.10075
1553,215.11041,4.6185255,0.69429344,2.149769,24.11769,69.728485
1554,191.54846,5.6749296,1.1828398,2.3568642,20.059267,104.37393
1555,220.14255,4.3042655,0.6964447,2.6497774,34.250088,96.75352
1556,364.29233,7.8977294,0.7218654,2.850979,23.751806,76.61065
1557,226.5588,4.3995514,0.7058944,2.7390316,35.579693,100.56478
1558,376.79547,8.26318,0.6306013,2.7655065,20.273117,68.54262
1559,180.77156,4.7017617,0.91511494,2.2322316,22.243986,94.987976
1560,201.56102,4.111544,0.70318896,2.318235,28.879272,81.39978
1561,199.81111,4.014671,0.6193167,2.5825367,32.267532,103.884224
1562,213.72736,4.458069,0.7683377,2.5574775,31.457415,96.56823
1563,218.80211,4.4032116,0.73451465,2.55173,32.32608,90.62055
1564,156.01022,3.5879588,0.6318797,1.9855899,22.556063,82.07426
1565,215.32965,4.179966,0.6718128,2.6078186,33.849937,95.90207
1566,169.39291,3.8181453,0.6579884,2.1621876,25.020039,89.25267
1567,190.30762,3.8529496,0.600144,2.4584916,30.577843,99.023125
1568,169.62965,3.7081475,0.64410543,1.8295085,20.288588,62.022545
1569,164.38507,3.6571367,0.6270134,2.098511,24.472937,86.20275
1570,206.6464,4.0282516,0.6082485,2.6271775,33.646152,103.68544
1571,208.553,3.9965773,0.6079974,2.6148477,34.096134,101.61512
1572,191.01485,3.912373,0.6747294,2.1561303,26.735746,75.053116
1573,160.62248,5.177033,1.1254135,1.9880077,14.872791,90.26983
1574,177.63094,3.8148642,0.6346178,2.2731438,27.12318,92.49017
1575,201.98985,4.147669,0.7198834,2.2559936,27.832626,78.033875
1576,121.40141,3.795533,0.8154009,1.4809141,11.40097,66.03978
1577,262.86328,5.725901,0.688956,2.3509102,23.512083,71.11379
1578,205.89749,4.5839353,0.8235268,2.494305,29.156311,99.27576
1579,285.45328,6.2059493,0.72936267,2.5260842,24.952944,75.62504
1580,218.54164,4.4231553,0.74791145,2.5254483,31.789967,89.03439
1581,163.66016,4.5427675,0.9033935,2.051504,19.328035,89.07729
1582,180.2525,5.663391,1.2149442,2.2265697,17.370935,100.34392
1583,219.22368,4.3373995,0.71027315,2.6078756,33.456852,94.16685
1584,202.01273,3.971644,0.60271275,2.604959,32.97122,103.99967
1585,216.4417,4.215827,0.6797302,2.6134722,33.860058,95.76098
1586,196.87697,5.6463046,1.1633735,2.412441,21.322525,105.70118
1587,184.53343,5.8193574,1.2507926,2.279136,17.66614,102.86325
1588,203.7575,4.1750803,0.72048765,2.301706,28.502314,80.066635
1589,201.24248,3.9747667,0.6061298,2.5948005,32.742092,103.69706
1590,267.8821,5.833161,0.65887284,2.32001,22.290365,68.408165
1591,159.2195,3.658969,0.64289784,2.0297487,23.122152,84.01569
1592,167.32356,3.7006989,0.63146245,2.1370323,25.029785,87.682785
1593,210.57927,4.3567333,0.7594882,2.332928,28.419283,80.38116
1594,186.56273,3.7779646,0.58927184,2.4100041,29.968035,97.04573
1595,213.39558,4.758012,0.6052229,1.9569955,19.083086,60.046276
1596,157.3476,3.9107916,0.72677094,1.987989,21.111008,83.76526
1597,214.55984,4.0602727,0.6134983,2.685574,35.313137,103.67733
1598,182.59982,3.688389,0.5795855,2.3481066,29.206009,94.10434
1599,171.15445,3.6955092,0.651578,1.8932928,21.438116,64.732315
1600,188.02972,3.8678467,0.61439854,2.4219275,29.787762,97.76573
1601,363.8396,7.899159,0.81440914,3.0379715,27.839058,86.66128
1602,242.71222,5.127133,0.8298337,2.5148358,29.395838,83.60655
1603,219.1705,4.3765626,0.7240567,2.5927505,32.95536,93.2511
1604,213.27028,4.177136,0.67737967,2.5650249,33.12315,93.53235
1605,186.90005,3.8234673,0.60140336,2.4146407,29.868511,97.51808
1606,186.20581,4.082207,0.6463495,1.9119303,21.01628,63.00254
1607,202.19588,4.969257,0.9454637,2.4816365,26.156038,103.57629
1608,141.62122,3.8113158,0.7823622,1.6746573,15.742753,70.25598
1609,206.4942,4.294838,0.7432627,2.2096202,26.673943,75.37823
1610,307.50983,6.6268435,0.92750746,2.982733,32.650784,95.01879
1611,327.251,7.1374297,0.5824909,2.4464207,18.551336,61.87854
1612,202.10172,3.9363003,0.59229666,2.5771751,32.97973,101.823586
1613,158.5889,3.7592754,0.7208838,1.7864388,19.056572,65.2971
1614,217.39702,4.141249,0.65102404,2.6770587,35.077724,100.700226
1615,160.5549,3.6167796,0.62552303,2.0490024,23.691862,84.41436
1616,232.9744,5.358543,1.0035734,2.7314763,31.235123,107.42408
1617,298.06372,6.4732122,0.81884277,2.744365,28.459133,84.63373
1618,283.12164,5.9777513,0.95732576,2.9260786,34.147514,97.03604
1619,161.74632,3.6231291,0.6249434,2.0638022,23.94561,84.88298
1620,249.62239,5.435972,0.7036549,2.3169386,24.200806,71.970406
1621,350.0763,7.676671,0.59123605,2.5743897,18.930822,63.957184
1622,211.73056,4.5853634,0.6534428,2.0604107,22.504608,65.83936
1623,191.74997,3.9388149,0.6236058,2.470842,30.426691,99.74673
1624,238.17136,4.9630485,0.83927757,2.5192342,30.249825,85.286
1625,234.68663,4.806283,0.8271895,2.6322882,32.597572,91.37163
1626,216.30818,4.234943,0.63694245,2.7828896,35.349815,110.87922
1627,217.51102,4.4307323,0.7576587,2.4853847,31.024323,87.04771
1628,195.01448,3.9296706,0.60921633,2.5188427,31.404448,101.32368
1629,181.8832,5.8016024,1.2549322,2.2459695,17.062593,101.72733
1630,195.03267,3.811243,0.6172527,2.3613908,30.46602,86.69424
1631,168.09718,5.1973066,1.1025295,2.0867543,16.826267,93.54062
1632,201.63768,4.168706,0.7173566,2.325371,28.37335,81.77569
1633,221.3069,4.699948,0.7540895,2.2801979,26.402117,75.501495
1634,164.80106,4.24826,0.80785936,2.077227,21.286915,88.39568
1635,203.8801,4.161694,0.6629548,2.5974605,32.120373,103.93274
1636,167.70718,3.7020113,0.62892765,2.1490977,25.250742,88.22912
1637,192.20987,3.691418,0.5520955,2.4399133,31.623425,95.802734
1638,271.8307,5.918984,0.66445094,2.3503277,22.520914,69.19155
1639,246.39581,5.372883,0.62793314,2.169896,21.247047,64.827675
1640,163.7773,3.7190247,0.6464364,2.089256,24.024336,86.29846
1641,210.33798,4.162831,0.63394606,2.7160883,34.219078,108.818375
1642,224.54344,4.528753,0.7581822,2.6095932,32.976414,92.49795
1643,193.37756,3.864864,0.6419404,2.2781742,29.001093,81.690155
1644,306.39178,6.646096,0.8809987,2.8970282,30.911402,90.88256
1645,202.51881,4.1423707,0.71408325,2.2875447,28.399572,79.58454
1646,170.14925,5.1797748,1.0943595,2.0951312,17.126808,93.39701
1647,192.80641,5.593237,1.1566902,2.367332,20.705097,104.204865
1648,245.33665,5.350004,0.63477135,2.1771965,21.520962,65.43761
1649,324.80093,7.055734,0.7597788,2.77318,26.129562,80.52074
1650,190.78218,3.8958926,0.61078656,2.4654481,30.534935,99.56863
1651,168.58481,3.867435,0.6798278,2.142738,24.351679,88.59492
1652,178.9275,3.6928005,0.6407962,1.9935632,24.479437,68.95976
1653,161.00784,3.9942334,0.7415013,2.0338984,21.616571,85.66139
1654,214.87166,4.379517,0.7486941,2.465388,30.739298,86.51546
1655,181.27739,4.576007,0.85744846,2.2882197,23.944822,97.0247
1656,303.48306,6.594463,0.63232327,2.413251,20.665829,66.167336
1657,197.55486,3.8919866,0.5925474,2.5492837,32.219604,101.85173
1658,198.23448,4.2344623,0.7086591,2.081864,23.996283,69.84235
1659,235.84047,4.575705,0.73284554,2.8510153,37.056206,104.75905
1660,215.6379,4.126505,0.6513057,2.639959,34.57924,98.30479
1661,212.87483,4.440904,0.76750875,2.528382,30.945593,93.97136
1662,195.7365,3.9801025,0.6789331,2.247075,28.132027,78.9523
1663,203.51135,4.1901207,0.7136177,2.386329,29.159096,85.31784
1664,206.07896,4.297546,0.7470998,2.218463,26.662016,75.82659
1665,239.76381,4.955843,0.85724723,2.579613,31.409239,88.23493
1666,345.15875,7.528705,0.6096449,2.575842,19.506283,65.10684
1667,237.70175,4.870447,0.8391075,2.6577852,32.881237,92.11594
1668,159.72,3.7036355,0.65578794,2.0316024,22.939083,84.19931
1669,176.03113,3.8096411,0.6382715,2.2502613,26.713951,91.73881
1670,195.16101,3.9294164,0.6568845,2.278949,28.848804,81.12498
1671,240.36409,5.17613,0.75651294,2.36911,26.260395,76.318085
1672,350.26724,7.6744137,0.5958375,2.5814238,19.059814,64.26742
1673,156.89395,3.6471555,0.64696187,1.9953455,22.480568,82.70423
1674,186.2264,5.859331,1.2584277,2.2967317,17.849047,103.60896
1675,246.14857,5.2267385,0.83132493,2.5262442,29.16855,83.41083
1676,196.78125,3.9095964,0.5994137,2.541667,31.947487,101.86621
1677,202.17114,4.1416883,0.7123986,2.311526,28.618114,80.84725
1678,233.23227,4.7936106,0.83029026,2.5803835,31.745146,88.97174
1679,211.93005,4.429768,0.7733913,2.3249588,27.841404,79.73463
1680,204.6615,4.179872,0.71836287,2.323587,28.909761,81.058495
1681,275.21356,5.910917,0.86311144,2.7177465,30.19962,87.50422
1682,192.19298,3.7645476,0.56903374,2.471095,31.396492,98.25221
1683,168.41615,3.7738287,0.64951515,2.1492422,24.944925,88.50027
1684,211.82426,4.4101377,0.7617381,2.2575884,27.163017,76.75411
1685,206.93118,4.2366533,0.73108035,2.3353539,28.949057,81.2321
1686,207.42651,4.3191733,0.74635255,2.211316,26.606596,75.18526
1687,238.4476,4.613815,0.7364979,2.8871453,37.598854,106.237854
1688,319.08633,6.9472356,0.58483106,2.4101498,18.660515,61.79516
1689,177.80989,3.8952,0.6589266,2.2709363,26.751019,92.96104
1690,193.44211,5.8771443,1.2389234,2.3822577,19.572165,106.35319
1691,326.31122,7.140235,0.5654876,2.4176564,18.024773,60.556473
1692,230.30693,4.8595295,0.80451167,2.4092917,28.32173,80.83872
1693,349.7765,7.6234474,0.6211856,2.6149323,19.866873,66.20792
1694,255.29642,5.563647,0.6591385,2.2648678,22.406492,68.07199
1695,167.32808,4.0399704,0.73695797,2.1158626,23.013315,88.538506
1696,207.72481,4.4521933,0.68952733,2.0997837,23.73551,68.57245
1697,233.8757,4.7664824,0.8130061,2.6595218,33.172134,92.98506
1698,200.6746,4.2928967,0.67627484,2.047241,23.336643,67.292336
1699,356.6088,7.843527,0.58958,2.6032104,18.846666,64.1052
1700,157.92673,3.6748846,0.6514815,2.0100088,22.651907,83.39057
1701,224.5922,4.700142,0.80979055,2.3935366,28.586859,81.41936
1702,203.46176,4.205784,0.7303113,2.229702,27.198427,76.556335
1703,196.7414,3.885538,0.5927533,2.5384316,32.030037,101.471504
1704,187.52744,3.75215,0.5807902,2.4185376,30.265368,96.93918
1705,217.28189,4.3038297,0.70580345,2.5826187,33.10261,93.17795
1706,174.63922,3.8042252,0.64067703,2.2309456,26.36738,91.11909
1707,213.04376,4.1420765,0.6665627,2.5778978,33.43311,94.6781
1708,203.87567,3.912172,0.5821655,2.589805,33.564964,101.768
1709,245.69908,5.2890286,0.77384007,2.4233932,26.864395,78.04734
1710,207.78366,4.385963,0.734077,2.182819,25.67205,73.39219
1711,206.15144,4.452706,0.66269344,2.0456998,22.677023,66.159454
1712,211.17471,4.0941477,0.6566847,2.560819,33.290623,94.28242
1713,156.16936,3.5396452,0.61514556,1.9928925,22.949673,82.21673
1714,220.3528,4.4180903,0.73343235,2.579115,32.783745,91.98337
1715,197.85689,3.9219892,0.5999378,2.5529194,32.13593,102.168686
1716,193.74661,3.757951,0.56199557,2.479409,31.777863,97.99701
1717,241.0388,4.7485294,0.7726467,2.874152,36.990383,104.09799
1718,169.46599,4.4294806,0.84835935,2.135273,21.57953,91.279236
1719,208.93283,4.2296886,0.7147119,2.4195285,30.4505,85.38149
1720,225.01932,4.323993,0.68574333,2.7442253,35.857983,101.83832
1721,249.17503,5.432244,0.64515704,2.2130132,21.906004,66.555305
1722,177.98358,4.814376,0.95791984,2.1976712,21.00428,94.588615
1723,346.5651,7.6158957,0.5775951,2.5370622,18.460392,62.65413
1724,202.26802,4.144346,0.7154052,2.2800772,28.243088,79.22027
1725,362.59058,7.9630427,0.6034226,2.6549988,19.34915,65.61074
1726,209.2065,4.144508,0.6328952,2.6968963,33.95979,107.92573
1727,200.46434,3.868181,0.5752983,2.5615723,32.965668,101.07513
1728,231.30205,4.713272,0.8054967,2.6221492,32.70478,91.541794
1729,232.1033,4.7988343,0.83241284,2.5075397,30.52512,85.85494
1730,166.23486,3.7284675,0.6404276,2.1247456,24.692404,87.606834
1731,249.07382,5.4292035,0.65191376,2.2257638,22.192167,67.2271
1732,198.3271,4.427147,0.76454073,2.5152361,29.112404,103.460556
1733,274.1256,5.9619036,0.75739837,2.5239887,26.15841,77.94022
1734,161.24141,3.7535095,0.6653384,2.0532131,23.145565,85.25021
1735,217.12581,4.3090196,0.70763654,2.5752718,32.975468,92.730934
1736,223.27223,4.342458,0.69863665,2.6969743,34.982212,98.93446
1737,214.17233,4.309153,0.7177621,2.529834,31.845217,90.89508
1738,198.96368,5.77051,1.1938981,2.4401994,21.310635,107.40039
1739,263.6533,5.506399,0.920765,2.7759862,33.15223,93.58087
1740,171.39146,3.7334943,0.6454373,1.8403864,20.598383,62.306114
1741,202.49123,5.2651305,1.0317601,2.4791553,24.565552,105.22737
1742,190.62033,5.726861,1.2010858,2.34633,19.586256,104.35485
1743,219.71892,4.5063033,0.77907133,2.4639866,30.45287,85.46993
1744,209.88425,4.2679396,0.72298914,2.4310422,30.39564,85.82011
1745,316.56573,6.8730435,0.80288386,2.8002908,27.661999,83.71223
1746,198.83412,3.8458846,0.6162739,2.4205396,31.50596,89.46252
1747,209.10307,4.2394514,0.7203699,2.4106386,30.28463,84.84708
1748,214.50072,4.1075926,0.64920586,2.6270773,34.387314,97.8517
1749,159.33661,3.5126145,0.6342457,1.7965665,20.085009,62.452446
1750,267.44373,5.8249216,0.67555654,2.3472211,22.94254,69.985435
1751,200.64365,3.8659644,0.57533944,2.5586696,32.994026,100.8012
1752,219.21072,4.195038,0.6624498,2.6848774,35.13262,100.0634
1753,318.43457,6.933218,0.5826247,2.4042673,18.59477,61.595097
1754,193.17557,3.8971474,0.60453,2.4964192,31.118279,100.495605
1755,209.01416,4.274815,0.7376155,2.3545196,29.223436,81.87408
1756,159.97719,3.6405017,0.6351897,2.03831,23.367588,84.131836
1757,291.65414,6.337611,0.76062334,2.6103904,26.156403,78.80648
1758,323.97513,7.077361,0.5693166,2.4114156,18.132141,60.69286
1759,195.13057,3.7842247,0.6087066,2.3735988,30.743837,87.9297
1760,247.14064,5.388497,0.6513427,2.2149098,22.165535,67.07685
1761,194.2488,3.8115013,0.57736176,2.4989636,31.706787,99.47009
1762,214.35176,4.479973,0.7823537,2.3856556,28.607185,82.16559
1763,192.67659,3.9909232,0.6915822,2.0747676,25.23296,71.02282
1764,147.08235,3.699717,0.74689955,1.6089362,15.94183,59.54415
1765,160.78165,3.8108282,0.6861747,2.0395606,22.590136,84.94001
1766,203.84647,4.555782,0.5901009,1.8866274,18.541433,58.290474
1767,189.03322,3.8273885,0.64496475,2.195175,27.625544,77.73353
1768,238.76015,4.6342053,0.74210256,2.884743,37.49226,105.90902
1769,235.37503,4.816613,0.8278912,2.643663,32.779568,91.84719
1770,297.71222,6.474581,0.7284957,2.5789382,24.813816,76.03413
1771,198.18799,3.8894606,0.58921117,2.5542097,32.380283,101.848816
1772,212.88121,4.3338327,0.7386087,2.4525256,30.63097,86.25805
1773,208.06473,4.230135,0.72232383,2.3823504,29.818035,83.522484
1774,227.24509,4.6896,0.8142077,2.4909801,30.427383,85.55902
1775,214.51405,4.249373,0.69745904,2.5504744,32.680977,92.04604
1776,162.27542,3.9864807,0.73375905,2.055985,22.106821,86.460915
1777,171.4783,4.3173523,0.8105217,2.1596043,22.581688,91.349335
1778,196.11569,3.820084,0.6104449,2.4154067,31.241114,92.41114
1779,229.56259,4.8850713,0.7658884,2.3399904,26.876272,76.97272
1780,180.5188,5.183689,1.0628657,2.2274787,19.814533,97.64144
1781,226.36658,4.4189296,0.7134135,2.7251945,35.27638,99.58258
1782,218.38979,4.520926,0.7824196,2.4769456,30.174154,86.190384
1783,198.33887,3.8337142,0.57447785,2.522613,32.50643,99.3288
1784,259.9411,5.6611586,0.65089124,2.2697415,22.028349,67.338875
1785,195.62259,3.9196975,0.6515623,2.2973642,29.197477,82.17991
1786,190.29958,3.8137589,0.58901525,2.4586608,30.748682,98.747765
1787,170.1863,4.087262,0.74568677,2.1487956,23.435549,89.745705
1788,158.18976,3.713,0.66283727,2.0107431,22.48795,83.571266
1789,132.42307,3.7714255,0.8386082,1.4428533,12.430401,60.062653
1790,222.20285,4.4525676,0.7376102,2.6058207,33.14189,92.984985
1791,197.37138,3.7307565,0.5616016,2.4799585,32.607567,96.00367
1792,225.2844,4.3111486,0.68064797,2.758775,36.098083,102.87771
1793,271.44562,5.899904,0.7755039,2.5463817,26.933666,79.571365
1794,206.98181,4.305619,0.74328804,2.2056763,26.586842,75.004684
1795,186.63309,3.7273536,0.57673377,2.406311,30.151497,96.37589
1796,208.58464,6.1311455,1.275158,2.558809,21.974907,113.19269
1797,332.4025,7.241853,0.59687954,2.4931207,19.034601,63.331276
1798,208.6531,4.2664676,0.73287183,2.3795073,29.543161,83.174484
1799,220.8781,4.5448136,0.7895342,2.4596655,30.224628,84.96957
1800,232.31487,4.7472997,0.81420326,2.6206012,32.571102,91.275116
1801,231.39389,4.4929338,0.7210015,2.796495,36.319065,102.72695
1802,201.41553,4.003054,0.61231756,2.6021945,32.70179,104.35461
1803,206.09355,4.04244,0.61080056,2.6546476,33.672516,105.85369
1804,184.10223,4.9633164,0.9780039,2.291377,22.161833,98.72421
1805,195.74683,4.002112,0.677846,2.3180995,28.576714,83.912704
1806,258.9259,5.642048,0.64436156,2.2539268,21.783747,66.757484
1807,164.32834,3.743117,0.6498714,2.0985808,24.115587,86.84921
1808,209.34247,4.149561,0.6325895,2.7029302,34.02052,108.312325
1809,348.8166,7.615997,0.60862154,2.5940816,19.520771,65.31505
1810,199.84306,4.1259136,0.71552664,2.2540653,27.585966,78.24194
1811,215.61058,4.1693335,0.6667589,2.6169078,34.09222,96.4698
1812,160.1361,3.930709,0.7242887,2.0254138,21.74785,85.08258
1813,217.1314,4.560667,0.7840711,2.3088415,27.391602,78.32946
1814,199.86563,3.841177,0.57403845,2.5351934,32.849762,99.57259
1815,171.31773,4.24239,0.78956455,2.1574917,22.876614,90.808716
1816,326.9359,7.1621003,0.5618647,2.415141,17.890415,60.259876
1817,207.27744,4.2819347,0.73783576,2.379272,29.066288,83.4119
1818,179.93417,3.9058323,0.6777,1.9417706,21.727777,65.84506
1819,195.99638,4.2196527,0.634455,1.9547541,21.862614,63.426987
1820,226.29123,4.687984,0.8153689,2.4809117,30.13912,85.24059
1821,210.7413,4.363968,0.7554009,2.2677758,27.565928,77.55643
1822,352.7503,7.737691,0.59424514,2.5920312,19.019337,64.30176
1823,156.0508,3.5454383,0.6190435,1.9867241,22.779367,81.88724
1824,226.48595,4.9298906,0.66670215,2.1555266,23.080318,68.052345
1825,246.86975,5.383312,0.644644,2.2016897,21.901726,66.43543
1826,225.28964,4.6296067,0.7946168,2.5770931,31.753624,90.24822
1827,192.12169,3.788698,0.62104094,2.299815,29.516424,83.570656
1828,199.53775,3.821467,0.60643506,2.444587,31.942999,91.388245
1829,161.33707,3.474066,0.6118509,1.8626297,21.733236,65.952965
1830,199.81682,3.983323,0.61085343,2.582631,32.402237,103.67601
1831,208.84464,4.527179,0.8005848,2.513737,30.187826,98.216675
1832,190.74329,3.930757,0.6212878,2.4639266,30.354565,99.74975
1833,281.22684,6.108619,0.80355734,2.6432965,28.031446,82.6965
1834,215.32187,4.0671906,0.629881,2.6662111,35.15083,100.7997
1835,167.99562,4.30421,0.81589156,2.1159105,21.781193,89.90974
1836,183.04904,4.0372667,0.6273856,1.8596026,20.113203,60.80963
1837,261.25134,5.560592,0.86659276,2.6572437,30.393372,87.123634
1838,195.79434,3.9758413,0.672516,2.2732809,28.482677,80.390015
1839,191.9128,3.846298,0.5960004,2.4746711,30.935947,99.25717
1840,224.29218,4.58112,0.7857777,2.5396755,31.582125,88.54881
1841,201.43887,3.9502575,0.5970288,2.5914729,32.89281,103.18912
1842,373.51538,8.193211,0.62463063,2.7405791,20.072897,67.89453
1843,239.32195,4.832165,0.81095797,2.7699394,34.956436,97.895065
1844,190.30461,3.91749,0.67960185,2.1224542,26.119545,73.39882
1845,170.29237,4.078768,0.7416842,2.1523716,23.54619,89.86131
1846,182.33502,3.9111838,0.64620805,2.3376203,27.99001,95.31925
1847,361.0539,7.882539,0.6280543,2.6826863,20.165201,67.487854
1848,199.85643,3.9813168,0.6575773,2.375932,30.257408,85.6869
1849,245.29149,4.721552,0.74789023,2.982958,38.965893,110.43464
1850,213.57953,4.5132966,0.73835254,2.2208438,25.995472,74.04481
1851,322.98123,7.044322,0.576337,2.4159672,18.343407,61.174152
1852,207.32463,4.0112867,0.5956573,2.6541798,34.063538,104.96927
1853,174.815,5.5122647,1.1853015,2.159004,16.73067,97.362724
1854,324.48187,7.064469,0.59206104,2.4477804,18.90479,62.653816
1855,192.82498,3.831821,0.63277787,2.2868268,29.217209,82.47126
1856,372.8317,8.088046,0.8754315,3.1962838,30.295595,93.036194
1857,195.14665,3.824016,0.5782274,2.5113714,31.888891,99.96258
1858,158.06903,3.6730397,0.65132374,2.011107,22.680529,83.39422
1859,208.59758,4.212833,0.7080844,2.4241467,30.589132,85.815865
1860,141.82312,3.7206526,0.7752773,1.599446,15.705462,64.5196
1861,240.85533,5.1607985,0.7856984,2.4184015,27.230772,78.66934
1862,222.54016,4.368102,0.70926154,2.667695,34.41189,96.98546
1863,195.20961,3.867011,0.636879,2.3256464,29.752716,84.13368
1864,140.64195,3.8250244,0.7832613,1.6774117,15.552226,70.85209
1865,364.85043,7.918045,0.88057154,3.1598673,30.374542,92.84512
1866,158.28648,3.6126173,0.63119996,2.0179691,23.104319,83.37507
1867,239.35666,5.5302205,1.0371923,2.8271246,32.0993,112.2145
1868,199.16234,4.035555,0.68334436,2.3054364,28.979881,81.374275
1869,193.27893,3.9731367,0.68783975,2.1624703,26.666122,74.91415
1870,194.06613,3.9241064,0.6587123,2.2703438,28.571674,80.82166
1871,290.55267,6.3065057,0.83895135,2.7493138,29.335056,86.29287
1872,154.0639,3.5638323,0.6312182,1.9586062,22.129667,81.02979
1873,269.17386,5.8406467,0.7897653,2.566173,27.551998,80.915764
1874,192.2848,4.24496,0.6578098,1.949478,20.983845,63.530727
1875,246.82532,5.361995,0.7302829,2.3577473,25.346848,74.55681
1876,282.51437,6.1480784,0.6755291,2.4225073,22.954647,70.76909
1877,210.83261,3.9954515,0.5998465,2.648238,34.76306,102.72046
1878,114.21651,3.9290442,0.884098,1.38399,8.75268,63.851025
1879,167.51059,3.639921,0.6423377,1.851436,20.859102,63.358307
1880,171.12735,5.221212,1.0960668,2.1346762,17.681011,95.401024
1881,122.804535,3.9869506,0.8937081,1.424952,9.530967,64.07079
1882,356.67975,7.797111,0.61537004,2.642277,19.735401,66.22543
1883,167.9442,3.7553437,0.6468301,2.141069,24.82807,87.988846
1884,167.73438,4.122205,0.7617123,2.1190798,22.706163,89.08288
1885,273.79343,5.953801,0.7393342,2.4904802,25.446363,76.18243
1886,277.63055,6.035495,0.77986,2.5794234,27.006775,80.12128
1887,209.31645,4.2770367,0.73166084,2.3861804,29.668362,83.41307
