sample_index,Fe,Zn,B,Cu,S,Mn
0,215.22565165876736,4.817180094786738,0.8534952606635071,2.5810426540284315,26.58179653510148,89.33975118483428
1,215.22565165876736,4.817180094786738,0.8534952606635071,2.5810426540284315,26.58179653510148,89.33975118483428
2,215.22565165876736,4.817180094786738,0.8534952606635071,2.5810426540284315,26.58179653510148,89.33975118483428
3,215.22565165876736,4.817180094786738,0.8534952606635071,2.5810426540284315,26.58179653510148,89.33975118483428
4,215.22565165876736,4.817180094786738,0.8534952606635071,2.5810426540284315,26.58179653510148,89.33975118483428
5,215.22565165876736,4.817180094786738,0.8534952606635071,2.5810426540284315,26.58179653510148,89.33975118483428
6,215.22565165876736,4.817180094786738,0.8534952606635071,2.5810426540284315,26.58179653510148,89.33975118483428
7,215.22565165876736,4.817180094786738,0.8534952606635071,2.5810426540284315,26.58179653510148,89.33975118483428
8,215.22565165876736,4.817180094786738,0.8534952606635071,2.5810426540284315,26.58179653510148,89.33975118483428
9,215.22565165876736,4.817180094786738,0.8534952606635071,2.5810426540284315,26.58179653510148,89.33975118483428
10,215.22565165876736,4.817180094786738,0.8534952606635071,2.5810426540284315,26.58179653510148,89.33975118483428
11,215.22565165876736,4.817180094786738,0.8534952606635071,2.5810426540284315,26.58179653510148,89.33975118483428
12,215.22565165876736,4.817180094786738,0.8534952606635071,2.5810426540284315,26.58179653510148,89.33975118483428
13,215.22565165876736,4.817180094786738,0.8534952606635071,2.5810426540284315,26.58179653510148,89.33975118483428
14,215.22565165876736,4.817180094786738,0.8534952606635071,2.5810426540284315,26.58179653510148,89.33975118483428
15,215.22565165876736,4.817180094786738,0.8534952606635071,2.5810426540284315,26.58179653510148,89.33975118483428
16,215.22565165876736,4.817180094786738,0.8534952606635071,2.5810426540284315,26.58179653510148,89.33975118483428
17,215.22565165876736,4.817180094786738,0.8534952606635071,2.5810426540284315,26.58179653510148,89.33975118483428
18,215.22565165876736,4.817180094786738,0.8534952606635071,2.5810426540284315,26.58179653510148,89.33975118483428
19,215.22565165876736,4.817180094786738,0.8534952606635071,2.5810426540284315,26.58179653510148,89.33975118483428
20,215.22565165876736,4.817180094786738,0.8534952606635071,2.5810426540284315,26.58179653510148,89.33975118483428
21,215.22565165876736,4.817180094786738,0.8534952606635071,2.5810426540284315,26.58179653510148,89.33975118483428
22,215.22565165876736,4.817180094786738,0.8534952606635071,2.5810426540284315,26.58179653510148,89.33975118483428
23,215.22565165876736,4.817180094786738,0.8534952606635071,2.5810426540284315,26.58179653510148,89.33975118483428
24,215.22565165876736,4.817180094786738,0.8534952606635071,2.5810426540284315,26.58179653510148,89.33975118483428
25,215.22565165876736,4.817180094786738,0.8534952606635071,2.5810426540284315,26.58179653510148,89.33975118483428
26,215.22565165876736,4.817180094786738,0.8534952606635071,2.5810426540284315,26.58179653510148,89.33975118483428
27,215.22565165876736,4.817180094786738,0.8534952606635071,2.5810426540284315,26.58179653510148,89.33975118483428
28,215.22565165876736,4.817180094786738,0.8534952606635071,2.5810426540284315,26.58179653510148,89.33975118483428
29,215.22565165876736,4.817180094786738,0.8534952606635071,2.5810426540284315,26.58179653510148,89.33975118483428
30,215.22565165876736,4.817180094786738,0.8534952606635071,2.5810426540284315,26.58179653510148,89.33975118483428
31,215.22565165876736,4.817180094786738,0.8534952606635071,2.5810426540284315,26.58179653510148,89.33975118483428
32,215.22565165876736,4.817180094786738,0.8534952606635071,2.5810426540284315,26.58179653510148,89.33975118483428
33,215.22565165876736,4.817180094786738,0.8534952606635071,2.5810426540284315,26.58179653510148,89.33975118483428
34,215.22565165876736,4.817180094786738,0.8534952606635071,2.5810426540284315,26.58179653510148,89.33975118483428
35,215.22565165876736,4.817180094786738,0.8534952606635071,2.5810426540284315,26.58179653510148,89.33975118483428
36,215.22565165876736,4.817180094786738,0.8534952606635071,2.5810426540284315,26.58179653510148,89.33975118483428
37,215.22565165876736,4.817180094786738,0.8534952606635071,2.5810426540284315,26.58179653510148,89.33975118483428
38,215.22565165876736,4.817180094786738,0.8534952606635071,2.5810426540284315,26.58179653510148,89.33975118483428
39,215.22565165876736,4.817180094786738,0.8534952606635071,2.5810426540284315,26.58179653510148,89.33975118483428
40,215.22565165876736,4.817180094786738,0.8534952606635071,2.5810426540284315,26.58179653510148,89.33975118483428
41,215.22565165876736,4.817180094786738,0.8534952606635071,2.5810426540284315,26.58179653510148,89.33975118483428
42,215.22565165876736,4.817180094786738,0.8534952606635071,2.5810426540284315,26.58179653510148,89.33975118483428
43,215.22565165876736,4.817180094786738,0.8534952606635071,2.5810426540284315,26.58179653510148,89.33975118483428
44,215.22565165876736,4.817180094786738,0.8534952606635071,2.5810426540284315,26.58179653510148,89.33975118483428
45,215.22565165876736,4.817180094786738,0.8534952606635071,2.5810426540284315,26.58179653510148,89.33975118483428
46,215.22565165876736,4.817180094786738,0.8534952606635071,2.5810426540284315,26.58179653510148,89.33975118483428
47,215.22565165876736,4.817180094786738,0.8534952606635071,2.5810426540284315,26.58179653510148,89.33975118483428
48,215.22565165876736,4.817180094786738,0.8534952606635071,2.5810426540284315,26.58179653510148,89.33975118483428
49,215.22565165876736,4.817180094786738,0.8534952606635071,2.5810426540284315,26.58179653510148,89.33975118483428
50,215.22565165876736,4.817180094786738,0.8534952606635071,2.5810426540284315,26.58179653510148,89.33975118483428
51,215.22565165876736,4.817180094786738,0.8534952606635071,2.5810426540284315,26.58179653510148,89.33975118483428
52,215.22565165876736,4.817180094786738,0.8534952606635071,2.5810426540284315,26.58179653510148,89.33975118483428
53,215.22565165876736,4.817180094786738,0.8534952606635071,2.5810426540284315,26.58179653510148,89.33975118483428
54,215.22565165876736,4.817180094786738,0.8534952606635071,2.5810426540284315,26.58179653510148,89.33975118483428
55,215.22565165876736,4.817180094786738,0.8534952606635071,2.5810426540284315,26.58179653510148,89.33975118483428
56,215.22565165876736,4.817180094786738,0.8534952606635071,2.5810426540284315,26.58179653510148,89.33975118483428
57,215.22565165876736,4.817180094786738,0.8534952606635071,2.5810426540284315,26.58179653510148,89.33975118483428
58,215.22565165876736,4.817180094786738,0.8534952606635071,2.5810426540284315,26.58179653510148,89.33975118483428
59,215.22565165876736,4.817180094786738,0.8534952606635071,2.5810426540284315,26.58179653510148,89.33975118483428
60,215.22565165876736,4.817180094786738,0.8534952606635071,2.5810426540284315,26.58179653510148,89.33975118483428
61,215.22565165876736,4.817180094786738,0.8534952606635071,2.5810426540284315,26.58179653510148,89.33975118483428
62,215.22565165876736,4.817180094786738,0.8534952606635071,2.5810426540284315,26.58179653510148,89.33975118483428
63,215.22565165876736,4.817180094786738,0.8534952606635071,2.5810426540284315,26.58179653510148,89.33975118483428
64,215.22565165876736,4.817180094786738,0.8534952606635071,2.5810426540284315,26.58179653510148,89.33975118483428
65,215.22565165876736,4.817180094786738,0.8534952606635071,2.5810426540284315,26.58179653510148,89.33975118483428
66,215.22565165876736,4.817180094786738,0.8534952606635071,2.5810426540284315,26.58179653510148,89.33975118483428
67,215.22565165876736,4.817180094786738,0.8534952606635071,2.5810426540284315,26.58179653510148,89.33975118483428
68,215.22565165876736,4.817180094786738,0.8534952606635071,2.5810426540284315,26.58179653510148,89.33975118483428
69,215.22565165876736,4.817180094786738,0.8534952606635071,2.5810426540284315,26.58179653510148,89.33975118483428
70,215.22565165876736,4.817180094786738,0.8534952606635071,2.5810426540284315,26.58179653510148,89.33975118483428
71,215.22565165876736,4.817180094786738,0.8534952606635071,2.5810426540284315,26.58179653510148,89.33975118483428
72,215.22565165876736,4.817180094786738,0.8534952606635071,2.5810426540284315,26.58179653510148,89.33975118483428
73,215.22565165876736,4.817180094786738,0.8534952606635071,2.5810426540284315,26.58179653510148,89.33975118483428
74,215.22565165876736,4.817180094786738,0.8534952606635071,2.5810426540284315,26.58179653510148,89.33975118483428
75,215.22565165876736,4.817180094786738,0.8534952606635071,2.5810426540284315,26.58179653510148,89.33975118483428
76,215.22565165876736,4.817180094786738,0.8534952606635071,2.5810426540284315,26.58179653510148,89.33975118483428
77,215.22565165876736,4.817180094786738,0.8534952606635071,2.5810426540284315,26.58179653510148,89.33975118483428
78,215.22565165876736,4.817180094786738,0.8534952606635071,2.5810426540284315,26.58179653510148,89.33975118483428
79,215.22565165876736,4.817180094786738,0.8534952606635071,2.5810426540284315,26.58179653510148,89.33975118483428
80,215.22565165876736,4.817180094786738,0.8534952606635071,2.5810426540284315,26.58179653510148,89.33975118483428
81,215.22565165876736,4.817180094786738,0.8534952606635071,2.5810426540284315,26.58179653510148,89.33975118483428
82,215.22565165876736,4.817180094786738,0.8534952606635071,2.5810426540284315,26.58179653510148,89.33975118483428
83,215.22565165876736,4.817180094786738,0.8534952606635071,2.5810426540284315,26.58179653510148,89.33975118483428
84,215.22565165876736,4.817180094786738,0.8534952606635071,2.5810426540284315,26.58179653510148,89.33975118483428
85,215.22565165876736,4.817180094786738,0.8534952606635071,2.5810426540284315,26.58179653510148,89.33975118483428
86,215.22565165876736,4.817180094786738,0.8534952606635071,2.5810426540284315,26.58179653510148,89.33975118483428
87,215.22565165876736,4.817180094786738,0.8534952606635071,2.5810426540284315,26.58179653510148,89.33975118483428
88,215.22565165876736,4.817180094786738,0.8534952606635071,2.5810426540284315,26.58179653510148,89.33975118483428
89,215.22565165876736,4.817180094786738,0.8534952606635071,2.5810426540284315,26.58179653510148,89.33975118483428
90,215.22565165876736,4.817180094786738,0.8534952606635071,2.5810426540284315,26.58179653510148,89.33975118483428
91,215.22565165876736,4.817180094786738,0.8534952606635071,2.5810426540284315,26.58179653510148,89.33975118483428
92,215.22565165876736,4.817180094786738,0.8534952606635071,2.5810426540284315,26.58179653510148,89.33975118483428
93,215.22565165876736,4.817180094786738,0.8534952606635071,2.5810426540284315,26.58179653510148,89.33975118483428
94,215.22565165876736,4.817180094786738,0.8534952606635071,2.5810426540284315,26.58179653510148,89.33975118483428
95,215.22565165876736,4.817180094786738,0.8534952606635071,2.5810426540284315,26.58179653510148,89.33975118483428
96,215.22565165876736,4.817180094786738,0.8534952606635071,2.5810426540284315,26.58179653510148,89.33975118483428
97,215.22565165876736,4.817180094786738,0.8534952606635071,2.5810426540284315,26.58179653510148,89.33975118483428
98,215.22565165876736,4.817180094786738,0.8534952606635071,2.5810426540284315,26.58179653510148,89.33975118483428
99,215.22565165876736,4.817180094786738,0.8534952606635071,2.5810426540284315,26.58179653510148,89.33975118483428
100,215.22565165876736,4.817180094786738,0.8534952606635071,2.5810426540284315,26.58179653510148,89.33975118483428
101,215.22565165876736,4.817180094786738,0.8534952606635071,2.5810426540284315,26.58179653510148,89.33975118483428
102,215.22565165876736,4.817180094786738,0.8534952606635071,2.5810426540284315,26.58179653510148,89.33975118483428
103,215.22565165876736,4.817180094786738,0.8534952606635071,2.5810426540284315,26.58179653510148,89.33975118483428
104,215.22565165876736,4.817180094786738,0.8534952606635071,2.5810426540284315,26.58179653510148,89.33975118483428
105,215.22565165876736,4.817180094786738,0.8534952606635071,2.5810426540284315,26.58179653510148,89.33975118483428
106,215.22565165876736,4.817180094786738,0.8534952606635071,2.5810426540284315,26.58179653510148,89.33975118483428
107,215.22565165876736,4.817180094786738,0.8534952606635071,2.5810426540284315,26.58179653510148,89.33975118483428
108,215.22565165876736,4.817180094786738,0.8534952606635071,2.5810426540284315,26.58179653510148,89.33975118483428
109,215.22565165876736,4.817180094786738,0.8534952606635071,2.5810426540284315,26.58179653510148,89.33975118483428
110,215.22565165876736,4.817180094786738,0.8534952606635071,2.5810426540284315,26.58179653510148,89.33975118483428
111,215.22565165876736,4.817180094786738,0.8534952606635071,2.5810426540284315,26.58179653510148,89.33975118483428
112,215.22565165876736,4.817180094786738,0.8534952606635071,2.5810426540284315,26.58179653510148,89.33975118483428
113,215.22565165876736,4.817180094786738,0.8534952606635071,2.5810426540284315,26.58179653510148,89.33975118483428
114,215.22565165876736,4.817180094786738,0.8534952606635071,2.5810426540284315,26.58179653510148,89.33975118483428
115,215.22565165876736,4.817180094786738,0.8534952606635071,2.5810426540284315,26.58179653510148,89.33975118483428
116,215.22565165876736,4.817180094786738,0.8534952606635071,2.5810426540284315,26.58179653510148,89.33975118483428
117,215.22565165876736,4.817180094786738,0.8534952606635071,2.5810426540284315,26.58179653510148,89.33975118483428
118,215.22565165876736,4.817180094786738,0.8534952606635071,2.5810426540284315,26.58179653510148,89.33975118483428
119,215.22565165876736,4.817180094786738,0.8534952606635071,2.5810426540284315,26.58179653510148,89.33975118483428
120,215.22565165876736,4.817180094786738,0.8534952606635071,2.5810426540284315,26.58179653510148,89.33975118483428
121,215.22565165876736,4.817180094786738,0.8534952606635071,2.5810426540284315,26.58179653510148,89.33975118483428
122,215.22565165876736,4.817180094786738,0.8534952606635071,2.5810426540284315,26.58179653510148,89.33975118483428
123,215.22565165876736,4.817180094786738,0.8534952606635071,2.5810426540284315,26.58179653510148,89.33975118483428
124,215.22565165876736,4.817180094786738,0.8534952606635071,2.5810426540284315,26.58179653510148,89.33975118483428
125,215.22565165876736,4.817180094786738,0.8534952606635071,2.5810426540284315,26.58179653510148,89.33975118483428
126,215.22565165876736,4.817180094786738,0.8534952606635071,2.5810426540284315,26.58179653510148,89.33975118483428
127,215.22565165876736,4.817180094786738,0.8534952606635071,2.5810426540284315,26.58179653510148,89.33975118483428
128,215.22565165876736,4.817180094786738,0.8534952606635071,2.5810426540284315,26.58179653510148,89.33975118483428
129,215.22565165876736,4.817180094786738,0.8534952606635071,2.5810426540284315,26.58179653510148,89.33975118483428
130,215.22565165876736,4.817180094786738,0.8534952606635071,2.5810426540284315,26.58179653510148,89.33975118483428
131,215.22565165876736,4.817180094786738,0.8534952606635071,2.5810426540284315,26.58179653510148,89.33975118483428
132,215.22565165876736,4.817180094786738,0.8534952606635071,2.5810426540284315,26.58179653510148,89.33975118483428
133,215.22565165876736,4.817180094786738,0.8534952606635071,2.5810426540284315,26.58179653510148,89.33975118483428
134,215.22565165876736,4.817180094786738,0.8534952606635071,2.5810426540284315,26.58179653510148,89.33975118483428
135,215.22565165876736,4.817180094786738,0.8534952606635071,2.5810426540284315,26.58179653510148,89.33975118483428
136,215.22565165876736,4.817180094786738,0.8534952606635071,2.5810426540284315,26.58179653510148,89.33975118483428
137,215.22565165876736,4.817180094786738,0.8534952606635071,2.5810426540284315,26.58179653510148,89.33975118483428
138,215.22565165876736,4.817180094786738,0.8534952606635071,2.5810426540284315,26.58179653510148,89.33975118483428
139,215.22565165876736,4.817180094786738,0.8534952606635071,2.5810426540284315,26.58179653510148,89.33975118483428
140,215.22565165876736,4.817180094786738,0.8534952606635071,2.5810426540284315,26.58179653510148,89.33975118483428
141,215.22565165876736,4.817180094786738,0.8534952606635071,2.5810426540284315,26.58179653510148,89.33975118483428
142,215.22565165876736,4.817180094786738,0.8534952606635071,2.5810426540284315,26.58179653510148,89.33975118483428
143,215.22565165876736,4.817180094786738,0.8534952606635071,2.5810426540284315,26.58179653510148,89.33975118483428
144,215.22565165876736,4.817180094786738,0.8534952606635071,2.5810426540284315,26.58179653510148,89.33975118483428
145,215.22565165876736,4.817180094786738,0.8534952606635071,2.5810426540284315,26.58179653510148,89.33975118483428
146,215.22565165876736,4.817180094786738,0.8534952606635071,2.5810426540284315,26.58179653510148,89.33975118483428
147,215.22565165876736,4.817180094786738,0.8534952606635071,2.5810426540284315,26.58179653510148,89.33975118483428
148,215.22565165876736,4.817180094786738,0.8534952606635071,2.5810426540284315,26.58179653510148,89.33975118483428
149,215.22565165876736,4.817180094786738,0.8534952606635071,2.5810426540284315,26.58179653510148,89.33975118483428
150,215.22565165876736,4.817180094786738,0.8534952606635071,2.5810426540284315,26.58179653510148,89.33975118483428
151,215.22565165876736,4.817180094786738,0.8534952606635071,2.5810426540284315,26.58179653510148,89.33975118483428
152,215.22565165876736,4.817180094786738,0.8534952606635071,2.5810426540284315,26.58179653510148,89.33975118483428
153,215.22565165876736,4.817180094786738,0.8534952606635071,2.5810426540284315,26.58179653510148,89.33975118483428
154,215.22565165876736,4.817180094786738,0.8534952606635071,2.5810426540284315,26.58179653510148,89.33975118483428
155,215.22565165876736,4.817180094786738,0.8534952606635071,2.5810426540284315,26.58179653510148,89.33975118483428
156,215.22565165876736,4.817180094786738,0.8534952606635071,2.5810426540284315,26.58179653510148,89.33975118483428
157,215.22565165876736,4.817180094786738,0.8534952606635071,2.5810426540284315,26.58179653510148,89.33975118483428
158,215.22565165876736,4.817180094786738,0.8534952606635071,2.5810426540284315,26.58179653510148,89.33975118483428
159,215.22565165876736,4.817180094786738,0.8534952606635071,2.5810426540284315,26.58179653510148,89.33975118483428
160,215.22565165876736,4.817180094786738,0.8534952606635071,2.5810426540284315,26.58179653510148,89.33975118483428
161,215.22565165876736,4.817180094786738,0.8534952606635071,2.5810426540284315,26.58179653510148,89.33975118483428
162,215.22565165876736,4.817180094786738,0.8534952606635071,2.5810426540284315,26.58179653510148,89.33975118483428
163,215.22565165876736,4.817180094786738,0.8534952606635071,2.5810426540284315,26.58179653510148,89.33975118483428
164,215.22565165876736,4.817180094786738,0.8534952606635071,2.5810426540284315,26.58179653510148,89.33975118483428
165,215.22565165876736,4.817180094786738,0.8534952606635071,2.5810426540284315,26.58179653510148,89.33975118483428
166,215.22565165876736,4.817180094786738,0.8534952606635071,2.5810426540284315,26.58179653510148,89.33975118483428
167,215.22565165876736,4.817180094786738,0.8534952606635071,2.5810426540284315,26.58179653510148,89.33975118483428
168,215.22565165876736,4.817180094786738,0.8534952606635071,2.5810426540284315,26.58179653510148,89.33975118483428
169,215.22565165876736,4.817180094786738,0.8534952606635071,2.5810426540284315,26.58179653510148,89.33975118483428
170,215.22565165876736,4.817180094786738,0.8534952606635071,2.5810426540284315,26.58179653510148,89.33975118483428
171,215.22565165876736,4.817180094786738,0.8534952606635071,2.5810426540284315,26.58179653510148,89.33975118483428
172,215.22565165876736,4.817180094786738,0.8534952606635071,2.5810426540284315,26.58179653510148,89.33975118483428
173,215.22565165876736,4.817180094786738,0.8534952606635071,2.5810426540284315,26.58179653510148,89.33975118483428
174,215.22565165876736,4.817180094786738,0.8534952606635071,2.5810426540284315,26.58179653510148,89.33975118483428
175,215.22565165876736,4.817180094786738,0.8534952606635071,2.5810426540284315,26.58179653510148,89.33975118483428
176,215.22565165876736,4.817180094786738,0.8534952606635071,2.5810426540284315,26.58179653510148,89.33975118483428
177,215.22565165876736,4.817180094786738,0.8534952606635071,2.5810426540284315,26.58179653510148,89.33975118483428
178,215.22565165876736,4.817180094786738,0.8534952606635071,2.5810426540284315,26.58179653510148,89.33975118483428
179,215.22565165876736,4.817180094786738,0.8534952606635071,2.5810426540284315,26.58179653510148,89.33975118483428
180,215.22565165876736,4.817180094786738,0.8534952606635071,2.5810426540284315,26.58179653510148,89.33975118483428
181,215.22565165876736,4.817180094786738,0.8534952606635071,2.5810426540284315,26.58179653510148,89.33975118483428
182,215.22565165876736,4.817180094786738,0.8534952606635071,2.5810426540284315,26.58179653510148,89.33975118483428
183,215.22565165876736,4.817180094786738,0.8534952606635071,2.5810426540284315,26.58179653510148,89.33975118483428
184,215.22565165876736,4.817180094786738,0.8534952606635071,2.5810426540284315,26.58179653510148,89.33975118483428
185,215.22565165876736,4.817180094786738,0.8534952606635071,2.5810426540284315,26.58179653510148,89.33975118483428
186,215.22565165876736,4.817180094786738,0.8534952606635071,2.5810426540284315,26.58179653510148,89.33975118483428
187,215.22565165876736,4.817180094786738,0.8534952606635071,2.5810426540284315,26.58179653510148,89.33975118483428
188,215.22565165876736,4.817180094786738,0.8534952606635071,2.5810426540284315,26.58179653510148,89.33975118483428
189,215.22565165876736,4.817180094786738,0.8534952606635071,2.5810426540284315,26.58179653510148,89.33975118483428
190,215.22565165876736,4.817180094786738,0.8534952606635071,2.5810426540284315,26.58179653510148,89.33975118483428
191,215.22565165876736,4.817180094786738,0.8534952606635071,2.5810426540284315,26.58179653510148,89.33975118483428
192,215.22565165876736,4.817180094786738,0.8534952606635071,2.5810426540284315,26.58179653510148,89.33975118483428
193,215.22565165876736,4.817180094786738,0.8534952606635071,2.5810426540284315,26.58179653510148,89.33975118483428
194,215.22565165876736,4.817180094786738,0.8534952606635071,2.5810426540284315,26.58179653510148,89.33975118483428
195,215.22565165876736,4.817180094786738,0.8534952606635071,2.5810426540284315,26.58179653510148,89.33975118483428
196,215.22565165876736,4.817180094786738,0.8534952606635071,2.5810426540284315,26.58179653510148,89.33975118483428
197,215.22565165876736,4.817180094786738,0.8534952606635071,2.5810426540284315,26.58179653510148,89.33975118483428
198,215.22565165876736,4.817180094786738,0.8534952606635071,2.5810426540284315,26.58179653510148,89.33975118483428
199,215.22565165876736,4.817180094786738,0.8534952606635071,2.5810426540284315,26.58179653510148,89.33975118483428
200,215.22565165876736,4.817180094786738,0.8534952606635071,2.5810426540284315,26.58179653510148,89.33975118483428
201,215.22565165876736,4.817180094786738,0.8534952606635071,2.5810426540284315,26.58179653510148,89.33975118483428
202,215.22565165876736,4.817180094786738,0.8534952606635071,2.5810426540284315,26.58179653510148,89.33975118483428
203,215.22565165876736,4.817180094786738,0.8534952606635071,2.5810426540284315,26.58179653510148,89.33975118483428
204,215.22565165876736,4.817180094786738,0.8534952606635071,2.5810426540284315,26.58179653510148,89.33975118483428
205,215.22565165876736,4.817180094786738,0.8534952606635071,2.5810426540284315,26.58179653510148,89.33975118483428
206,215.22565165876736,4.817180094786738,0.8534952606635071,2.5810426540284315,26.58179653510148,89.33975118483428
207,215.22565165876736,4.817180094786738,0.8534952606635071,2.5810426540284315,26.58179653510148,89.33975118483428
208,215.22565165876736,4.817180094786738,0.8534952606635071,2.5810426540284315,26.58179653510148,89.33975118483428
209,215.22565165876736,4.817180094786738,0.8534952606635071,2.5810426540284315,26.58179653510148,89.33975118483428
210,215.22565165876736,4.817180094786738,0.8534952606635071,2.5810426540284315,26.58179653510148,89.33975118483428
211,215.22565165876736,4.817180094786738,0.8534952606635071,2.5810426540284315,26.58179653510148,89.33975118483428
212,215.22565165876736,4.817180094786738,0.8534952606635071,2.5810426540284315,26.58179653510148,89.33975118483428
213,215.22565165876736,4.817180094786738,0.8534952606635071,2.5810426540284315,26.58179653510148,89.33975118483428
214,215.22565165876736,4.817180094786738,0.8534952606635071,2.5810426540284315,26.58179653510148,89.33975118483428
215,215.22565165876736,4.817180094786738,0.8534952606635071,2.5810426540284315,26.58179653510148,89.33975118483428
216,215.22565165876736,4.817180094786738,0.8534952606635071,2.5810426540284315,26.58179653510148,89.33975118483428
217,215.22565165876736,4.817180094786738,0.8534952606635071,2.5810426540284315,26.58179653510148,89.33975118483428
218,215.22565165876736,4.817180094786738,0.8534952606635071,2.5810426540284315,26.58179653510148,89.33975118483428
219,215.22565165876736,4.817180094786738,0.8534952606635071,2.5810426540284315,26.58179653510148,89.33975118483428
220,215.22565165876736,4.817180094786738,0.8534952606635071,2.5810426540284315,26.58179653510148,89.33975118483428
221,215.22565165876736,4.817180094786738,0.8534952606635071,2.5810426540284315,26.58179653510148,89.33975118483428
222,215.22565165876736,4.817180094786738,0.8534952606635071,2.5810426540284315,26.58179653510148,89.33975118483428
223,215.22565165876736,4.817180094786738,0.8534952606635071,2.5810426540284315,26.58179653510148,89.33975118483428
224,215.22565165876736,4.817180094786738,0.8534952606635071,2.5810426540284315,26.58179653510148,89.33975118483428
225,215.22565165876736,4.817180094786738,0.8534952606635071,2.5810426540284315,26.58179653510148,89.33975118483428
226,215.22565165876736,4.817180094786738,0.8534952606635071,2.5810426540284315,26.58179653510148,89.33975118483428
227,215.22565165876736,4.817180094786738,0.8534952606635071,2.5810426540284315,26.58179653510148,89.33975118483428
228,215.22565165876736,4.817180094786738,0.8534952606635071,2.5810426540284315,26.58179653510148,89.33975118483428
229,215.22565165876736,4.817180094786738,0.8534952606635071,2.5810426540284315,26.58179653510148,89.33975118483428
230,215.22565165876736,4.817180094786738,0.8534952606635071,2.5810426540284315,26.58179653510148,89.33975118483428
231,215.22565165876736,4.817180094786738,0.8534952606635071,2.5810426540284315,26.58179653510148,89.33975118483428
232,215.22565165876736,4.817180094786738,0.8534952606635071,2.5810426540284315,26.58179653510148,89.33975118483428
233,215.22565165876736,4.817180094786738,0.8534952606635071,2.5810426540284315,26.58179653510148,89.33975118483428
234,215.22565165876736,4.817180094786738,0.8534952606635071,2.5810426540284315,26.58179653510148,89.33975118483428
235,215.22565165876736,4.817180094786738,0.8534952606635071,2.5810426540284315,26.58179653510148,89.33975118483428
236,215.22565165876736,4.817180094786738,0.8534952606635071,2.5810426540284315,26.58179653510148,89.33975118483428
237,215.22565165876736,4.817180094786738,0.8534952606635071,2.5810426540284315,26.58179653510148,89.33975118483428
238,215.22565165876736,4.817180094786738,0.8534952606635071,2.5810426540284315,26.58179653510148,89.33975118483428
239,215.22565165876736,4.817180094786738,0.8534952606635071,2.5810426540284315,26.58179653510148,89.33975118483428
240,215.22565165876736,4.817180094786738,0.8534952606635071,2.5810426540284315,26.58179653510148,89.33975118483428
241,215.22565165876736,4.817180094786738,0.8534952606635071,2.5810426540284315,26.58179653510148,89.33975118483428
242,215.22565165876736,4.817180094786738,0.8534952606635071,2.5810426540284315,26.58179653510148,89.33975118483428
243,215.22565165876736,4.817180094786738,0.8534952606635071,2.5810426540284315,26.58179653510148,89.33975118483428
244,215.22565165876736,4.817180094786738,0.8534952606635071,2.5810426540284315,26.58179653510148,89.33975118483428
245,215.22565165876736,4.817180094786738,0.8534952606635071,2.5810426540284315,26.58179653510148,89.33975118483428
246,215.22565165876736,4.817180094786738,0.8534952606635071,2.5810426540284315,26.58179653510148,89.33975118483428
247,215.22565165876736,4.817180094786738,0.8534952606635071,2.5810426540284315,26.58179653510148,89.33975118483428
248,215.22565165876736,4.817180094786738,0.8534952606635071,2.5810426540284315,26.58179653510148,89.33975118483428
249,215.22565165876736,4.817180094786738,0.8534952606635071,2.5810426540284315,26.58179653510148,89.33975118483428
250,215.22565165876736,4.817180094786738,0.8534952606635071,2.5810426540284315,26.58179653510148,89.33975118483428
251,215.22565165876736,4.817180094786738,0.8534952606635071,2.5810426540284315,26.58179653510148,89.33975118483428
252,215.22565165876736,4.817180094786738,0.8534952606635071,2.5810426540284315,26.58179653510148,89.33975118483428
253,215.22565165876736,4.817180094786738,0.8534952606635071,2.5810426540284315,26.58179653510148,89.33975118483428
254,215.22565165876736,4.817180094786738,0.8534952606635071,2.5810426540284315,26.58179653510148,89.33975118483428
255,215.22565165876736,4.817180094786738,0.8534952606635071,2.5810426540284315,26.58179653510148,89.33975118483428
256,215.22565165876736,4.817180094786738,0.8534952606635071,2.5810426540284315,26.58179653510148,89.33975118483428
257,215.22565165876736,4.817180094786738,0.8534952606635071,2.5810426540284315,26.58179653510148,89.33975118483428
258,215.22565165876736,4.817180094786738,0.8534952606635071,2.5810426540284315,26.58179653510148,89.33975118483428
259,215.22565165876736,4.817180094786738,0.8534952606635071,2.5810426540284315,26.58179653510148,89.33975118483428
260,215.22565165876736,4.817180094786738,0.8534952606635071,2.5810426540284315,26.58179653510148,89.33975118483428
261,215.22565165876736,4.817180094786738,0.8534952606635071,2.5810426540284315,26.58179653510148,89.33975118483428
262,215.22565165876736,4.817180094786738,0.8534952606635071,2.5810426540284315,26.58179653510148,89.33975118483428
263,215.22565165876736,4.817180094786738,0.8534952606635071,2.5810426540284315,26.58179653510148,89.33975118483428
264,215.22565165876736,4.817180094786738,0.8534952606635071,2.5810426540284315,26.58179653510148,89.33975118483428
265,215.22565165876736,4.817180094786738,0.8534952606635071,2.5810426540284315,26.58179653510148,89.33975118483428
266,215.22565165876736,4.817180094786738,0.8534952606635071,2.5810426540284315,26.58179653510148,89.33975118483428
267,215.22565165876736,4.817180094786738,0.8534952606635071,2.5810426540284315,26.58179653510148,89.33975118483428
268,215.22565165876736,4.817180094786738,0.8534952606635071,2.5810426540284315,26.58179653510148,89.33975118483428
269,215.22565165876736,4.817180094786738,0.8534952606635071,2.5810426540284315,26.58179653510148,89.33975118483428
270,215.22565165876736,4.817180094786738,0.8534952606635071,2.5810426540284315,26.58179653510148,89.33975118483428
271,215.22565165876736,4.817180094786738,0.8534952606635071,2.5810426540284315,26.58179653510148,89.33975118483428
272,215.22565165876736,4.817180094786738,0.8534952606635071,2.5810426540284315,26.58179653510148,89.33975118483428
273,215.22565165876736,4.817180094786738,0.8534952606635071,2.5810426540284315,26.58179653510148,89.33975118483428
274,215.22565165876736,4.817180094786738,0.8534952606635071,2.5810426540284315,26.58179653510148,89.33975118483428
275,215.22565165876736,4.817180094786738,0.8534952606635071,2.5810426540284315,26.58179653510148,89.33975118483428
276,215.22565165876736,4.817180094786738,0.8534952606635071,2.5810426540284315,26.58179653510148,89.33975118483428
277,215.22565165876736,4.817180094786738,0.8534952606635071,2.5810426540284315,26.58179653510148,89.33975118483428
278,215.22565165876736,4.817180094786738,0.8534952606635071,2.5810426540284315,26.58179653510148,89.33975118483428
279,215.22565165876736,4.817180094786738,0.8534952606635071,2.5810426540284315,26.58179653510148,89.33975118483428
280,215.22565165876736,4.817180094786738,0.8534952606635071,2.5810426540284315,26.58179653510148,89.33975118483428
281,215.22565165876736,4.817180094786738,0.8534952606635071,2.5810426540284315,26.58179653510148,89.33975118483428
282,215.22565165876736,4.817180094786738,0.8534952606635071,2.5810426540284315,26.58179653510148,89.33975118483428
283,215.22565165876736,4.817180094786738,0.8534952606635071,2.5810426540284315,26.58179653510148,89.33975118483428
284,215.22565165876736,4.817180094786738,0.8534952606635071,2.5810426540284315,26.58179653510148,89.33975118483428
285,215.22565165876736,4.817180094786738,0.8534952606635071,2.5810426540284315,26.58179653510148,89.33975118483428
286,215.22565165876736,4.817180094786738,0.8534952606635071,2.5810426540284315,26.58179653510148,89.33975118483428
287,215.22565165876736,4.817180094786738,0.8534952606635071,2.5810426540284315,26.58179653510148,89.33975118483428
288,215.22565165876736,4.817180094786738,0.8534952606635071,2.5810426540284315,26.58179653510148,89.33975118483428
289,215.22565165876736,4.817180094786738,0.8534952606635071,2.5810426540284315,26.58179653510148,89.33975118483428
290,215.22565165876736,4.817180094786738,0.8534952606635071,2.5810426540284315,26.58179653510148,89.33975118483428
291,215.22565165876736,4.817180094786738,0.8534952606635071,2.5810426540284315,26.58179653510148,89.33975118483428
292,215.22565165876736,4.817180094786738,0.8534952606635071,2.5810426540284315,26.58179653510148,89.33975118483428
293,215.22565165876736,4.817180094786738,0.8534952606635071,2.5810426540284315,26.58179653510148,89.33975118483428
294,215.22565165876736,4.817180094786738,0.8534952606635071,2.5810426540284315,26.58179653510148,89.33975118483428
295,215.22565165876736,4.817180094786738,0.8534952606635071,2.5810426540284315,26.58179653510148,89.33975118483428
296,215.22565165876736,4.817180094786738,0.8534952606635071,2.5810426540284315,26.58179653510148,89.33975118483428
297,215.22565165876736,4.817180094786738,0.8534952606635071,2.5810426540284315,26.58179653510148,89.33975118483428
298,215.22565165876736,4.817180094786738,0.8534952606635071,2.5810426540284315,26.58179653510148,89.33975118483428
299,215.22565165876736,4.817180094786738,0.8534952606635071,2.5810426540284315,26.58179653510148,89.33975118483428
300,215.22565165876736,4.817180094786738,0.8534952606635071,2.5810426540284315,26.58179653510148,89.33975118483428
301,215.22565165876736,4.817180094786738,0.8534952606635071,2.5810426540284315,26.58179653510148,89.33975118483428
302,215.22565165876736,4.817180094786738,0.8534952606635071,2.5810426540284315,26.58179653510148,89.33975118483428
303,215.22565165876736,4.817180094786738,0.8534952606635071,2.5810426540284315,26.58179653510148,89.33975118483428
304,215.22565165876736,4.817180094786738,0.8534952606635071,2.5810426540284315,26.58179653510148,89.33975118483428
305,215.22565165876736,4.817180094786738,0.8534952606635071,2.5810426540284315,26.58179653510148,89.33975118483428
306,215.22565165876736,4.817180094786738,0.8534952606635071,2.5810426540284315,26.58179653510148,89.33975118483428
307,215.22565165876736,4.817180094786738,0.8534952606635071,2.5810426540284315,26.58179653510148,89.33975118483428
308,215.22565165876736,4.817180094786738,0.8534952606635071,2.5810426540284315,26.58179653510148,89.33975118483428
309,215.22565165876736,4.817180094786738,0.8534952606635071,2.5810426540284315,26.58179653510148,89.33975118483428
310,215.22565165876736,4.817180094786738,0.8534952606635071,2.5810426540284315,26.58179653510148,89.33975118483428
311,215.22565165876736,4.817180094786738,0.8534952606635071,2.5810426540284315,26.58179653510148,89.33975118483428
312,215.22565165876736,4.817180094786738,0.8534952606635071,2.5810426540284315,26.58179653510148,89.33975118483428
313,215.22565165876736,4.817180094786738,0.8534952606635071,2.5810426540284315,26.58179653510148,89.33975118483428
314,215.22565165876736,4.817180094786738,0.8534952606635071,2.5810426540284315,26.58179653510148,89.33975118483428
315,215.22565165876736,4.817180094786738,0.8534952606635071,2.5810426540284315,26.58179653510148,89.33975118483428
316,215.22565165876736,4.817180094786738,0.8534952606635071,2.5810426540284315,26.58179653510148,89.33975118483428
317,215.22565165876736,4.817180094786738,0.8534952606635071,2.5810426540284315,26.58179653510148,89.33975118483428
318,215.22565165876736,4.817180094786738,0.8534952606635071,2.5810426540284315,26.58179653510148,89.33975118483428
319,215.22565165876736,4.817180094786738,0.8534952606635071,2.5810426540284315,26.58179653510148,89.33975118483428
320,215.22565165876736,4.817180094786738,0.8534952606635071,2.5810426540284315,26.58179653510148,89.33975118483428
321,215.22565165876736,4.817180094786738,0.8534952606635071,2.5810426540284315,26.58179653510148,89.33975118483428
322,215.22565165876736,4.817180094786738,0.8534952606635071,2.5810426540284315,26.58179653510148,89.33975118483428
323,215.22565165876736,4.817180094786738,0.8534952606635071,2.5810426540284315,26.58179653510148,89.33975118483428
324,215.22565165876736,4.817180094786738,0.8534952606635071,2.5810426540284315,26.58179653510148,89.33975118483428
325,215.22565165876736,4.817180094786738,0.8534952606635071,2.5810426540284315,26.58179653510148,89.33975118483428
326,215.22565165876736,4.817180094786738,0.8534952606635071,2.5810426540284315,26.58179653510148,89.33975118483428
327,215.22565165876736,4.817180094786738,0.8534952606635071,2.5810426540284315,26.58179653510148,89.33975118483428
328,215.22565165876736,4.817180094786738,0.8534952606635071,2.5810426540284315,26.58179653510148,89.33975118483428
329,215.22565165876736,4.817180094786738,0.8534952606635071,2.5810426540284315,26.58179653510148,89.33975118483428
330,215.22565165876736,4.817180094786738,0.8534952606635071,2.5810426540284315,26.58179653510148,89.33975118483428
331,215.22565165876736,4.817180094786738,0.8534952606635071,2.5810426540284315,26.58179653510148,89.33975118483428
332,215.22565165876736,4.817180094786738,0.8534952606635071,2.5810426540284315,26.58179653510148,89.33975118483428
333,215.22565165876736,4.817180094786738,0.8534952606635071,2.5810426540284315,26.58179653510148,89.33975118483428
334,215.22565165876736,4.817180094786738,0.8534952606635071,2.5810426540284315,26.58179653510148,89.33975118483428
335,215.22565165876736,4.817180094786738,0.8534952606635071,2.5810426540284315,26.58179653510148,89.33975118483428
336,215.22565165876736,4.817180094786738,0.8534952606635071,2.5810426540284315,26.58179653510148,89.33975118483428
337,215.22565165876736,4.817180094786738,0.8534952606635071,2.5810426540284315,26.58179653510148,89.33975118483428
338,215.22565165876736,4.817180094786738,0.8534952606635071,2.5810426540284315,26.58179653510148,89.33975118483428
339,215.22565165876736,4.817180094786738,0.8534952606635071,2.5810426540284315,26.58179653510148,89.33975118483428
340,215.22565165876736,4.817180094786738,0.8534952606635071,2.5810426540284315,26.58179653510148,89.33975118483428
341,215.22565165876736,4.817180094786738,0.8534952606635071,2.5810426540284315,26.58179653510148,89.33975118483428
342,215.22565165876736,4.817180094786738,0.8534952606635071,2.5810426540284315,26.58179653510148,89.33975118483428
343,215.22565165876736,4.817180094786738,0.8534952606635071,2.5810426540284315,26.58179653510148,89.33975118483428
344,215.22565165876736,4.817180094786738,0.8534952606635071,2.5810426540284315,26.58179653510148,89.33975118483428
345,215.22565165876736,4.817180094786738,0.8534952606635071,2.5810426540284315,26.58179653510148,89.33975118483428
346,215.22565165876736,4.817180094786738,0.8534952606635071,2.5810426540284315,26.58179653510148,89.33975118483428
347,215.22565165876736,4.817180094786738,0.8534952606635071,2.5810426540284315,26.58179653510148,89.33975118483428
348,215.22565165876736,4.817180094786738,0.8534952606635071,2.5810426540284315,26.58179653510148,89.33975118483428
349,215.22565165876736,4.817180094786738,0.8534952606635071,2.5810426540284315,26.58179653510148,89.33975118483428
350,215.22565165876736,4.817180094786738,0.8534952606635071,2.5810426540284315,26.58179653510148,89.33975118483428
351,215.22565165876736,4.817180094786738,0.8534952606635071,2.5810426540284315,26.58179653510148,89.33975118483428
352,215.22565165876736,4.817180094786738,0.8534952606635071,2.5810426540284315,26.58179653510148,89.33975118483428
353,215.22565165876736,4.817180094786738,0.8534952606635071,2.5810426540284315,26.58179653510148,89.33975118483428
354,215.22565165876736,4.817180094786738,0.8534952606635071,2.5810426540284315,26.58179653510148,89.33975118483428
355,215.22565165876736,4.817180094786738,0.8534952606635071,2.5810426540284315,26.58179653510148,89.33975118483428
356,215.22565165876736,4.817180094786738,0.8534952606635071,2.5810426540284315,26.58179653510148,89.33975118483428
357,215.22565165876736,4.817180094786738,0.8534952606635071,2.5810426540284315,26.58179653510148,89.33975118483428
358,215.22565165876736,4.817180094786738,0.8534952606635071,2.5810426540284315,26.58179653510148,89.33975118483428
359,215.22565165876736,4.817180094786738,0.8534952606635071,2.5810426540284315,26.58179653510148,89.33975118483428
360,215.22565165876736,4.817180094786738,0.8534952606635071,2.5810426540284315,26.58179653510148,89.33975118483428
361,215.22565165876736,4.817180094786738,0.8534952606635071,2.5810426540284315,26.58179653510148,89.33975118483428
362,215.22565165876736,4.817180094786738,0.8534952606635071,2.5810426540284315,26.58179653510148,89.33975118483428
363,215.22565165876736,4.817180094786738,0.8534952606635071,2.5810426540284315,26.58179653510148,89.33975118483428
364,215.22565165876736,4.817180094786738,0.8534952606635071,2.5810426540284315,26.58179653510148,89.33975118483428
365,215.22565165876736,4.817180094786738,0.8534952606635071,2.5810426540284315,26.58179653510148,89.33975118483428
366,215.22565165876736,4.817180094786738,0.8534952606635071,2.5810426540284315,26.58179653510148,89.33975118483428
367,215.22565165876736,4.817180094786738,0.8534952606635071,2.5810426540284315,26.58179653510148,89.33975118483428
368,215.22565165876736,4.817180094786738,0.8534952606635071,2.5810426540284315,26.58179653510148,89.33975118483428
369,215.22565165876736,4.817180094786738,0.8534952606635071,2.5810426540284315,26.58179653510148,89.33975118483428
370,215.22565165876736,4.817180094786738,0.8534952606635071,2.5810426540284315,26.58179653510148,89.33975118483428
371,215.22565165876736,4.817180094786738,0.8534952606635071,2.5810426540284315,26.58179653510148,89.33975118483428
372,215.22565165876736,4.817180094786738,0.8534952606635071,2.5810426540284315,26.58179653510148,89.33975118483428
373,215.22565165876736,4.817180094786738,0.8534952606635071,2.5810426540284315,26.58179653510148,89.33975118483428
374,215.22565165876736,4.817180094786738,0.8534952606635071,2.5810426540284315,26.58179653510148,89.33975118483428
375,215.22565165876736,4.817180094786738,0.8534952606635071,2.5810426540284315,26.58179653510148,89.33975118483428
376,215.22565165876736,4.817180094786738,0.8534952606635071,2.5810426540284315,26.58179653510148,89.33975118483428
377,215.22565165876736,4.817180094786738,0.8534952606635071,2.5810426540284315,26.58179653510148,89.33975118483428
378,215.22565165876736,4.817180094786738,0.8534952606635071,2.5810426540284315,26.58179653510148,89.33975118483428
379,215.22565165876736,4.817180094786738,0.8534952606635071,2.5810426540284315,26.58179653510148,89.33975118483428
380,215.22565165876736,4.817180094786738,0.8534952606635071,2.5810426540284315,26.58179653510148,89.33975118483428
381,215.22565165876736,4.817180094786738,0.8534952606635071,2.5810426540284315,26.58179653510148,89.33975118483428
382,215.22565165876736,4.817180094786738,0.8534952606635071,2.5810426540284315,26.58179653510148,89.33975118483428
383,215.22565165876736,4.817180094786738,0.8534952606635071,2.5810426540284315,26.58179653510148,89.33975118483428
384,215.22565165876736,4.817180094786738,0.8534952606635071,2.5810426540284315,26.58179653510148,89.33975118483428
385,215.22565165876736,4.817180094786738,0.8534952606635071,2.5810426540284315,26.58179653510148,89.33975118483428
386,215.22565165876736,4.817180094786738,0.8534952606635071,2.5810426540284315,26.58179653510148,89.33975118483428
387,215.22565165876736,4.817180094786738,0.8534952606635071,2.5810426540284315,26.58179653510148,89.33975118483428
388,215.22565165876736,4.817180094786738,0.8534952606635071,2.5810426540284315,26.58179653510148,89.33975118483428
389,215.22565165876736,4.817180094786738,0.8534952606635071,2.5810426540284315,26.58179653510148,89.33975118483428
390,215.22565165876736,4.817180094786738,0.8534952606635071,2.5810426540284315,26.58179653510148,89.33975118483428
391,215.22565165876736,4.817180094786738,0.8534952606635071,2.5810426540284315,26.58179653510148,89.33975118483428
392,215.22565165876736,4.817180094786738,0.8534952606635071,2.5810426540284315,26.58179653510148,89.33975118483428
393,215.22565165876736,4.817180094786738,0.8534952606635071,2.5810426540284315,26.58179653510148,89.33975118483428
394,215.22565165876736,4.817180094786738,0.8534952606635071,2.5810426540284315,26.58179653510148,89.33975118483428
395,215.22565165876736,4.817180094786738,0.8534952606635071,2.5810426540284315,26.58179653510148,89.33975118483428
396,215.22565165876736,4.817180094786738,0.8534952606635071,2.5810426540284315,26.58179653510148,89.33975118483428
397,215.22565165876736,4.817180094786738,0.8534952606635071,2.5810426540284315,26.58179653510148,89.33975118483428
398,215.22565165876736,4.817180094786738,0.8534952606635071,2.5810426540284315,26.58179653510148,89.33975118483428
399,215.22565165876736,4.817180094786738,0.8534952606635071,2.5810426540284315,26.58179653510148,89.33975118483428
400,215.22565165876736,4.817180094786738,0.8534952606635071,2.5810426540284315,26.58179653510148,89.33975118483428
401,215.22565165876736,4.817180094786738,0.8534952606635071,2.5810426540284315,26.58179653510148,89.33975118483428
402,215.22565165876736,4.817180094786738,0.8534952606635071,2.5810426540284315,26.58179653510148,89.33975118483428
403,215.22565165876736,4.817180094786738,0.8534952606635071,2.5810426540284315,26.58179653510148,89.33975118483428
404,215.22565165876736,4.817180094786738,0.8534952606635071,2.5810426540284315,26.58179653510148,89.33975118483428
405,215.22565165876736,4.817180094786738,0.8534952606635071,2.5810426540284315,26.58179653510148,89.33975118483428
406,215.22565165876736,4.817180094786738,0.8534952606635071,2.5810426540284315,26.58179653510148,89.33975118483428
407,215.22565165876736,4.817180094786738,0.8534952606635071,2.5810426540284315,26.58179653510148,89.33975118483428
408,215.22565165876736,4.817180094786738,0.8534952606635071,2.5810426540284315,26.58179653510148,89.33975118483428
409,215.22565165876736,4.817180094786738,0.8534952606635071,2.5810426540284315,26.58179653510148,89.33975118483428
410,215.22565165876736,4.817180094786738,0.8534952606635071,2.5810426540284315,26.58179653510148,89.33975118483428
411,215.22565165876736,4.817180094786738,0.8534952606635071,2.5810426540284315,26.58179653510148,89.33975118483428
412,215.22565165876736,4.817180094786738,0.8534952606635071,2.5810426540284315,26.58179653510148,89.33975118483428
413,215.22565165876736,4.817180094786738,0.8534952606635071,2.5810426540284315,26.58179653510148,89.33975118483428
414,215.22565165876736,4.817180094786738,0.8534952606635071,2.5810426540284315,26.58179653510148,89.33975118483428
415,215.22565165876736,4.817180094786738,0.8534952606635071,2.5810426540284315,26.58179653510148,89.33975118483428
416,215.22565165876736,4.817180094786738,0.8534952606635071,2.5810426540284315,26.58179653510148,89.33975118483428
417,215.22565165876736,4.817180094786738,0.8534952606635071,2.5810426540284315,26.58179653510148,89.33975118483428
418,215.22565165876736,4.817180094786738,0.8534952606635071,2.5810426540284315,26.58179653510148,89.33975118483428
419,215.22565165876736,4.817180094786738,0.8534952606635071,2.5810426540284315,26.58179653510148,89.33975118483428
420,215.22565165876736,4.817180094786738,0.8534952606635071,2.5810426540284315,26.58179653510148,89.33975118483428
421,215.22565165876736,4.817180094786738,0.8534952606635071,2.5810426540284315,26.58179653510148,89.33975118483428
422,215.22565165876736,4.817180094786738,0.8534952606635071,2.5810426540284315,26.58179653510148,89.33975118483428
423,215.22565165876736,4.817180094786738,0.8534952606635071,2.5810426540284315,26.58179653510148,89.33975118483428
424,215.22565165876736,4.817180094786738,0.8534952606635071,2.5810426540284315,26.58179653510148,89.33975118483428
425,215.22565165876736,4.817180094786738,0.8534952606635071,2.5810426540284315,26.58179653510148,89.33975118483428
426,215.22565165876736,4.817180094786738,0.8534952606635071,2.5810426540284315,26.58179653510148,89.33975118483428
427,215.22565165876736,4.817180094786738,0.8534952606635071,2.5810426540284315,26.58179653510148,89.33975118483428
428,215.22565165876736,4.817180094786738,0.8534952606635071,2.5810426540284315,26.58179653510148,89.33975118483428
429,215.22565165876736,4.817180094786738,0.8534952606635071,2.5810426540284315,26.58179653510148,89.33975118483428
430,215.22565165876736,4.817180094786738,0.8534952606635071,2.5810426540284315,26.58179653510148,89.33975118483428
431,215.22565165876736,4.817180094786738,0.8534952606635071,2.5810426540284315,26.58179653510148,89.33975118483428
432,215.22565165876736,4.817180094786738,0.8534952606635071,2.5810426540284315,26.58179653510148,89.33975118483428
433,215.22565165876736,4.817180094786738,0.8534952606635071,2.5810426540284315,26.58179653510148,89.33975118483428
434,215.22565165876736,4.817180094786738,0.8534952606635071,2.5810426540284315,26.58179653510148,89.33975118483428
435,215.22565165876736,4.817180094786738,0.8534952606635071,2.5810426540284315,26.58179653510148,89.33975118483428
436,215.22565165876736,4.817180094786738,0.8534952606635071,2.5810426540284315,26.58179653510148,89.33975118483428
437,215.22565165876736,4.817180094786738,0.8534952606635071,2.5810426540284315,26.58179653510148,89.33975118483428
438,215.22565165876736,4.817180094786738,0.8534952606635071,2.5810426540284315,26.58179653510148,89.33975118483428
439,215.22565165876736,4.817180094786738,0.8534952606635071,2.5810426540284315,26.58179653510148,89.33975118483428
440,215.22565165876736,4.817180094786738,0.8534952606635071,2.5810426540284315,26.58179653510148,89.33975118483428
441,215.22565165876736,4.817180094786738,0.8534952606635071,2.5810426540284315,26.58179653510148,89.33975118483428
442,215.22565165876736,4.817180094786738,0.8534952606635071,2.5810426540284315,26.58179653510148,89.33975118483428
443,215.22565165876736,4.817180094786738,0.8534952606635071,2.5810426540284315,26.58179653510148,89.33975118483428
444,215.22565165876736,4.817180094786738,0.8534952606635071,2.5810426540284315,26.58179653510148,89.33975118483428
445,215.22565165876736,4.817180094786738,0.8534952606635071,2.5810426540284315,26.58179653510148,89.33975118483428
446,215.22565165876736,4.817180094786738,0.8534952606635071,2.5810426540284315,26.58179653510148,89.33975118483428
447,215.22565165876736,4.817180094786738,0.8534952606635071,2.5810426540284315,26.58179653510148,89.33975118483428
448,215.22565165876736,4.817180094786738,0.8534952606635071,2.5810426540284315,26.58179653510148,89.33975118483428
449,215.22565165876736,4.817180094786738,0.8534952606635071,2.5810426540284315,26.58179653510148,89.33975118483428
450,215.22565165876736,4.817180094786738,0.8534952606635071,2.5810426540284315,26.58179653510148,89.33975118483428
451,215.22565165876736,4.817180094786738,0.8534952606635071,2.5810426540284315,26.58179653510148,89.33975118483428
452,215.22565165876736,4.817180094786738,0.8534952606635071,2.5810426540284315,26.58179653510148,89.33975118483428
453,215.22565165876736,4.817180094786738,0.8534952606635071,2.5810426540284315,26.58179653510148,89.33975118483428
454,215.22565165876736,4.817180094786738,0.8534952606635071,2.5810426540284315,26.58179653510148,89.33975118483428
455,215.22565165876736,4.817180094786738,0.8534952606635071,2.5810426540284315,26.58179653510148,89.33975118483428
456,215.22565165876736,4.817180094786738,0.8534952606635071,2.5810426540284315,26.58179653510148,89.33975118483428
457,215.22565165876736,4.817180094786738,0.8534952606635071,2.5810426540284315,26.58179653510148,89.33975118483428
458,215.22565165876736,4.817180094786738,0.8534952606635071,2.5810426540284315,26.58179653510148,89.33975118483428
459,215.22565165876736,4.817180094786738,0.8534952606635071,2.5810426540284315,26.58179653510148,89.33975118483428
460,215.22565165876736,4.817180094786738,0.8534952606635071,2.5810426540284315,26.58179653510148,89.33975118483428
461,215.22565165876736,4.817180094786738,0.8534952606635071,2.5810426540284315,26.58179653510148,89.33975118483428
462,215.22565165876736,4.817180094786738,0.8534952606635071,2.5810426540284315,26.58179653510148,89.33975118483428
463,215.22565165876736,4.817180094786738,0.8534952606635071,2.5810426540284315,26.58179653510148,89.33975118483428
464,215.22565165876736,4.817180094786738,0.8534952606635071,2.5810426540284315,26.58179653510148,89.33975118483428
465,215.22565165876736,4.817180094786738,0.8534952606635071,2.5810426540284315,26.58179653510148,89.33975118483428
466,215.22565165876736,4.817180094786738,0.8534952606635071,2.5810426540284315,26.58179653510148,89.33975118483428
467,215.22565165876736,4.817180094786738,0.8534952606635071,2.5810426540284315,26.58179653510148,89.33975118483428
468,215.22565165876736,4.817180094786738,0.8534952606635071,2.5810426540284315,26.58179653510148,89.33975118483428
469,215.22565165876736,4.817180094786738,0.8534952606635071,2.5810426540284315,26.58179653510148,89.33975118483428
470,215.22565165876736,4.817180094786738,0.8534952606635071,2.5810426540284315,26.58179653510148,89.33975118483428
471,215.22565165876736,4.817180094786738,0.8534952606635071,2.5810426540284315,26.58179653510148,89.33975118483428
472,215.22565165876736,4.817180094786738,0.8534952606635071,2.5810426540284315,26.58179653510148,89.33975118483428
473,215.22565165876736,4.817180094786738,0.8534952606635071,2.5810426540284315,26.58179653510148,89.33975118483428
474,215.22565165876736,4.817180094786738,0.8534952606635071,2.5810426540284315,26.58179653510148,89.33975118483428
475,215.22565165876736,4.817180094786738,0.8534952606635071,2.5810426540284315,26.58179653510148,89.33975118483428
476,215.22565165876736,4.817180094786738,0.8534952606635071,2.5810426540284315,26.58179653510148,89.33975118483428
477,215.22565165876736,4.817180094786738,0.8534952606635071,2.5810426540284315,26.58179653510148,89.33975118483428
478,215.22565165876736,4.817180094786738,0.8534952606635071,2.5810426540284315,26.58179653510148,89.33975118483428
479,215.22565165876736,4.817180094786738,0.8534952606635071,2.5810426540284315,26.58179653510148,89.33975118483428
480,215.22565165876736,4.817180094786738,0.8534952606635071,2.5810426540284315,26.58179653510148,89.33975118483428
481,215.22565165876736,4.817180094786738,0.8534952606635071,2.5810426540284315,26.58179653510148,89.33975118483428
482,215.22565165876736,4.817180094786738,0.8534952606635071,2.5810426540284315,26.58179653510148,89.33975118483428
483,215.22565165876736,4.817180094786738,0.8534952606635071,2.5810426540284315,26.58179653510148,89.33975118483428
484,215.22565165876736,4.817180094786738,0.8534952606635071,2.5810426540284315,26.58179653510148,89.33975118483428
485,215.22565165876736,4.817180094786738,0.8534952606635071,2.5810426540284315,26.58179653510148,89.33975118483428
486,215.22565165876736,4.817180094786738,0.8534952606635071,2.5810426540284315,26.58179653510148,89.33975118483428
487,215.22565165876736,4.817180094786738,0.8534952606635071,2.5810426540284315,26.58179653510148,89.33975118483428
488,215.22565165876736,4.817180094786738,0.8534952606635071,2.5810426540284315,26.58179653510148,89.33975118483428
489,215.22565165876736,4.817180094786738,0.8534952606635071,2.5810426540284315,26.58179653510148,89.33975118483428
490,215.22565165876736,4.817180094786738,0.8534952606635071,2.5810426540284315,26.58179653510148,89.33975118483428
491,215.22565165876736,4.817180094786738,0.8534952606635071,2.5810426540284315,26.58179653510148,89.33975118483428
492,215.22565165876736,4.817180094786738,0.8534952606635071,2.5810426540284315,26.58179653510148,89.33975118483428
493,215.22565165876736,4.817180094786738,0.8534952606635071,2.5810426540284315,26.58179653510148,89.33975118483428
494,215.22565165876736,4.817180094786738,0.8534952606635071,2.5810426540284315,26.58179653510148,89.33975118483428
495,215.22565165876736,4.817180094786738,0.8534952606635071,2.5810426540284315,26.58179653510148,89.33975118483428
496,215.22565165876736,4.817180094786738,0.8534952606635071,2.5810426540284315,26.58179653510148,89.33975118483428
497,215.22565165876736,4.817180094786738,0.8534952606635071,2.5810426540284315,26.58179653510148,89.33975118483428
498,215.22565165876736,4.817180094786738,0.8534952606635071,2.5810426540284315,26.58179653510148,89.33975118483428
499,215.22565165876736,4.817180094786738,0.8534952606635071,2.5810426540284315,26.58179653510148,89.33975118483428
500,215.22565165876736,4.817180094786738,0.8534952606635071,2.5810426540284315,26.58179653510148,89.33975118483428
501,215.22565165876736,4.817180094786738,0.8534952606635071,2.5810426540284315,26.58179653510148,89.33975118483428
502,215.22565165876736,4.817180094786738,0.8534952606635071,2.5810426540284315,26.58179653510148,89.33975118483428
503,215.22565165876736,4.817180094786738,0.8534952606635071,2.5810426540284315,26.58179653510148,89.33975118483428
504,215.22565165876736,4.817180094786738,0.8534952606635071,2.5810426540284315,26.58179653510148,89.33975118483428
505,215.22565165876736,4.817180094786738,0.8534952606635071,2.5810426540284315,26.58179653510148,89.33975118483428
506,215.22565165876736,4.817180094786738,0.8534952606635071,2.5810426540284315,26.58179653510148,89.33975118483428
507,215.22565165876736,4.817180094786738,0.8534952606635071,2.5810426540284315,26.58179653510148,89.33975118483428
508,215.22565165876736,4.817180094786738,0.8534952606635071,2.5810426540284315,26.58179653510148,89.33975118483428
509,215.22565165876736,4.817180094786738,0.8534952606635071,2.5810426540284315,26.58179653510148,89.33975118483428
510,215.22565165876736,4.817180094786738,0.8534952606635071,2.5810426540284315,26.58179653510148,89.33975118483428
511,215.22565165876736,4.817180094786738,0.8534952606635071,2.5810426540284315,26.58179653510148,89.33975118483428
512,215.22565165876736,4.817180094786738,0.8534952606635071,2.5810426540284315,26.58179653510148,89.33975118483428
513,215.22565165876736,4.817180094786738,0.8534952606635071,2.5810426540284315,26.58179653510148,89.33975118483428
514,215.22565165876736,4.817180094786738,0.8534952606635071,2.5810426540284315,26.58179653510148,89.33975118483428
515,215.22565165876736,4.817180094786738,0.8534952606635071,2.5810426540284315,26.58179653510148,89.33975118483428
516,215.22565165876736,4.817180094786738,0.8534952606635071,2.5810426540284315,26.58179653510148,89.33975118483428
517,215.22565165876736,4.817180094786738,0.8534952606635071,2.5810426540284315,26.58179653510148,89.33975118483428
518,215.22565165876736,4.817180094786738,0.8534952606635071,2.5810426540284315,26.58179653510148,89.33975118483428
519,215.22565165876736,4.817180094786738,0.8534952606635071,2.5810426540284315,26.58179653510148,89.33975118483428
520,215.22565165876736,4.817180094786738,0.8534952606635071,2.5810426540284315,26.58179653510148,89.33975118483428
521,215.22565165876736,4.817180094786738,0.8534952606635071,2.5810426540284315,26.58179653510148,89.33975118483428
522,215.22565165876736,4.817180094786738,0.8534952606635071,2.5810426540284315,26.58179653510148,89.33975118483428
523,215.22565165876736,4.817180094786738,0.8534952606635071,2.5810426540284315,26.58179653510148,89.33975118483428
524,215.22565165876736,4.817180094786738,0.8534952606635071,2.5810426540284315,26.58179653510148,89.33975118483428
525,215.22565165876736,4.817180094786738,0.8534952606635071,2.5810426540284315,26.58179653510148,89.33975118483428
526,215.22565165876736,4.817180094786738,0.8534952606635071,2.5810426540284315,26.58179653510148,89.33975118483428
527,215.22565165876736,4.817180094786738,0.8534952606635071,2.5810426540284315,26.58179653510148,89.33975118483428
528,215.22565165876736,4.817180094786738,0.8534952606635071,2.5810426540284315,26.58179653510148,89.33975118483428
529,215.22565165876736,4.817180094786738,0.8534952606635071,2.5810426540284315,26.58179653510148,89.33975118483428
530,215.22565165876736,4.817180094786738,0.8534952606635071,2.5810426540284315,26.58179653510148,89.33975118483428
531,215.22565165876736,4.817180094786738,0.8534952606635071,2.5810426540284315,26.58179653510148,89.33975118483428
532,215.22565165876736,4.817180094786738,0.8534952606635071,2.5810426540284315,26.58179653510148,89.33975118483428
533,215.22565165876736,4.817180094786738,0.8534952606635071,2.5810426540284315,26.58179653510148,89.33975118483428
534,215.22565165876736,4.817180094786738,0.8534952606635071,2.5810426540284315,26.58179653510148,89.33975118483428
535,215.22565165876736,4.817180094786738,0.8534952606635071,2.5810426540284315,26.58179653510148,89.33975118483428
536,215.22565165876736,4.817180094786738,0.8534952606635071,2.5810426540284315,26.58179653510148,89.33975118483428
537,215.22565165876736,4.817180094786738,0.8534952606635071,2.5810426540284315,26.58179653510148,89.33975118483428
538,215.22565165876736,4.817180094786738,0.8534952606635071,2.5810426540284315,26.58179653510148,89.33975118483428
539,215.22565165876736,4.817180094786738,0.8534952606635071,2.5810426540284315,26.58179653510148,89.33975118483428
540,215.22565165876736,4.817180094786738,0.8534952606635071,2.5810426540284315,26.58179653510148,89.33975118483428
541,215.22565165876736,4.817180094786738,0.8534952606635071,2.5810426540284315,26.58179653510148,89.33975118483428
542,215.22565165876736,4.817180094786738,0.8534952606635071,2.5810426540284315,26.58179653510148,89.33975118483428
543,215.22565165876736,4.817180094786738,0.8534952606635071,2.5810426540284315,26.58179653510148,89.33975118483428
544,215.22565165876736,4.817180094786738,0.8534952606635071,2.5810426540284315,26.58179653510148,89.33975118483428
545,215.22565165876736,4.817180094786738,0.8534952606635071,2.5810426540284315,26.58179653510148,89.33975118483428
546,215.22565165876736,4.817180094786738,0.8534952606635071,2.5810426540284315,26.58179653510148,89.33975118483428
547,215.22565165876736,4.817180094786738,0.8534952606635071,2.5810426540284315,26.58179653510148,89.33975118483428
548,215.22565165876736,4.817180094786738,0.8534952606635071,2.5810426540284315,26.58179653510148,89.33975118483428
549,215.22565165876736,4.817180094786738,0.8534952606635071,2.5810426540284315,26.58179653510148,89.33975118483428
550,215.22565165876736,4.817180094786738,0.8534952606635071,2.5810426540284315,26.58179653510148,89.33975118483428
551,215.22565165876736,4.817180094786738,0.8534952606635071,2.5810426540284315,26.58179653510148,89.33975118483428
552,215.22565165876736,4.817180094786738,0.8534952606635071,2.5810426540284315,26.58179653510148,89.33975118483428
553,215.22565165876736,4.817180094786738,0.8534952606635071,2.5810426540284315,26.58179653510148,89.33975118483428
554,215.22565165876736,4.817180094786738,0.8534952606635071,2.5810426540284315,26.58179653510148,89.33975118483428
555,215.22565165876736,4.817180094786738,0.8534952606635071,2.5810426540284315,26.58179653510148,89.33975118483428
556,215.22565165876736,4.817180094786738,0.8534952606635071,2.5810426540284315,26.58179653510148,89.33975118483428
557,215.22565165876736,4.817180094786738,0.8534952606635071,2.5810426540284315,26.58179653510148,89.33975118483428
558,215.22565165876736,4.817180094786738,0.8534952606635071,2.5810426540284315,26.58179653510148,89.33975118483428
559,215.22565165876736,4.817180094786738,0.8534952606635071,2.5810426540284315,26.58179653510148,89.33975118483428
560,215.22565165876736,4.817180094786738,0.8534952606635071,2.5810426540284315,26.58179653510148,89.33975118483428
561,215.22565165876736,4.817180094786738,0.8534952606635071,2.5810426540284315,26.58179653510148,89.33975118483428
562,215.22565165876736,4.817180094786738,0.8534952606635071,2.5810426540284315,26.58179653510148,89.33975118483428
563,215.22565165876736,4.817180094786738,0.8534952606635071,2.5810426540284315,26.58179653510148,89.33975118483428
564,215.22565165876736,4.817180094786738,0.8534952606635071,2.5810426540284315,26.58179653510148,89.33975118483428
565,215.22565165876736,4.817180094786738,0.8534952606635071,2.5810426540284315,26.58179653510148,89.33975118483428
566,215.22565165876736,4.817180094786738,0.8534952606635071,2.5810426540284315,26.58179653510148,89.33975118483428
567,215.22565165876736,4.817180094786738,0.8534952606635071,2.5810426540284315,26.58179653510148,89.33975118483428
568,215.22565165876736,4.817180094786738,0.8534952606635071,2.5810426540284315,26.58179653510148,89.33975118483428
569,215.22565165876736,4.817180094786738,0.8534952606635071,2.5810426540284315,26.58179653510148,89.33975118483428
570,215.22565165876736,4.817180094786738,0.8534952606635071,2.5810426540284315,26.58179653510148,89.33975118483428
571,215.22565165876736,4.817180094786738,0.8534952606635071,2.5810426540284315,26.58179653510148,89.33975118483428
572,215.22565165876736,4.817180094786738,0.8534952606635071,2.5810426540284315,26.58179653510148,89.33975118483428
573,215.22565165876736,4.817180094786738,0.8534952606635071,2.5810426540284315,26.58179653510148,89.33975118483428
574,215.22565165876736,4.817180094786738,0.8534952606635071,2.5810426540284315,26.58179653510148,89.33975118483428
575,215.22565165876736,4.817180094786738,0.8534952606635071,2.5810426540284315,26.58179653510148,89.33975118483428
576,215.22565165876736,4.817180094786738,0.8534952606635071,2.5810426540284315,26.58179653510148,89.33975118483428
577,215.22565165876736,4.817180094786738,0.8534952606635071,2.5810426540284315,26.58179653510148,89.33975118483428
578,215.22565165876736,4.817180094786738,0.8534952606635071,2.5810426540284315,26.58179653510148,89.33975118483428
579,215.22565165876736,4.817180094786738,0.8534952606635071,2.5810426540284315,26.58179653510148,89.33975118483428
580,215.22565165876736,4.817180094786738,0.8534952606635071,2.5810426540284315,26.58179653510148,89.33975118483428
581,215.22565165876736,4.817180094786738,0.8534952606635071,2.5810426540284315,26.58179653510148,89.33975118483428
582,215.22565165876736,4.817180094786738,0.8534952606635071,2.5810426540284315,26.58179653510148,89.33975118483428
583,215.22565165876736,4.817180094786738,0.8534952606635071,2.5810426540284315,26.58179653510148,89.33975118483428
584,215.22565165876736,4.817180094786738,0.8534952606635071,2.5810426540284315,26.58179653510148,89.33975118483428
585,215.22565165876736,4.817180094786738,0.8534952606635071,2.5810426540284315,26.58179653510148,89.33975118483428
586,215.22565165876736,4.817180094786738,0.8534952606635071,2.5810426540284315,26.58179653510148,89.33975118483428
587,215.22565165876736,4.817180094786738,0.8534952606635071,2.5810426540284315,26.58179653510148,89.33975118483428
588,215.22565165876736,4.817180094786738,0.8534952606635071,2.5810426540284315,26.58179653510148,89.33975118483428
589,215.22565165876736,4.817180094786738,0.8534952606635071,2.5810426540284315,26.58179653510148,89.33975118483428
590,215.22565165876736,4.817180094786738,0.8534952606635071,2.5810426540284315,26.58179653510148,89.33975118483428
591,215.22565165876736,4.817180094786738,0.8534952606635071,2.5810426540284315,26.58179653510148,89.33975118483428
592,215.22565165876736,4.817180094786738,0.8534952606635071,2.5810426540284315,26.58179653510148,89.33975118483428
593,215.22565165876736,4.817180094786738,0.8534952606635071,2.5810426540284315,26.58179653510148,89.33975118483428
594,215.22565165876736,4.817180094786738,0.8534952606635071,2.5810426540284315,26.58179653510148,89.33975118483428
595,215.22565165876736,4.817180094786738,0.8534952606635071,2.5810426540284315,26.58179653510148,89.33975118483428
596,215.22565165876736,4.817180094786738,0.8534952606635071,2.5810426540284315,26.58179653510148,89.33975118483428
597,215.22565165876736,4.817180094786738,0.8534952606635071,2.5810426540284315,26.58179653510148,89.33975118483428
598,215.22565165876736,4.817180094786738,0.8534952606635071,2.5810426540284315,26.58179653510148,89.33975118483428
599,215.22565165876736,4.817180094786738,0.8534952606635071,2.5810426540284315,26.58179653510148,89.33975118483428
600,215.22565165876736,4.817180094786738,0.8534952606635071,2.5810426540284315,26.58179653510148,89.33975118483428
601,215.22565165876736,4.817180094786738,0.8534952606635071,2.5810426540284315,26.58179653510148,89.33975118483428
602,215.22565165876736,4.817180094786738,0.8534952606635071,2.5810426540284315,26.58179653510148,89.33975118483428
603,215.22565165876736,4.817180094786738,0.8534952606635071,2.5810426540284315,26.58179653510148,89.33975118483428
604,215.22565165876736,4.817180094786738,0.8534952606635071,2.5810426540284315,26.58179653510148,89.33975118483428
605,215.22565165876736,4.817180094786738,0.8534952606635071,2.5810426540284315,26.58179653510148,89.33975118483428
606,215.22565165876736,4.817180094786738,0.8534952606635071,2.5810426540284315,26.58179653510148,89.33975118483428
607,215.22565165876736,4.817180094786738,0.8534952606635071,2.5810426540284315,26.58179653510148,89.33975118483428
608,215.22565165876736,4.817180094786738,0.8534952606635071,2.5810426540284315,26.58179653510148,89.33975118483428
609,215.22565165876736,4.817180094786738,0.8534952606635071,2.5810426540284315,26.58179653510148,89.33975118483428
610,215.22565165876736,4.817180094786738,0.8534952606635071,2.5810426540284315,26.58179653510148,89.33975118483428
611,215.22565165876736,4.817180094786738,0.8534952606635071,2.5810426540284315,26.58179653510148,89.33975118483428
612,215.22565165876736,4.817180094786738,0.8534952606635071,2.5810426540284315,26.58179653510148,89.33975118483428
613,215.22565165876736,4.817180094786738,0.8534952606635071,2.5810426540284315,26.58179653510148,89.33975118483428
614,215.22565165876736,4.817180094786738,0.8534952606635071,2.5810426540284315,26.58179653510148,89.33975118483428
615,215.22565165876736,4.817180094786738,0.8534952606635071,2.5810426540284315,26.58179653510148,89.33975118483428
616,215.22565165876736,4.817180094786738,0.8534952606635071,2.5810426540284315,26.58179653510148,89.33975118483428
617,215.22565165876736,4.817180094786738,0.8534952606635071,2.5810426540284315,26.58179653510148,89.33975118483428
618,215.22565165876736,4.817180094786738,0.8534952606635071,2.5810426540284315,26.58179653510148,89.33975118483428
619,215.22565165876736,4.817180094786738,0.8534952606635071,2.5810426540284315,26.58179653510148,89.33975118483428
620,215.22565165876736,4.817180094786738,0.8534952606635071,2.5810426540284315,26.58179653510148,89.33975118483428
621,215.22565165876736,4.817180094786738,0.8534952606635071,2.5810426540284315,26.58179653510148,89.33975118483428
622,215.22565165876736,4.817180094786738,0.8534952606635071,2.5810426540284315,26.58179653510148,89.33975118483428
623,215.22565165876736,4.817180094786738,0.8534952606635071,2.5810426540284315,26.58179653510148,89.33975118483428
624,215.22565165876736,4.817180094786738,0.8534952606635071,2.5810426540284315,26.58179653510148,89.33975118483428
625,215.22565165876736,4.817180094786738,0.8534952606635071,2.5810426540284315,26.58179653510148,89.33975118483428
626,215.22565165876736,4.817180094786738,0.8534952606635071,2.5810426540284315,26.58179653510148,89.33975118483428
627,215.22565165876736,4.817180094786738,0.8534952606635071,2.5810426540284315,26.58179653510148,89.33975118483428
628,215.22565165876736,4.817180094786738,0.8534952606635071,2.5810426540284315,26.58179653510148,89.33975118483428
629,215.22565165876736,4.817180094786738,0.8534952606635071,2.5810426540284315,26.58179653510148,89.33975118483428
630,215.22565165876736,4.817180094786738,0.8534952606635071,2.5810426540284315,26.58179653510148,89.33975118483428
631,215.22565165876736,4.817180094786738,0.8534952606635071,2.5810426540284315,26.58179653510148,89.33975118483428
632,215.22565165876736,4.817180094786738,0.8534952606635071,2.5810426540284315,26.58179653510148,89.33975118483428
633,215.22565165876736,4.817180094786738,0.8534952606635071,2.5810426540284315,26.58179653510148,89.33975118483428
634,215.22565165876736,4.817180094786738,0.8534952606635071,2.5810426540284315,26.58179653510148,89.33975118483428
635,215.22565165876736,4.817180094786738,0.8534952606635071,2.5810426540284315,26.58179653510148,89.33975118483428
636,215.22565165876736,4.817180094786738,0.8534952606635071,2.5810426540284315,26.58179653510148,89.33975118483428
637,215.22565165876736,4.817180094786738,0.8534952606635071,2.5810426540284315,26.58179653510148,89.33975118483428
638,215.22565165876736,4.817180094786738,0.8534952606635071,2.5810426540284315,26.58179653510148,89.33975118483428
639,215.22565165876736,4.817180094786738,0.8534952606635071,2.5810426540284315,26.58179653510148,89.33975118483428
640,215.22565165876736,4.817180094786738,0.8534952606635071,2.5810426540284315,26.58179653510148,89.33975118483428
641,215.22565165876736,4.817180094786738,0.8534952606635071,2.5810426540284315,26.58179653510148,89.33975118483428
642,215.22565165876736,4.817180094786738,0.8534952606635071,2.5810426540284315,26.58179653510148,89.33975118483428
643,215.22565165876736,4.817180094786738,0.8534952606635071,2.5810426540284315,26.58179653510148,89.33975118483428
644,215.22565165876736,4.817180094786738,0.8534952606635071,2.5810426540284315,26.58179653510148,89.33975118483428
645,215.22565165876736,4.817180094786738,0.8534952606635071,2.5810426540284315,26.58179653510148,89.33975118483428
646,215.22565165876736,4.817180094786738,0.8534952606635071,2.5810426540284315,26.58179653510148,89.33975118483428
647,215.22565165876736,4.817180094786738,0.8534952606635071,2.5810426540284315,26.58179653510148,89.33975118483428
648,215.22565165876736,4.817180094786738,0.8534952606635071,2.5810426540284315,26.58179653510148,89.33975118483428
649,215.22565165876736,4.817180094786738,0.8534952606635071,2.5810426540284315,26.58179653510148,89.33975118483428
650,215.22565165876736,4.817180094786738,0.8534952606635071,2.5810426540284315,26.58179653510148,89.33975118483428
651,215.22565165876736,4.817180094786738,0.8534952606635071,2.5810426540284315,26.58179653510148,89.33975118483428
652,215.22565165876736,4.817180094786738,0.8534952606635071,2.5810426540284315,26.58179653510148,89.33975118483428
653,215.22565165876736,4.817180094786738,0.8534952606635071,2.5810426540284315,26.58179653510148,89.33975118483428
654,215.22565165876736,4.817180094786738,0.8534952606635071,2.5810426540284315,26.58179653510148,89.33975118483428
655,215.22565165876736,4.817180094786738,0.8534952606635071,2.5810426540284315,26.58179653510148,89.33975118483428
656,215.22565165876736,4.817180094786738,0.8534952606635071,2.5810426540284315,26.58179653510148,89.33975118483428
657,215.22565165876736,4.817180094786738,0.8534952606635071,2.5810426540284315,26.58179653510148,89.33975118483428
658,215.22565165876736,4.817180094786738,0.8534952606635071,2.5810426540284315,26.58179653510148,89.33975118483428
659,215.22565165876736,4.817180094786738,0.8534952606635071,2.5810426540284315,26.58179653510148,89.33975118483428
660,215.22565165876736,4.817180094786738,0.8534952606635071,2.5810426540284315,26.58179653510148,89.33975118483428
661,215.22565165876736,4.817180094786738,0.8534952606635071,2.5810426540284315,26.58179653510148,89.33975118483428
662,215.22565165876736,4.817180094786738,0.8534952606635071,2.5810426540284315,26.58179653510148,89.33975118483428
663,215.22565165876736,4.817180094786738,0.8534952606635071,2.5810426540284315,26.58179653510148,89.33975118483428
664,215.22565165876736,4.817180094786738,0.8534952606635071,2.5810426540284315,26.58179653510148,89.33975118483428
665,215.22565165876736,4.817180094786738,0.8534952606635071,2.5810426540284315,26.58179653510148,89.33975118483428
666,215.22565165876736,4.817180094786738,0.8534952606635071,2.5810426540284315,26.58179653510148,89.33975118483428
667,215.22565165876736,4.817180094786738,0.8534952606635071,2.5810426540284315,26.58179653510148,89.33975118483428
668,215.22565165876736,4.817180094786738,0.8534952606635071,2.5810426540284315,26.58179653510148,89.33975118483428
669,215.22565165876736,4.817180094786738,0.8534952606635071,2.5810426540284315,26.58179653510148,89.33975118483428
670,215.22565165876736,4.817180094786738,0.8534952606635071,2.5810426540284315,26.58179653510148,89.33975118483428
671,215.22565165876736,4.817180094786738,0.8534952606635071,2.5810426540284315,26.58179653510148,89.33975118483428
672,215.22565165876736,4.817180094786738,0.8534952606635071,2.5810426540284315,26.58179653510148,89.33975118483428
673,215.22565165876736,4.817180094786738,0.8534952606635071,2.5810426540284315,26.58179653510148,89.33975118483428
674,215.22565165876736,4.817180094786738,0.8534952606635071,2.5810426540284315,26.58179653510148,89.33975118483428
675,215.22565165876736,4.817180094786738,0.8534952606635071,2.5810426540284315,26.58179653510148,89.33975118483428
676,215.22565165876736,4.817180094786738,0.8534952606635071,2.5810426540284315,26.58179653510148,89.33975118483428
677,215.22565165876736,4.817180094786738,0.8534952606635071,2.5810426540284315,26.58179653510148,89.33975118483428
678,215.22565165876736,4.817180094786738,0.8534952606635071,2.5810426540284315,26.58179653510148,89.33975118483428
679,215.22565165876736,4.817180094786738,0.8534952606635071,2.5810426540284315,26.58179653510148,89.33975118483428
680,215.22565165876736,4.817180094786738,0.8534952606635071,2.5810426540284315,26.58179653510148,89.33975118483428
681,215.22565165876736,4.817180094786738,0.8534952606635071,2.5810426540284315,26.58179653510148,89.33975118483428
682,215.22565165876736,4.817180094786738,0.8534952606635071,2.5810426540284315,26.58179653510148,89.33975118483428
683,215.22565165876736,4.817180094786738,0.8534952606635071,2.5810426540284315,26.58179653510148,89.33975118483428
684,215.22565165876736,4.817180094786738,0.8534952606635071,2.5810426540284315,26.58179653510148,89.33975118483428
685,215.22565165876736,4.817180094786738,0.8534952606635071,2.5810426540284315,26.58179653510148,89.33975118483428
686,215.22565165876736,4.817180094786738,0.8534952606635071,2.5810426540284315,26.58179653510148,89.33975118483428
687,215.22565165876736,4.817180094786738,0.8534952606635071,2.5810426540284315,26.58179653510148,89.33975118483428
688,215.22565165876736,4.817180094786738,0.8534952606635071,2.5810426540284315,26.58179653510148,89.33975118483428
689,215.22565165876736,4.817180094786738,0.8534952606635071,2.5810426540284315,26.58179653510148,89.33975118483428
690,215.22565165876736,4.817180094786738,0.8534952606635071,2.5810426540284315,26.58179653510148,89.33975118483428
691,215.22565165876736,4.817180094786738,0.8534952606635071,2.5810426540284315,26.58179653510148,89.33975118483428
692,215.22565165876736,4.817180094786738,0.8534952606635071,2.5810426540284315,26.58179653510148,89.33975118483428
693,215.22565165876736,4.817180094786738,0.8534952606635071,2.5810426540284315,26.58179653510148,89.33975118483428
694,215.22565165876736,4.817180094786738,0.8534952606635071,2.5810426540284315,26.58179653510148,89.33975118483428
695,215.22565165876736,4.817180094786738,0.8534952606635071,2.5810426540284315,26.58179653510148,89.33975118483428
696,215.22565165876736,4.817180094786738,0.8534952606635071,2.5810426540284315,26.58179653510148,89.33975118483428
697,215.22565165876736,4.817180094786738,0.8534952606635071,2.5810426540284315,26.58179653510148,89.33975118483428
698,215.22565165876736,4.817180094786738,0.8534952606635071,2.5810426540284315,26.58179653510148,89.33975118483428
699,215.22565165876736,4.817180094786738,0.8534952606635071,2.5810426540284315,26.58179653510148,89.33975118483428
700,215.22565165876736,4.817180094786738,0.8534952606635071,2.5810426540284315,26.58179653510148,89.33975118483428
701,215.22565165876736,4.817180094786738,0.8534952606635071,2.5810426540284315,26.58179653510148,89.33975118483428
702,215.22565165876736,4.817180094786738,0.8534952606635071,2.5810426540284315,26.58179653510148,89.33975118483428
703,215.22565165876736,4.817180094786738,0.8534952606635071,2.5810426540284315,26.58179653510148,89.33975118483428
704,215.22565165876736,4.817180094786738,0.8534952606635071,2.5810426540284315,26.58179653510148,89.33975118483428
705,215.22565165876736,4.817180094786738,0.8534952606635071,2.5810426540284315,26.58179653510148,89.33975118483428
706,215.22565165876736,4.817180094786738,0.8534952606635071,2.5810426540284315,26.58179653510148,89.33975118483428
707,215.22565165876736,4.817180094786738,0.8534952606635071,2.5810426540284315,26.58179653510148,89.33975118483428
708,215.22565165876736,4.817180094786738,0.8534952606635071,2.5810426540284315,26.58179653510148,89.33975118483428
709,215.22565165876736,4.817180094786738,0.8534952606635071,2.5810426540284315,26.58179653510148,89.33975118483428
710,215.22565165876736,4.817180094786738,0.8534952606635071,2.5810426540284315,26.58179653510148,89.33975118483428
711,215.22565165876736,4.817180094786738,0.8534952606635071,2.5810426540284315,26.58179653510148,89.33975118483428
712,215.22565165876736,4.817180094786738,0.8534952606635071,2.5810426540284315,26.58179653510148,89.33975118483428
713,215.22565165876736,4.817180094786738,0.8534952606635071,2.5810426540284315,26.58179653510148,89.33975118483428
714,215.22565165876736,4.817180094786738,0.8534952606635071,2.5810426540284315,26.58179653510148,89.33975118483428
715,215.22565165876736,4.817180094786738,0.8534952606635071,2.5810426540284315,26.58179653510148,89.33975118483428
716,215.22565165876736,4.817180094786738,0.8534952606635071,2.5810426540284315,26.58179653510148,89.33975118483428
717,215.22565165876736,4.817180094786738,0.8534952606635071,2.5810426540284315,26.58179653510148,89.33975118483428
718,215.22565165876736,4.817180094786738,0.8534952606635071,2.5810426540284315,26.58179653510148,89.33975118483428
719,215.22565165876736,4.817180094786738,0.8534952606635071,2.5810426540284315,26.58179653510148,89.33975118483428
720,215.22565165876736,4.817180094786738,0.8534952606635071,2.5810426540284315,26.58179653510148,89.33975118483428
721,215.22565165876736,4.817180094786738,0.8534952606635071,2.5810426540284315,26.58179653510148,89.33975118483428
722,215.22565165876736,4.817180094786738,0.8534952606635071,2.5810426540284315,26.58179653510148,89.33975118483428
723,215.22565165876736,4.817180094786738,0.8534952606635071,2.5810426540284315,26.58179653510148,89.33975118483428
724,215.22565165876736,4.817180094786738,0.8534952606635071,2.5810426540284315,26.58179653510148,89.33975118483428
725,215.22565165876736,4.817180094786738,0.8534952606635071,2.5810426540284315,26.58179653510148,89.33975118483428
726,215.22565165876736,4.817180094786738,0.8534952606635071,2.5810426540284315,26.58179653510148,89.33975118483428
727,215.22565165876736,4.817180094786738,0.8534952606635071,2.5810426540284315,26.58179653510148,89.33975118483428
728,215.22565165876736,4.817180094786738,0.8534952606635071,2.5810426540284315,26.58179653510148,89.33975118483428
729,215.22565165876736,4.817180094786738,0.8534952606635071,2.5810426540284315,26.58179653510148,89.33975118483428
730,215.22565165876736,4.817180094786738,0.8534952606635071,2.5810426540284315,26.58179653510148,89.33975118483428
731,215.22565165876736,4.817180094786738,0.8534952606635071,2.5810426540284315,26.58179653510148,89.33975118483428
732,215.22565165876736,4.817180094786738,0.8534952606635071,2.5810426540284315,26.58179653510148,89.33975118483428
733,215.22565165876736,4.817180094786738,0.8534952606635071,2.5810426540284315,26.58179653510148,89.33975118483428
734,215.22565165876736,4.817180094786738,0.8534952606635071,2.5810426540284315,26.58179653510148,89.33975118483428
735,215.22565165876736,4.817180094786738,0.8534952606635071,2.5810426540284315,26.58179653510148,89.33975118483428
736,215.22565165876736,4.817180094786738,0.8534952606635071,2.5810426540284315,26.58179653510148,89.33975118483428
737,215.22565165876736,4.817180094786738,0.8534952606635071,2.5810426540284315,26.58179653510148,89.33975118483428
738,215.22565165876736,4.817180094786738,0.8534952606635071,2.5810426540284315,26.58179653510148,89.33975118483428
739,215.22565165876736,4.817180094786738,0.8534952606635071,2.5810426540284315,26.58179653510148,89.33975118483428
740,215.22565165876736,4.817180094786738,0.8534952606635071,2.5810426540284315,26.58179653510148,89.33975118483428
741,215.22565165876736,4.817180094786738,0.8534952606635071,2.5810426540284315,26.58179653510148,89.33975118483428
742,215.22565165876736,4.817180094786738,0.8534952606635071,2.5810426540284315,26.58179653510148,89.33975118483428
743,215.22565165876736,4.817180094786738,0.8534952606635071,2.5810426540284315,26.58179653510148,89.33975118483428
744,215.22565165876736,4.817180094786738,0.8534952606635071,2.5810426540284315,26.58179653510148,89.33975118483428
745,215.22565165876736,4.817180094786738,0.8534952606635071,2.5810426540284315,26.58179653510148,89.33975118483428
746,215.22565165876736,4.817180094786738,0.8534952606635071,2.5810426540284315,26.58179653510148,89.33975118483428
747,215.22565165876736,4.817180094786738,0.8534952606635071,2.5810426540284315,26.58179653510148,89.33975118483428
748,215.22565165876736,4.817180094786738,0.8534952606635071,2.5810426540284315,26.58179653510148,89.33975118483428
749,215.22565165876736,4.817180094786738,0.8534952606635071,2.5810426540284315,26.58179653510148,89.33975118483428
750,215.22565165876736,4.817180094786738,0.8534952606635071,2.5810426540284315,26.58179653510148,89.33975118483428
751,215.22565165876736,4.817180094786738,0.8534952606635071,2.5810426540284315,26.58179653510148,89.33975118483428
752,215.22565165876736,4.817180094786738,0.8534952606635071,2.5810426540284315,26.58179653510148,89.33975118483428
753,215.22565165876736,4.817180094786738,0.8534952606635071,2.5810426540284315,26.58179653510148,89.33975118483428
754,215.22565165876736,4.817180094786738,0.8534952606635071,2.5810426540284315,26.58179653510148,89.33975118483428
755,215.22565165876736,4.817180094786738,0.8534952606635071,2.5810426540284315,26.58179653510148,89.33975118483428
756,215.22565165876736,4.817180094786738,0.8534952606635071,2.5810426540284315,26.58179653510148,89.33975118483428
757,215.22565165876736,4.817180094786738,0.8534952606635071,2.5810426540284315,26.58179653510148,89.33975118483428
758,215.22565165876736,4.817180094786738,0.8534952606635071,2.5810426540284315,26.58179653510148,89.33975118483428
759,215.22565165876736,4.817180094786738,0.8534952606635071,2.5810426540284315,26.58179653510148,89.33975118483428
760,215.22565165876736,4.817180094786738,0.8534952606635071,2.5810426540284315,26.58179653510148,89.33975118483428
761,215.22565165876736,4.817180094786738,0.8534952606635071,2.5810426540284315,26.58179653510148,89.33975118483428
762,215.22565165876736,4.817180094786738,0.8534952606635071,2.5810426540284315,26.58179653510148,89.33975118483428
763,215.22565165876736,4.817180094786738,0.8534952606635071,2.5810426540284315,26.58179653510148,89.33975118483428
764,215.22565165876736,4.817180094786738,0.8534952606635071,2.5810426540284315,26.58179653510148,89.33975118483428
765,215.22565165876736,4.817180094786738,0.8534952606635071,2.5810426540284315,26.58179653510148,89.33975118483428
766,215.22565165876736,4.817180094786738,0.8534952606635071,2.5810426540284315,26.58179653510148,89.33975118483428
767,215.22565165876736,4.817180094786738,0.8534952606635071,2.5810426540284315,26.58179653510148,89.33975118483428
768,215.22565165876736,4.817180094786738,0.8534952606635071,2.5810426540284315,26.58179653510148,89.33975118483428
769,215.22565165876736,4.817180094786738,0.8534952606635071,2.5810426540284315,26.58179653510148,89.33975118483428
770,215.22565165876736,4.817180094786738,0.8534952606635071,2.5810426540284315,26.58179653510148,89.33975118483428
771,215.22565165876736,4.817180094786738,0.8534952606635071,2.5810426540284315,26.58179653510148,89.33975118483428
772,215.22565165876736,4.817180094786738,0.8534952606635071,2.5810426540284315,26.58179653510148,89.33975118483428
773,215.22565165876736,4.817180094786738,0.8534952606635071,2.5810426540284315,26.58179653510148,89.33975118483428
774,215.22565165876736,4.817180094786738,0.8534952606635071,2.5810426540284315,26.58179653510148,89.33975118483428
775,215.22565165876736,4.817180094786738,0.8534952606635071,2.5810426540284315,26.58179653510148,89.33975118483428
776,215.22565165876736,4.817180094786738,0.8534952606635071,2.5810426540284315,26.58179653510148,89.33975118483428
777,215.22565165876736,4.817180094786738,0.8534952606635071,2.5810426540284315,26.58179653510148,89.33975118483428
778,215.22565165876736,4.817180094786738,0.8534952606635071,2.5810426540284315,26.58179653510148,89.33975118483428
779,215.22565165876736,4.817180094786738,0.8534952606635071,2.5810426540284315,26.58179653510148,89.33975118483428
780,215.22565165876736,4.817180094786738,0.8534952606635071,2.5810426540284315,26.58179653510148,89.33975118483428
781,215.22565165876736,4.817180094786738,0.8534952606635071,2.5810426540284315,26.58179653510148,89.33975118483428
782,215.22565165876736,4.817180094786738,0.8534952606635071,2.5810426540284315,26.58179653510148,89.33975118483428
783,215.22565165876736,4.817180094786738,0.8534952606635071,2.5810426540284315,26.58179653510148,89.33975118483428
784,215.22565165876736,4.817180094786738,0.8534952606635071,2.5810426540284315,26.58179653510148,89.33975118483428
785,215.22565165876736,4.817180094786738,0.8534952606635071,2.5810426540284315,26.58179653510148,89.33975118483428
786,215.22565165876736,4.817180094786738,0.8534952606635071,2.5810426540284315,26.58179653510148,89.33975118483428
787,215.22565165876736,4.817180094786738,0.8534952606635071,2.5810426540284315,26.58179653510148,89.33975118483428
788,215.22565165876736,4.817180094786738,0.8534952606635071,2.5810426540284315,26.58179653510148,89.33975118483428
789,215.22565165876736,4.817180094786738,0.8534952606635071,2.5810426540284315,26.58179653510148,89.33975118483428
790,215.22565165876736,4.817180094786738,0.8534952606635071,2.5810426540284315,26.58179653510148,89.33975118483428
791,215.22565165876736,4.817180094786738,0.8534952606635071,2.5810426540284315,26.58179653510148,89.33975118483428
792,215.22565165876736,4.817180094786738,0.8534952606635071,2.5810426540284315,26.58179653510148,89.33975118483428
793,215.22565165876736,4.817180094786738,0.8534952606635071,2.5810426540284315,26.58179653510148,89.33975118483428
794,215.22565165876736,4.817180094786738,0.8534952606635071,2.5810426540284315,26.58179653510148,89.33975118483428
795,215.22565165876736,4.817180094786738,0.8534952606635071,2.5810426540284315,26.58179653510148,89.33975118483428
796,215.22565165876736,4.817180094786738,0.8534952606635071,2.5810426540284315,26.58179653510148,89.33975118483428
797,215.22565165876736,4.817180094786738,0.8534952606635071,2.5810426540284315,26.58179653510148,89.33975118483428
798,215.22565165876736,4.817180094786738,0.8534952606635071,2.5810426540284315,26.58179653510148,89.33975118483428
799,215.22565165876736,4.817180094786738,0.8534952606635071,2.5810426540284315,26.58179653510148,89.33975118483428
800,215.22565165876736,4.817180094786738,0.8534952606635071,2.5810426540284315,26.58179653510148,89.33975118483428
801,215.22565165876736,4.817180094786738,0.8534952606635071,2.5810426540284315,26.58179653510148,89.33975118483428
802,215.22565165876736,4.817180094786738,0.8534952606635071,2.5810426540284315,26.58179653510148,89.33975118483428
803,215.22565165876736,4.817180094786738,0.8534952606635071,2.5810426540284315,26.58179653510148,89.33975118483428
804,215.22565165876736,4.817180094786738,0.8534952606635071,2.5810426540284315,26.58179653510148,89.33975118483428
805,215.22565165876736,4.817180094786738,0.8534952606635071,2.5810426540284315,26.58179653510148,89.33975118483428
806,215.22565165876736,4.817180094786738,0.8534952606635071,2.5810426540284315,26.58179653510148,89.33975118483428
807,215.22565165876736,4.817180094786738,0.8534952606635071,2.5810426540284315,26.58179653510148,89.33975118483428
808,215.22565165876736,4.817180094786738,0.8534952606635071,2.5810426540284315,26.58179653510148,89.33975118483428
809,215.22565165876736,4.817180094786738,0.8534952606635071,2.5810426540284315,26.58179653510148,89.33975118483428
810,215.22565165876736,4.817180094786738,0.8534952606635071,2.5810426540284315,26.58179653510148,89.33975118483428
811,215.22565165876736,4.817180094786738,0.8534952606635071,2.5810426540284315,26.58179653510148,89.33975118483428
812,215.22565165876736,4.817180094786738,0.8534952606635071,2.5810426540284315,26.58179653510148,89.33975118483428
813,215.22565165876736,4.817180094786738,0.8534952606635071,2.5810426540284315,26.58179653510148,89.33975118483428
814,215.22565165876736,4.817180094786738,0.8534952606635071,2.5810426540284315,26.58179653510148,89.33975118483428
815,215.22565165876736,4.817180094786738,0.8534952606635071,2.5810426540284315,26.58179653510148,89.33975118483428
816,215.22565165876736,4.817180094786738,0.8534952606635071,2.5810426540284315,26.58179653510148,89.33975118483428
817,215.22565165876736,4.817180094786738,0.8534952606635071,2.5810426540284315,26.58179653510148,89.33975118483428
818,215.22565165876736,4.817180094786738,0.8534952606635071,2.5810426540284315,26.58179653510148,89.33975118483428
819,215.22565165876736,4.817180094786738,0.8534952606635071,2.5810426540284315,26.58179653510148,89.33975118483428
820,215.22565165876736,4.817180094786738,0.8534952606635071,2.5810426540284315,26.58179653510148,89.33975118483428
821,215.22565165876736,4.817180094786738,0.8534952606635071,2.5810426540284315,26.58179653510148,89.33975118483428
822,215.22565165876736,4.817180094786738,0.8534952606635071,2.5810426540284315,26.58179653510148,89.33975118483428
823,215.22565165876736,4.817180094786738,0.8534952606635071,2.5810426540284315,26.58179653510148,89.33975118483428
824,215.22565165876736,4.817180094786738,0.8534952606635071,2.5810426540284315,26.58179653510148,89.33975118483428
825,215.22565165876736,4.817180094786738,0.8534952606635071,2.5810426540284315,26.58179653510148,89.33975118483428
826,215.22565165876736,4.817180094786738,0.8534952606635071,2.5810426540284315,26.58179653510148,89.33975118483428
827,215.22565165876736,4.817180094786738,0.8534952606635071,2.5810426540284315,26.58179653510148,89.33975118483428
828,215.22565165876736,4.817180094786738,0.8534952606635071,2.5810426540284315,26.58179653510148,89.33975118483428
829,215.22565165876736,4.817180094786738,0.8534952606635071,2.5810426540284315,26.58179653510148,89.33975118483428
830,215.22565165876736,4.817180094786738,0.8534952606635071,2.5810426540284315,26.58179653510148,89.33975118483428
831,215.22565165876736,4.817180094786738,0.8534952606635071,2.5810426540284315,26.58179653510148,89.33975118483428
832,215.22565165876736,4.817180094786738,0.8534952606635071,2.5810426540284315,26.58179653510148,89.33975118483428
833,215.22565165876736,4.817180094786738,0.8534952606635071,2.5810426540284315,26.58179653510148,89.33975118483428
834,215.22565165876736,4.817180094786738,0.8534952606635071,2.5810426540284315,26.58179653510148,89.33975118483428
835,215.22565165876736,4.817180094786738,0.8534952606635071,2.5810426540284315,26.58179653510148,89.33975118483428
836,215.22565165876736,4.817180094786738,0.8534952606635071,2.5810426540284315,26.58179653510148,89.33975118483428
837,215.22565165876736,4.817180094786738,0.8534952606635071,2.5810426540284315,26.58179653510148,89.33975118483428
838,215.22565165876736,4.817180094786738,0.8534952606635071,2.5810426540284315,26.58179653510148,89.33975118483428
839,215.22565165876736,4.817180094786738,0.8534952606635071,2.5810426540284315,26.58179653510148,89.33975118483428
840,215.22565165876736,4.817180094786738,0.8534952606635071,2.5810426540284315,26.58179653510148,89.33975118483428
841,215.22565165876736,4.817180094786738,0.8534952606635071,2.5810426540284315,26.58179653510148,89.33975118483428
842,215.22565165876736,4.817180094786738,0.8534952606635071,2.5810426540284315,26.58179653510148,89.33975118483428
843,215.22565165876736,4.817180094786738,0.8534952606635071,2.5810426540284315,26.58179653510148,89.33975118483428
844,215.22565165876736,4.817180094786738,0.8534952606635071,2.5810426540284315,26.58179653510148,89.33975118483428
845,215.22565165876736,4.817180094786738,0.8534952606635071,2.5810426540284315,26.58179653510148,89.33975118483428
846,215.22565165876736,4.817180094786738,0.8534952606635071,2.5810426540284315,26.58179653510148,89.33975118483428
847,215.22565165876736,4.817180094786738,0.8534952606635071,2.5810426540284315,26.58179653510148,89.33975118483428
848,215.22565165876736,4.817180094786738,0.8534952606635071,2.5810426540284315,26.58179653510148,89.33975118483428
849,215.22565165876736,4.817180094786738,0.8534952606635071,2.5810426540284315,26.58179653510148,89.33975118483428
850,215.22565165876736,4.817180094786738,0.8534952606635071,2.5810426540284315,26.58179653510148,89.33975118483428
851,215.22565165876736,4.817180094786738,0.8534952606635071,2.5810426540284315,26.58179653510148,89.33975118483428
852,215.22565165876736,4.817180094786738,0.8534952606635071,2.5810426540284315,26.58179653510148,89.33975118483428
853,215.22565165876736,4.817180094786738,0.8534952606635071,2.5810426540284315,26.58179653510148,89.33975118483428
854,215.22565165876736,4.817180094786738,0.8534952606635071,2.5810426540284315,26.58179653510148,89.33975118483428
855,215.22565165876736,4.817180094786738,0.8534952606635071,2.5810426540284315,26.58179653510148,89.33975118483428
856,215.22565165876736,4.817180094786738,0.8534952606635071,2.5810426540284315,26.58179653510148,89.33975118483428
857,215.22565165876736,4.817180094786738,0.8534952606635071,2.5810426540284315,26.58179653510148,89.33975118483428
858,215.22565165876736,4.817180094786738,0.8534952606635071,2.5810426540284315,26.58179653510148,89.33975118483428
859,215.22565165876736,4.817180094786738,0.8534952606635071,2.5810426540284315,26.58179653510148,89.33975118483428
860,215.22565165876736,4.817180094786738,0.8534952606635071,2.5810426540284315,26.58179653510148,89.33975118483428
861,215.22565165876736,4.817180094786738,0.8534952606635071,2.5810426540284315,26.58179653510148,89.33975118483428
862,215.22565165876736,4.817180094786738,0.8534952606635071,2.5810426540284315,26.58179653510148,89.33975118483428
863,215.22565165876736,4.817180094786738,0.8534952606635071,2.5810426540284315,26.58179653510148,89.33975118483428
864,215.22565165876736,4.817180094786738,0.8534952606635071,2.5810426540284315,26.58179653510148,89.33975118483428
865,215.22565165876736,4.817180094786738,0.8534952606635071,2.5810426540284315,26.58179653510148,89.33975118483428
866,215.22565165876736,4.817180094786738,0.8534952606635071,2.5810426540284315,26.58179653510148,89.33975118483428
867,215.22565165876736,4.817180094786738,0.8534952606635071,2.5810426540284315,26.58179653510148,89.33975118483428
868,215.22565165876736,4.817180094786738,0.8534952606635071,2.5810426540284315,26.58179653510148,89.33975118483428
869,215.22565165876736,4.817180094786738,0.8534952606635071,2.5810426540284315,26.58179653510148,89.33975118483428
870,215.22565165876736,4.817180094786738,0.8534952606635071,2.5810426540284315,26.58179653510148,89.33975118483428
871,215.22565165876736,4.817180094786738,0.8534952606635071,2.5810426540284315,26.58179653510148,89.33975118483428
872,215.22565165876736,4.817180094786738,0.8534952606635071,2.5810426540284315,26.58179653510148,89.33975118483428
873,215.22565165876736,4.817180094786738,0.8534952606635071,2.5810426540284315,26.58179653510148,89.33975118483428
874,215.22565165876736,4.817180094786738,0.8534952606635071,2.5810426540284315,26.58179653510148,89.33975118483428
875,215.22565165876736,4.817180094786738,0.8534952606635071,2.5810426540284315,26.58179653510148,89.33975118483428
876,215.22565165876736,4.817180094786738,0.8534952606635071,2.5810426540284315,26.58179653510148,89.33975118483428
877,215.22565165876736,4.817180094786738,0.8534952606635071,2.5810426540284315,26.58179653510148,89.33975118483428
878,215.22565165876736,4.817180094786738,0.8534952606635071,2.5810426540284315,26.58179653510148,89.33975118483428
879,215.22565165876736,4.817180094786738,0.8534952606635071,2.5810426540284315,26.58179653510148,89.33975118483428
880,215.22565165876736,4.817180094786738,0.8534952606635071,2.5810426540284315,26.58179653510148,89.33975118483428
881,215.22565165876736,4.817180094786738,0.8534952606635071,2.5810426540284315,26.58179653510148,89.33975118483428
882,215.22565165876736,4.817180094786738,0.8534952606635071,2.5810426540284315,26.58179653510148,89.33975118483428
883,215.22565165876736,4.817180094786738,0.8534952606635071,2.5810426540284315,26.58179653510148,89.33975118483428
884,215.22565165876736,4.817180094786738,0.8534952606635071,2.5810426540284315,26.58179653510148,89.33975118483428
885,215.22565165876736,4.817180094786738,0.8534952606635071,2.5810426540284315,26.58179653510148,89.33975118483428
886,215.22565165876736,4.817180094786738,0.8534952606635071,2.5810426540284315,26.58179653510148,89.33975118483428
887,215.22565165876736,4.817180094786738,0.8534952606635071,2.5810426540284315,26.58179653510148,89.33975118483428
888,215.22565165876736,4.817180094786738,0.8534952606635071,2.5810426540284315,26.58179653510148,89.33975118483428
889,215.22565165876736,4.817180094786738,0.8534952606635071,2.5810426540284315,26.58179653510148,89.33975118483428
890,215.22565165876736,4.817180094786738,0.8534952606635071,2.5810426540284315,26.58179653510148,89.33975118483428
891,215.22565165876736,4.817180094786738,0.8534952606635071,2.5810426540284315,26.58179653510148,89.33975118483428
892,215.22565165876736,4.817180094786738,0.8534952606635071,2.5810426540284315,26.58179653510148,89.33975118483428
893,215.22565165876736,4.817180094786738,0.8534952606635071,2.5810426540284315,26.58179653510148,89.33975118483428
894,215.22565165876736,4.817180094786738,0.8534952606635071,2.5810426540284315,26.58179653510148,89.33975118483428
895,215.22565165876736,4.817180094786738,0.8534952606635071,2.5810426540284315,26.58179653510148,89.33975118483428
896,215.22565165876736,4.817180094786738,0.8534952606635071,2.5810426540284315,26.58179653510148,89.33975118483428
897,215.22565165876736,4.817180094786738,0.8534952606635071,2.5810426540284315,26.58179653510148,89.33975118483428
898,215.22565165876736,4.817180094786738,0.8534952606635071,2.5810426540284315,26.58179653510148,89.33975118483428
899,215.22565165876736,4.817180094786738,0.8534952606635071,2.5810426540284315,26.58179653510148,89.33975118483428
900,215.22565165876736,4.817180094786738,0.8534952606635071,2.5810426540284315,26.58179653510148,89.33975118483428
901,215.22565165876736,4.817180094786738,0.8534952606635071,2.5810426540284315,26.58179653510148,89.33975118483428
902,215.22565165876736,4.817180094786738,0.8534952606635071,2.5810426540284315,26.58179653510148,89.33975118483428
903,215.22565165876736,4.817180094786738,0.8534952606635071,2.5810426540284315,26.58179653510148,89.33975118483428
904,215.22565165876736,4.817180094786738,0.8534952606635071,2.5810426540284315,26.58179653510148,89.33975118483428
905,215.22565165876736,4.817180094786738,0.8534952606635071,2.5810426540284315,26.58179653510148,89.33975118483428
906,215.22565165876736,4.817180094786738,0.8534952606635071,2.5810426540284315,26.58179653510148,89.33975118483428
907,215.22565165876736,4.817180094786738,0.8534952606635071,2.5810426540284315,26.58179653510148,89.33975118483428
908,215.22565165876736,4.817180094786738,0.8534952606635071,2.5810426540284315,26.58179653510148,89.33975118483428
909,215.22565165876736,4.817180094786738,0.8534952606635071,2.5810426540284315,26.58179653510148,89.33975118483428
910,215.22565165876736,4.817180094786738,0.8534952606635071,2.5810426540284315,26.58179653510148,89.33975118483428
911,215.22565165876736,4.817180094786738,0.8534952606635071,2.5810426540284315,26.58179653510148,89.33975118483428
912,215.22565165876736,4.817180094786738,0.8534952606635071,2.5810426540284315,26.58179653510148,89.33975118483428
913,215.22565165876736,4.817180094786738,0.8534952606635071,2.5810426540284315,26.58179653510148,89.33975118483428
914,215.22565165876736,4.817180094786738,0.8534952606635071,2.5810426540284315,26.58179653510148,89.33975118483428
915,215.22565165876736,4.817180094786738,0.8534952606635071,2.5810426540284315,26.58179653510148,89.33975118483428
916,215.22565165876736,4.817180094786738,0.8534952606635071,2.5810426540284315,26.58179653510148,89.33975118483428
917,215.22565165876736,4.817180094786738,0.8534952606635071,2.5810426540284315,26.58179653510148,89.33975118483428
918,215.22565165876736,4.817180094786738,0.8534952606635071,2.5810426540284315,26.58179653510148,89.33975118483428
919,215.22565165876736,4.817180094786738,0.8534952606635071,2.5810426540284315,26.58179653510148,89.33975118483428
920,215.22565165876736,4.817180094786738,0.8534952606635071,2.5810426540284315,26.58179653510148,89.33975118483428
921,215.22565165876736,4.817180094786738,0.8534952606635071,2.5810426540284315,26.58179653510148,89.33975118483428
922,215.22565165876736,4.817180094786738,0.8534952606635071,2.5810426540284315,26.58179653510148,89.33975118483428
923,215.22565165876736,4.817180094786738,0.8534952606635071,2.5810426540284315,26.58179653510148,89.33975118483428
924,215.22565165876736,4.817180094786738,0.8534952606635071,2.5810426540284315,26.58179653510148,89.33975118483428
925,215.22565165876736,4.817180094786738,0.8534952606635071,2.5810426540284315,26.58179653510148,89.33975118483428
926,215.22565165876736,4.817180094786738,0.8534952606635071,2.5810426540284315,26.58179653510148,89.33975118483428
927,215.22565165876736,4.817180094786738,0.8534952606635071,2.5810426540284315,26.58179653510148,89.33975118483428
928,215.22565165876736,4.817180094786738,0.8534952606635071,2.5810426540284315,26.58179653510148,89.33975118483428
929,215.22565165876736,4.817180094786738,0.8534952606635071,2.5810426540284315,26.58179653510148,89.33975118483428
930,215.22565165876736,4.817180094786738,0.8534952606635071,2.5810426540284315,26.58179653510148,89.33975118483428
931,215.22565165876736,4.817180094786738,0.8534952606635071,2.5810426540284315,26.58179653510148,89.33975118483428
932,215.22565165876736,4.817180094786738,0.8534952606635071,2.5810426540284315,26.58179653510148,89.33975118483428
933,215.22565165876736,4.817180094786738,0.8534952606635071,2.5810426540284315,26.58179653510148,89.33975118483428
934,215.22565165876736,4.817180094786738,0.8534952606635071,2.5810426540284315,26.58179653510148,89.33975118483428
935,215.22565165876736,4.817180094786738,0.8534952606635071,2.5810426540284315,26.58179653510148,89.33975118483428
936,215.22565165876736,4.817180094786738,0.8534952606635071,2.5810426540284315,26.58179653510148,89.33975118483428
937,215.22565165876736,4.817180094786738,0.8534952606635071,2.5810426540284315,26.58179653510148,89.33975118483428
938,215.22565165876736,4.817180094786738,0.8534952606635071,2.5810426540284315,26.58179653510148,89.33975118483428
939,215.22565165876736,4.817180094786738,0.8534952606635071,2.5810426540284315,26.58179653510148,89.33975118483428
940,215.22565165876736,4.817180094786738,0.8534952606635071,2.5810426540284315,26.58179653510148,89.33975118483428
941,215.22565165876736,4.817180094786738,0.8534952606635071,2.5810426540284315,26.58179653510148,89.33975118483428
942,215.22565165876736,4.817180094786738,0.8534952606635071,2.5810426540284315,26.58179653510148,89.33975118483428
943,215.22565165876736,4.817180094786738,0.8534952606635071,2.5810426540284315,26.58179653510148,89.33975118483428
944,215.22565165876736,4.817180094786738,0.8534952606635071,2.5810426540284315,26.58179653510148,89.33975118483428
945,215.22565165876736,4.817180094786738,0.8534952606635071,2.5810426540284315,26.58179653510148,89.33975118483428
946,215.22565165876736,4.817180094786738,0.8534952606635071,2.5810426540284315,26.58179653510148,89.33975118483428
947,215.22565165876736,4.817180094786738,0.8534952606635071,2.5810426540284315,26.58179653510148,89.33975118483428
948,215.22565165876736,4.817180094786738,0.8534952606635071,2.5810426540284315,26.58179653510148,89.33975118483428
949,215.22565165876736,4.817180094786738,0.8534952606635071,2.5810426540284315,26.58179653510148,89.33975118483428
950,215.22565165876736,4.817180094786738,0.8534952606635071,2.5810426540284315,26.58179653510148,89.33975118483428
951,215.22565165876736,4.817180094786738,0.8534952606635071,2.5810426540284315,26.58179653510148,89.33975118483428
952,215.22565165876736,4.817180094786738,0.8534952606635071,2.5810426540284315,26.58179653510148,89.33975118483428
953,215.22565165876736,4.817180094786738,0.8534952606635071,2.5810426540284315,26.58179653510148,89.33975118483428
954,215.22565165876736,4.817180094786738,0.8534952606635071,2.5810426540284315,26.58179653510148,89.33975118483428
955,215.22565165876736,4.817180094786738,0.8534952606635071,2.5810426540284315,26.58179653510148,89.33975118483428
956,215.22565165876736,4.817180094786738,0.8534952606635071,2.5810426540284315,26.58179653510148,89.33975118483428
957,215.22565165876736,4.817180094786738,0.8534952606635071,2.5810426540284315,26.58179653510148,89.33975118483428
958,215.22565165876736,4.817180094786738,0.8534952606635071,2.5810426540284315,26.58179653510148,89.33975118483428
959,215.22565165876736,4.817180094786738,0.8534952606635071,2.5810426540284315,26.58179653510148,89.33975118483428
960,215.22565165876736,4.817180094786738,0.8534952606635071,2.5810426540284315,26.58179653510148,89.33975118483428
961,215.22565165876736,4.817180094786738,0.8534952606635071,2.5810426540284315,26.58179653510148,89.33975118483428
962,215.22565165876736,4.817180094786738,0.8534952606635071,2.5810426540284315,26.58179653510148,89.33975118483428
963,215.22565165876736,4.817180094786738,0.8534952606635071,2.5810426540284315,26.58179653510148,89.33975118483428
964,215.22565165876736,4.817180094786738,0.8534952606635071,2.5810426540284315,26.58179653510148,89.33975118483428
965,215.22565165876736,4.817180094786738,0.8534952606635071,2.5810426540284315,26.58179653510148,89.33975118483428
966,215.22565165876736,4.817180094786738,0.8534952606635071,2.5810426540284315,26.58179653510148,89.33975118483428
967,215.22565165876736,4.817180094786738,0.8534952606635071,2.5810426540284315,26.58179653510148,89.33975118483428
968,215.22565165876736,4.817180094786738,0.8534952606635071,2.5810426540284315,26.58179653510148,89.33975118483428
969,215.22565165876736,4.817180094786738,0.8534952606635071,2.5810426540284315,26.58179653510148,89.33975118483428
970,215.22565165876736,4.817180094786738,0.8534952606635071,2.5810426540284315,26.58179653510148,89.33975118483428
971,215.22565165876736,4.817180094786738,0.8534952606635071,2.5810426540284315,26.58179653510148,89.33975118483428
972,215.22565165876736,4.817180094786738,0.8534952606635071,2.5810426540284315,26.58179653510148,89.33975118483428
973,215.22565165876736,4.817180094786738,0.8534952606635071,2.5810426540284315,26.58179653510148,89.33975118483428
974,215.22565165876736,4.817180094786738,0.8534952606635071,2.5810426540284315,26.58179653510148,89.33975118483428
975,215.22565165876736,4.817180094786738,0.8534952606635071,2.5810426540284315,26.58179653510148,89.33975118483428
976,215.22565165876736,4.817180094786738,0.8534952606635071,2.5810426540284315,26.58179653510148,89.33975118483428
977,215.22565165876736,4.817180094786738,0.8534952606635071,2.5810426540284315,26.58179653510148,89.33975118483428
978,215.22565165876736,4.817180094786738,0.8534952606635071,2.5810426540284315,26.58179653510148,89.33975118483428
979,215.22565165876736,4.817180094786738,0.8534952606635071,2.5810426540284315,26.58179653510148,89.33975118483428
980,215.22565165876736,4.817180094786738,0.8534952606635071,2.5810426540284315,26.58179653510148,89.33975118483428
981,215.22565165876736,4.817180094786738,0.8534952606635071,2.5810426540284315,26.58179653510148,89.33975118483428
982,215.22565165876736,4.817180094786738,0.8534952606635071,2.5810426540284315,26.58179653510148,89.33975118483428
983,215.22565165876736,4.817180094786738,0.8534952606635071,2.5810426540284315,26.58179653510148,89.33975118483428
984,215.22565165876736,4.817180094786738,0.8534952606635071,2.5810426540284315,26.58179653510148,89.33975118483428
985,215.22565165876736,4.817180094786738,0.8534952606635071,2.5810426540284315,26.58179653510148,89.33975118483428
986,215.22565165876736,4.817180094786738,0.8534952606635071,2.5810426540284315,26.58179653510148,89.33975118483428
987,215.22565165876736,4.817180094786738,0.8534952606635071,2.5810426540284315,26.58179653510148,89.33975118483428
988,215.22565165876736,4.817180094786738,0.8534952606635071,2.5810426540284315,26.58179653510148,89.33975118483428
989,215.22565165876736,4.817180094786738,0.8534952606635071,2.5810426540284315,26.58179653510148,89.33975118483428
990,215.22565165876736,4.817180094786738,0.8534952606635071,2.5810426540284315,26.58179653510148,89.33975118483428
991,215.22565165876736,4.817180094786738,0.8534952606635071,2.5810426540284315,26.58179653510148,89.33975118483428
992,215.22565165876736,4.817180094786738,0.8534952606635071,2.5810426540284315,26.58179653510148,89.33975118483428
993,215.22565165876736,4.817180094786738,0.8534952606635071,2.5810426540284315,26.58179653510148,89.33975118483428
994,215.22565165876736,4.817180094786738,0.8534952606635071,2.5810426540284315,26.58179653510148,89.33975118483428
995,215.22565165876736,4.817180094786738,0.8534952606635071,2.5810426540284315,26.58179653510148,89.33975118483428
996,215.22565165876736,4.817180094786738,0.8534952606635071,2.5810426540284315,26.58179653510148,89.33975118483428
997,215.22565165876736,4.817180094786738,0.8534952606635071,2.5810426540284315,26.58179653510148,89.33975118483428
998,215.22565165876736,4.817180094786738,0.8534952606635071,2.5810426540284315,26.58179653510148,89.33975118483428
999,215.22565165876736,4.817180094786738,0.8534952606635071,2.5810426540284315,26.58179653510148,89.33975118483428
1000,215.22565165876736,4.817180094786738,0.8534952606635071,2.5810426540284315,26.58179653510148,89.33975118483428
1001,215.22565165876736,4.817180094786738,0.8534952606635071,2.5810426540284315,26.58179653510148,89.33975118483428
1002,215.22565165876736,4.817180094786738,0.8534952606635071,2.5810426540284315,26.58179653510148,89.33975118483428
1003,215.22565165876736,4.817180094786738,0.8534952606635071,2.5810426540284315,26.58179653510148,89.33975118483428
1004,215.22565165876736,4.817180094786738,0.8534952606635071,2.5810426540284315,26.58179653510148,89.33975118483428
1005,215.22565165876736,4.817180094786738,0.8534952606635071,2.5810426540284315,26.58179653510148,89.33975118483428
1006,215.22565165876736,4.817180094786738,0.8534952606635071,2.5810426540284315,26.58179653510148,89.33975118483428
1007,215.22565165876736,4.817180094786738,0.8534952606635071,2.5810426540284315,26.58179653510148,89.33975118483428
1008,215.22565165876736,4.817180094786738,0.8534952606635071,2.5810426540284315,26.58179653510148,89.33975118483428
1009,215.22565165876736,4.817180094786738,0.8534952606635071,2.5810426540284315,26.58179653510148,89.33975118483428
1010,215.22565165876736,4.817180094786738,0.8534952606635071,2.5810426540284315,26.58179653510148,89.33975118483428
1011,215.22565165876736,4.817180094786738,0.8534952606635071,2.5810426540284315,26.58179653510148,89.33975118483428
1012,215.22565165876736,4.817180094786738,0.8534952606635071,2.5810426540284315,26.58179653510148,89.33975118483428
1013,215.22565165876736,4.817180094786738,0.8534952606635071,2.5810426540284315,26.58179653510148,89.33975118483428
1014,215.22565165876736,4.817180094786738,0.8534952606635071,2.5810426540284315,26.58179653510148,89.33975118483428
1015,215.22565165876736,4.817180094786738,0.8534952606635071,2.5810426540284315,26.58179653510148,89.33975118483428
1016,215.22565165876736,4.817180094786738,0.8534952606635071,2.5810426540284315,26.58179653510148,89.33975118483428
1017,215.22565165876736,4.817180094786738,0.8534952606635071,2.5810426540284315,26.58179653510148,89.33975118483428
1018,215.22565165876736,4.817180094786738,0.8534952606635071,2.5810426540284315,26.58179653510148,89.33975118483428
1019,215.22565165876736,4.817180094786738,0.8534952606635071,2.5810426540284315,26.58179653510148,89.33975118483428
1020,215.22565165876736,4.817180094786738,0.8534952606635071,2.5810426540284315,26.58179653510148,89.33975118483428
1021,215.22565165876736,4.817180094786738,0.8534952606635071,2.5810426540284315,26.58179653510148,89.33975118483428
1022,215.22565165876736,4.817180094786738,0.8534952606635071,2.5810426540284315,26.58179653510148,89.33975118483428
1023,215.22565165876736,4.817180094786738,0.8534952606635071,2.5810426540284315,26.58179653510148,89.33975118483428
1024,215.22565165876736,4.817180094786738,0.8534952606635071,2.5810426540284315,26.58179653510148,89.33975118483428
1025,215.22565165876736,4.817180094786738,0.8534952606635071,2.5810426540284315,26.58179653510148,89.33975118483428
1026,215.22565165876736,4.817180094786738,0.8534952606635071,2.5810426540284315,26.58179653510148,89.33975118483428
1027,215.22565165876736,4.817180094786738,0.8534952606635071,2.5810426540284315,26.58179653510148,89.33975118483428
1028,215.22565165876736,4.817180094786738,0.8534952606635071,2.5810426540284315,26.58179653510148,89.33975118483428
1029,215.22565165876736,4.817180094786738,0.8534952606635071,2.5810426540284315,26.58179653510148,89.33975118483428
1030,215.22565165876736,4.817180094786738,0.8534952606635071,2.5810426540284315,26.58179653510148,89.33975118483428
1031,215.22565165876736,4.817180094786738,0.8534952606635071,2.5810426540284315,26.58179653510148,89.33975118483428
1032,215.22565165876736,4.817180094786738,0.8534952606635071,2.5810426540284315,26.58179653510148,89.33975118483428
1033,215.22565165876736,4.817180094786738,0.8534952606635071,2.5810426540284315,26.58179653510148,89.33975118483428
1034,215.22565165876736,4.817180094786738,0.8534952606635071,2.5810426540284315,26.58179653510148,89.33975118483428
1035,215.22565165876736,4.817180094786738,0.8534952606635071,2.5810426540284315,26.58179653510148,89.33975118483428
1036,215.22565165876736,4.817180094786738,0.8534952606635071,2.5810426540284315,26.58179653510148,89.33975118483428
1037,215.22565165876736,4.817180094786738,0.8534952606635071,2.5810426540284315,26.58179653510148,89.33975118483428
1038,215.22565165876736,4.817180094786738,0.8534952606635071,2.5810426540284315,26.58179653510148,89.33975118483428
1039,215.22565165876736,4.817180094786738,0.8534952606635071,2.5810426540284315,26.58179653510148,89.33975118483428
1040,215.22565165876736,4.817180094786738,0.8534952606635071,2.5810426540284315,26.58179653510148,89.33975118483428
1041,215.22565165876736,4.817180094786738,0.8534952606635071,2.5810426540284315,26.58179653510148,89.33975118483428
1042,215.22565165876736,4.817180094786738,0.8534952606635071,2.5810426540284315,26.58179653510148,89.33975118483428
1043,215.22565165876736,4.817180094786738,0.8534952606635071,2.5810426540284315,26.58179653510148,89.33975118483428
1044,215.22565165876736,4.817180094786738,0.8534952606635071,2.5810426540284315,26.58179653510148,89.33975118483428
1045,215.22565165876736,4.817180094786738,0.8534952606635071,2.5810426540284315,26.58179653510148,89.33975118483428
1046,215.22565165876736,4.817180094786738,0.8534952606635071,2.5810426540284315,26.58179653510148,89.33975118483428
1047,215.22565165876736,4.817180094786738,0.8534952606635071,2.5810426540284315,26.58179653510148,89.33975118483428
1048,215.22565165876736,4.817180094786738,0.8534952606635071,2.5810426540284315,26.58179653510148,89.33975118483428
1049,215.22565165876736,4.817180094786738,0.8534952606635071,2.5810426540284315,26.58179653510148,89.33975118483428
1050,215.22565165876736,4.817180094786738,0.8534952606635071,2.5810426540284315,26.58179653510148,89.33975118483428
1051,215.22565165876736,4.817180094786738,0.8534952606635071,2.5810426540284315,26.58179653510148,89.33975118483428
1052,215.22565165876736,4.817180094786738,0.8534952606635071,2.5810426540284315,26.58179653510148,89.33975118483428
1053,215.22565165876736,4.817180094786738,0.8534952606635071,2.5810426540284315,26.58179653510148,89.33975118483428
1054,215.22565165876736,4.817180094786738,0.8534952606635071,2.5810426540284315,26.58179653510148,89.33975118483428
1055,215.22565165876736,4.817180094786738,0.8534952606635071,2.5810426540284315,26.58179653510148,89.33975118483428
1056,215.22565165876736,4.817180094786738,0.8534952606635071,2.5810426540284315,26.58179653510148,89.33975118483428
1057,215.22565165876736,4.817180094786738,0.8534952606635071,2.5810426540284315,26.58179653510148,89.33975118483428
1058,215.22565165876736,4.817180094786738,0.8534952606635071,2.5810426540284315,26.58179653510148,89.33975118483428
1059,215.22565165876736,4.817180094786738,0.8534952606635071,2.5810426540284315,26.58179653510148,89.33975118483428
1060,215.22565165876736,4.817180094786738,0.8534952606635071,2.5810426540284315,26.58179653510148,89.33975118483428
1061,215.22565165876736,4.817180094786738,0.8534952606635071,2.5810426540284315,26.58179653510148,89.33975118483428
1062,215.22565165876736,4.817180094786738,0.8534952606635071,2.5810426540284315,26.58179653510148,89.33975118483428
1063,215.22565165876736,4.817180094786738,0.8534952606635071,2.5810426540284315,26.58179653510148,89.33975118483428
1064,215.22565165876736,4.817180094786738,0.8534952606635071,2.5810426540284315,26.58179653510148,89.33975118483428
1065,215.22565165876736,4.817180094786738,0.8534952606635071,2.5810426540284315,26.58179653510148,89.33975118483428
1066,215.22565165876736,4.817180094786738,0.8534952606635071,2.5810426540284315,26.58179653510148,89.33975118483428
1067,215.22565165876736,4.817180094786738,0.8534952606635071,2.5810426540284315,26.58179653510148,89.33975118483428
1068,215.22565165876736,4.817180094786738,0.8534952606635071,2.5810426540284315,26.58179653510148,89.33975118483428
1069,215.22565165876736,4.817180094786738,0.8534952606635071,2.5810426540284315,26.58179653510148,89.33975118483428
1070,215.22565165876736,4.817180094786738,0.8534952606635071,2.5810426540284315,26.58179653510148,89.33975118483428
1071,215.22565165876736,4.817180094786738,0.8534952606635071,2.5810426540284315,26.58179653510148,89.33975118483428
1072,215.22565165876736,4.817180094786738,0.8534952606635071,2.5810426540284315,26.58179653510148,89.33975118483428
1073,215.22565165876736,4.817180094786738,0.8534952606635071,2.5810426540284315,26.58179653510148,89.33975118483428
1074,215.22565165876736,4.817180094786738,0.8534952606635071,2.5810426540284315,26.58179653510148,89.33975118483428
1075,215.22565165876736,4.817180094786738,0.8534952606635071,2.5810426540284315,26.58179653510148,89.33975118483428
1076,215.22565165876736,4.817180094786738,0.8534952606635071,2.5810426540284315,26.58179653510148,89.33975118483428
1077,215.22565165876736,4.817180094786738,0.8534952606635071,2.5810426540284315,26.58179653510148,89.33975118483428
1078,215.22565165876736,4.817180094786738,0.8534952606635071,2.5810426540284315,26.58179653510148,89.33975118483428
1079,215.22565165876736,4.817180094786738,0.8534952606635071,2.5810426540284315,26.58179653510148,89.33975118483428
1080,215.22565165876736,4.817180094786738,0.8534952606635071,2.5810426540284315,26.58179653510148,89.33975118483428
1081,215.22565165876736,4.817180094786738,0.8534952606635071,2.5810426540284315,26.58179653510148,89.33975118483428
1082,215.22565165876736,4.817180094786738,0.8534952606635071,2.5810426540284315,26.58179653510148,89.33975118483428
1083,215.22565165876736,4.817180094786738,0.8534952606635071,2.5810426540284315,26.58179653510148,89.33975118483428
1084,215.22565165876736,4.817180094786738,0.8534952606635071,2.5810426540284315,26.58179653510148,89.33975118483428
1085,215.22565165876736,4.817180094786738,0.8534952606635071,2.5810426540284315,26.58179653510148,89.33975118483428
1086,215.22565165876736,4.817180094786738,0.8534952606635071,2.5810426540284315,26.58179653510148,89.33975118483428
1087,215.22565165876736,4.817180094786738,0.8534952606635071,2.5810426540284315,26.58179653510148,89.33975118483428
1088,215.22565165876736,4.817180094786738,0.8534952606635071,2.5810426540284315,26.58179653510148,89.33975118483428
1089,215.22565165876736,4.817180094786738,0.8534952606635071,2.5810426540284315,26.58179653510148,89.33975118483428
1090,215.22565165876736,4.817180094786738,0.8534952606635071,2.5810426540284315,26.58179653510148,89.33975118483428
1091,215.22565165876736,4.817180094786738,0.8534952606635071,2.5810426540284315,26.58179653510148,89.33975118483428
1092,215.22565165876736,4.817180094786738,0.8534952606635071,2.5810426540284315,26.58179653510148,89.33975118483428
1093,215.22565165876736,4.817180094786738,0.8534952606635071,2.5810426540284315,26.58179653510148,89.33975118483428
1094,215.22565165876736,4.817180094786738,0.8534952606635071,2.5810426540284315,26.58179653510148,89.33975118483428
1095,215.22565165876736,4.817180094786738,0.8534952606635071,2.5810426540284315,26.58179653510148,89.33975118483428
1096,215.22565165876736,4.817180094786738,0.8534952606635071,2.5810426540284315,26.58179653510148,89.33975118483428
1097,215.22565165876736,4.817180094786738,0.8534952606635071,2.5810426540284315,26.58179653510148,89.33975118483428
1098,215.22565165876736,4.817180094786738,0.8534952606635071,2.5810426540284315,26.58179653510148,89.33975118483428
1099,215.22565165876736,4.817180094786738,0.8534952606635071,2.5810426540284315,26.58179653510148,89.33975118483428
1100,215.22565165876736,4.817180094786738,0.8534952606635071,2.5810426540284315,26.58179653510148,89.33975118483428
1101,215.22565165876736,4.817180094786738,0.8534952606635071,2.5810426540284315,26.58179653510148,89.33975118483428
1102,215.22565165876736,4.817180094786738,0.8534952606635071,2.5810426540284315,26.58179653510148,89.33975118483428
1103,215.22565165876736,4.817180094786738,0.8534952606635071,2.5810426540284315,26.58179653510148,89.33975118483428
1104,215.22565165876736,4.817180094786738,0.8534952606635071,2.5810426540284315,26.58179653510148,89.33975118483428
1105,215.22565165876736,4.817180094786738,0.8534952606635071,2.5810426540284315,26.58179653510148,89.33975118483428
1106,215.22565165876736,4.817180094786738,0.8534952606635071,2.5810426540284315,26.58179653510148,89.33975118483428
1107,215.22565165876736,4.817180094786738,0.8534952606635071,2.5810426540284315,26.58179653510148,89.33975118483428
1108,215.22565165876736,4.817180094786738,0.8534952606635071,2.5810426540284315,26.58179653510148,89.33975118483428
1109,215.22565165876736,4.817180094786738,0.8534952606635071,2.5810426540284315,26.58179653510148,89.33975118483428
1110,215.22565165876736,4.817180094786738,0.8534952606635071,2.5810426540284315,26.58179653510148,89.33975118483428
1111,215.22565165876736,4.817180094786738,0.8534952606635071,2.5810426540284315,26.58179653510148,89.33975118483428
1112,215.22565165876736,4.817180094786738,0.8534952606635071,2.5810426540284315,26.58179653510148,89.33975118483428
1113,215.22565165876736,4.817180094786738,0.8534952606635071,2.5810426540284315,26.58179653510148,89.33975118483428
1114,215.22565165876736,4.817180094786738,0.8534952606635071,2.5810426540284315,26.58179653510148,89.33975118483428
1115,215.22565165876736,4.817180094786738,0.8534952606635071,2.5810426540284315,26.58179653510148,89.33975118483428
1116,215.22565165876736,4.817180094786738,0.8534952606635071,2.5810426540284315,26.58179653510148,89.33975118483428
1117,215.22565165876736,4.817180094786738,0.8534952606635071,2.5810426540284315,26.58179653510148,89.33975118483428
1118,215.22565165876736,4.817180094786738,0.8534952606635071,2.5810426540284315,26.58179653510148,89.33975118483428
1119,215.22565165876736,4.817180094786738,0.8534952606635071,2.5810426540284315,26.58179653510148,89.33975118483428
1120,215.22565165876736,4.817180094786738,0.8534952606635071,2.5810426540284315,26.58179653510148,89.33975118483428
1121,215.22565165876736,4.817180094786738,0.8534952606635071,2.5810426540284315,26.58179653510148,89.33975118483428
1122,215.22565165876736,4.817180094786738,0.8534952606635071,2.5810426540284315,26.58179653510148,89.33975118483428
1123,215.22565165876736,4.817180094786738,0.8534952606635071,2.5810426540284315,26.58179653510148,89.33975118483428
1124,215.22565165876736,4.817180094786738,0.8534952606635071,2.5810426540284315,26.58179653510148,89.33975118483428
1125,215.22565165876736,4.817180094786738,0.8534952606635071,2.5810426540284315,26.58179653510148,89.33975118483428
1126,215.22565165876736,4.817180094786738,0.8534952606635071,2.5810426540284315,26.58179653510148,89.33975118483428
1127,215.22565165876736,4.817180094786738,0.8534952606635071,2.5810426540284315,26.58179653510148,89.33975118483428
1128,215.22565165876736,4.817180094786738,0.8534952606635071,2.5810426540284315,26.58179653510148,89.33975118483428
1129,215.22565165876736,4.817180094786738,0.8534952606635071,2.5810426540284315,26.58179653510148,89.33975118483428
1130,215.22565165876736,4.817180094786738,0.8534952606635071,2.5810426540284315,26.58179653510148,89.33975118483428
1131,215.22565165876736,4.817180094786738,0.8534952606635071,2.5810426540284315,26.58179653510148,89.33975118483428
1132,215.22565165876736,4.817180094786738,0.8534952606635071,2.5810426540284315,26.58179653510148,89.33975118483428
1133,215.22565165876736,4.817180094786738,0.8534952606635071,2.5810426540284315,26.58179653510148,89.33975118483428
1134,215.22565165876736,4.817180094786738,0.8534952606635071,2.5810426540284315,26.58179653510148,89.33975118483428
1135,215.22565165876736,4.817180094786738,0.8534952606635071,2.5810426540284315,26.58179653510148,89.33975118483428
1136,215.22565165876736,4.817180094786738,0.8534952606635071,2.5810426540284315,26.58179653510148,89.33975118483428
1137,215.22565165876736,4.817180094786738,0.8534952606635071,2.5810426540284315,26.58179653510148,89.33975118483428
1138,215.22565165876736,4.817180094786738,0.8534952606635071,2.5810426540284315,26.58179653510148,89.33975118483428
1139,215.22565165876736,4.817180094786738,0.8534952606635071,2.5810426540284315,26.58179653510148,89.33975118483428
1140,215.22565165876736,4.817180094786738,0.8534952606635071,2.5810426540284315,26.58179653510148,89.33975118483428
1141,215.22565165876736,4.817180094786738,0.8534952606635071,2.5810426540284315,26.58179653510148,89.33975118483428
1142,215.22565165876736,4.817180094786738,0.8534952606635071,2.5810426540284315,26.58179653510148,89.33975118483428
1143,215.22565165876736,4.817180094786738,0.8534952606635071,2.5810426540284315,26.58179653510148,89.33975118483428
1144,215.22565165876736,4.817180094786738,0.8534952606635071,2.5810426540284315,26.58179653510148,89.33975118483428
1145,215.22565165876736,4.817180094786738,0.8534952606635071,2.5810426540284315,26.58179653510148,89.33975118483428
1146,215.22565165876736,4.817180094786738,0.8534952606635071,2.5810426540284315,26.58179653510148,89.33975118483428
1147,215.22565165876736,4.817180094786738,0.8534952606635071,2.5810426540284315,26.58179653510148,89.33975118483428
1148,215.22565165876736,4.817180094786738,0.8534952606635071,2.5810426540284315,26.58179653510148,89.33975118483428
1149,215.22565165876736,4.817180094786738,0.8534952606635071,2.5810426540284315,26.58179653510148,89.33975118483428
1150,215.22565165876736,4.817180094786738,0.8534952606635071,2.5810426540284315,26.58179653510148,89.33975118483428
1151,215.22565165876736,4.817180094786738,0.8534952606635071,2.5810426540284315,26.58179653510148,89.33975118483428
1152,215.22565165876736,4.817180094786738,0.8534952606635071,2.5810426540284315,26.58179653510148,89.33975118483428
1153,215.22565165876736,4.817180094786738,0.8534952606635071,2.5810426540284315,26.58179653510148,89.33975118483428
1154,215.22565165876736,4.817180094786738,0.8534952606635071,2.5810426540284315,26.58179653510148,89.33975118483428
1155,215.22565165876736,4.817180094786738,0.8534952606635071,2.5810426540284315,26.58179653510148,89.33975118483428
1156,215.22565165876736,4.817180094786738,0.8534952606635071,2.5810426540284315,26.58179653510148,89.33975118483428
1157,215.22565165876736,4.817180094786738,0.8534952606635071,2.5810426540284315,26.58179653510148,89.33975118483428
1158,215.22565165876736,4.817180094786738,0.8534952606635071,2.5810426540284315,26.58179653510148,89.33975118483428
1159,215.22565165876736,4.817180094786738,0.8534952606635071,2.5810426540284315,26.58179653510148,89.33975118483428
1160,215.22565165876736,4.817180094786738,0.8534952606635071,2.5810426540284315,26.58179653510148,89.33975118483428
1161,215.22565165876736,4.817180094786738,0.8534952606635071,2.5810426540284315,26.58179653510148,89.33975118483428
1162,215.22565165876736,4.817180094786738,0.8534952606635071,2.5810426540284315,26.58179653510148,89.33975118483428
1163,215.22565165876736,4.817180094786738,0.8534952606635071,2.5810426540284315,26.58179653510148,89.33975118483428
1164,215.22565165876736,4.817180094786738,0.8534952606635071,2.5810426540284315,26.58179653510148,89.33975118483428
1165,215.22565165876736,4.817180094786738,0.8534952606635071,2.5810426540284315,26.58179653510148,89.33975118483428
1166,215.22565165876736,4.817180094786738,0.8534952606635071,2.5810426540284315,26.58179653510148,89.33975118483428
1167,215.22565165876736,4.817180094786738,0.8534952606635071,2.5810426540284315,26.58179653510148,89.33975118483428
1168,215.22565165876736,4.817180094786738,0.8534952606635071,2.5810426540284315,26.58179653510148,89.33975118483428
1169,215.22565165876736,4.817180094786738,0.8534952606635071,2.5810426540284315,26.58179653510148,89.33975118483428
1170,215.22565165876736,4.817180094786738,0.8534952606635071,2.5810426540284315,26.58179653510148,89.33975118483428
1171,215.22565165876736,4.817180094786738,0.8534952606635071,2.5810426540284315,26.58179653510148,89.33975118483428
1172,215.22565165876736,4.817180094786738,0.8534952606635071,2.5810426540284315,26.58179653510148,89.33975118483428
1173,215.22565165876736,4.817180094786738,0.8534952606635071,2.5810426540284315,26.58179653510148,89.33975118483428
1174,215.22565165876736,4.817180094786738,0.8534952606635071,2.5810426540284315,26.58179653510148,89.33975118483428
1175,215.22565165876736,4.817180094786738,0.8534952606635071,2.5810426540284315,26.58179653510148,89.33975118483428
1176,215.22565165876736,4.817180094786738,0.8534952606635071,2.5810426540284315,26.58179653510148,89.33975118483428
1177,215.22565165876736,4.817180094786738,0.8534952606635071,2.5810426540284315,26.58179653510148,89.33975118483428
1178,215.22565165876736,4.817180094786738,0.8534952606635071,2.5810426540284315,26.58179653510148,89.33975118483428
1179,215.22565165876736,4.817180094786738,0.8534952606635071,2.5810426540284315,26.58179653510148,89.33975118483428
1180,215.22565165876736,4.817180094786738,0.8534952606635071,2.5810426540284315,26.58179653510148,89.33975118483428
1181,215.22565165876736,4.817180094786738,0.8534952606635071,2.5810426540284315,26.58179653510148,89.33975118483428
1182,215.22565165876736,4.817180094786738,0.8534952606635071,2.5810426540284315,26.58179653510148,89.33975118483428
1183,215.22565165876736,4.817180094786738,0.8534952606635071,2.5810426540284315,26.58179653510148,89.33975118483428
1184,215.22565165876736,4.817180094786738,0.8534952606635071,2.5810426540284315,26.58179653510148,89.33975118483428
1185,215.22565165876736,4.817180094786738,0.8534952606635071,2.5810426540284315,26.58179653510148,89.33975118483428
1186,215.22565165876736,4.817180094786738,0.8534952606635071,2.5810426540284315,26.58179653510148,89.33975118483428
1187,215.22565165876736,4.817180094786738,0.8534952606635071,2.5810426540284315,26.58179653510148,89.33975118483428
1188,215.22565165876736,4.817180094786738,0.8534952606635071,2.5810426540284315,26.58179653510148,89.33975118483428
1189,215.22565165876736,4.817180094786738,0.8534952606635071,2.5810426540284315,26.58179653510148,89.33975118483428
1190,215.22565165876736,4.817180094786738,0.8534952606635071,2.5810426540284315,26.58179653510148,89.33975118483428
1191,215.22565165876736,4.817180094786738,0.8534952606635071,2.5810426540284315,26.58179653510148,89.33975118483428
1192,215.22565165876736,4.817180094786738,0.8534952606635071,2.5810426540284315,26.58179653510148,89.33975118483428
1193,215.22565165876736,4.817180094786738,0.8534952606635071,2.5810426540284315,26.58179653510148,89.33975118483428
1194,215.22565165876736,4.817180094786738,0.8534952606635071,2.5810426540284315,26.58179653510148,89.33975118483428
1195,215.22565165876736,4.817180094786738,0.8534952606635071,2.5810426540284315,26.58179653510148,89.33975118483428
1196,215.22565165876736,4.817180094786738,0.8534952606635071,2.5810426540284315,26.58179653510148,89.33975118483428
1197,215.22565165876736,4.817180094786738,0.8534952606635071,2.5810426540284315,26.58179653510148,89.33975118483428
1198,215.22565165876736,4.817180094786738,0.8534952606635071,2.5810426540284315,26.58179653510148,89.33975118483428
1199,215.22565165876736,4.817180094786738,0.8534952606635071,2.5810426540284315,26.58179653510148,89.33975118483428
1200,215.22565165876736,4.817180094786738,0.8534952606635071,2.5810426540284315,26.58179653510148,89.33975118483428
1201,215.22565165876736,4.817180094786738,0.8534952606635071,2.5810426540284315,26.58179653510148,89.33975118483428
1202,215.22565165876736,4.817180094786738,0.8534952606635071,2.5810426540284315,26.58179653510148,89.33975118483428
1203,215.22565165876736,4.817180094786738,0.8534952606635071,2.5810426540284315,26.58179653510148,89.33975118483428
1204,215.22565165876736,4.817180094786738,0.8534952606635071,2.5810426540284315,26.58179653510148,89.33975118483428
1205,215.22565165876736,4.817180094786738,0.8534952606635071,2.5810426540284315,26.58179653510148,89.33975118483428
1206,215.22565165876736,4.817180094786738,0.8534952606635071,2.5810426540284315,26.58179653510148,89.33975118483428
1207,215.22565165876736,4.817180094786738,0.8534952606635071,2.5810426540284315,26.58179653510148,89.33975118483428
1208,215.22565165876736,4.817180094786738,0.8534952606635071,2.5810426540284315,26.58179653510148,89.33975118483428
1209,215.22565165876736,4.817180094786738,0.8534952606635071,2.5810426540284315,26.58179653510148,89.33975118483428
1210,215.22565165876736,4.817180094786738,0.8534952606635071,2.5810426540284315,26.58179653510148,89.33975118483428
1211,215.22565165876736,4.817180094786738,0.8534952606635071,2.5810426540284315,26.58179653510148,89.33975118483428
1212,215.22565165876736,4.817180094786738,0.8534952606635071,2.5810426540284315,26.58179653510148,89.33975118483428
1213,215.22565165876736,4.817180094786738,0.8534952606635071,2.5810426540284315,26.58179653510148,89.33975118483428
1214,215.22565165876736,4.817180094786738,0.8534952606635071,2.5810426540284315,26.58179653510148,89.33975118483428
1215,215.22565165876736,4.817180094786738,0.8534952606635071,2.5810426540284315,26.58179653510148,89.33975118483428
1216,215.22565165876736,4.817180094786738,0.8534952606635071,2.5810426540284315,26.58179653510148,89.33975118483428
1217,215.22565165876736,4.817180094786738,0.8534952606635071,2.5810426540284315,26.58179653510148,89.33975118483428
1218,215.22565165876736,4.817180094786738,0.8534952606635071,2.5810426540284315,26.58179653510148,89.33975118483428
1219,215.22565165876736,4.817180094786738,0.8534952606635071,2.5810426540284315,26.58179653510148,89.33975118483428
1220,215.22565165876736,4.817180094786738,0.8534952606635071,2.5810426540284315,26.58179653510148,89.33975118483428
1221,215.22565165876736,4.817180094786738,0.8534952606635071,2.5810426540284315,26.58179653510148,89.33975118483428
1222,215.22565165876736,4.817180094786738,0.8534952606635071,2.5810426540284315,26.58179653510148,89.33975118483428
1223,215.22565165876736,4.817180094786738,0.8534952606635071,2.5810426540284315,26.58179653510148,89.33975118483428
1224,215.22565165876736,4.817180094786738,0.8534952606635071,2.5810426540284315,26.58179653510148,89.33975118483428
1225,215.22565165876736,4.817180094786738,0.8534952606635071,2.5810426540284315,26.58179653510148,89.33975118483428
1226,215.22565165876736,4.817180094786738,0.8534952606635071,2.5810426540284315,26.58179653510148,89.33975118483428
1227,215.22565165876736,4.817180094786738,0.8534952606635071,2.5810426540284315,26.58179653510148,89.33975118483428
1228,215.22565165876736,4.817180094786738,0.8534952606635071,2.5810426540284315,26.58179653510148,89.33975118483428
1229,215.22565165876736,4.817180094786738,0.8534952606635071,2.5810426540284315,26.58179653510148,89.33975118483428
1230,215.22565165876736,4.817180094786738,0.8534952606635071,2.5810426540284315,26.58179653510148,89.33975118483428
1231,215.22565165876736,4.817180094786738,0.8534952606635071,2.5810426540284315,26.58179653510148,89.33975118483428
1232,215.22565165876736,4.817180094786738,0.8534952606635071,2.5810426540284315,26.58179653510148,89.33975118483428
1233,215.22565165876736,4.817180094786738,0.8534952606635071,2.5810426540284315,26.58179653510148,89.33975118483428
1234,215.22565165876736,4.817180094786738,0.8534952606635071,2.5810426540284315,26.58179653510148,89.33975118483428
1235,215.22565165876736,4.817180094786738,0.8534952606635071,2.5810426540284315,26.58179653510148,89.33975118483428
1236,215.22565165876736,4.817180094786738,0.8534952606635071,2.5810426540284315,26.58179653510148,89.33975118483428
1237,215.22565165876736,4.817180094786738,0.8534952606635071,2.5810426540284315,26.58179653510148,89.33975118483428
1238,215.22565165876736,4.817180094786738,0.8534952606635071,2.5810426540284315,26.58179653510148,89.33975118483428
1239,215.22565165876736,4.817180094786738,0.8534952606635071,2.5810426540284315,26.58179653510148,89.33975118483428
1240,215.22565165876736,4.817180094786738,0.8534952606635071,2.5810426540284315,26.58179653510148,89.33975118483428
1241,215.22565165876736,4.817180094786738,0.8534952606635071,2.5810426540284315,26.58179653510148,89.33975118483428
1242,215.22565165876736,4.817180094786738,0.8534952606635071,2.5810426540284315,26.58179653510148,89.33975118483428
1243,215.22565165876736,4.817180094786738,0.8534952606635071,2.5810426540284315,26.58179653510148,89.33975118483428
1244,215.22565165876736,4.817180094786738,0.8534952606635071,2.5810426540284315,26.58179653510148,89.33975118483428
1245,215.22565165876736,4.817180094786738,0.8534952606635071,2.5810426540284315,26.58179653510148,89.33975118483428
1246,215.22565165876736,4.817180094786738,0.8534952606635071,2.5810426540284315,26.58179653510148,89.33975118483428
1247,215.22565165876736,4.817180094786738,0.8534952606635071,2.5810426540284315,26.58179653510148,89.33975118483428
1248,215.22565165876736,4.817180094786738,0.8534952606635071,2.5810426540284315,26.58179653510148,89.33975118483428
1249,215.22565165876736,4.817180094786738,0.8534952606635071,2.5810426540284315,26.58179653510148,89.33975118483428
1250,215.22565165876736,4.817180094786738,0.8534952606635071,2.5810426540284315,26.58179653510148,89.33975118483428
1251,215.22565165876736,4.817180094786738,0.8534952606635071,2.5810426540284315,26.58179653510148,89.33975118483428
1252,215.22565165876736,4.817180094786738,0.8534952606635071,2.5810426540284315,26.58179653510148,89.33975118483428
1253,215.22565165876736,4.817180094786738,0.8534952606635071,2.5810426540284315,26.58179653510148,89.33975118483428
1254,215.22565165876736,4.817180094786738,0.8534952606635071,2.5810426540284315,26.58179653510148,89.33975118483428
1255,215.22565165876736,4.817180094786738,0.8534952606635071,2.5810426540284315,26.58179653510148,89.33975118483428
1256,215.22565165876736,4.817180094786738,0.8534952606635071,2.5810426540284315,26.58179653510148,89.33975118483428
1257,215.22565165876736,4.817180094786738,0.8534952606635071,2.5810426540284315,26.58179653510148,89.33975118483428
1258,215.22565165876736,4.817180094786738,0.8534952606635071,2.5810426540284315,26.58179653510148,89.33975118483428
1259,215.22565165876736,4.817180094786738,0.8534952606635071,2.5810426540284315,26.58179653510148,89.33975118483428
1260,215.22565165876736,4.817180094786738,0.8534952606635071,2.5810426540284315,26.58179653510148,89.33975118483428
1261,215.22565165876736,4.817180094786738,0.8534952606635071,2.5810426540284315,26.58179653510148,89.33975118483428
1262,215.22565165876736,4.817180094786738,0.8534952606635071,2.5810426540284315,26.58179653510148,89.33975118483428
1263,215.22565165876736,4.817180094786738,0.8534952606635071,2.5810426540284315,26.58179653510148,89.33975118483428
1264,215.22565165876736,4.817180094786738,0.8534952606635071,2.5810426540284315,26.58179653510148,89.33975118483428
1265,215.22565165876736,4.817180094786738,0.8534952606635071,2.5810426540284315,26.58179653510148,89.33975118483428
1266,215.22565165876736,4.817180094786738,0.8534952606635071,2.5810426540284315,26.58179653510148,89.33975118483428
1267,215.22565165876736,4.817180094786738,0.8534952606635071,2.5810426540284315,26.58179653510148,89.33975118483428
1268,215.22565165876736,4.817180094786738,0.8534952606635071,2.5810426540284315,26.58179653510148,89.33975118483428
1269,215.22565165876736,4.817180094786738,0.8534952606635071,2.5810426540284315,26.58179653510148,89.33975118483428
1270,215.22565165876736,4.817180094786738,0.8534952606635071,2.5810426540284315,26.58179653510148,89.33975118483428
1271,215.22565165876736,4.817180094786738,0.8534952606635071,2.5810426540284315,26.58179653510148,89.33975118483428
1272,215.22565165876736,4.817180094786738,0.8534952606635071,2.5810426540284315,26.58179653510148,89.33975118483428
1273,215.22565165876736,4.817180094786738,0.8534952606635071,2.5810426540284315,26.58179653510148,89.33975118483428
1274,215.22565165876736,4.817180094786738,0.8534952606635071,2.5810426540284315,26.58179653510148,89.33975118483428
1275,215.22565165876736,4.817180094786738,0.8534952606635071,2.5810426540284315,26.58179653510148,89.33975118483428
1276,215.22565165876736,4.817180094786738,0.8534952606635071,2.5810426540284315,26.58179653510148,89.33975118483428
1277,215.22565165876736,4.817180094786738,0.8534952606635071,2.5810426540284315,26.58179653510148,89.33975118483428
1278,215.22565165876736,4.817180094786738,0.8534952606635071,2.5810426540284315,26.58179653510148,89.33975118483428
1279,215.22565165876736,4.817180094786738,0.8534952606635071,2.5810426540284315,26.58179653510148,89.33975118483428
1280,215.22565165876736,4.817180094786738,0.8534952606635071,2.5810426540284315,26.58179653510148,89.33975118483428
1281,215.22565165876736,4.817180094786738,0.8534952606635071,2.5810426540284315,26.58179653510148,89.33975118483428
1282,215.22565165876736,4.817180094786738,0.8534952606635071,2.5810426540284315,26.58179653510148,89.33975118483428
1283,215.22565165876736,4.817180094786738,0.8534952606635071,2.5810426540284315,26.58179653510148,89.33975118483428
1284,215.22565165876736,4.817180094786738,0.8534952606635071,2.5810426540284315,26.58179653510148,89.33975118483428
1285,215.22565165876736,4.817180094786738,0.8534952606635071,2.5810426540284315,26.58179653510148,89.33975118483428
1286,215.22565165876736,4.817180094786738,0.8534952606635071,2.5810426540284315,26.58179653510148,89.33975118483428
1287,215.22565165876736,4.817180094786738,0.8534952606635071,2.5810426540284315,26.58179653510148,89.33975118483428
1288,215.22565165876736,4.817180094786738,0.8534952606635071,2.5810426540284315,26.58179653510148,89.33975118483428
1289,215.22565165876736,4.817180094786738,0.8534952606635071,2.5810426540284315,26.58179653510148,89.33975118483428
1290,215.22565165876736,4.817180094786738,0.8534952606635071,2.5810426540284315,26.58179653510148,89.33975118483428
1291,215.22565165876736,4.817180094786738,0.8534952606635071,2.5810426540284315,26.58179653510148,89.33975118483428
1292,215.22565165876736,4.817180094786738,0.8534952606635071,2.5810426540284315,26.58179653510148,89.33975118483428
1293,215.22565165876736,4.817180094786738,0.8534952606635071,2.5810426540284315,26.58179653510148,89.33975118483428
1294,215.22565165876736,4.817180094786738,0.8534952606635071,2.5810426540284315,26.58179653510148,89.33975118483428
1295,215.22565165876736,4.817180094786738,0.8534952606635071,2.5810426540284315,26.58179653510148,89.33975118483428
1296,215.22565165876736,4.817180094786738,0.8534952606635071,2.5810426540284315,26.58179653510148,89.33975118483428
1297,215.22565165876736,4.817180094786738,0.8534952606635071,2.5810426540284315,26.58179653510148,89.33975118483428
1298,215.22565165876736,4.817180094786738,0.8534952606635071,2.5810426540284315,26.58179653510148,89.33975118483428
1299,215.22565165876736,4.817180094786738,0.8534952606635071,2.5810426540284315,26.58179653510148,89.33975118483428
1300,215.22565165876736,4.817180094786738,0.8534952606635071,2.5810426540284315,26.58179653510148,89.33975118483428
1301,215.22565165876736,4.817180094786738,0.8534952606635071,2.5810426540284315,26.58179653510148,89.33975118483428
1302,215.22565165876736,4.817180094786738,0.8534952606635071,2.5810426540284315,26.58179653510148,89.33975118483428
1303,215.22565165876736,4.817180094786738,0.8534952606635071,2.5810426540284315,26.58179653510148,89.33975118483428
1304,215.22565165876736,4.817180094786738,0.8534952606635071,2.5810426540284315,26.58179653510148,89.33975118483428
1305,215.22565165876736,4.817180094786738,0.8534952606635071,2.5810426540284315,26.58179653510148,89.33975118483428
1306,215.22565165876736,4.817180094786738,0.8534952606635071,2.5810426540284315,26.58179653510148,89.33975118483428
1307,215.22565165876736,4.817180094786738,0.8534952606635071,2.5810426540284315,26.58179653510148,89.33975118483428
1308,215.22565165876736,4.817180094786738,0.8534952606635071,2.5810426540284315,26.58179653510148,89.33975118483428
1309,215.22565165876736,4.817180094786738,0.8534952606635071,2.5810426540284315,26.58179653510148,89.33975118483428
1310,215.22565165876736,4.817180094786738,0.8534952606635071,2.5810426540284315,26.58179653510148,89.33975118483428
1311,215.22565165876736,4.817180094786738,0.8534952606635071,2.5810426540284315,26.58179653510148,89.33975118483428
1312,215.22565165876736,4.817180094786738,0.8534952606635071,2.5810426540284315,26.58179653510148,89.33975118483428
1313,215.22565165876736,4.817180094786738,0.8534952606635071,2.5810426540284315,26.58179653510148,89.33975118483428
1314,215.22565165876736,4.817180094786738,0.8534952606635071,2.5810426540284315,26.58179653510148,89.33975118483428
1315,215.22565165876736,4.817180094786738,0.8534952606635071,2.5810426540284315,26.58179653510148,89.33975118483428
1316,215.22565165876736,4.817180094786738,0.8534952606635071,2.5810426540284315,26.58179653510148,89.33975118483428
1317,215.22565165876736,4.817180094786738,0.8534952606635071,2.5810426540284315,26.58179653510148,89.33975118483428
1318,215.22565165876736,4.817180094786738,0.8534952606635071,2.5810426540284315,26.58179653510148,89.33975118483428
1319,215.22565165876736,4.817180094786738,0.8534952606635071,2.5810426540284315,26.58179653510148,89.33975118483428
1320,215.22565165876736,4.817180094786738,0.8534952606635071,2.5810426540284315,26.58179653510148,89.33975118483428
1321,215.22565165876736,4.817180094786738,0.8534952606635071,2.5810426540284315,26.58179653510148,89.33975118483428
1322,215.22565165876736,4.817180094786738,0.8534952606635071,2.5810426540284315,26.58179653510148,89.33975118483428
1323,215.22565165876736,4.817180094786738,0.8534952606635071,2.5810426540284315,26.58179653510148,89.33975118483428
1324,215.22565165876736,4.817180094786738,0.8534952606635071,2.5810426540284315,26.58179653510148,89.33975118483428
1325,215.22565165876736,4.817180094786738,0.8534952606635071,2.5810426540284315,26.58179653510148,89.33975118483428
1326,215.22565165876736,4.817180094786738,0.8534952606635071,2.5810426540284315,26.58179653510148,89.33975118483428
1327,215.22565165876736,4.817180094786738,0.8534952606635071,2.5810426540284315,26.58179653510148,89.33975118483428
1328,215.22565165876736,4.817180094786738,0.8534952606635071,2.5810426540284315,26.58179653510148,89.33975118483428
1329,215.22565165876736,4.817180094786738,0.8534952606635071,2.5810426540284315,26.58179653510148,89.33975118483428
1330,215.22565165876736,4.817180094786738,0.8534952606635071,2.5810426540284315,26.58179653510148,89.33975118483428
1331,215.22565165876736,4.817180094786738,0.8534952606635071,2.5810426540284315,26.58179653510148,89.33975118483428
1332,215.22565165876736,4.817180094786738,0.8534952606635071,2.5810426540284315,26.58179653510148,89.33975118483428
1333,215.22565165876736,4.817180094786738,0.8534952606635071,2.5810426540284315,26.58179653510148,89.33975118483428
1334,215.22565165876736,4.817180094786738,0.8534952606635071,2.5810426540284315,26.58179653510148,89.33975118483428
1335,215.22565165876736,4.817180094786738,0.8534952606635071,2.5810426540284315,26.58179653510148,89.33975118483428
1336,215.22565165876736,4.817180094786738,0.8534952606635071,2.5810426540284315,26.58179653510148,89.33975118483428
1337,215.22565165876736,4.817180094786738,0.8534952606635071,2.5810426540284315,26.58179653510148,89.33975118483428
1338,215.22565165876736,4.817180094786738,0.8534952606635071,2.5810426540284315,26.58179653510148,89.33975118483428
1339,215.22565165876736,4.817180094786738,0.8534952606635071,2.5810426540284315,26.58179653510148,89.33975118483428
1340,215.22565165876736,4.817180094786738,0.8534952606635071,2.5810426540284315,26.58179653510148,89.33975118483428
1341,215.22565165876736,4.817180094786738,0.8534952606635071,2.5810426540284315,26.58179653510148,89.33975118483428
1342,215.22565165876736,4.817180094786738,0.8534952606635071,2.5810426540284315,26.58179653510148,89.33975118483428
1343,215.22565165876736,4.817180094786738,0.8534952606635071,2.5810426540284315,26.58179653510148,89.33975118483428
1344,215.22565165876736,4.817180094786738,0.8534952606635071,2.5810426540284315,26.58179653510148,89.33975118483428
1345,215.22565165876736,4.817180094786738,0.8534952606635071,2.5810426540284315,26.58179653510148,89.33975118483428
1346,215.22565165876736,4.817180094786738,0.8534952606635071,2.5810426540284315,26.58179653510148,89.33975118483428
1347,215.22565165876736,4.817180094786738,0.8534952606635071,2.5810426540284315,26.58179653510148,89.33975118483428
1348,215.22565165876736,4.817180094786738,0.8534952606635071,2.5810426540284315,26.58179653510148,89.33975118483428
1349,215.22565165876736,4.817180094786738,0.8534952606635071,2.5810426540284315,26.58179653510148,89.33975118483428
1350,215.22565165876736,4.817180094786738,0.8534952606635071,2.5810426540284315,26.58179653510148,89.33975118483428
1351,215.22565165876736,4.817180094786738,0.8534952606635071,2.5810426540284315,26.58179653510148,89.33975118483428
1352,215.22565165876736,4.817180094786738,0.8534952606635071,2.5810426540284315,26.58179653510148,89.33975118483428
1353,215.22565165876736,4.817180094786738,0.8534952606635071,2.5810426540284315,26.58179653510148,89.33975118483428
1354,215.22565165876736,4.817180094786738,0.8534952606635071,2.5810426540284315,26.58179653510148,89.33975118483428
1355,215.22565165876736,4.817180094786738,0.8534952606635071,2.5810426540284315,26.58179653510148,89.33975118483428
1356,215.22565165876736,4.817180094786738,0.8534952606635071,2.5810426540284315,26.58179653510148,89.33975118483428
1357,215.22565165876736,4.817180094786738,0.8534952606635071,2.5810426540284315,26.58179653510148,89.33975118483428
1358,215.22565165876736,4.817180094786738,0.8534952606635071,2.5810426540284315,26.58179653510148,89.33975118483428
1359,215.22565165876736,4.817180094786738,0.8534952606635071,2.5810426540284315,26.58179653510148,89.33975118483428
1360,215.22565165876736,4.817180094786738,0.8534952606635071,2.5810426540284315,26.58179653510148,89.33975118483428
1361,215.22565165876736,4.817180094786738,0.8534952606635071,2.5810426540284315,26.58179653510148,89.33975118483428
1362,215.22565165876736,4.817180094786738,0.8534952606635071,2.5810426540284315,26.58179653510148,89.33975118483428
1363,215.22565165876736,4.817180094786738,0.8534952606635071,2.5810426540284315,26.58179653510148,89.33975118483428
1364,215.22565165876736,4.817180094786738,0.8534952606635071,2.5810426540284315,26.58179653510148,89.33975118483428
1365,215.22565165876736,4.817180094786738,0.8534952606635071,2.5810426540284315,26.58179653510148,89.33975118483428
1366,215.22565165876736,4.817180094786738,0.8534952606635071,2.5810426540284315,26.58179653510148,89.33975118483428
1367,215.22565165876736,4.817180094786738,0.8534952606635071,2.5810426540284315,26.58179653510148,89.33975118483428
1368,215.22565165876736,4.817180094786738,0.8534952606635071,2.5810426540284315,26.58179653510148,89.33975118483428
1369,215.22565165876736,4.817180094786738,0.8534952606635071,2.5810426540284315,26.58179653510148,89.33975118483428
1370,215.22565165876736,4.817180094786738,0.8534952606635071,2.5810426540284315,26.58179653510148,89.33975118483428
1371,215.22565165876736,4.817180094786738,0.8534952606635071,2.5810426540284315,26.58179653510148,89.33975118483428
1372,215.22565165876736,4.817180094786738,0.8534952606635071,2.5810426540284315,26.58179653510148,89.33975118483428
1373,215.22565165876736,4.817180094786738,0.8534952606635071,2.5810426540284315,26.58179653510148,89.33975118483428
1374,215.22565165876736,4.817180094786738,0.8534952606635071,2.5810426540284315,26.58179653510148,89.33975118483428
1375,215.22565165876736,4.817180094786738,0.8534952606635071,2.5810426540284315,26.58179653510148,89.33975118483428
1376,215.22565165876736,4.817180094786738,0.8534952606635071,2.5810426540284315,26.58179653510148,89.33975118483428
1377,215.22565165876736,4.817180094786738,0.8534952606635071,2.5810426540284315,26.58179653510148,89.33975118483428
1378,215.22565165876736,4.817180094786738,0.8534952606635071,2.5810426540284315,26.58179653510148,89.33975118483428
1379,215.22565165876736,4.817180094786738,0.8534952606635071,2.5810426540284315,26.58179653510148,89.33975118483428
1380,215.22565165876736,4.817180094786738,0.8534952606635071,2.5810426540284315,26.58179653510148,89.33975118483428
1381,215.22565165876736,4.817180094786738,0.8534952606635071,2.5810426540284315,26.58179653510148,89.33975118483428
1382,215.22565165876736,4.817180094786738,0.8534952606635071,2.5810426540284315,26.58179653510148,89.33975118483428
1383,215.22565165876736,4.817180094786738,0.8534952606635071,2.5810426540284315,26.58179653510148,89.33975118483428
1384,215.22565165876736,4.817180094786738,0.8534952606635071,2.5810426540284315,26.58179653510148,89.33975118483428
1385,215.22565165876736,4.817180094786738,0.8534952606635071,2.5810426540284315,26.58179653510148,89.33975118483428
1386,215.22565165876736,4.817180094786738,0.8534952606635071,2.5810426540284315,26.58179653510148,89.33975118483428
1387,215.22565165876736,4.817180094786738,0.8534952606635071,2.5810426540284315,26.58179653510148,89.33975118483428
1388,215.22565165876736,4.817180094786738,0.8534952606635071,2.5810426540284315,26.58179653510148,89.33975118483428
1389,215.22565165876736,4.817180094786738,0.8534952606635071,2.5810426540284315,26.58179653510148,89.33975118483428
1390,215.22565165876736,4.817180094786738,0.8534952606635071,2.5810426540284315,26.58179653510148,89.33975118483428
1391,215.22565165876736,4.817180094786738,0.8534952606635071,2.5810426540284315,26.58179653510148,89.33975118483428
1392,215.22565165876736,4.817180094786738,0.8534952606635071,2.5810426540284315,26.58179653510148,89.33975118483428
1393,215.22565165876736,4.817180094786738,0.8534952606635071,2.5810426540284315,26.58179653510148,89.33975118483428
1394,215.22565165876736,4.817180094786738,0.8534952606635071,2.5810426540284315,26.58179653510148,89.33975118483428
1395,215.22565165876736,4.817180094786738,0.8534952606635071,2.5810426540284315,26.58179653510148,89.33975118483428
1396,215.22565165876736,4.817180094786738,0.8534952606635071,2.5810426540284315,26.58179653510148,89.33975118483428
1397,215.22565165876736,4.817180094786738,0.8534952606635071,2.5810426540284315,26.58179653510148,89.33975118483428
1398,215.22565165876736,4.817180094786738,0.8534952606635071,2.5810426540284315,26.58179653510148,89.33975118483428
1399,215.22565165876736,4.817180094786738,0.8534952606635071,2.5810426540284315,26.58179653510148,89.33975118483428
1400,215.22565165876736,4.817180094786738,0.8534952606635071,2.5810426540284315,26.58179653510148,89.33975118483428
1401,215.22565165876736,4.817180094786738,0.8534952606635071,2.5810426540284315,26.58179653510148,89.33975118483428
1402,215.22565165876736,4.817180094786738,0.8534952606635071,2.5810426540284315,26.58179653510148,89.33975118483428
1403,215.22565165876736,4.817180094786738,0.8534952606635071,2.5810426540284315,26.58179653510148,89.33975118483428
1404,215.22565165876736,4.817180094786738,0.8534952606635071,2.5810426540284315,26.58179653510148,89.33975118483428
1405,215.22565165876736,4.817180094786738,0.8534952606635071,2.5810426540284315,26.58179653510148,89.33975118483428
1406,215.22565165876736,4.817180094786738,0.8534952606635071,2.5810426540284315,26.58179653510148,89.33975118483428
1407,215.22565165876736,4.817180094786738,0.8534952606635071,2.5810426540284315,26.58179653510148,89.33975118483428
1408,215.22565165876736,4.817180094786738,0.8534952606635071,2.5810426540284315,26.58179653510148,89.33975118483428
1409,215.22565165876736,4.817180094786738,0.8534952606635071,2.5810426540284315,26.58179653510148,89.33975118483428
1410,215.22565165876736,4.817180094786738,0.8534952606635071,2.5810426540284315,26.58179653510148,89.33975118483428
1411,215.22565165876736,4.817180094786738,0.8534952606635071,2.5810426540284315,26.58179653510148,89.33975118483428
1412,215.22565165876736,4.817180094786738,0.8534952606635071,2.5810426540284315,26.58179653510148,89.33975118483428
1413,215.22565165876736,4.817180094786738,0.8534952606635071,2.5810426540284315,26.58179653510148,89.33975118483428
1414,215.22565165876736,4.817180094786738,0.8534952606635071,2.5810426540284315,26.58179653510148,89.33975118483428
1415,215.22565165876736,4.817180094786738,0.8534952606635071,2.5810426540284315,26.58179653510148,89.33975118483428
1416,215.22565165876736,4.817180094786738,0.8534952606635071,2.5810426540284315,26.58179653510148,89.33975118483428
1417,215.22565165876736,4.817180094786738,0.8534952606635071,2.5810426540284315,26.58179653510148,89.33975118483428
1418,215.22565165876736,4.817180094786738,0.8534952606635071,2.5810426540284315,26.58179653510148,89.33975118483428
1419,215.22565165876736,4.817180094786738,0.8534952606635071,2.5810426540284315,26.58179653510148,89.33975118483428
1420,215.22565165876736,4.817180094786738,0.8534952606635071,2.5810426540284315,26.58179653510148,89.33975118483428
1421,215.22565165876736,4.817180094786738,0.8534952606635071,2.5810426540284315,26.58179653510148,89.33975118483428
1422,215.22565165876736,4.817180094786738,0.8534952606635071,2.5810426540284315,26.58179653510148,89.33975118483428
1423,215.22565165876736,4.817180094786738,0.8534952606635071,2.5810426540284315,26.58179653510148,89.33975118483428
1424,215.22565165876736,4.817180094786738,0.8534952606635071,2.5810426540284315,26.58179653510148,89.33975118483428
1425,215.22565165876736,4.817180094786738,0.8534952606635071,2.5810426540284315,26.58179653510148,89.33975118483428
1426,215.22565165876736,4.817180094786738,0.8534952606635071,2.5810426540284315,26.58179653510148,89.33975118483428
1427,215.22565165876736,4.817180094786738,0.8534952606635071,2.5810426540284315,26.58179653510148,89.33975118483428
1428,215.22565165876736,4.817180094786738,0.8534952606635071,2.5810426540284315,26.58179653510148,89.33975118483428
1429,215.22565165876736,4.817180094786738,0.8534952606635071,2.5810426540284315,26.58179653510148,89.33975118483428
1430,215.22565165876736,4.817180094786738,0.8534952606635071,2.5810426540284315,26.58179653510148,89.33975118483428
1431,215.22565165876736,4.817180094786738,0.8534952606635071,2.5810426540284315,26.58179653510148,89.33975118483428
1432,215.22565165876736,4.817180094786738,0.8534952606635071,2.5810426540284315,26.58179653510148,89.33975118483428
1433,215.22565165876736,4.817180094786738,0.8534952606635071,2.5810426540284315,26.58179653510148,89.33975118483428
1434,215.22565165876736,4.817180094786738,0.8534952606635071,2.5810426540284315,26.58179653510148,89.33975118483428
1435,215.22565165876736,4.817180094786738,0.8534952606635071,2.5810426540284315,26.58179653510148,89.33975118483428
1436,215.22565165876736,4.817180094786738,0.8534952606635071,2.5810426540284315,26.58179653510148,89.33975118483428
1437,215.22565165876736,4.817180094786738,0.8534952606635071,2.5810426540284315,26.58179653510148,89.33975118483428
1438,215.22565165876736,4.817180094786738,0.8534952606635071,2.5810426540284315,26.58179653510148,89.33975118483428
1439,215.22565165876736,4.817180094786738,0.8534952606635071,2.5810426540284315,26.58179653510148,89.33975118483428
1440,215.22565165876736,4.817180094786738,0.8534952606635071,2.5810426540284315,26.58179653510148,89.33975118483428
1441,215.22565165876736,4.817180094786738,0.8534952606635071,2.5810426540284315,26.58179653510148,89.33975118483428
1442,215.22565165876736,4.817180094786738,0.8534952606635071,2.5810426540284315,26.58179653510148,89.33975118483428
1443,215.22565165876736,4.817180094786738,0.8534952606635071,2.5810426540284315,26.58179653510148,89.33975118483428
1444,215.22565165876736,4.817180094786738,0.8534952606635071,2.5810426540284315,26.58179653510148,89.33975118483428
1445,215.22565165876736,4.817180094786738,0.8534952606635071,2.5810426540284315,26.58179653510148,89.33975118483428
1446,215.22565165876736,4.817180094786738,0.8534952606635071,2.5810426540284315,26.58179653510148,89.33975118483428
1447,215.22565165876736,4.817180094786738,0.8534952606635071,2.5810426540284315,26.58179653510148,89.33975118483428
1448,215.22565165876736,4.817180094786738,0.8534952606635071,2.5810426540284315,26.58179653510148,89.33975118483428
1449,215.22565165876736,4.817180094786738,0.8534952606635071,2.5810426540284315,26.58179653510148,89.33975118483428
1450,215.22565165876736,4.817180094786738,0.8534952606635071,2.5810426540284315,26.58179653510148,89.33975118483428
1451,215.22565165876736,4.817180094786738,0.8534952606635071,2.5810426540284315,26.58179653510148,89.33975118483428
1452,215.22565165876736,4.817180094786738,0.8534952606635071,2.5810426540284315,26.58179653510148,89.33975118483428
1453,215.22565165876736,4.817180094786738,0.8534952606635071,2.5810426540284315,26.58179653510148,89.33975118483428
1454,215.22565165876736,4.817180094786738,0.8534952606635071,2.5810426540284315,26.58179653510148,89.33975118483428
1455,215.22565165876736,4.817180094786738,0.8534952606635071,2.5810426540284315,26.58179653510148,89.33975118483428
1456,215.22565165876736,4.817180094786738,0.8534952606635071,2.5810426540284315,26.58179653510148,89.33975118483428
1457,215.22565165876736,4.817180094786738,0.8534952606635071,2.5810426540284315,26.58179653510148,89.33975118483428
1458,215.22565165876736,4.817180094786738,0.8534952606635071,2.5810426540284315,26.58179653510148,89.33975118483428
1459,215.22565165876736,4.817180094786738,0.8534952606635071,2.5810426540284315,26.58179653510148,89.33975118483428
1460,215.22565165876736,4.817180094786738,0.8534952606635071,2.5810426540284315,26.58179653510148,89.33975118483428
1461,215.22565165876736,4.817180094786738,0.8534952606635071,2.5810426540284315,26.58179653510148,89.33975118483428
1462,215.22565165876736,4.817180094786738,0.8534952606635071,2.5810426540284315,26.58179653510148,89.33975118483428
1463,215.22565165876736,4.817180094786738,0.8534952606635071,2.5810426540284315,26.58179653510148,89.33975118483428
1464,215.22565165876736,4.817180094786738,0.8534952606635071,2.5810426540284315,26.58179653510148,89.33975118483428
1465,215.22565165876736,4.817180094786738,0.8534952606635071,2.5810426540284315,26.58179653510148,89.33975118483428
1466,215.22565165876736,4.817180094786738,0.8534952606635071,2.5810426540284315,26.58179653510148,89.33975118483428
1467,215.22565165876736,4.817180094786738,0.8534952606635071,2.5810426540284315,26.58179653510148,89.33975118483428
1468,215.22565165876736,4.817180094786738,0.8534952606635071,2.5810426540284315,26.58179653510148,89.33975118483428
1469,215.22565165876736,4.817180094786738,0.8534952606635071,2.5810426540284315,26.58179653510148,89.33975118483428
1470,215.22565165876736,4.817180094786738,0.8534952606635071,2.5810426540284315,26.58179653510148,89.33975118483428
1471,215.22565165876736,4.817180094786738,0.8534952606635071,2.5810426540284315,26.58179653510148,89.33975118483428
1472,215.22565165876736,4.817180094786738,0.8534952606635071,2.5810426540284315,26.58179653510148,89.33975118483428
1473,215.22565165876736,4.817180094786738,0.8534952606635071,2.5810426540284315,26.58179653510148,89.33975118483428
1474,215.22565165876736,4.817180094786738,0.8534952606635071,2.5810426540284315,26.58179653510148,89.33975118483428
1475,215.22565165876736,4.817180094786738,0.8534952606635071,2.5810426540284315,26.58179653510148,89.33975118483428
1476,215.22565165876736,4.817180094786738,0.8534952606635071,2.5810426540284315,26.58179653510148,89.33975118483428
1477,215.22565165876736,4.817180094786738,0.8534952606635071,2.5810426540284315,26.58179653510148,89.33975118483428
1478,215.22565165876736,4.817180094786738,0.8534952606635071,2.5810426540284315,26.58179653510148,89.33975118483428
1479,215.22565165876736,4.817180094786738,0.8534952606635071,2.5810426540284315,26.58179653510148,89.33975118483428
1480,215.22565165876736,4.817180094786738,0.8534952606635071,2.5810426540284315,26.58179653510148,89.33975118483428
1481,215.22565165876736,4.817180094786738,0.8534952606635071,2.5810426540284315,26.58179653510148,89.33975118483428
1482,215.22565165876736,4.817180094786738,0.8534952606635071,2.5810426540284315,26.58179653510148,89.33975118483428
1483,215.22565165876736,4.817180094786738,0.8534952606635071,2.5810426540284315,26.58179653510148,89.33975118483428
1484,215.22565165876736,4.817180094786738,0.8534952606635071,2.5810426540284315,26.58179653510148,89.33975118483428
1485,215.22565165876736,4.817180094786738,0.8534952606635071,2.5810426540284315,26.58179653510148,89.33975118483428
1486,215.22565165876736,4.817180094786738,0.8534952606635071,2.5810426540284315,26.58179653510148,89.33975118483428
1487,215.22565165876736,4.817180094786738,0.8534952606635071,2.5810426540284315,26.58179653510148,89.33975118483428
1488,215.22565165876736,4.817180094786738,0.8534952606635071,2.5810426540284315,26.58179653510148,89.33975118483428
1489,215.22565165876736,4.817180094786738,0.8534952606635071,2.5810426540284315,26.58179653510148,89.33975118483428
1490,215.22565165876736,4.817180094786738,0.8534952606635071,2.5810426540284315,26.58179653510148,89.33975118483428
1491,215.22565165876736,4.817180094786738,0.8534952606635071,2.5810426540284315,26.58179653510148,89.33975118483428
1492,215.22565165876736,4.817180094786738,0.8534952606635071,2.5810426540284315,26.58179653510148,89.33975118483428
1493,215.22565165876736,4.817180094786738,0.8534952606635071,2.5810426540284315,26.58179653510148,89.33975118483428
1494,215.22565165876736,4.817180094786738,0.8534952606635071,2.5810426540284315,26.58179653510148,89.33975118483428
1495,215.22565165876736,4.817180094786738,0.8534952606635071,2.5810426540284315,26.58179653510148,89.33975118483428
1496,215.22565165876736,4.817180094786738,0.8534952606635071,2.5810426540284315,26.58179653510148,89.33975118483428
1497,215.22565165876736,4.817180094786738,0.8534952606635071,2.5810426540284315,26.58179653510148,89.33975118483428
1498,215.22565165876736,4.817180094786738,0.8534952606635071,2.5810426540284315,26.58179653510148,89.33975118483428
1499,215.22565165876736,4.817180094786738,0.8534952606635071,2.5810426540284315,26.58179653510148,89.33975118483428
1500,215.22565165876736,4.817180094786738,0.8534952606635071,2.5810426540284315,26.58179653510148,89.33975118483428
1501,215.22565165876736,4.817180094786738,0.8534952606635071,2.5810426540284315,26.58179653510148,89.33975118483428
1502,215.22565165876736,4.817180094786738,0.8534952606635071,2.5810426540284315,26.58179653510148,89.33975118483428
1503,215.22565165876736,4.817180094786738,0.8534952606635071,2.5810426540284315,26.58179653510148,89.33975118483428
1504,215.22565165876736,4.817180094786738,0.8534952606635071,2.5810426540284315,26.58179653510148,89.33975118483428
1505,215.22565165876736,4.817180094786738,0.8534952606635071,2.5810426540284315,26.58179653510148,89.33975118483428
1506,215.22565165876736,4.817180094786738,0.8534952606635071,2.5810426540284315,26.58179653510148,89.33975118483428
1507,215.22565165876736,4.817180094786738,0.8534952606635071,2.5810426540284315,26.58179653510148,89.33975118483428
1508,215.22565165876736,4.817180094786738,0.8534952606635071,2.5810426540284315,26.58179653510148,89.33975118483428
1509,215.22565165876736,4.817180094786738,0.8534952606635071,2.5810426540284315,26.58179653510148,89.33975118483428
1510,215.22565165876736,4.817180094786738,0.8534952606635071,2.5810426540284315,26.58179653510148,89.33975118483428
1511,215.22565165876736,4.817180094786738,0.8534952606635071,2.5810426540284315,26.58179653510148,89.33975118483428
1512,215.22565165876736,4.817180094786738,0.8534952606635071,2.5810426540284315,26.58179653510148,89.33975118483428
1513,215.22565165876736,4.817180094786738,0.8534952606635071,2.5810426540284315,26.58179653510148,89.33975118483428
1514,215.22565165876736,4.817180094786738,0.8534952606635071,2.5810426540284315,26.58179653510148,89.33975118483428
1515,215.22565165876736,4.817180094786738,0.8534952606635071,2.5810426540284315,26.58179653510148,89.33975118483428
1516,215.22565165876736,4.817180094786738,0.8534952606635071,2.5810426540284315,26.58179653510148,89.33975118483428
1517,215.22565165876736,4.817180094786738,0.8534952606635071,2.5810426540284315,26.58179653510148,89.33975118483428
1518,215.22565165876736,4.817180094786738,0.8534952606635071,2.5810426540284315,26.58179653510148,89.33975118483428
1519,215.22565165876736,4.817180094786738,0.8534952606635071,2.5810426540284315,26.58179653510148,89.33975118483428
1520,215.22565165876736,4.817180094786738,0.8534952606635071,2.5810426540284315,26.58179653510148,89.33975118483428
1521,215.22565165876736,4.817180094786738,0.8534952606635071,2.5810426540284315,26.58179653510148,89.33975118483428
1522,215.22565165876736,4.817180094786738,0.8534952606635071,2.5810426540284315,26.58179653510148,89.33975118483428
1523,215.22565165876736,4.817180094786738,0.8534952606635071,2.5810426540284315,26.58179653510148,89.33975118483428
1524,215.22565165876736,4.817180094786738,0.8534952606635071,2.5810426540284315,26.58179653510148,89.33975118483428
1525,215.22565165876736,4.817180094786738,0.8534952606635071,2.5810426540284315,26.58179653510148,89.33975118483428
1526,215.22565165876736,4.817180094786738,0.8534952606635071,2.5810426540284315,26.58179653510148,89.33975118483428
1527,215.22565165876736,4.817180094786738,0.8534952606635071,2.5810426540284315,26.58179653510148,89.33975118483428
1528,215.22565165876736,4.817180094786738,0.8534952606635071,2.5810426540284315,26.58179653510148,89.33975118483428
1529,215.22565165876736,4.817180094786738,0.8534952606635071,2.5810426540284315,26.58179653510148,89.33975118483428
1530,215.22565165876736,4.817180094786738,0.8534952606635071,2.5810426540284315,26.58179653510148,89.33975118483428
1531,215.22565165876736,4.817180094786738,0.8534952606635071,2.5810426540284315,26.58179653510148,89.33975118483428
1532,215.22565165876736,4.817180094786738,0.8534952606635071,2.5810426540284315,26.58179653510148,89.33975118483428
1533,215.22565165876736,4.817180094786738,0.8534952606635071,2.5810426540284315,26.58179653510148,89.33975118483428
1534,215.22565165876736,4.817180094786738,0.8534952606635071,2.5810426540284315,26.58179653510148,89.33975118483428
1535,215.22565165876736,4.817180094786738,0.8534952606635071,2.5810426540284315,26.58179653510148,89.33975118483428
1536,215.22565165876736,4.817180094786738,0.8534952606635071,2.5810426540284315,26.58179653510148,89.33975118483428
1537,215.22565165876736,4.817180094786738,0.8534952606635071,2.5810426540284315,26.58179653510148,89.33975118483428
1538,215.22565165876736,4.817180094786738,0.8534952606635071,2.5810426540284315,26.58179653510148,89.33975118483428
1539,215.22565165876736,4.817180094786738,0.8534952606635071,2.5810426540284315,26.58179653510148,89.33975118483428
1540,215.22565165876736,4.817180094786738,0.8534952606635071,2.5810426540284315,26.58179653510148,89.33975118483428
1541,215.22565165876736,4.817180094786738,0.8534952606635071,2.5810426540284315,26.58179653510148,89.33975118483428
1542,215.22565165876736,4.817180094786738,0.8534952606635071,2.5810426540284315,26.58179653510148,89.33975118483428
1543,215.22565165876736,4.817180094786738,0.8534952606635071,2.5810426540284315,26.58179653510148,89.33975118483428
1544,215.22565165876736,4.817180094786738,0.8534952606635071,2.5810426540284315,26.58179653510148,89.33975118483428
1545,215.22565165876736,4.817180094786738,0.8534952606635071,2.5810426540284315,26.58179653510148,89.33975118483428
1546,215.22565165876736,4.817180094786738,0.8534952606635071,2.5810426540284315,26.58179653510148,89.33975118483428
1547,215.22565165876736,4.817180094786738,0.8534952606635071,2.5810426540284315,26.58179653510148,89.33975118483428
1548,215.22565165876736,4.817180094786738,0.8534952606635071,2.5810426540284315,26.58179653510148,89.33975118483428
1549,215.22565165876736,4.817180094786738,0.8534952606635071,2.5810426540284315,26.58179653510148,89.33975118483428
1550,215.22565165876736,4.817180094786738,0.8534952606635071,2.5810426540284315,26.58179653510148,89.33975118483428
1551,215.22565165876736,4.817180094786738,0.8534952606635071,2.5810426540284315,26.58179653510148,89.33975118483428
1552,215.22565165876736,4.817180094786738,0.8534952606635071,2.5810426540284315,26.58179653510148,89.33975118483428
1553,215.22565165876736,4.817180094786738,0.8534952606635071,2.5810426540284315,26.58179653510148,89.33975118483428
1554,215.22565165876736,4.817180094786738,0.8534952606635071,2.5810426540284315,26.58179653510148,89.33975118483428
1555,215.22565165876736,4.817180094786738,0.8534952606635071,2.5810426540284315,26.58179653510148,89.33975118483428
1556,215.22565165876736,4.817180094786738,0.8534952606635071,2.5810426540284315,26.58179653510148,89.33975118483428
1557,215.22565165876736,4.817180094786738,0.8534952606635071,2.5810426540284315,26.58179653510148,89.33975118483428
1558,215.22565165876736,4.817180094786738,0.8534952606635071,2.5810426540284315,26.58179653510148,89.33975118483428
1559,215.22565165876736,4.817180094786738,0.8534952606635071,2.5810426540284315,26.58179653510148,89.33975118483428
1560,215.22565165876736,4.817180094786738,0.8534952606635071,2.5810426540284315,26.58179653510148,89.33975118483428
1561,215.22565165876736,4.817180094786738,0.8534952606635071,2.5810426540284315,26.58179653510148,89.33975118483428
1562,215.22565165876736,4.817180094786738,0.8534952606635071,2.5810426540284315,26.58179653510148,89.33975118483428
1563,215.22565165876736,4.817180094786738,0.8534952606635071,2.5810426540284315,26.58179653510148,89.33975118483428
1564,215.22565165876736,4.817180094786738,0.8534952606635071,2.5810426540284315,26.58179653510148,89.33975118483428
1565,215.22565165876736,4.817180094786738,0.8534952606635071,2.5810426540284315,26.58179653510148,89.33975118483428
1566,215.22565165876736,4.817180094786738,0.8534952606635071,2.5810426540284315,26.58179653510148,89.33975118483428
1567,215.22565165876736,4.817180094786738,0.8534952606635071,2.5810426540284315,26.58179653510148,89.33975118483428
1568,215.22565165876736,4.817180094786738,0.8534952606635071,2.5810426540284315,26.58179653510148,89.33975118483428
1569,215.22565165876736,4.817180094786738,0.8534952606635071,2.5810426540284315,26.58179653510148,89.33975118483428
1570,215.22565165876736,4.817180094786738,0.8534952606635071,2.5810426540284315,26.58179653510148,89.33975118483428
1571,215.22565165876736,4.817180094786738,0.8534952606635071,2.5810426540284315,26.58179653510148,89.33975118483428
1572,215.22565165876736,4.817180094786738,0.8534952606635071,2.5810426540284315,26.58179653510148,89.33975118483428
1573,215.22565165876736,4.817180094786738,0.8534952606635071,2.5810426540284315,26.58179653510148,89.33975118483428
1574,215.22565165876736,4.817180094786738,0.8534952606635071,2.5810426540284315,26.58179653510148,89.33975118483428
1575,215.22565165876736,4.817180094786738,0.8534952606635071,2.5810426540284315,26.58179653510148,89.33975118483428
1576,215.22565165876736,4.817180094786738,0.8534952606635071,2.5810426540284315,26.58179653510148,89.33975118483428
1577,215.22565165876736,4.817180094786738,0.8534952606635071,2.5810426540284315,26.58179653510148,89.33975118483428
1578,215.22565165876736,4.817180094786738,0.8534952606635071,2.5810426540284315,26.58179653510148,89.33975118483428
1579,215.22565165876736,4.817180094786738,0.8534952606635071,2.5810426540284315,26.58179653510148,89.33975118483428
1580,215.22565165876736,4.817180094786738,0.8534952606635071,2.5810426540284315,26.58179653510148,89.33975118483428
1581,215.22565165876736,4.817180094786738,0.8534952606635071,2.5810426540284315,26.58179653510148,89.33975118483428
1582,215.22565165876736,4.817180094786738,0.8534952606635071,2.5810426540284315,26.58179653510148,89.33975118483428
1583,215.22565165876736,4.817180094786738,0.8534952606635071,2.5810426540284315,26.58179653510148,89.33975118483428
1584,215.22565165876736,4.817180094786738,0.8534952606635071,2.5810426540284315,26.58179653510148,89.33975118483428
1585,215.22565165876736,4.817180094786738,0.8534952606635071,2.5810426540284315,26.58179653510148,89.33975118483428
1586,215.22565165876736,4.817180094786738,0.8534952606635071,2.5810426540284315,26.58179653510148,89.33975118483428
1587,215.22565165876736,4.817180094786738,0.8534952606635071,2.5810426540284315,26.58179653510148,89.33975118483428
1588,215.22565165876736,4.817180094786738,0.8534952606635071,2.5810426540284315,26.58179653510148,89.33975118483428
1589,215.22565165876736,4.817180094786738,0.8534952606635071,2.5810426540284315,26.58179653510148,89.33975118483428
1590,215.22565165876736,4.817180094786738,0.8534952606635071,2.5810426540284315,26.58179653510148,89.33975118483428
1591,215.22565165876736,4.817180094786738,0.8534952606635071,2.5810426540284315,26.58179653510148,89.33975118483428
1592,215.22565165876736,4.817180094786738,0.8534952606635071,2.5810426540284315,26.58179653510148,89.33975118483428
1593,215.22565165876736,4.817180094786738,0.8534952606635071,2.5810426540284315,26.58179653510148,89.33975118483428
1594,215.22565165876736,4.817180094786738,0.8534952606635071,2.5810426540284315,26.58179653510148,89.33975118483428
1595,215.22565165876736,4.817180094786738,0.8534952606635071,2.5810426540284315,26.58179653510148,89.33975118483428
1596,215.22565165876736,4.817180094786738,0.8534952606635071,2.5810426540284315,26.58179653510148,89.33975118483428
1597,215.22565165876736,4.817180094786738,0.8534952606635071,2.5810426540284315,26.58179653510148,89.33975118483428
1598,215.22565165876736,4.817180094786738,0.8534952606635071,2.5810426540284315,26.58179653510148,89.33975118483428
1599,215.22565165876736,4.817180094786738,0.8534952606635071,2.5810426540284315,26.58179653510148,89.33975118483428
1600,215.22565165876736,4.817180094786738,0.8534952606635071,2.5810426540284315,26.58179653510148,89.33975118483428
1601,215.22565165876736,4.817180094786738,0.8534952606635071,2.5810426540284315,26.58179653510148,89.33975118483428
1602,215.22565165876736,4.817180094786738,0.8534952606635071,2.5810426540284315,26.58179653510148,89.33975118483428
1603,215.22565165876736,4.817180094786738,0.8534952606635071,2.5810426540284315,26.58179653510148,89.33975118483428
1604,215.22565165876736,4.817180094786738,0.8534952606635071,2.5810426540284315,26.58179653510148,89.33975118483428
1605,215.22565165876736,4.817180094786738,0.8534952606635071,2.5810426540284315,26.58179653510148,89.33975118483428
1606,215.22565165876736,4.817180094786738,0.8534952606635071,2.5810426540284315,26.58179653510148,89.33975118483428
1607,215.22565165876736,4.817180094786738,0.8534952606635071,2.5810426540284315,26.58179653510148,89.33975118483428
1608,215.22565165876736,4.817180094786738,0.8534952606635071,2.5810426540284315,26.58179653510148,89.33975118483428
1609,215.22565165876736,4.817180094786738,0.8534952606635071,2.5810426540284315,26.58179653510148,89.33975118483428
1610,215.22565165876736,4.817180094786738,0.8534952606635071,2.5810426540284315,26.58179653510148,89.33975118483428
1611,215.22565165876736,4.817180094786738,0.8534952606635071,2.5810426540284315,26.58179653510148,89.33975118483428
1612,215.22565165876736,4.817180094786738,0.8534952606635071,2.5810426540284315,26.58179653510148,89.33975118483428
1613,215.22565165876736,4.817180094786738,0.8534952606635071,2.5810426540284315,26.58179653510148,89.33975118483428
1614,215.22565165876736,4.817180094786738,0.8534952606635071,2.5810426540284315,26.58179653510148,89.33975118483428
1615,215.22565165876736,4.817180094786738,0.8534952606635071,2.5810426540284315,26.58179653510148,89.33975118483428
1616,215.22565165876736,4.817180094786738,0.8534952606635071,2.5810426540284315,26.58179653510148,89.33975118483428
1617,215.22565165876736,4.817180094786738,0.8534952606635071,2.5810426540284315,26.58179653510148,89.33975118483428
1618,215.22565165876736,4.817180094786738,0.8534952606635071,2.5810426540284315,26.58179653510148,89.33975118483428
1619,215.22565165876736,4.817180094786738,0.8534952606635071,2.5810426540284315,26.58179653510148,89.33975118483428
1620,215.22565165876736,4.817180094786738,0.8534952606635071,2.5810426540284315,26.58179653510148,89.33975118483428
1621,215.22565165876736,4.817180094786738,0.8534952606635071,2.5810426540284315,26.58179653510148,89.33975118483428
1622,215.22565165876736,4.817180094786738,0.8534952606635071,2.5810426540284315,26.58179653510148,89.33975118483428
1623,215.22565165876736,4.817180094786738,0.8534952606635071,2.5810426540284315,26.58179653510148,89.33975118483428
1624,215.22565165876736,4.817180094786738,0.8534952606635071,2.5810426540284315,26.58179653510148,89.33975118483428
1625,215.22565165876736,4.817180094786738,0.8534952606635071,2.5810426540284315,26.58179653510148,89.33975118483428
1626,215.22565165876736,4.817180094786738,0.8534952606635071,2.5810426540284315,26.58179653510148,89.33975118483428
1627,215.22565165876736,4.817180094786738,0.8534952606635071,2.5810426540284315,26.58179653510148,89.33975118483428
1628,215.22565165876736,4.817180094786738,0.8534952606635071,2.5810426540284315,26.58179653510148,89.33975118483428
1629,215.22565165876736,4.817180094786738,0.8534952606635071,2.5810426540284315,26.58179653510148,89.33975118483428
1630,215.22565165876736,4.817180094786738,0.8534952606635071,2.5810426540284315,26.58179653510148,89.33975118483428
1631,215.22565165876736,4.817180094786738,0.8534952606635071,2.5810426540284315,26.58179653510148,89.33975118483428
1632,215.22565165876736,4.817180094786738,0.8534952606635071,2.5810426540284315,26.58179653510148,89.33975118483428
1633,215.22565165876736,4.817180094786738,0.8534952606635071,2.5810426540284315,26.58179653510148,89.33975118483428
1634,215.22565165876736,4.817180094786738,0.8534952606635071,2.5810426540284315,26.58179653510148,89.33975118483428
1635,215.22565165876736,4.817180094786738,0.8534952606635071,2.5810426540284315,26.58179653510148,89.33975118483428
1636,215.22565165876736,4.817180094786738,0.8534952606635071,2.5810426540284315,26.58179653510148,89.33975118483428
1637,215.22565165876736,4.817180094786738,0.8534952606635071,2.5810426540284315,26.58179653510148,89.33975118483428
1638,215.22565165876736,4.817180094786738,0.8534952606635071,2.5810426540284315,26.58179653510148,89.33975118483428
1639,215.22565165876736,4.817180094786738,0.8534952606635071,2.5810426540284315,26.58179653510148,89.33975118483428
1640,215.22565165876736,4.817180094786738,0.8534952606635071,2.5810426540284315,26.58179653510148,89.33975118483428
1641,215.22565165876736,4.817180094786738,0.8534952606635071,2.5810426540284315,26.58179653510148,89.33975118483428
1642,215.22565165876736,4.817180094786738,0.8534952606635071,2.5810426540284315,26.58179653510148,89.33975118483428
1643,215.22565165876736,4.817180094786738,0.8534952606635071,2.5810426540284315,26.58179653510148,89.33975118483428
1644,215.22565165876736,4.817180094786738,0.8534952606635071,2.5810426540284315,26.58179653510148,89.33975118483428
1645,215.22565165876736,4.817180094786738,0.8534952606635071,2.5810426540284315,26.58179653510148,89.33975118483428
1646,215.22565165876736,4.817180094786738,0.8534952606635071,2.5810426540284315,26.58179653510148,89.33975118483428
1647,215.22565165876736,4.817180094786738,0.8534952606635071,2.5810426540284315,26.58179653510148,89.33975118483428
1648,215.22565165876736,4.817180094786738,0.8534952606635071,2.5810426540284315,26.58179653510148,89.33975118483428
1649,215.22565165876736,4.817180094786738,0.8534952606635071,2.5810426540284315,26.58179653510148,89.33975118483428
1650,215.22565165876736,4.817180094786738,0.8534952606635071,2.5810426540284315,26.58179653510148,89.33975118483428
1651,215.22565165876736,4.817180094786738,0.8534952606635071,2.5810426540284315,26.58179653510148,89.33975118483428
1652,215.22565165876736,4.817180094786738,0.8534952606635071,2.5810426540284315,26.58179653510148,89.33975118483428
1653,215.22565165876736,4.817180094786738,0.8534952606635071,2.5810426540284315,26.58179653510148,89.33975118483428
1654,215.22565165876736,4.817180094786738,0.8534952606635071,2.5810426540284315,26.58179653510148,89.33975118483428
1655,215.22565165876736,4.817180094786738,0.8534952606635071,2.5810426540284315,26.58179653510148,89.33975118483428
1656,215.22565165876736,4.817180094786738,0.8534952606635071,2.5810426540284315,26.58179653510148,89.33975118483428
1657,215.22565165876736,4.817180094786738,0.8534952606635071,2.5810426540284315,26.58179653510148,89.33975118483428
1658,215.22565165876736,4.817180094786738,0.8534952606635071,2.5810426540284315,26.58179653510148,89.33975118483428
1659,215.22565165876736,4.817180094786738,0.8534952606635071,2.5810426540284315,26.58179653510148,89.33975118483428
1660,215.22565165876736,4.817180094786738,0.8534952606635071,2.5810426540284315,26.58179653510148,89.33975118483428
1661,215.22565165876736,4.817180094786738,0.8534952606635071,2.5810426540284315,26.58179653510148,89.33975118483428
1662,215.22565165876736,4.817180094786738,0.8534952606635071,2.5810426540284315,26.58179653510148,89.33975118483428
1663,215.22565165876736,4.817180094786738,0.8534952606635071,2.5810426540284315,26.58179653510148,89.33975118483428
1664,215.22565165876736,4.817180094786738,0.8534952606635071,2.5810426540284315,26.58179653510148,89.33975118483428
1665,215.22565165876736,4.817180094786738,0.8534952606635071,2.5810426540284315,26.58179653510148,89.33975118483428
1666,215.22565165876736,4.817180094786738,0.8534952606635071,2.5810426540284315,26.58179653510148,89.33975118483428
1667,215.22565165876736,4.817180094786738,0.8534952606635071,2.5810426540284315,26.58179653510148,89.33975118483428
1668,215.22565165876736,4.817180094786738,0.8534952606635071,2.5810426540284315,26.58179653510148,89.33975118483428
1669,215.22565165876736,4.817180094786738,0.8534952606635071,2.5810426540284315,26.58179653510148,89.33975118483428
1670,215.22565165876736,4.817180094786738,0.8534952606635071,2.5810426540284315,26.58179653510148,89.33975118483428
1671,215.22565165876736,4.817180094786738,0.8534952606635071,2.5810426540284315,26.58179653510148,89.33975118483428
1672,215.22565165876736,4.817180094786738,0.8534952606635071,2.5810426540284315,26.58179653510148,89.33975118483428
1673,215.22565165876736,4.817180094786738,0.8534952606635071,2.5810426540284315,26.58179653510148,89.33975118483428
1674,215.22565165876736,4.817180094786738,0.8534952606635071,2.5810426540284315,26.58179653510148,89.33975118483428
1675,215.22565165876736,4.817180094786738,0.8534952606635071,2.5810426540284315,26.58179653510148,89.33975118483428
1676,215.22565165876736,4.817180094786738,0.8534952606635071,2.5810426540284315,26.58179653510148,89.33975118483428
1677,215.22565165876736,4.817180094786738,0.8534952606635071,2.5810426540284315,26.58179653510148,89.33975118483428
1678,215.22565165876736,4.817180094786738,0.8534952606635071,2.5810426540284315,26.58179653510148,89.33975118483428
1679,215.22565165876736,4.817180094786738,0.8534952606635071,2.5810426540284315,26.58179653510148,89.33975118483428
1680,215.22565165876736,4.817180094786738,0.8534952606635071,2.5810426540284315,26.58179653510148,89.33975118483428
1681,215.22565165876736,4.817180094786738,0.8534952606635071,2.5810426540284315,26.58179653510148,89.33975118483428
1682,215.22565165876736,4.817180094786738,0.8534952606635071,2.5810426540284315,26.58179653510148,89.33975118483428
1683,215.22565165876736,4.817180094786738,0.8534952606635071,2.5810426540284315,26.58179653510148,89.33975118483428
1684,215.22565165876736,4.817180094786738,0.8534952606635071,2.5810426540284315,26.58179653510148,89.33975118483428
1685,215.22565165876736,4.817180094786738,0.8534952606635071,2.5810426540284315,26.58179653510148,89.33975118483428
1686,215.22565165876736,4.817180094786738,0.8534952606635071,2.5810426540284315,26.58179653510148,89.33975118483428
1687,215.22565165876736,4.817180094786738,0.8534952606635071,2.5810426540284315,26.58179653510148,89.33975118483428
1688,215.22565165876736,4.817180094786738,0.8534952606635071,2.5810426540284315,26.58179653510148,89.33975118483428
1689,215.22565165876736,4.817180094786738,0.8534952606635071,2.5810426540284315,26.58179653510148,89.33975118483428
1690,215.22565165876736,4.817180094786738,0.8534952606635071,2.5810426540284315,26.58179653510148,89.33975118483428
1691,215.22565165876736,4.817180094786738,0.8534952606635071,2.5810426540284315,26.58179653510148,89.33975118483428
1692,215.22565165876736,4.817180094786738,0.8534952606635071,2.5810426540284315,26.58179653510148,89.33975118483428
1693,215.22565165876736,4.817180094786738,0.8534952606635071,2.5810426540284315,26.58179653510148,89.33975118483428
1694,215.22565165876736,4.817180094786738,0.8534952606635071,2.5810426540284315,26.58179653510148,89.33975118483428
1695,215.22565165876736,4.817180094786738,0.8534952606635071,2.5810426540284315,26.58179653510148,89.33975118483428
1696,215.22565165876736,4.817180094786738,0.8534952606635071,2.5810426540284315,26.58179653510148,89.33975118483428
1697,215.22565165876736,4.817180094786738,0.8534952606635071,2.5810426540284315,26.58179653510148,89.33975118483428
1698,215.22565165876736,4.817180094786738,0.8534952606635071,2.5810426540284315,26.58179653510148,89.33975118483428
1699,215.22565165876736,4.817180094786738,0.8534952606635071,2.5810426540284315,26.58179653510148,89.33975118483428
1700,215.22565165876736,4.817180094786738,0.8534952606635071,2.5810426540284315,26.58179653510148,89.33975118483428
1701,215.22565165876736,4.817180094786738,0.8534952606635071,2.5810426540284315,26.58179653510148,89.33975118483428
1702,215.22565165876736,4.817180094786738,0.8534952606635071,2.5810426540284315,26.58179653510148,89.33975118483428
1703,215.22565165876736,4.817180094786738,0.8534952606635071,2.5810426540284315,26.58179653510148,89.33975118483428
1704,215.22565165876736,4.817180094786738,0.8534952606635071,2.5810426540284315,26.58179653510148,89.33975118483428
1705,215.22565165876736,4.817180094786738,0.8534952606635071,2.5810426540284315,26.58179653510148,89.33975118483428
1706,215.22565165876736,4.817180094786738,0.8534952606635071,2.5810426540284315,26.58179653510148,89.33975118483428
1707,215.22565165876736,4.817180094786738,0.8534952606635071,2.5810426540284315,26.58179653510148,89.33975118483428
1708,215.22565165876736,4.817180094786738,0.8534952606635071,2.5810426540284315,26.58179653510148,89.33975118483428
1709,215.22565165876736,4.817180094786738,0.8534952606635071,2.5810426540284315,26.58179653510148,89.33975118483428
1710,215.22565165876736,4.817180094786738,0.8534952606635071,2.5810426540284315,26.58179653510148,89.33975118483428
1711,215.22565165876736,4.817180094786738,0.8534952606635071,2.5810426540284315,26.58179653510148,89.33975118483428
1712,215.22565165876736,4.817180094786738,0.8534952606635071,2.5810426540284315,26.58179653510148,89.33975118483428
1713,215.22565165876736,4.817180094786738,0.8534952606635071,2.5810426540284315,26.58179653510148,89.33975118483428
1714,215.22565165876736,4.817180094786738,0.8534952606635071,2.5810426540284315,26.58179653510148,89.33975118483428
1715,215.22565165876736,4.817180094786738,0.8534952606635071,2.5810426540284315,26.58179653510148,89.33975118483428
1716,215.22565165876736,4.817180094786738,0.8534952606635071,2.5810426540284315,26.58179653510148,89.33975118483428
1717,215.22565165876736,4.817180094786738,0.8534952606635071,2.5810426540284315,26.58179653510148,89.33975118483428
1718,215.22565165876736,4.817180094786738,0.8534952606635071,2.5810426540284315,26.58179653510148,89.33975118483428
1719,215.22565165876736,4.817180094786738,0.8534952606635071,2.5810426540284315,26.58179653510148,89.33975118483428
1720,215.22565165876736,4.817180094786738,0.8534952606635071,2.5810426540284315,26.58179653510148,89.33975118483428
1721,215.22565165876736,4.817180094786738,0.8534952606635071,2.5810426540284315,26.58179653510148,89.33975118483428
1722,215.22565165876736,4.817180094786738,0.8534952606635071,2.5810426540284315,26.58179653510148,89.33975118483428
1723,215.22565165876736,4.817180094786738,0.8534952606635071,2.5810426540284315,26.58179653510148,89.33975118483428
1724,215.22565165876736,4.817180094786738,0.8534952606635071,2.5810426540284315,26.58179653510148,89.33975118483428
1725,215.22565165876736,4.817180094786738,0.8534952606635071,2.5810426540284315,26.58179653510148,89.33975118483428
1726,215.22565165876736,4.817180094786738,0.8534952606635071,2.5810426540284315,26.58179653510148,89.33975118483428
1727,215.22565165876736,4.817180094786738,0.8534952606635071,2.5810426540284315,26.58179653510148,89.33975118483428
1728,215.22565165876736,4.817180094786738,0.8534952606635071,2.5810426540284315,26.58179653510148,89.33975118483428
1729,215.22565165876736,4.817180094786738,0.8534952606635071,2.5810426540284315,26.58179653510148,89.33975118483428
1730,215.22565165876736,4.817180094786738,0.8534952606635071,2.5810426540284315,26.58179653510148,89.33975118483428
1731,215.22565165876736,4.817180094786738,0.8534952606635071,2.5810426540284315,26.58179653510148,89.33975118483428
1732,215.22565165876736,4.817180094786738,0.8534952606635071,2.5810426540284315,26.58179653510148,89.33975118483428
1733,215.22565165876736,4.817180094786738,0.8534952606635071,2.5810426540284315,26.58179653510148,89.33975118483428
1734,215.22565165876736,4.817180094786738,0.8534952606635071,2.5810426540284315,26.58179653510148,89.33975118483428
1735,215.22565165876736,4.817180094786738,0.8534952606635071,2.5810426540284315,26.58179653510148,89.33975118483428
1736,215.22565165876736,4.817180094786738,0.8534952606635071,2.5810426540284315,26.58179653510148,89.33975118483428
1737,215.22565165876736,4.817180094786738,0.8534952606635071,2.5810426540284315,26.58179653510148,89.33975118483428
1738,215.22565165876736,4.817180094786738,0.8534952606635071,2.5810426540284315,26.58179653510148,89.33975118483428
1739,215.22565165876736,4.817180094786738,0.8534952606635071,2.5810426540284315,26.58179653510148,89.33975118483428
1740,215.22565165876736,4.817180094786738,0.8534952606635071,2.5810426540284315,26.58179653510148,89.33975118483428
1741,215.22565165876736,4.817180094786738,0.8534952606635071,2.5810426540284315,26.58179653510148,89.33975118483428
1742,215.22565165876736,4.817180094786738,0.8534952606635071,2.5810426540284315,26.58179653510148,89.33975118483428
1743,215.22565165876736,4.817180094786738,0.8534952606635071,2.5810426540284315,26.58179653510148,89.33975118483428
1744,215.22565165876736,4.817180094786738,0.8534952606635071,2.5810426540284315,26.58179653510148,89.33975118483428
1745,215.22565165876736,4.817180094786738,0.8534952606635071,2.5810426540284315,26.58179653510148,89.33975118483428
1746,215.22565165876736,4.817180094786738,0.8534952606635071,2.5810426540284315,26.58179653510148,89.33975118483428
1747,215.22565165876736,4.817180094786738,0.8534952606635071,2.5810426540284315,26.58179653510148,89.33975118483428
1748,215.22565165876736,4.817180094786738,0.8534952606635071,2.5810426540284315,26.58179653510148,89.33975118483428
1749,215.22565165876736,4.817180094786738,0.8534952606635071,2.5810426540284315,26.58179653510148,89.33975118483428
1750,215.22565165876736,4.817180094786738,0.8534952606635071,2.5810426540284315,26.58179653510148,89.33975118483428
1751,215.22565165876736,4.817180094786738,0.8534952606635071,2.5810426540284315,26.58179653510148,89.33975118483428
1752,215.22565165876736,4.817180094786738,0.8534952606635071,2.5810426540284315,26.58179653510148,89.33975118483428
1753,215.22565165876736,4.817180094786738,0.8534952606635071,2.5810426540284315,26.58179653510148,89.33975118483428
1754,215.22565165876736,4.817180094786738,0.8534952606635071,2.5810426540284315,26.58179653510148,89.33975118483428
1755,215.22565165876736,4.817180094786738,0.8534952606635071,2.5810426540284315,26.58179653510148,89.33975118483428
1756,215.22565165876736,4.817180094786738,0.8534952606635071,2.5810426540284315,26.58179653510148,89.33975118483428
1757,215.22565165876736,4.817180094786738,0.8534952606635071,2.5810426540284315,26.58179653510148,89.33975118483428
1758,215.22565165876736,4.817180094786738,0.8534952606635071,2.5810426540284315,26.58179653510148,89.33975118483428
1759,215.22565165876736,4.817180094786738,0.8534952606635071,2.5810426540284315,26.58179653510148,89.33975118483428
1760,215.22565165876736,4.817180094786738,0.8534952606635071,2.5810426540284315,26.58179653510148,89.33975118483428
1761,215.22565165876736,4.817180094786738,0.8534952606635071,2.5810426540284315,26.58179653510148,89.33975118483428
1762,215.22565165876736,4.817180094786738,0.8534952606635071,2.5810426540284315,26.58179653510148,89.33975118483428
1763,215.22565165876736,4.817180094786738,0.8534952606635071,2.5810426540284315,26.58179653510148,89.33975118483428
1764,215.22565165876736,4.817180094786738,0.8534952606635071,2.5810426540284315,26.58179653510148,89.33975118483428
1765,215.22565165876736,4.817180094786738,0.8534952606635071,2.5810426540284315,26.58179653510148,89.33975118483428
1766,215.22565165876736,4.817180094786738,0.8534952606635071,2.5810426540284315,26.58179653510148,89.33975118483428
1767,215.22565165876736,4.817180094786738,0.8534952606635071,2.5810426540284315,26.58179653510148,89.33975118483428
1768,215.22565165876736,4.817180094786738,0.8534952606635071,2.5810426540284315,26.58179653510148,89.33975118483428
1769,215.22565165876736,4.817180094786738,0.8534952606635071,2.5810426540284315,26.58179653510148,89.33975118483428
1770,215.22565165876736,4.817180094786738,0.8534952606635071,2.5810426540284315,26.58179653510148,89.33975118483428
1771,215.22565165876736,4.817180094786738,0.8534952606635071,2.5810426540284315,26.58179653510148,89.33975118483428
1772,215.22565165876736,4.817180094786738,0.8534952606635071,2.5810426540284315,26.58179653510148,89.33975118483428
1773,215.22565165876736,4.817180094786738,0.8534952606635071,2.5810426540284315,26.58179653510148,89.33975118483428
1774,215.22565165876736,4.817180094786738,0.8534952606635071,2.5810426540284315,26.58179653510148,89.33975118483428
1775,215.22565165876736,4.817180094786738,0.8534952606635071,2.5810426540284315,26.58179653510148,89.33975118483428
1776,215.22565165876736,4.817180094786738,0.8534952606635071,2.5810426540284315,26.58179653510148,89.33975118483428
1777,215.22565165876736,4.817180094786738,0.8534952606635071,2.5810426540284315,26.58179653510148,89.33975118483428
1778,215.22565165876736,4.817180094786738,0.8534952606635071,2.5810426540284315,26.58179653510148,89.33975118483428
1779,215.22565165876736,4.817180094786738,0.8534952606635071,2.5810426540284315,26.58179653510148,89.33975118483428
1780,215.22565165876736,4.817180094786738,0.8534952606635071,2.5810426540284315,26.58179653510148,89.33975118483428
1781,215.22565165876736,4.817180094786738,0.8534952606635071,2.5810426540284315,26.58179653510148,89.33975118483428
1782,215.22565165876736,4.817180094786738,0.8534952606635071,2.5810426540284315,26.58179653510148,89.33975118483428
1783,215.22565165876736,4.817180094786738,0.8534952606635071,2.5810426540284315,26.58179653510148,89.33975118483428
1784,215.22565165876736,4.817180094786738,0.8534952606635071,2.5810426540284315,26.58179653510148,89.33975118483428
1785,215.22565165876736,4.817180094786738,0.8534952606635071,2.5810426540284315,26.58179653510148,89.33975118483428
1786,215.22565165876736,4.817180094786738,0.8534952606635071,2.5810426540284315,26.58179653510148,89.33975118483428
1787,215.22565165876736,4.817180094786738,0.8534952606635071,2.5810426540284315,26.58179653510148,89.33975118483428
1788,215.22565165876736,4.817180094786738,0.8534952606635071,2.5810426540284315,26.58179653510148,89.33975118483428
1789,215.22565165876736,4.817180094786738,0.8534952606635071,2.5810426540284315,26.58179653510148,89.33975118483428
1790,215.22565165876736,4.817180094786738,0.8534952606635071,2.5810426540284315,26.58179653510148,89.33975118483428
1791,215.22565165876736,4.817180094786738,0.8534952606635071,2.5810426540284315,26.58179653510148,89.33975118483428
1792,215.22565165876736,4.817180094786738,0.8534952606635071,2.5810426540284315,26.58179653510148,89.33975118483428
1793,215.22565165876736,4.817180094786738,0.8534952606635071,2.5810426540284315,26.58179653510148,89.33975118483428
1794,215.22565165876736,4.817180094786738,0.8534952606635071,2.5810426540284315,26.58179653510148,89.33975118483428
1795,215.22565165876736,4.817180094786738,0.8534952606635071,2.5810426540284315,26.58179653510148,89.33975118483428
1796,215.22565165876736,4.817180094786738,0.8534952606635071,2.5810426540284315,26.58179653510148,89.33975118483428
1797,215.22565165876736,4.817180094786738,0.8534952606635071,2.5810426540284315,26.58179653510148,89.33975118483428
1798,215.22565165876736,4.817180094786738,0.8534952606635071,2.5810426540284315,26.58179653510148,89.33975118483428
1799,215.22565165876736,4.817180094786738,0.8534952606635071,2.5810426540284315,26.58179653510148,89.33975118483428
1800,215.22565165876736,4.817180094786738,0.8534952606635071,2.5810426540284315,26.58179653510148,89.33975118483428
1801,215.22565165876736,4.817180094786738,0.8534952606635071,2.5810426540284315,26.58179653510148,89.33975118483428
1802,215.22565165876736,4.817180094786738,0.8534952606635071,2.5810426540284315,26.58179653510148,89.33975118483428
1803,215.22565165876736,4.817180094786738,0.8534952606635071,2.5810426540284315,26.58179653510148,89.33975118483428
1804,215.22565165876736,4.817180094786738,0.8534952606635071,2.5810426540284315,26.58179653510148,89.33975118483428
1805,215.22565165876736,4.817180094786738,0.8534952606635071,2.5810426540284315,26.58179653510148,89.33975118483428
1806,215.22565165876736,4.817180094786738,0.8534952606635071,2.5810426540284315,26.58179653510148,89.33975118483428
1807,215.22565165876736,4.817180094786738,0.8534952606635071,2.5810426540284315,26.58179653510148,89.33975118483428
1808,215.22565165876736,4.817180094786738,0.8534952606635071,2.5810426540284315,26.58179653510148,89.33975118483428
1809,215.22565165876736,4.817180094786738,0.8534952606635071,2.5810426540284315,26.58179653510148,89.33975118483428
1810,215.22565165876736,4.817180094786738,0.8534952606635071,2.5810426540284315,26.58179653510148,89.33975118483428
1811,215.22565165876736,4.817180094786738,0.8534952606635071,2.5810426540284315,26.58179653510148,89.33975118483428
1812,215.22565165876736,4.817180094786738,0.8534952606635071,2.5810426540284315,26.58179653510148,89.33975118483428
1813,215.22565165876736,4.817180094786738,0.8534952606635071,2.5810426540284315,26.58179653510148,89.33975118483428
1814,215.22565165876736,4.817180094786738,0.8534952606635071,2.5810426540284315,26.58179653510148,89.33975118483428
1815,215.22565165876736,4.817180094786738,0.8534952606635071,2.5810426540284315,26.58179653510148,89.33975118483428
1816,215.22565165876736,4.817180094786738,0.8534952606635071,2.5810426540284315,26.58179653510148,89.33975118483428
1817,215.22565165876736,4.817180094786738,0.8534952606635071,2.5810426540284315,26.58179653510148,89.33975118483428
1818,215.22565165876736,4.817180094786738,0.8534952606635071,2.5810426540284315,26.58179653510148,89.33975118483428
1819,215.22565165876736,4.817180094786738,0.8534952606635071,2.5810426540284315,26.58179653510148,89.33975118483428
1820,215.22565165876736,4.817180094786738,0.8534952606635071,2.5810426540284315,26.58179653510148,89.33975118483428
1821,215.22565165876736,4.817180094786738,0.8534952606635071,2.5810426540284315,26.58179653510148,89.33975118483428
1822,215.22565165876736,4.817180094786738,0.8534952606635071,2.5810426540284315,26.58179653510148,89.33975118483428
1823,215.22565165876736,4.817180094786738,0.8534952606635071,2.5810426540284315,26.58179653510148,89.33975118483428
1824,215.22565165876736,4.817180094786738,0.8534952606635071,2.5810426540284315,26.58179653510148,89.33975118483428
1825,215.22565165876736,4.817180094786738,0.8534952606635071,2.5810426540284315,26.58179653510148,89.33975118483428
1826,215.22565165876736,4.817180094786738,0.8534952606635071,2.5810426540284315,26.58179653510148,89.33975118483428
1827,215.22565165876736,4.817180094786738,0.8534952606635071,2.5810426540284315,26.58179653510148,89.33975118483428
1828,215.22565165876736,4.817180094786738,0.8534952606635071,2.5810426540284315,26.58179653510148,89.33975118483428
1829,215.22565165876736,4.817180094786738,0.8534952606635071,2.5810426540284315,26.58179653510148,89.33975118483428
1830,215.22565165876736,4.817180094786738,0.8534952606635071,2.5810426540284315,26.58179653510148,89.33975118483428
1831,215.22565165876736,4.817180094786738,0.8534952606635071,2.5810426540284315,26.58179653510148,89.33975118483428
1832,215.22565165876736,4.817180094786738,0.8534952606635071,2.5810426540284315,26.58179653510148,89.33975118483428
1833,215.22565165876736,4.817180094786738,0.8534952606635071,2.5810426540284315,26.58179653510148,89.33975118483428
1834,215.22565165876736,4.817180094786738,0.8534952606635071,2.5810426540284315,26.58179653510148,89.33975118483428
1835,215.22565165876736,4.817180094786738,0.8534952606635071,2.5810426540284315,26.58179653510148,89.33975118483428
1836,215.22565165876736,4.817180094786738,0.8534952606635071,2.5810426540284315,26.58179653510148,89.33975118483428
1837,215.22565165876736,4.817180094786738,0.8534952606635071,2.5810426540284315,26.58179653510148,89.33975118483428
1838,215.22565165876736,4.817180094786738,0.8534952606635071,2.5810426540284315,26.58179653510148,89.33975118483428
1839,215.22565165876736,4.817180094786738,0.8534952606635071,2.5810426540284315,26.58179653510148,89.33975118483428
1840,215.22565165876736,4.817180094786738,0.8534952606635071,2.5810426540284315,26.58179653510148,89.33975118483428
1841,215.22565165876736,4.817180094786738,0.8534952606635071,2.5810426540284315,26.58179653510148,89.33975118483428
1842,215.22565165876736,4.817180094786738,0.8534952606635071,2.5810426540284315,26.58179653510148,89.33975118483428
1843,215.22565165876736,4.817180094786738,0.8534952606635071,2.5810426540284315,26.58179653510148,89.33975118483428
1844,215.22565165876736,4.817180094786738,0.8534952606635071,2.5810426540284315,26.58179653510148,89.33975118483428
1845,215.22565165876736,4.817180094786738,0.8534952606635071,2.5810426540284315,26.58179653510148,89.33975118483428
1846,215.22565165876736,4.817180094786738,0.8534952606635071,2.5810426540284315,26.58179653510148,89.33975118483428
1847,215.22565165876736,4.817180094786738,0.8534952606635071,2.5810426540284315,26.58179653510148,89.33975118483428
1848,215.22565165876736,4.817180094786738,0.8534952606635071,2.5810426540284315,26.58179653510148,89.33975118483428
1849,215.22565165876736,4.817180094786738,0.8534952606635071,2.5810426540284315,26.58179653510148,89.33975118483428
1850,215.22565165876736,4.817180094786738,0.8534952606635071,2.5810426540284315,26.58179653510148,89.33975118483428
1851,215.22565165876736,4.817180094786738,0.8534952606635071,2.5810426540284315,26.58179653510148,89.33975118483428
1852,215.22565165876736,4.817180094786738,0.8534952606635071,2.5810426540284315,26.58179653510148,89.33975118483428
1853,215.22565165876736,4.817180094786738,0.8534952606635071,2.5810426540284315,26.58179653510148,89.33975118483428
1854,215.22565165876736,4.817180094786738,0.8534952606635071,2.5810426540284315,26.58179653510148,89.33975118483428
1855,215.22565165876736,4.817180094786738,0.8534952606635071,2.5810426540284315,26.58179653510148,89.33975118483428
1856,215.22565165876736,4.817180094786738,0.8534952606635071,2.5810426540284315,26.58179653510148,89.33975118483428
1857,215.22565165876736,4.817180094786738,0.8534952606635071,2.5810426540284315,26.58179653510148,89.33975118483428
1858,215.22565165876736,4.817180094786738,0.8534952606635071,2.5810426540284315,26.58179653510148,89.33975118483428
1859,215.22565165876736,4.817180094786738,0.8534952606635071,2.5810426540284315,26.58179653510148,89.33975118483428
1860,215.22565165876736,4.817180094786738,0.8534952606635071,2.5810426540284315,26.58179653510148,89.33975118483428
1861,215.22565165876736,4.817180094786738,0.8534952606635071,2.5810426540284315,26.58179653510148,89.33975118483428
1862,215.22565165876736,4.817180094786738,0.8534952606635071,2.5810426540284315,26.58179653510148,89.33975118483428
1863,215.22565165876736,4.817180094786738,0.8534952606635071,2.5810426540284315,26.58179653510148,89.33975118483428
1864,215.22565165876736,4.817180094786738,0.8534952606635071,2.5810426540284315,26.58179653510148,89.33975118483428
1865,215.22565165876736,4.817180094786738,0.8534952606635071,2.5810426540284315,26.58179653510148,89.33975118483428
1866,215.22565165876736,4.817180094786738,0.8534952606635071,2.5810426540284315,26.58179653510148,89.33975118483428
1867,215.22565165876736,4.817180094786738,0.8534952606635071,2.5810426540284315,26.58179653510148,89.33975118483428
1868,215.22565165876736,4.817180094786738,0.8534952606635071,2.5810426540284315,26.58179653510148,89.33975118483428
1869,215.22565165876736,4.817180094786738,0.8534952606635071,2.5810426540284315,26.58179653510148,89.33975118483428
1870,215.22565165876736,4.817180094786738,0.8534952606635071,2.5810426540284315,26.58179653510148,89.33975118483428
1871,215.22565165876736,4.817180094786738,0.8534952606635071,2.5810426540284315,26.58179653510148,89.33975118483428
1872,215.22565165876736,4.817180094786738,0.8534952606635071,2.5810426540284315,26.58179653510148,89.33975118483428
1873,215.22565165876736,4.817180094786738,0.8534952606635071,2.5810426540284315,26.58179653510148,89.33975118483428
1874,215.22565165876736,4.817180094786738,0.8534952606635071,2.5810426540284315,26.58179653510148,89.33975118483428
1875,215.22565165876736,4.817180094786738,0.8534952606635071,2.5810426540284315,26.58179653510148,89.33975118483428
1876,215.22565165876736,4.817180094786738,0.8534952606635071,2.5810426540284315,26.58179653510148,89.33975118483428
1877,215.22565165876736,4.817180094786738,0.8534952606635071,2.5810426540284315,26.58179653510148,89.33975118483428
1878,215.22565165876736,4.817180094786738,0.8534952606635071,2.5810426540284315,26.58179653510148,89.33975118483428
1879,215.22565165876736,4.817180094786738,0.8534952606635071,2.5810426540284315,26.58179653510148,89.33975118483428
1880,215.22565165876736,4.817180094786738,0.8534952606635071,2.5810426540284315,26.58179653510148,89.33975118483428
1881,215.22565165876736,4.817180094786738,0.8534952606635071,2.5810426540284315,26.58179653510148,89.33975118483428
1882,215.22565165876736,4.817180094786738,0.8534952606635071,2.5810426540284315,26.58179653510148,89.33975118483428
1883,215.22565165876736,4.817180094786738,0.8534952606635071,2.5810426540284315,26.58179653510148,89.33975118483428
1884,215.22565165876736,4.817180094786738,0.8534952606635071,2.5810426540284315,26.58179653510148,89.33975118483428
1885,215.22565165876736,4.817180094786738,0.8534952606635071,2.5810426540284315,26.58179653510148,89.33975118483428
1886,215.22565165876736,4.817180094786738,0.8534952606635071,2.5810426540284315,26.58179653510148,89.33975118483428
1887,215.22565165876736,4.817180094786738,0.8534952606635071,2.5810426540284315,26.58179653510148,89.33975118483428
